{
    "type": "FeatureCollection",
    "features": [
        {
            "type": "Feature",
            "geometry": {
                "type": "Point",
                "coordinates": [
                    -5.687216183,
                    40.30315009
                ]
            },
            "properties": {
                "id": "1212",
                "orden": 0,
                "value": 0.024885246174325526,
                "ranking": 537
            }
        },
        {
            "type": "Feature",
            "geometry": {
                "type": "Point",
                "coordinates": [
                    -5.596011567,
                    40.34163979
                ]
            },
            "properties": {
                "id": "1209",
                "orden": 1,
                "value": 0.01447069837159672,
                "ranking": 535
            }
        },
        {
            "type": "Feature",
            "geometry": {
                "type": "Point",
                "coordinates": [
                    -5.096780551,
                    40.67027082
                ]
            },
            "properties": {
                "id": "1191",
                "orden": 1,
                "value": 0.014353806772260424,
                "ranking": 532
            }
        },
        {
            "type": "Feature",
            "geometry": {
                "type": "Point",
                "coordinates": [
                    -5.641561184,
                    40.39617171
                ]
            },
            "properties": {
                "id": "1189",
                "orden": 1,
                "value": 0.01353055639274869,
                "ranking": 531
            }
        },
        {
            "type": "Feature",
            "geometry": {
                "type": "Point",
                "coordinates": [
                    -5.311565674,
                    40.59173825
                ]
            },
            "properties": {
                "id": "1160",
                "orden": 1,
                "value": 0.013192496904366387,
                "ranking": 520
            }
        },
        {
            "type": "Feature",
            "geometry": {
                "type": "Point",
                "coordinates": [
                    -5.640088235,
                    40.39759679
                ]
            },
            "properties": {
                "id": "815",
                "orden": 1,
                "value": 0.012336835054247482,
                "ranking": 371
            }
        },
        {
            "type": "Feature",
            "geometry": {
                "type": "Point",
                "coordinates": [
                    -5.626016256,
                    40.40703465
                ]
            },
            "properties": {
                "id": "816",
                "orden": 1,
                "value": 0.011592619940670441,
                "ranking": 372
            }
        },
        {
            "type": "Feature",
            "geometry": {
                "type": "Point",
                "coordinates": [
                    -5.615085844,
                    40.41303826
                ]
            },
            "properties": {
                "id": "817",
                "orden": 1,
                "value": 0.010618848495148535,
                "ranking": 373
            }
        },
        {
            "type": "Feature",
            "geometry": {
                "type": "Point",
                "coordinates": [
                    -5.712274053,
                    40.31033441
                ]
            },
            "properties": {
                "id": "807",
                "orden": 1,
                "value": 0.008261087359552007,
                "ranking": 363
            }
        },
        {
            "type": "Feature",
            "geometry": {
                "type": "Point",
                "coordinates": [
                    -5.574199594,
                    40.22915484
                ]
            },
            "properties": {
                "id": "944",
                "orden": 1,
                "value": 0.006558924641201835,
                "ranking": 485
            }
        },
        {
            "type": "Feature",
            "geometry": {
                "type": "Point",
                "coordinates": [
                    -5.407073485,
                    40.35172684
                ]
            },
            "properties": {
                "id": "955",
                "orden": 1,
                "value": 0.0061278344889902185,
                "ranking": 496
            }
        },
        {
            "type": "Feature",
            "geometry": {
                "type": "Point",
                "coordinates": [
                    -5.305341556,
                    40.26323611
                ]
            },
            "properties": {
                "id": "1006",
                "orden": 1,
                "value": 0.0056017506516226594,
                "ranking": 506
            }
        },
        {
            "type": "Feature",
            "geometry": {
                "type": "Point",
                "coordinates": [
                    -5.39652415,
                    40.35936536
                ]
            },
            "properties": {
                "id": "956",
                "orden": 1,
                "value": 0.005343372600718758,
                "ranking": 497
            }
        },
        {
            "type": "Feature",
            "geometry": {
                "type": "Point",
                "coordinates": [
                    -5.395580593,
                    40.35950851
                ]
            },
            "properties": {
                "id": "957",
                "orden": 1,
                "value": 0.005340137043957866,
                "ranking": 498
            }
        },
        {
            "type": "Feature",
            "geometry": {
                "type": "Point",
                "coordinates": [
                    -5.606383765,
                    40.3934356
                ]
            },
            "properties": {
                "id": "1153",
                "orden": 1,
                "value": 0.005268996608708077,
                "ranking": 516
            }
        },
        {
            "type": "Feature",
            "geometry": {
                "type": "Point",
                "coordinates": [
                    -5.534219744,
                    40.29682846
                ]
            },
            "properties": {
                "id": "1151",
                "orden": 1,
                "value": 0.004968405079475737,
                "ranking": 514
            }
        },
        {
            "type": "Feature",
            "geometry": {
                "type": "Point",
                "coordinates": [
                    -5.518627018,
                    40.32380674
                ]
            },
            "properties": {
                "id": "1140",
                "orden": 1,
                "value": 0.004841961524958856,
                "ranking": 510
            }
        },
        {
            "type": "Feature",
            "geometry": {
                "type": "Point",
                "coordinates": [
                    -5.605566927,
                    40.3966594
                ]
            },
            "properties": {
                "id": "814",
                "orden": 1,
                "value": 0.0048333980201590975,
                "ranking": 370
            }
        },
        {
            "type": "Feature",
            "geometry": {
                "type": "Point",
                "coordinates": [
                    -5.100531394,
                    40.82059886
                ]
            },
            "properties": {
                "id": "281",
                "orden": 1,
                "value": 0.004810373505083725,
                "ranking": 35
            }
        },
        {
            "type": "Feature",
            "geometry": {
                "type": "Point",
                "coordinates": [
                    -5.10709708,
                    40.79924992
                ]
            },
            "properties": {
                "id": "280",
                "orden": 1,
                "value": 0.0046576973775187295,
                "ranking": 34
            }
        },
        {
            "type": "Feature",
            "geometry": {
                "type": "Point",
                "coordinates": [
                    -5.575681162,
                    40.34720124
                ]
            },
            "properties": {
                "id": "946",
                "orden": 1,
                "value": 0.00454731556972397,
                "ranking": 487
            }
        },
        {
            "type": "Feature",
            "geometry": {
                "type": "Point",
                "coordinates": [
                    -5.109101499,
                    40.82019304
                ]
            },
            "properties": {
                "id": "279",
                "orden": 1,
                "value": 0.004478420091047093,
                "ranking": 33
            }
        },
        {
            "type": "Feature",
            "geometry": {
                "type": "Point",
                "coordinates": [
                    -5.566552963,
                    40.35604561
                ]
            },
            "properties": {
                "id": "949",
                "orden": 1,
                "value": 0.00414859574235665,
                "ranking": 490
            }
        },
        {
            "type": "Feature",
            "geometry": {
                "type": "Point",
                "coordinates": [
                    -5.380212915,
                    40.44874328
                ]
            },
            "properties": {
                "id": "877",
                "orden": 1,
                "value": 0.00414578771738662,
                "ranking": 428
            }
        },
        {
            "type": "Feature",
            "geometry": {
                "type": "Point",
                "coordinates": [
                    -5.170979779,
                    40.3747171
                ]
            },
            "properties": {
                "id": "1187",
                "orden": 1,
                "value": 0.004129005251873101,
                "ranking": 529
            }
        },
        {
            "type": "Feature",
            "geometry": {
                "type": "Point",
                "coordinates": [
                    -5.586471075,
                    40.32455445
                ]
            },
            "properties": {
                "id": "1210",
                "orden": 1,
                "value": 0.004075229872862463,
                "ranking": 536
            }
        },
        {
            "type": "Feature",
            "geometry": {
                "type": "Point",
                "coordinates": [
                    -5.677851103,
                    40.42230567
                ]
            },
            "properties": {
                "id": "818",
                "orden": 1,
                "value": 0.004057255242941525,
                "ranking": 374
            }
        },
        {
            "type": "Feature",
            "geometry": {
                "type": "Point",
                "coordinates": [
                    -5.110946288,
                    40.79861668
                ]
            },
            "properties": {
                "id": "278",
                "orden": 1,
                "value": 0.004045579750008331,
                "ranking": 32
            }
        },
        {
            "type": "Feature",
            "geometry": {
                "type": "Point",
                "coordinates": [
                    -5.588551656,
                    40.21761349
                ]
            },
            "properties": {
                "id": "804",
                "orden": 1,
                "value": 0.003929778648691014,
                "ranking": 360
            }
        },
        {
            "type": "Feature",
            "geometry": {
                "type": "Point",
                "coordinates": [
                    -5.264492274,
                    40.41968875
                ]
            },
            "properties": {
                "id": "1192",
                "orden": 1,
                "value": 0.003682278271853256,
                "ranking": 533
            }
        },
        {
            "type": "Feature",
            "geometry": {
                "type": "Point",
                "coordinates": [
                    -5.11471318,
                    40.79890643
                ]
            },
            "properties": {
                "id": "275",
                "orden": 1,
                "value": 0.0036567246843545913,
                "ranking": 29
            }
        },
        {
            "type": "Feature",
            "geometry": {
                "type": "Point",
                "coordinates": [
                    -5.489634394,
                    40.27741762
                ]
            },
            "properties": {
                "id": "1152",
                "orden": 1,
                "value": 0.003634222776111004,
                "ranking": 515
            }
        },
        {
            "type": "Feature",
            "geometry": {
                "type": "Point",
                "coordinates": [
                    -5.115738371,
                    40.82734014
                ]
            },
            "properties": {
                "id": "276",
                "orden": 1,
                "value": 0.0035926674304203746,
                "ranking": 30
            }
        },
        {
            "type": "Feature",
            "geometry": {
                "type": "Point",
                "coordinates": [
                    -5.486382153,
                    40.32151314
                ]
            },
            "properties": {
                "id": "1168",
                "orden": 1,
                "value": 0.0035338368089812234,
                "ranking": 524
            }
        },
        {
            "type": "Feature",
            "geometry": {
                "type": "Point",
                "coordinates": [
                    -5.570088136,
                    40.34514333
                ]
            },
            "properties": {
                "id": "948",
                "orden": 1,
                "value": 0.0035094762762462057,
                "ranking": 489
            }
        },
        {
            "type": "Feature",
            "geometry": {
                "type": "Point",
                "coordinates": [
                    -5.117852583,
                    40.83101864
                ]
            },
            "properties": {
                "id": "274",
                "orden": 1,
                "value": 0.003369313384416375,
                "ranking": 28
            }
        },
        {
            "type": "Feature",
            "geometry": {
                "type": "Point",
                "coordinates": [
                    -5.117761241,
                    40.82794421
                ]
            },
            "properties": {
                "id": "273",
                "orden": 1,
                "value": 0.0033602232635359186,
                "ranking": 27
            }
        },
        {
            "type": "Feature",
            "geometry": {
                "type": "Point",
                "coordinates": [
                    -5.112521109,
                    40.79596742
                ]
            },
            "properties": {
                "id": "277",
                "orden": 1,
                "value": 0.003268475498199269,
                "ranking": 31
            }
        },
        {
            "type": "Feature",
            "geometry": {
                "type": "Point",
                "coordinates": [
                    -5.539928193,
                    40.38154336
                ]
            },
            "properties": {
                "id": "1149",
                "orden": 1,
                "value": 0.0031584011591170693,
                "ranking": 512
            }
        },
        {
            "type": "Feature",
            "geometry": {
                "type": "Point",
                "coordinates": [
                    -5.583495791,
                    40.35456034
                ]
            },
            "properties": {
                "id": "945",
                "orden": 1,
                "value": 0.0029951908814227273,
                "ranking": 486
            }
        },
        {
            "type": "Feature",
            "geometry": {
                "type": "Point",
                "coordinates": [
                    -5.569237576,
                    40.37019375
                ]
            },
            "properties": {
                "id": "809",
                "orden": 1,
                "value": 0.0029392371944409897,
                "ranking": 365
            }
        },
        {
            "type": "Feature",
            "geometry": {
                "type": "Point",
                "coordinates": [
                    -5.637663414,
                    40.29918918
                ]
            },
            "properties": {
                "id": "802",
                "orden": 1,
                "value": 0.0028799025987422417,
                "ranking": 358
            }
        },
        {
            "type": "Feature",
            "geometry": {
                "type": "Point",
                "coordinates": [
                    -5.254234231,
                    40.38978416
                ]
            },
            "properties": {
                "id": "1150",
                "orden": 1,
                "value": 0.002834283188683267,
                "ranking": 513
            }
        },
        {
            "type": "Feature",
            "geometry": {
                "type": "Point",
                "coordinates": [
                    -5.302849763,
                    40.26666465
                ]
            },
            "properties": {
                "id": "1007",
                "orden": 1,
                "value": 0.0027962225860271306,
                "ranking": 507
            }
        },
        {
            "type": "Feature",
            "geometry": {
                "type": "Point",
                "coordinates": [
                    -5.561310219,
                    40.21666027
                ]
            },
            "properties": {
                "id": "947",
                "orden": 1,
                "value": 0.002756664839478372,
                "ranking": 488
            }
        },
        {
            "type": "Feature",
            "geometry": {
                "type": "Point",
                "coordinates": [
                    -5.311905392,
                    40.46499561
                ]
            },
            "properties": {
                "id": "879",
                "orden": 1,
                "value": 0.002618573985451947,
                "ranking": 429
            }
        },
        {
            "type": "Feature",
            "geometry": {
                "type": "Point",
                "coordinates": [
                    -5.179606199,
                    40.36587709
                ]
            },
            "properties": {
                "id": "911",
                "orden": 1,
                "value": 0.002554971662552771,
                "ranking": 459
            }
        },
        {
            "type": "Feature",
            "geometry": {
                "type": "Point",
                "coordinates": [
                    -5.209675637,
                    40.39761474
                ]
            },
            "properties": {
                "id": "907",
                "orden": 1,
                "value": 0.002553718446815523,
                "ranking": 456
            }
        },
        {
            "type": "Feature",
            "geometry": {
                "type": "Point",
                "coordinates": [
                    -5.716560693,
                    40.3087423
                ]
            },
            "properties": {
                "id": "806",
                "orden": 1,
                "value": 0.002460902675285726,
                "ranking": 362
            }
        },
        {
            "type": "Feature",
            "geometry": {
                "type": "Point",
                "coordinates": [
                    -5.182272466,
                    40.32236011
                ]
            },
            "properties": {
                "id": "913",
                "orden": 1,
                "value": 0.002456463673275155,
                "ranking": 460
            }
        },
        {
            "type": "Feature",
            "geometry": {
                "type": "Point",
                "coordinates": [
                    -5.547681706,
                    40.39502323
                ]
            },
            "properties": {
                "id": "813",
                "orden": 1,
                "value": 0.0024205766684250027,
                "ranking": 369
            }
        },
        {
            "type": "Feature",
            "geometry": {
                "type": "Point",
                "coordinates": [
                    -5.121401938,
                    40.83159587
                ]
            },
            "properties": {
                "id": "271",
                "orden": 1,
                "value": 0.002397563153468993,
                "ranking": 25
            }
        },
        {
            "type": "Feature",
            "geometry": {
                "type": "Point",
                "coordinates": [
                    -5.141841668,
                    40.82045535
                ]
            },
            "properties": {
                "id": "261",
                "orden": 1,
                "value": 0.0023965618374065874,
                "ranking": 15
            }
        },
        {
            "type": "Feature",
            "geometry": {
                "type": "Point",
                "coordinates": [
                    -5.119409856,
                    40.81498648
                ]
            },
            "properties": {
                "id": "272",
                "orden": 1,
                "value": 0.0023536306781767546,
                "ranking": 26
            }
        },
        {
            "type": "Feature",
            "geometry": {
                "type": "Point",
                "coordinates": [
                    -5.377215647,
                    40.59328158
                ]
            },
            "properties": {
                "id": "564",
                "orden": 1,
                "value": 0.0023214137886854017,
                "ranking": 292
            }
        },
        {
            "type": "Feature",
            "geometry": {
                "type": "Point",
                "coordinates": [
                    -5.567921072,
                    40.30038927
                ]
            },
            "properties": {
                "id": "1157",
                "orden": 1,
                "value": 0.0023047339771118808,
                "ranking": 518
            }
        },
        {
            "type": "Feature",
            "geometry": {
                "type": "Point",
                "coordinates": [
                    -5.517453953,
                    40.36602204
                ]
            },
            "properties": {
                "id": "953",
                "orden": 1,
                "value": 0.0022802504919645253,
                "ranking": 494
            }
        },
        {
            "type": "Feature",
            "geometry": {
                "type": "Point",
                "coordinates": [
                    -5.601437405,
                    40.22109271
                ]
            },
            "properties": {
                "id": "803",
                "orden": 1,
                "value": 0.0022779161351578346,
                "ranking": 359
            }
        },
        {
            "type": "Feature",
            "geometry": {
                "type": "Point",
                "coordinates": [
                    -5.516837285,
                    40.34352878
                ]
            },
            "properties": {
                "id": "952",
                "orden": 1,
                "value": 0.0022696801789854953,
                "ranking": 493
            }
        },
        {
            "type": "Feature",
            "geometry": {
                "type": "Point",
                "coordinates": [
                    -5.517791455,
                    40.3492349
                ]
            },
            "properties": {
                "id": "951",
                "orden": 1,
                "value": 0.00218211634294256,
                "ranking": 492
            }
        },
        {
            "type": "Feature",
            "geometry": {
                "type": "Point",
                "coordinates": [
                    -5.4822629,
                    40.32922252
                ]
            },
            "properties": {
                "id": "1148",
                "orden": 1,
                "value": 0.002152550009573693,
                "ranking": 511
            }
        },
        {
            "type": "Feature",
            "geometry": {
                "type": "Point",
                "coordinates": [
                    -5.300309877,
                    40.27066185
                ]
            },
            "properties": {
                "id": "917",
                "orden": 1,
                "value": 0.002150257423023793,
                "ranking": 462
            }
        },
        {
            "type": "Feature",
            "geometry": {
                "type": "Point",
                "coordinates": [
                    -5.137260926,
                    40.83198793
                ]
            },
            "properties": {
                "id": "264",
                "orden": 1,
                "value": 0.002044354549976478,
                "ranking": 18
            }
        },
        {
            "type": "Feature",
            "geometry": {
                "type": "Point",
                "coordinates": [
                    -5.576310256,
                    40.38982483
                ]
            },
            "properties": {
                "id": "810",
                "orden": 1,
                "value": 0.00202471517954755,
                "ranking": 366
            }
        },
        {
            "type": "Feature",
            "geometry": {
                "type": "Point",
                "coordinates": [
                    -5.577019969,
                    40.39005522
                ]
            },
            "properties": {
                "id": "812",
                "orden": 1,
                "value": 0.0020188348649749673,
                "ranking": 368
            }
        },
        {
            "type": "Feature",
            "geometry": {
                "type": "Point",
                "coordinates": [
                    -5.118663527,
                    40.8370001
                ]
            },
            "properties": {
                "id": "203",
                "orden": 1,
                "value": 0.002013798573908427,
                "ranking": 4
            }
        },
        {
            "type": "Feature",
            "geometry": {
                "type": "Point",
                "coordinates": [
                    -5.155036149,
                    40.81629621
                ]
            },
            "properties": {
                "id": "253",
                "orden": 1,
                "value": 0.002010276074508171,
                "ranking": 7
            }
        },
        {
            "type": "Feature",
            "geometry": {
                "type": "Point",
                "coordinates": [
                    -5.535933119,
                    40.32182709
                ]
            },
            "properties": {
                "id": "950",
                "orden": 1,
                "value": 0.001994839305561211,
                "ranking": 491
            }
        },
        {
            "type": "Feature",
            "geometry": {
                "type": "Point",
                "coordinates": [
                    -5.123044757,
                    40.82747891
                ]
            },
            "properties": {
                "id": "270",
                "orden": 1,
                "value": 0.0019928362186193618,
                "ranking": 24
            }
        },
        {
            "type": "Feature",
            "geometry": {
                "type": "Point",
                "coordinates": [
                    -5.627977795,
                    40.28571141
                ]
            },
            "properties": {
                "id": "1155",
                "orden": 1,
                "value": 0.0019886176140057996,
                "ranking": 517
            }
        },
        {
            "type": "Feature",
            "geometry": {
                "type": "Point",
                "coordinates": [
                    -5.576628294,
                    40.38993284
                ]
            },
            "properties": {
                "id": "811",
                "orden": 1,
                "value": 0.001981305124172093,
                "ranking": 367
            }
        },
        {
            "type": "Feature",
            "geometry": {
                "type": "Point",
                "coordinates": [
                    -5.15695984,
                    40.80728162
                ]
            },
            "properties": {
                "id": "325",
                "orden": 1,
                "value": 0.0019718055336964448,
                "ranking": 61
            }
        },
        {
            "type": "Feature",
            "geometry": {
                "type": "Point",
                "coordinates": [
                    -5.626577284,
                    40.3089638
                ]
            },
            "properties": {
                "id": "1200",
                "orden": 1,
                "value": 0.0019522486756031136,
                "ranking": 534
            }
        },
        {
            "type": "Feature",
            "geometry": {
                "type": "Point",
                "coordinates": [
                    -5.232308764,
                    40.49202701
                ]
            },
            "properties": {
                "id": "1159",
                "orden": 1,
                "value": 0.0019469260500384281,
                "ranking": 519
            }
        },
        {
            "type": "Feature",
            "geometry": {
                "type": "Point",
                "coordinates": [
                    -5.160655892,
                    40.80389583
                ]
            },
            "properties": {
                "id": "324",
                "orden": 1,
                "value": 0.0019454266493191966,
                "ranking": 60
            }
        },
        {
            "type": "Feature",
            "geometry": {
                "type": "Point",
                "coordinates": [
                    -5.15173133,
                    40.79259255
                ]
            },
            "properties": {
                "id": "254",
                "orden": 1,
                "value": 0.0019354934836623011,
                "ranking": 8
            }
        },
        {
            "type": "Feature",
            "geometry": {
                "type": "Point",
                "coordinates": [
                    -5.163780703,
                    40.80482505
                ]
            },
            "properties": {
                "id": "318",
                "orden": 1,
                "value": 0.0019088110441571678,
                "ranking": 54
            }
        },
        {
            "type": "Feature",
            "geometry": {
                "type": "Point",
                "coordinates": [
                    -5.162982866,
                    40.80556491
                ]
            },
            "properties": {
                "id": "321",
                "orden": 1,
                "value": 0.001908212056645831,
                "ranking": 57
            }
        },
        {
            "type": "Feature",
            "geometry": {
                "type": "Point",
                "coordinates": [
                    -5.670394926,
                    40.42952865
                ]
            },
            "properties": {
                "id": "819",
                "orden": 1,
                "value": 0.0019018773916004627,
                "ranking": 375
            }
        },
        {
            "type": "Feature",
            "geometry": {
                "type": "Point",
                "coordinates": [
                    -5.145146061,
                    40.83682692
                ]
            },
            "properties": {
                "id": "200",
                "orden": 1,
                "value": 0.0018781517861847677,
                "ranking": 3
            }
        },
        {
            "type": "Feature",
            "geometry": {
                "type": "Point",
                "coordinates": [
                    -5.6000929,
                    40.33022351
                ]
            },
            "properties": {
                "id": "800",
                "orden": 1,
                "value": 0.0018606632921966146,
                "ranking": 356
            }
        },
        {
            "type": "Feature",
            "geometry": {
                "type": "Point",
                "coordinates": [
                    -5.720240159,
                    40.3092371
                ]
            },
            "properties": {
                "id": "805",
                "orden": 1,
                "value": 0.0018469170927430784,
                "ranking": 361
            }
        },
        {
            "type": "Feature",
            "geometry": {
                "type": "Point",
                "coordinates": [
                    -5.355642524,
                    40.59939141
                ]
            },
            "properties": {
                "id": "591",
                "orden": 1,
                "value": 0.0018391688339635846,
                "ranking": 319
            }
        },
        {
            "type": "Feature",
            "geometry": {
                "type": "Point",
                "coordinates": [
                    -5.378487374,
                    40.60764875
                ]
            },
            "properties": {
                "id": "565",
                "orden": 1,
                "value": 0.0018007145170374707,
                "ranking": 293
            }
        },
        {
            "type": "Feature",
            "geometry": {
                "type": "Point",
                "coordinates": [
                    -5.354994734,
                    40.62325691
                ]
            },
            "properties": {
                "id": "540",
                "orden": 1,
                "value": 0.0017997999362316514,
                "ranking": 269
            }
        },
        {
            "type": "Feature",
            "geometry": {
                "type": "Point",
                "coordinates": [
                    -5.3561682,
                    40.62015853
                ]
            },
            "properties": {
                "id": "539",
                "orden": 1,
                "value": 0.0017994316071682198,
                "ranking": 268
            }
        },
        {
            "type": "Feature",
            "geometry": {
                "type": "Point",
                "coordinates": [
                    -5.371972514,
                    40.60923886
                ]
            },
            "properties": {
                "id": "571",
                "orden": 1,
                "value": 0.0017788417197813094,
                "ranking": 299
            }
        },
        {
            "type": "Feature",
            "geometry": {
                "type": "Point",
                "coordinates": [
                    -5.325711193,
                    40.6200171
                ]
            },
            "properties": {
                "id": "488",
                "orden": 1,
                "value": 0.0017649146185119789,
                "ranking": 217
            }
        },
        {
            "type": "Feature",
            "geometry": {
                "type": "Point",
                "coordinates": [
                    -5.353902677,
                    40.60868009
                ]
            },
            "properties": {
                "id": "593",
                "orden": 1,
                "value": 0.0017518253054591138,
                "ranking": 321
            }
        },
        {
            "type": "Feature",
            "geometry": {
                "type": "Point",
                "coordinates": [
                    -5.146720028,
                    40.84265636
                ]
            },
            "properties": {
                "id": "198",
                "orden": 1,
                "value": 0.0017518189963414124,
                "ranking": 2
            }
        },
        {
            "type": "Feature",
            "geometry": {
                "type": "Point",
                "coordinates": [
                    -5.356773203,
                    40.61660873
                ]
            },
            "properties": {
                "id": "537",
                "orden": 1,
                "value": 0.0017512917631173127,
                "ranking": 266
            }
        },
        {
            "type": "Feature",
            "geometry": {
                "type": "Point",
                "coordinates": [
                    -5.332923758,
                    40.61536392
                ]
            },
            "properties": {
                "id": "498",
                "orden": 1,
                "value": 0.0017468901628991257,
                "ranking": 227
            }
        },
        {
            "type": "Feature",
            "geometry": {
                "type": "Point",
                "coordinates": [
                    -5.327888931,
                    40.61731509
                ]
            },
            "properties": {
                "id": "494",
                "orden": 1,
                "value": 0.0017465816221018259,
                "ranking": 223
            }
        },
        {
            "type": "Feature",
            "geometry": {
                "type": "Point",
                "coordinates": [
                    -5.34952434,
                    40.61950865
                ]
            },
            "properties": {
                "id": "486",
                "orden": 1,
                "value": 0.001745302617327037,
                "ranking": 215
            }
        },
        {
            "type": "Feature",
            "geometry": {
                "type": "Point",
                "coordinates": [
                    -5.362384694,
                    40.61380444
                ]
            },
            "properties": {
                "id": "524",
                "orden": 1,
                "value": 0.0017443136622701107,
                "ranking": 253
            }
        },
        {
            "type": "Feature",
            "geometry": {
                "type": "Point",
                "coordinates": [
                    -5.156224985,
                    40.85717068
                ]
            },
            "properties": {
                "id": "197",
                "orden": 1,
                "value": 0.0017414955189462705,
                "ranking": 1
            }
        },
        {
            "type": "Feature",
            "geometry": {
                "type": "Point",
                "coordinates": [
                    -5.345014213,
                    40.60289034
                ]
            },
            "properties": {
                "id": "608",
                "orden": 1,
                "value": 0.0017406322461261925,
                "ranking": 336
            }
        },
        {
            "type": "Feature",
            "geometry": {
                "type": "Point",
                "coordinates": [
                    -5.332358857,
                    40.61304857
                ]
            },
            "properties": {
                "id": "618",
                "orden": 1,
                "value": 0.001739032307896229,
                "ranking": 346
            }
        },
        {
            "type": "Feature",
            "geometry": {
                "type": "Point",
                "coordinates": [
                    -5.33227898,
                    40.61578119
                ]
            },
            "properties": {
                "id": "497",
                "orden": 1,
                "value": 0.001738104015199444,
                "ranking": 226
            }
        },
        {
            "type": "Feature",
            "geometry": {
                "type": "Point",
                "coordinates": [
                    -5.327591171,
                    40.61685284
                ]
            },
            "properties": {
                "id": "495",
                "orden": 1,
                "value": 0.0017277883202919827,
                "ranking": 224
            }
        },
        {
            "type": "Feature",
            "geometry": {
                "type": "Point",
                "coordinates": [
                    -5.153854393,
                    40.7872159
                ]
            },
            "properties": {
                "id": "328",
                "orden": 1,
                "value": 0.0017178638197536465,
                "ranking": 64
            }
        },
        {
            "type": "Feature",
            "geometry": {
                "type": "Point",
                "coordinates": [
                    -5.160942241,
                    40.78890257
                ]
            },
            "properties": {
                "id": "323",
                "orden": 1,
                "value": 0.0017163220864762332,
                "ranking": 59
            }
        },
        {
            "type": "Feature",
            "geometry": {
                "type": "Point",
                "coordinates": [
                    -5.602776701,
                    40.2431324
                ]
            },
            "properties": {
                "id": "1163",
                "orden": 1,
                "value": 0.0017154918798492045,
                "ranking": 521
            }
        },
        {
            "type": "Feature",
            "geometry": {
                "type": "Point",
                "coordinates": [
                    -5.377256832,
                    40.61216171
                ]
            },
            "properties": {
                "id": "505",
                "orden": 1,
                "value": 0.0017151196835137757,
                "ranking": 234
            }
        },
        {
            "type": "Feature",
            "geometry": {
                "type": "Point",
                "coordinates": [
                    -5.351896258,
                    40.61122893
                ]
            },
            "properties": {
                "id": "596",
                "orden": 1,
                "value": 0.0017148410121290152,
                "ranking": 324
            }
        },
        {
            "type": "Feature",
            "geometry": {
                "type": "Point",
                "coordinates": [
                    -5.338266079,
                    40.61827345
                ]
            },
            "properties": {
                "id": "490",
                "orden": 1,
                "value": 0.0017121159602809868,
                "ranking": 219
            }
        },
        {
            "type": "Feature",
            "geometry": {
                "type": "Point",
                "coordinates": [
                    -5.362932196,
                    40.62109792
                ]
            },
            "properties": {
                "id": "525",
                "orden": 1,
                "value": 0.0017119071722273415,
                "ranking": 254
            }
        },
        {
            "type": "Feature",
            "geometry": {
                "type": "Point",
                "coordinates": [
                    -5.352549374,
                    40.62182714
                ]
            },
            "properties": {
                "id": "541",
                "orden": 1,
                "value": 0.00171040745499813,
                "ranking": 270
            }
        },
        {
            "type": "Feature",
            "geometry": {
                "type": "Point",
                "coordinates": [
                    -5.3379083,
                    40.62258146
                ]
            },
            "properties": {
                "id": "484",
                "orden": 1,
                "value": 0.0017098488537800026,
                "ranking": 213
            }
        },
        {
            "type": "Feature",
            "geometry": {
                "type": "Point",
                "coordinates": [
                    -5.37472315,
                    40.58382632
                ]
            },
            "properties": {
                "id": "568",
                "orden": 1,
                "value": 0.001708415996272629,
                "ranking": 296
            }
        },
        {
            "type": "Feature",
            "geometry": {
                "type": "Point",
                "coordinates": [
                    -5.350117681,
                    40.61072939
                ]
            },
            "properties": {
                "id": "601",
                "orden": 1,
                "value": 0.0017081185225715045,
                "ranking": 329
            }
        },
        {
            "type": "Feature",
            "geometry": {
                "type": "Point",
                "coordinates": [
                    -5.332609987,
                    40.61866685
                ]
            },
            "properties": {
                "id": "491",
                "orden": 1,
                "value": 0.0017069500194882375,
                "ranking": 220
            }
        },
        {
            "type": "Feature",
            "geometry": {
                "type": "Point",
                "coordinates": [
                    -5.349551211,
                    40.60819917
                ]
            },
            "properties": {
                "id": "604",
                "orden": 1,
                "value": 0.0017063302674895726,
                "ranking": 332
            }
        },
        {
            "type": "Feature",
            "geometry": {
                "type": "Point",
                "coordinates": [
                    -5.351190917,
                    40.60989304
                ]
            },
            "properties": {
                "id": "598",
                "orden": 1,
                "value": 0.0017037453288730974,
                "ranking": 326
            }
        },
        {
            "type": "Feature",
            "geometry": {
                "type": "Point",
                "coordinates": [
                    -5.130097808,
                    40.79959284
                ]
            },
            "properties": {
                "id": "265",
                "orden": 1,
                "value": 0.0017031312345829723,
                "ranking": 19
            }
        },
        {
            "type": "Feature",
            "geometry": {
                "type": "Point",
                "coordinates": [
                    -5.353043252,
                    40.60829217
                ]
            },
            "properties": {
                "id": "594",
                "orden": 1,
                "value": 0.0017017069133283534,
                "ranking": 322
            }
        },
        {
            "type": "Feature",
            "geometry": {
                "type": "Point",
                "coordinates": [
                    -5.351427837,
                    40.61163869
                ]
            },
            "properties": {
                "id": "597",
                "orden": 1,
                "value": 0.0016995393874876161,
                "ranking": 325
            }
        },
        {
            "type": "Feature",
            "geometry": {
                "type": "Point",
                "coordinates": [
                    -5.36712392,
                    40.61332725
                ]
            },
            "properties": {
                "id": "519",
                "orden": 1,
                "value": 0.0016995093496828015,
                "ranking": 248
            }
        },
        {
            "type": "Feature",
            "geometry": {
                "type": "Point",
                "coordinates": [
                    -5.162753976,
                    40.78424598
                ]
            },
            "properties": {
                "id": "316",
                "orden": 1,
                "value": 0.0016993221262432965,
                "ranking": 52
            }
        },
        {
            "type": "Feature",
            "geometry": {
                "type": "Point",
                "coordinates": [
                    -5.342532845,
                    40.61181655
                ]
            },
            "properties": {
                "id": "609",
                "orden": 1,
                "value": 0.0016988719408448756,
                "ranking": 337
            }
        },
        {
            "type": "Feature",
            "geometry": {
                "type": "Point",
                "coordinates": [
                    -5.371698702,
                    40.61059167
                ]
            },
            "properties": {
                "id": "516",
                "orden": 1,
                "value": 0.0016976803481677917,
                "ranking": 245
            }
        },
        {
            "type": "Feature",
            "geometry": {
                "type": "Point",
                "coordinates": [
                    -5.170679527,
                    40.78403541
                ]
            },
            "properties": {
                "id": "309",
                "orden": 1,
                "value": 0.0016953879697370528,
                "ranking": 46
            }
        },
        {
            "type": "Feature",
            "geometry": {
                "type": "Point",
                "coordinates": [
                    -5.360650856,
                    40.60664176
                ]
            },
            "properties": {
                "id": "590",
                "orden": 1,
                "value": 0.0016948263104272715,
                "ranking": 318
            }
        },
        {
            "type": "Feature",
            "geometry": {
                "type": "Point",
                "coordinates": [
                    -5.374088624,
                    40.61577688
                ]
            },
            "properties": {
                "id": "511",
                "orden": 1,
                "value": 0.0016935831858915478,
                "ranking": 240
            }
        },
        {
            "type": "Feature",
            "geometry": {
                "type": "Point",
                "coordinates": [
                    -5.369164112,
                    40.6055656
                ]
            },
            "properties": {
                "id": "579",
                "orden": 1,
                "value": 0.001693299139946427,
                "ranking": 307
            }
        },
        {
            "type": "Feature",
            "geometry": {
                "type": "Point",
                "coordinates": [
                    -5.289610838,
                    40.29297069
                ]
            },
            "properties": {
                "id": "915",
                "orden": 1,
                "value": 0.001692629940119876,
                "ranking": 461
            }
        },
        {
            "type": "Feature",
            "geometry": {
                "type": "Point",
                "coordinates": [
                    -5.367741955,
                    40.60520832
                ]
            },
            "properties": {
                "id": "582",
                "orden": 1,
                "value": 0.0016921120750991784,
                "ranking": 310
            }
        },
        {
            "type": "Feature",
            "geometry": {
                "type": "Point",
                "coordinates": [
                    -5.382191107,
                    40.61560021
                ]
            },
            "properties": {
                "id": "501",
                "orden": 1,
                "value": 0.0016912138379493562,
                "ranking": 230
            }
        },
        {
            "type": "Feature",
            "geometry": {
                "type": "Point",
                "coordinates": [
                    -5.352171191,
                    40.62464776
                ]
            },
            "properties": {
                "id": "542",
                "orden": 1,
                "value": 0.0016909694422069287,
                "ranking": 271
            }
        },
        {
            "type": "Feature",
            "geometry": {
                "type": "Point",
                "coordinates": [
                    -5.489786,
                    40.33587918
                ]
            },
            "properties": {
                "id": "954",
                "orden": 1,
                "value": 0.001690675464573018,
                "ranking": 495
            }
        },
        {
            "type": "Feature",
            "geometry": {
                "type": "Point",
                "coordinates": [
                    -5.325942643,
                    40.6292888
                ]
            },
            "properties": {
                "id": "479",
                "orden": 1,
                "value": 0.0016888425032567998,
                "ranking": 208
            }
        },
        {
            "type": "Feature",
            "geometry": {
                "type": "Point",
                "coordinates": [
                    -5.37493361,
                    40.61974968
                ]
            },
            "properties": {
                "id": "510",
                "orden": 1,
                "value": 0.0016883502894204276,
                "ranking": 239
            }
        },
        {
            "type": "Feature",
            "geometry": {
                "type": "Point",
                "coordinates": [
                    -5.346052844,
                    40.62099619
                ]
            },
            "properties": {
                "id": "485",
                "orden": 1,
                "value": 0.0016883078931501942,
                "ranking": 214
            }
        },
        {
            "type": "Feature",
            "geometry": {
                "type": "Point",
                "coordinates": [
                    -5.371206188,
                    40.60330378
                ]
            },
            "properties": {
                "id": "573",
                "orden": 1,
                "value": 0.0016870181551303246,
                "ranking": 301
            }
        },
        {
            "type": "Feature",
            "geometry": {
                "type": "Point",
                "coordinates": [
                    -5.364305512,
                    40.62459303
                ]
            },
            "properties": {
                "id": "523",
                "orden": 1,
                "value": 0.0016862545755298483,
                "ranking": 252
            }
        },
        {
            "type": "Feature",
            "geometry": {
                "type": "Point",
                "coordinates": [
                    -5.372987308,
                    40.62230495
                ]
            },
            "properties": {
                "id": "513",
                "orden": 1,
                "value": 0.001685819173520545,
                "ranking": 242
            }
        },
        {
            "type": "Feature",
            "geometry": {
                "type": "Point",
                "coordinates": [
                    -5.35710012,
                    40.61295409
                ]
            },
            "properties": {
                "id": "536",
                "orden": 2,
                "value": 0.0016856609558177887,
                "ranking": 265
            }
        },
        {
            "type": "Feature",
            "geometry": {
                "type": "Point",
                "coordinates": [
                    -5.342288982,
                    40.61580654
                ]
            },
            "properties": {
                "id": "493",
                "orden": 2,
                "value": 0.001685423547602002,
                "ranking": 222
            }
        },
        {
            "type": "Feature",
            "geometry": {
                "type": "Point",
                "coordinates": [
                    -5.363425314,
                    40.59343871
                ]
            },
            "properties": {
                "id": "586",
                "orden": 2,
                "value": 0.001684441390698991,
                "ranking": 314
            }
        },
        {
            "type": "Feature",
            "geometry": {
                "type": "Point",
                "coordinates": [
                    -5.366808739,
                    40.60319969
                ]
            },
            "properties": {
                "id": "584",
                "orden": 2,
                "value": 0.0016818762951038057,
                "ranking": 312
            }
        },
        {
            "type": "Feature",
            "geometry": {
                "type": "Point",
                "coordinates": [
                    -5.359348917,
                    40.6221891
                ]
            },
            "properties": {
                "id": "531",
                "orden": 2,
                "value": 0.0016808747384730468,
                "ranking": 260
            }
        },
        {
            "type": "Feature",
            "geometry": {
                "type": "Point",
                "coordinates": [
                    -5.144969135,
                    40.82771037
                ]
            },
            "properties": {
                "id": "259",
                "orden": 2,
                "value": 0.0016805228024247242,
                "ranking": 13
            }
        },
        {
            "type": "Feature",
            "geometry": {
                "type": "Point",
                "coordinates": [
                    -5.322189502,
                    40.63156025
                ]
            },
            "properties": {
                "id": "478",
                "orden": 2,
                "value": 0.0016793668313484782,
                "ranking": 207
            }
        },
        {
            "type": "Feature",
            "geometry": {
                "type": "Point",
                "coordinates": [
                    -5.339839188,
                    40.6340303
                ]
            },
            "properties": {
                "id": "469",
                "orden": 2,
                "value": 0.001678011496504934,
                "ranking": 198
            }
        },
        {
            "type": "Feature",
            "geometry": {
                "type": "Point",
                "coordinates": [
                    -5.371802641,
                    40.62595673
                ]
            },
            "properties": {
                "id": "518",
                "orden": 2,
                "value": 0.0016774382181820365,
                "ranking": 247
            }
        },
        {
            "type": "Feature",
            "geometry": {
                "type": "Point",
                "coordinates": [
                    -5.3594079,
                    40.62335316
                ]
            },
            "properties": {
                "id": "533",
                "orden": 2,
                "value": 0.0016772408967041155,
                "ranking": 262
            }
        },
        {
            "type": "Feature",
            "geometry": {
                "type": "Point",
                "coordinates": [
                    -5.370291233,
                    40.6022743
                ]
            },
            "properties": {
                "id": "574",
                "orden": 2,
                "value": 0.0016757391576292498,
                "ranking": 302
            }
        },
        {
            "type": "Feature",
            "geometry": {
                "type": "Point",
                "coordinates": [
                    -5.376983498,
                    40.62453464
                ]
            },
            "properties": {
                "id": "506",
                "orden": 2,
                "value": 0.0016748534538391865,
                "ranking": 235
            }
        },
        {
            "type": "Feature",
            "geometry": {
                "type": "Point",
                "coordinates": [
                    -5.33584671,
                    40.5908481
                ]
            },
            "properties": {
                "id": "613",
                "orden": 2,
                "value": 0.0016741330247687797,
                "ranking": 341
            }
        },
        {
            "type": "Feature",
            "geometry": {
                "type": "Point",
                "coordinates": [
                    -5.359412783,
                    40.62665535
                ]
            },
            "properties": {
                "id": "534",
                "orden": 2,
                "value": 0.001672299225771562,
                "ranking": 263
            }
        },
        {
            "type": "Feature",
            "geometry": {
                "type": "Point",
                "coordinates": [
                    -5.375583567,
                    40.61501247
                ]
            },
            "properties": {
                "id": "508",
                "orden": 2,
                "value": 0.0016714548106015077,
                "ranking": 237
            }
        },
        {
            "type": "Feature",
            "geometry": {
                "type": "Point",
                "coordinates": [
                    -5.344726384,
                    40.62196222
                ]
            },
            "properties": {
                "id": "483",
                "orden": 2,
                "value": 0.0016713186347260124,
                "ranking": 212
            }
        },
        {
            "type": "Feature",
            "geometry": {
                "type": "Point",
                "coordinates": [
                    -5.36450131,
                    40.59835955
                ]
            },
            "properties": {
                "id": "585",
                "orden": 2,
                "value": 0.0016710574846941048,
                "ranking": 313
            }
        },
        {
            "type": "Feature",
            "geometry": {
                "type": "Point",
                "coordinates": [
                    -5.358496981,
                    40.62661488
                ]
            },
            "properties": {
                "id": "535",
                "orden": 2,
                "value": 0.0016702493140249308,
                "ranking": 264
            }
        },
        {
            "type": "Feature",
            "geometry": {
                "type": "Point",
                "coordinates": [
                    -5.349821075,
                    40.6003716
                ]
            },
            "properties": {
                "id": "600",
                "orden": 2,
                "value": 0.001667150646528418,
                "ranking": 328
            }
        },
        {
            "type": "Feature",
            "geometry": {
                "type": "Point",
                "coordinates": [
                    -5.335591701,
                    40.59587732
                ]
            },
            "properties": {
                "id": "616",
                "orden": 2,
                "value": 0.001666745635559532,
                "ranking": 344
            }
        },
        {
            "type": "Feature",
            "geometry": {
                "type": "Point",
                "coordinates": [
                    -5.369274351,
                    40.60361734
                ]
            },
            "properties": {
                "id": "578",
                "orden": 2,
                "value": 0.0016661096230398504,
                "ranking": 306
            }
        },
        {
            "type": "Feature",
            "geometry": {
                "type": "Point",
                "coordinates": [
                    -5.370910374,
                    40.61165625
                ]
            },
            "properties": {
                "id": "517",
                "orden": 2,
                "value": 0.0016656229355132034,
                "ranking": 246
            }
        },
        {
            "type": "Feature",
            "geometry": {
                "type": "Point",
                "coordinates": [
                    -5.338583351,
                    40.592269
                ]
            },
            "properties": {
                "id": "612",
                "orden": 2,
                "value": 0.0016653105207754398,
                "ranking": 340
            }
        },
        {
            "type": "Feature",
            "geometry": {
                "type": "Point",
                "coordinates": [
                    -5.369958552,
                    40.60361337
                ]
            },
            "properties": {
                "id": "575",
                "orden": 2,
                "value": 0.0016652380198535544,
                "ranking": 303
            }
        },
        {
            "type": "Feature",
            "geometry": {
                "type": "Point",
                "coordinates": [
                    -5.341976948,
                    40.62984919
                ]
            },
            "properties": {
                "id": "477",
                "orden": 2,
                "value": 0.0016635482944468553,
                "ranking": 206
            }
        },
        {
            "type": "Feature",
            "geometry": {
                "type": "Point",
                "coordinates": [
                    -5.351016009,
                    40.59703685
                ]
            },
            "properties": {
                "id": "595",
                "orden": 2,
                "value": 0.0016625426530804946,
                "ranking": 323
            }
        },
        {
            "type": "Feature",
            "geometry": {
                "type": "Point",
                "coordinates": [
                    -5.344043086,
                    40.63735919
                ]
            },
            "properties": {
                "id": "463",
                "orden": 2,
                "value": 0.001661793274325432,
                "ranking": 192
            }
        },
        {
            "type": "Feature",
            "geometry": {
                "type": "Point",
                "coordinates": [
                    -5.35998939,
                    40.62974957
                ]
            },
            "properties": {
                "id": "530",
                "orden": 2,
                "value": 0.001660113696269668,
                "ranking": 259
            }
        },
        {
            "type": "Feature",
            "geometry": {
                "type": "Point",
                "coordinates": [
                    -5.339704875,
                    40.63049276
                ]
            },
            "properties": {
                "id": "476",
                "orden": 2,
                "value": 0.0016597773288028386,
                "ranking": 205
            }
        },
        {
            "type": "Feature",
            "geometry": {
                "type": "Point",
                "coordinates": [
                    -5.361778865,
                    40.62366904
                ]
            },
            "properties": {
                "id": "527",
                "orden": 2,
                "value": 0.001658685856887369,
                "ranking": 256
            }
        },
        {
            "type": "Feature",
            "geometry": {
                "type": "Point",
                "coordinates": [
                    -5.332361576,
                    40.59966787
                ]
            },
            "properties": {
                "id": "617",
                "orden": 2,
                "value": 0.0016574145456737573,
                "ranking": 345
            }
        },
        {
            "type": "Feature",
            "geometry": {
                "type": "Point",
                "coordinates": [
                    -5.380268909,
                    40.61256589
                ]
            },
            "properties": {
                "id": "503",
                "orden": 2,
                "value": 0.0016565655030237134,
                "ranking": 232
            }
        },
        {
            "type": "Feature",
            "geometry": {
                "type": "Point",
                "coordinates": [
                    -5.37217618,
                    40.61262242
                ]
            },
            "properties": {
                "id": "514",
                "orden": 2,
                "value": 0.0016544530964537245,
                "ranking": 243
            }
        },
        {
            "type": "Feature",
            "geometry": {
                "type": "Point",
                "coordinates": [
                    -5.348216757,
                    40.63720118
                ]
            },
            "properties": {
                "id": "461",
                "orden": 2,
                "value": 0.0016537980633661046,
                "ranking": 190
            }
        },
        {
            "type": "Feature",
            "geometry": {
                "type": "Point",
                "coordinates": [
                    -5.374230763,
                    40.5988854
                ]
            },
            "properties": {
                "id": "570",
                "orden": 2,
                "value": 0.0016531234669742193,
                "ranking": 298
            }
        },
        {
            "type": "Feature",
            "geometry": {
                "type": "Point",
                "coordinates": [
                    -5.359450809,
                    40.62378241
                ]
            },
            "properties": {
                "id": "532",
                "orden": 2,
                "value": 0.0016530795004657199,
                "ranking": 261
            }
        },
        {
            "type": "Feature",
            "geometry": {
                "type": "Point",
                "coordinates": [
                    -5.346532753,
                    40.63778986
                ]
            },
            "properties": {
                "id": "460",
                "orden": 2,
                "value": 0.001652339185400484,
                "ranking": 189
            }
        },
        {
            "type": "Feature",
            "geometry": {
                "type": "Point",
                "coordinates": [
                    -5.336021734,
                    40.59728556
                ]
            },
            "properties": {
                "id": "614",
                "orden": 2,
                "value": 0.0016519517075787933,
                "ranking": 342
            }
        },
        {
            "type": "Feature",
            "geometry": {
                "type": "Point",
                "coordinates": [
                    -5.368574782,
                    40.59025512
                ]
            },
            "properties": {
                "id": "576",
                "orden": 2,
                "value": 0.0016502618691523817,
                "ranking": 304
            }
        },
        {
            "type": "Feature",
            "geometry": {
                "type": "Point",
                "coordinates": [
                    -5.357105035,
                    40.62545826
                ]
            },
            "properties": {
                "id": "538",
                "orden": 2,
                "value": 0.0016489839124922208,
                "ranking": 267
            }
        },
        {
            "type": "Feature",
            "geometry": {
                "type": "Point",
                "coordinates": [
                    -5.329382386,
                    40.59017147
                ]
            },
            "properties": {
                "id": "620",
                "orden": 2,
                "value": 0.0016453793523521737,
                "ranking": 348
            }
        },
        {
            "type": "Feature",
            "geometry": {
                "type": "Point",
                "coordinates": [
                    -5.349201308,
                    40.58838681
                ]
            },
            "properties": {
                "id": "599",
                "orden": 2,
                "value": 0.0016443902662864913,
                "ranking": 327
            }
        },
        {
            "type": "Feature",
            "geometry": {
                "type": "Point",
                "coordinates": [
                    -5.365988385,
                    40.59157532
                ]
            },
            "properties": {
                "id": "583",
                "orden": 2,
                "value": 0.0016432936570474036,
                "ranking": 311
            }
        },
        {
            "type": "Feature",
            "geometry": {
                "type": "Point",
                "coordinates": [
                    -5.312491655,
                    40.28462488
                ]
            },
            "properties": {
                "id": "1003",
                "orden": 2,
                "value": 0.0016414254086804532,
                "ranking": 505
            }
        },
        {
            "type": "Feature",
            "geometry": {
                "type": "Point",
                "coordinates": [
                    -5.376000424,
                    40.62154334
                ]
            },
            "properties": {
                "id": "509",
                "orden": 2,
                "value": 0.0016410618818790642,
                "ranking": 238
            }
        },
        {
            "type": "Feature",
            "geometry": {
                "type": "Point",
                "coordinates": [
                    -5.36370752,
                    40.59876293
                ]
            },
            "properties": {
                "id": "587",
                "orden": 2,
                "value": 0.0016392823454511383,
                "ranking": 315
            }
        },
        {
            "type": "Feature",
            "geometry": {
                "type": "Point",
                "coordinates": [
                    -5.339493063,
                    40.63162934
                ]
            },
            "properties": {
                "id": "473",
                "orden": 2,
                "value": 0.0016389546710492485,
                "ranking": 202
            }
        },
        {
            "type": "Feature",
            "geometry": {
                "type": "Point",
                "coordinates": [
                    -5.340374531,
                    40.59137529
                ]
            },
            "properties": {
                "id": "611",
                "orden": 2,
                "value": 0.0016385618257959127,
                "ranking": 339
            }
        },
        {
            "type": "Feature",
            "geometry": {
                "type": "Point",
                "coordinates": [
                    -5.340837838,
                    40.63909469
                ]
            },
            "properties": {
                "id": "457",
                "orden": 2,
                "value": 0.0016371898113178161,
                "ranking": 186
            }
        },
        {
            "type": "Feature",
            "geometry": {
                "type": "Point",
                "coordinates": [
                    -5.389100636,
                    40.61819343
                ]
            },
            "properties": {
                "id": "546",
                "orden": 2,
                "value": 0.0016362561613417889,
                "ranking": 274
            }
        },
        {
            "type": "Feature",
            "geometry": {
                "type": "Point",
                "coordinates": [
                    -5.38876851,
                    40.6117483
                ]
            },
            "properties": {
                "id": "545",
                "orden": 2,
                "value": 0.0016362377155665336,
                "ranking": 273
            }
        },
        {
            "type": "Feature",
            "geometry": {
                "type": "Point",
                "coordinates": [
                    -5.376806532,
                    40.62463442
                ]
            },
            "properties": {
                "id": "507",
                "orden": 2,
                "value": 0.0016359634169903208,
                "ranking": 236
            }
        },
        {
            "type": "Feature",
            "geometry": {
                "type": "Point",
                "coordinates": [
                    -5.362047729,
                    40.62689988
                ]
            },
            "properties": {
                "id": "526",
                "orden": 2,
                "value": 0.0016332670661079822,
                "ranking": 255
            }
        },
        {
            "type": "Feature",
            "geometry": {
                "type": "Point",
                "coordinates": [
                    -5.360742604,
                    40.63181202
                ]
            },
            "properties": {
                "id": "529",
                "orden": 2,
                "value": 0.0016332522631466446,
                "ranking": 258
            }
        },
        {
            "type": "Feature",
            "geometry": {
                "type": "Point",
                "coordinates": [
                    -5.361019038,
                    40.62986588
                ]
            },
            "properties": {
                "id": "528",
                "orden": 2,
                "value": 0.001631106951335862,
                "ranking": 257
            }
        },
        {
            "type": "Feature",
            "geometry": {
                "type": "Point",
                "coordinates": [
                    -5.383033659,
                    40.59052351
                ]
            },
            "properties": {
                "id": "562",
                "orden": 2,
                "value": 0.0016292843549993337,
                "ranking": 290
            }
        },
        {
            "type": "Feature",
            "geometry": {
                "type": "Point",
                "coordinates": [
                    -5.356527892,
                    40.63784463
                ]
            },
            "properties": {
                "id": "451",
                "orden": 2,
                "value": 0.0016280103448616957,
                "ranking": 182
            }
        },
        {
            "type": "Feature",
            "geometry": {
                "type": "Point",
                "coordinates": [
                    -5.336848151,
                    40.63283281
                ]
            },
            "properties": {
                "id": "472",
                "orden": 2,
                "value": 0.0016257592880492837,
                "ranking": 201
            }
        },
        {
            "type": "Feature",
            "geometry": {
                "type": "Point",
                "coordinates": [
                    -5.374999756,
                    40.58339377
                ]
            },
            "properties": {
                "id": "567",
                "orden": 2,
                "value": 0.0016238755033823058,
                "ranking": 295
            }
        },
        {
            "type": "Feature",
            "geometry": {
                "type": "Point",
                "coordinates": [
                    -5.224248224,
                    40.32857931
                ]
            },
            "properties": {
                "id": "1188",
                "orden": 2,
                "value": 0.0016226825021437102,
                "ranking": 530
            }
        },
        {
            "type": "Feature",
            "geometry": {
                "type": "Point",
                "coordinates": [
                    -5.389606542,
                    40.61198191
                ]
            },
            "properties": {
                "id": "544",
                "orden": 2,
                "value": 0.0016226379912306,
                "ranking": 272
            }
        },
        {
            "type": "Feature",
            "geometry": {
                "type": "Point",
                "coordinates": [
                    -5.334398349,
                    40.63716636
                ]
            },
            "properties": {
                "id": "464",
                "orden": 2,
                "value": 0.001621875378430236,
                "ranking": 193
            }
        },
        {
            "type": "Feature",
            "geometry": {
                "type": "Point",
                "coordinates": [
                    -5.383223989,
                    40.61584653
                ]
            },
            "properties": {
                "id": "500",
                "orden": 2,
                "value": 0.0016216329740884345,
                "ranking": 229
            }
        },
        {
            "type": "Feature",
            "geometry": {
                "type": "Point",
                "coordinates": [
                    -5.356981245,
                    40.63806486
                ]
            },
            "properties": {
                "id": "450",
                "orden": 2,
                "value": 0.0016210820568513208,
                "ranking": 181
            }
        },
        {
            "type": "Feature",
            "geometry": {
                "type": "Point",
                "coordinates": [
                    -5.387933555,
                    40.61071617
                ]
            },
            "properties": {
                "id": "547",
                "orden": 2,
                "value": 0.0016188965752807977,
                "ranking": 275
            }
        },
        {
            "type": "Feature",
            "geometry": {
                "type": "Point",
                "coordinates": [
                    -5.316902966,
                    40.62936518
                ]
            },
            "properties": {
                "id": "480",
                "orden": 2,
                "value": 0.001618871904846973,
                "ranking": 209
            }
        },
        {
            "type": "Feature",
            "geometry": {
                "type": "Point",
                "coordinates": [
                    -5.197525815,
                    40.7033177
                ]
            },
            "properties": {
                "id": "409",
                "orden": 2,
                "value": 0.001616165667961285,
                "ranking": 142
            }
        },
        {
            "type": "Feature",
            "geometry": {
                "type": "Point",
                "coordinates": [
                    -5.30230368,
                    40.6210825
                ]
            },
            "properties": {
                "id": "492",
                "orden": 2,
                "value": 0.001613337951583681,
                "ranking": 221
            }
        },
        {
            "type": "Feature",
            "geometry": {
                "type": "Point",
                "coordinates": [
                    -5.383442729,
                    40.61680615
                ]
            },
            "properties": {
                "id": "499",
                "orden": 2,
                "value": 0.001609931131739513,
                "ranking": 228
            }
        },
        {
            "type": "Feature",
            "geometry": {
                "type": "Point",
                "coordinates": [
                    -5.348295735,
                    40.58897429
                ]
            },
            "properties": {
                "id": "602",
                "orden": 2,
                "value": 0.0016093190929227226,
                "ranking": 330
            }
        },
        {
            "type": "Feature",
            "geometry": {
                "type": "Point",
                "coordinates": [
                    -5.355130955,
                    40.5903177
                ]
            },
            "properties": {
                "id": "592",
                "orden": 2,
                "value": 0.0016091978559073235,
                "ranking": 320
            }
        },
        {
            "type": "Feature",
            "geometry": {
                "type": "Point",
                "coordinates": [
                    -5.338346459,
                    40.63812685
                ]
            },
            "properties": {
                "id": "462",
                "orden": 2,
                "value": 0.0016055728751036935,
                "ranking": 191
            }
        },
        {
            "type": "Feature",
            "geometry": {
                "type": "Point",
                "coordinates": [
                    -5.375405695,
                    40.59790984
                ]
            },
            "properties": {
                "id": "569",
                "orden": 2,
                "value": 0.0016043702271015662,
                "ranking": 297
            }
        },
        {
            "type": "Feature",
            "geometry": {
                "type": "Point",
                "coordinates": [
                    -5.344494515,
                    40.64310405
                ]
            },
            "properties": {
                "id": "385",
                "orden": 2,
                "value": 0.0016037449177680957,
                "ranking": 118
            }
        },
        {
            "type": "Feature",
            "geometry": {
                "type": "Point",
                "coordinates": [
                    -5.376209083,
                    40.59796502
                ]
            },
            "properties": {
                "id": "566",
                "orden": 2,
                "value": 0.0016034363163959834,
                "ranking": 294
            }
        },
        {
            "type": "Feature",
            "geometry": {
                "type": "Point",
                "coordinates": [
                    -5.326362013,
                    40.63267593
                ]
            },
            "properties": {
                "id": "474",
                "orden": 2,
                "value": 0.0016032360133166736,
                "ranking": 203
            }
        },
        {
            "type": "Feature",
            "geometry": {
                "type": "Point",
                "coordinates": [
                    -5.366844171,
                    40.59188321
                ]
            },
            "properties": {
                "id": "581",
                "orden": 2,
                "value": 0.0016030659791290934,
                "ranking": 309
            }
        },
        {
            "type": "Feature",
            "geometry": {
                "type": "Point",
                "coordinates": [
                    -5.381354995,
                    40.61612385
                ]
            },
            "properties": {
                "id": "502",
                "orden": 2,
                "value": 0.0016029315142983918,
                "ranking": 231
            }
        },
        {
            "type": "Feature",
            "geometry": {
                "type": "Point",
                "coordinates": [
                    -5.370603869,
                    40.59264704
                ]
            },
            "properties": {
                "id": "572",
                "orden": 2,
                "value": 0.0016013752124939733,
                "ranking": 300
            }
        },
        {
            "type": "Feature",
            "geometry": {
                "type": "Point",
                "coordinates": [
                    -5.373266286,
                    40.62685325
                ]
            },
            "properties": {
                "id": "515",
                "orden": 2,
                "value": 0.0015969570815915868,
                "ranking": 244
            }
        },
        {
            "type": "Feature",
            "geometry": {
                "type": "Point",
                "coordinates": [
                    -5.362649526,
                    40.58575895
                ]
            },
            "properties": {
                "id": "588",
                "orden": 2,
                "value": 0.001595809135828738,
                "ranking": 316
            }
        },
        {
            "type": "Feature",
            "geometry": {
                "type": "Point",
                "coordinates": [
                    -5.379107553,
                    40.62964592
                ]
            },
            "properties": {
                "id": "504",
                "orden": 2,
                "value": 0.0015955527875421444,
                "ranking": 233
            }
        },
        {
            "type": "Feature",
            "geometry": {
                "type": "Point",
                "coordinates": [
                    -5.367901185,
                    40.63004469
                ]
            },
            "properties": {
                "id": "521",
                "orden": 2,
                "value": 0.0015944609583103961,
                "ranking": 250
            }
        },
        {
            "type": "Feature",
            "geometry": {
                "type": "Point",
                "coordinates": [
                    -5.383197864,
                    40.59450034
                ]
            },
            "properties": {
                "id": "563",
                "orden": 2,
                "value": 0.0015913000501792895,
                "ranking": 291
            }
        },
        {
            "type": "Feature",
            "geometry": {
                "type": "Point",
                "coordinates": [
                    -5.347322067,
                    40.58005644
                ]
            },
            "properties": {
                "id": "603",
                "orden": 2,
                "value": 0.0015909558728041636,
                "ranking": 331
            }
        },
        {
            "type": "Feature",
            "geometry": {
                "type": "Point",
                "coordinates": [
                    -5.394005831,
                    40.59942319
                ]
            },
            "properties": {
                "id": "549",
                "orden": 2,
                "value": 0.0015903837185901146,
                "ranking": 277
            }
        },
        {
            "type": "Feature",
            "geometry": {
                "type": "Point",
                "coordinates": [
                    -5.373889906,
                    40.62774984
                ]
            },
            "properties": {
                "id": "512",
                "orden": 2,
                "value": 0.0015896885329172994,
                "ranking": 241
            }
        },
        {
            "type": "Feature",
            "geometry": {
                "type": "Point",
                "coordinates": [
                    -5.189447342,
                    40.39290265
                ]
            },
            "properties": {
                "id": "908",
                "orden": 2,
                "value": 0.0015896069844457453,
                "ranking": 457
            }
        },
        {
            "type": "Feature",
            "geometry": {
                "type": "Point",
                "coordinates": [
                    -5.384377782,
                    40.59860891
                ]
            },
            "properties": {
                "id": "561",
                "orden": 2,
                "value": 0.0015878799072307592,
                "ranking": 289
            }
        },
        {
            "type": "Feature",
            "geometry": {
                "type": "Point",
                "coordinates": [
                    -5.365677196,
                    40.63107279
                ]
            },
            "properties": {
                "id": "522",
                "orden": 2,
                "value": 0.0015855646491106613,
                "ranking": 251
            }
        },
        {
            "type": "Feature",
            "geometry": {
                "type": "Point",
                "coordinates": [
                    -5.384019461,
                    40.58967029
                ]
            },
            "properties": {
                "id": "560",
                "orden": 2,
                "value": 0.001583157506462738,
                "ranking": 288
            }
        },
        {
            "type": "Feature",
            "geometry": {
                "type": "Point",
                "coordinates": [
                    -5.346009931,
                    40.64503282
                ]
            },
            "properties": {
                "id": "379",
                "orden": 2,
                "value": 0.0015790297783501136,
                "ranking": 112
            }
        },
        {
            "type": "Feature",
            "geometry": {
                "type": "Point",
                "coordinates": [
                    -5.368491684,
                    40.63184897
                ]
            },
            "properties": {
                "id": "520",
                "orden": 2,
                "value": 0.00157741347293,
                "ranking": 249
            }
        },
        {
            "type": "Feature",
            "geometry": {
                "type": "Point",
                "coordinates": [
                    -5.346571156,
                    40.6417526
                ]
            },
            "properties": {
                "id": "387",
                "orden": 2,
                "value": 0.0015725601469177245,
                "ranking": 120
            }
        },
        {
            "type": "Feature",
            "geometry": {
                "type": "Point",
                "coordinates": [
                    -5.345796358,
                    40.58226917
                ]
            },
            "properties": {
                "id": "606",
                "orden": 2,
                "value": 0.0015717818466010514,
                "ranking": 334
            }
        },
        {
            "type": "Feature",
            "geometry": {
                "type": "Point",
                "coordinates": [
                    -5.358884636,
                    40.64397915
                ]
            },
            "properties": {
                "id": "447",
                "orden": 2,
                "value": 0.0015704284212706475,
                "ranking": 178
            }
        },
        {
            "type": "Feature",
            "geometry": {
                "type": "Point",
                "coordinates": [
                    -5.339944386,
                    40.58100392
                ]
            },
            "properties": {
                "id": "610",
                "orden": 2,
                "value": 0.0015700494780061416,
                "ranking": 338
            }
        },
        {
            "type": "Feature",
            "geometry": {
                "type": "Point",
                "coordinates": [
                    -5.356711996,
                    40.6465181
                ]
            },
            "properties": {
                "id": "443",
                "orden": 2,
                "value": 0.001568315895820117,
                "ranking": 174
            }
        },
        {
            "type": "Feature",
            "geometry": {
                "type": "Point",
                "coordinates": [
                    -5.343801356,
                    40.58263773
                ]
            },
            "properties": {
                "id": "607",
                "orden": 2,
                "value": 0.0015649820385187242,
                "ranking": 335
            }
        },
        {
            "type": "Feature",
            "geometry": {
                "type": "Point",
                "coordinates": [
                    -5.361973149,
                    40.58132462
                ]
            },
            "properties": {
                "id": "589",
                "orden": 2,
                "value": 0.0015641962226980032,
                "ranking": 317
            }
        },
        {
            "type": "Feature",
            "geometry": {
                "type": "Point",
                "coordinates": [
                    -5.343649978,
                    40.64320598
                ]
            },
            "properties": {
                "id": "386",
                "orden": 2,
                "value": 0.001562448039969778,
                "ranking": 119
            }
        },
        {
            "type": "Feature",
            "geometry": {
                "type": "Point",
                "coordinates": [
                    -5.357303766,
                    40.64716825
                ]
            },
            "properties": {
                "id": "442",
                "orden": 2,
                "value": 0.0015610518589224136,
                "ranking": 173
            }
        },
        {
            "type": "Feature",
            "geometry": {
                "type": "Point",
                "coordinates": [
                    -5.338751624,
                    40.64888567
                ]
            },
            "properties": {
                "id": "376",
                "orden": 2,
                "value": 0.0015606550738954759,
                "ranking": 109
            }
        },
        {
            "type": "Feature",
            "geometry": {
                "type": "Point",
                "coordinates": [
                    -5.174922584,
                    40.63129194
                ]
            },
            "properties": {
                "id": "625",
                "orden": 2,
                "value": 0.0015579724574344583,
                "ranking": 353
            }
        },
        {
            "type": "Feature",
            "geometry": {
                "type": "Point",
                "coordinates": [
                    -5.362442344,
                    40.64104457
                ]
            },
            "properties": {
                "id": "449",
                "orden": 2,
                "value": 0.0015569151266203876,
                "ranking": 180
            }
        },
        {
            "type": "Feature",
            "geometry": {
                "type": "Point",
                "coordinates": [
                    -5.358450169,
                    40.64727264
                ]
            },
            "properties": {
                "id": "441",
                "orden": 2,
                "value": 0.001556620060181569,
                "ranking": 172
            }
        },
        {
            "type": "Feature",
            "geometry": {
                "type": "Point",
                "coordinates": [
                    -5.387879507,
                    40.59054373
                ]
            },
            "properties": {
                "id": "557",
                "orden": 2,
                "value": 0.0015553156224865365,
                "ranking": 285
            }
        },
        {
            "type": "Feature",
            "geometry": {
                "type": "Point",
                "coordinates": [
                    -5.344038915,
                    40.64404617
                ]
            },
            "properties": {
                "id": "382",
                "orden": 2,
                "value": 0.0015552440952116468,
                "ranking": 115
            }
        },
        {
            "type": "Feature",
            "geometry": {
                "type": "Point",
                "coordinates": [
                    -5.287142905,
                    40.58546775
                ]
            },
            "properties": {
                "id": "623",
                "orden": 2,
                "value": 0.0015543354608086334,
                "ranking": 351
            }
        },
        {
            "type": "Feature",
            "geometry": {
                "type": "Point",
                "coordinates": [
                    -5.360637934,
                    40.64756834
                ]
            },
            "properties": {
                "id": "440",
                "orden": 2,
                "value": 0.0015541045780459867,
                "ranking": 171
            }
        },
        {
            "type": "Feature",
            "geometry": {
                "type": "Point",
                "coordinates": [
                    -5.386174759,
                    40.58522447
                ]
            },
            "properties": {
                "id": "558",
                "orden": 2,
                "value": 0.0015535791648730942,
                "ranking": 286
            }
        },
        {
            "type": "Feature",
            "geometry": {
                "type": "Point",
                "coordinates": [
                    -5.303542945,
                    40.6233796
                ]
            },
            "properties": {
                "id": "487",
                "orden": 2,
                "value": 0.0015524052496490434,
                "ranking": 216
            }
        },
        {
            "type": "Feature",
            "geometry": {
                "type": "Point",
                "coordinates": [
                    -5.388564161,
                    40.59069215
                ]
            },
            "properties": {
                "id": "555",
                "orden": 2,
                "value": 0.0015513468558367013,
                "ranking": 283
            }
        },
        {
            "type": "Feature",
            "geometry": {
                "type": "Point",
                "coordinates": [
                    -5.388741942,
                    40.59093236
                ]
            },
            "properties": {
                "id": "553",
                "orden": 2,
                "value": 0.001551042038702755,
                "ranking": 281
            }
        },
        {
            "type": "Feature",
            "geometry": {
                "type": "Point",
                "coordinates": [
                    -5.371015335,
                    40.6357086
                ]
            },
            "properties": {
                "id": "452",
                "orden": 2,
                "value": 0.0015495831137166908,
                "ranking": 183
            }
        },
        {
            "type": "Feature",
            "geometry": {
                "type": "Point",
                "coordinates": [
                    -5.389681535,
                    40.58797301
                ]
            },
            "properties": {
                "id": "551",
                "orden": 2,
                "value": 0.001549433215668855,
                "ranking": 279
            }
        },
        {
            "type": "Feature",
            "geometry": {
                "type": "Point",
                "coordinates": [
                    -5.351655058,
                    40.6504575
                ]
            },
            "properties": {
                "id": "373",
                "orden": 2,
                "value": 0.0015433754157923138,
                "ranking": 106
            }
        },
        {
            "type": "Feature",
            "geometry": {
                "type": "Point",
                "coordinates": [
                    -5.344144204,
                    40.64474222
                ]
            },
            "properties": {
                "id": "380",
                "orden": 2,
                "value": 0.001539035794709384,
                "ranking": 113
            }
        },
        {
            "type": "Feature",
            "geometry": {
                "type": "Point",
                "coordinates": [
                    -5.342058563,
                    40.56606766
                ]
            },
            "properties": {
                "id": "903",
                "orden": 2,
                "value": 0.0015382362474916048,
                "ranking": 453
            }
        },
        {
            "type": "Feature",
            "geometry": {
                "type": "Point",
                "coordinates": [
                    -5.366913827,
                    40.58086662
                ]
            },
            "properties": {
                "id": "580",
                "orden": 2,
                "value": 0.0015359412625539077,
                "ranking": 308
            }
        },
        {
            "type": "Feature",
            "geometry": {
                "type": "Point",
                "coordinates": [
                    -5.334705203,
                    40.58224279
                ]
            },
            "properties": {
                "id": "615",
                "orden": 2,
                "value": 0.0015340638242088956,
                "ranking": 343
            }
        },
        {
            "type": "Feature",
            "geometry": {
                "type": "Point",
                "coordinates": [
                    -5.329289327,
                    40.58028434
                ]
            },
            "properties": {
                "id": "619",
                "orden": 2,
                "value": 0.0015331412980241726,
                "ranking": 347
            }
        },
        {
            "type": "Feature",
            "geometry": {
                "type": "Point",
                "coordinates": [
                    -5.36329584,
                    40.64438512
                ]
            },
            "properties": {
                "id": "446",
                "orden": 2,
                "value": 0.0015324017328210092,
                "ranking": 177
            }
        },
        {
            "type": "Feature",
            "geometry": {
                "type": "Point",
                "coordinates": [
                    -5.311921772,
                    40.63703698
                ]
            },
            "properties": {
                "id": "470",
                "orden": 2,
                "value": 0.001530320957994052,
                "ranking": 199
            }
        },
        {
            "type": "Feature",
            "geometry": {
                "type": "Point",
                "coordinates": [
                    -5.385527143,
                    40.58298942
                ]
            },
            "properties": {
                "id": "559",
                "orden": 2,
                "value": 0.0015276128216931218,
                "ranking": 287
            }
        },
        {
            "type": "Feature",
            "geometry": {
                "type": "Point",
                "coordinates": [
                    -5.344891911,
                    40.56836203
                ]
            },
            "properties": {
                "id": "605",
                "orden": 2,
                "value": 0.001523880133917568,
                "ranking": 333
            }
        },
        {
            "type": "Feature",
            "geometry": {
                "type": "Point",
                "coordinates": [
                    -5.368958332,
                    40.64385011
                ]
            },
            "properties": {
                "id": "445",
                "orden": 2,
                "value": 0.0015234835145561594,
                "ranking": 176
            }
        },
        {
            "type": "Feature",
            "geometry": {
                "type": "Point",
                "coordinates": [
                    -5.370761435,
                    40.64044998
                ]
            },
            "properties": {
                "id": "448",
                "orden": 2,
                "value": 0.0015226490723715467,
                "ranking": 179
            }
        },
        {
            "type": "Feature",
            "geometry": {
                "type": "Point",
                "coordinates": [
                    -5.367749896,
                    40.64521624
                ]
            },
            "properties": {
                "id": "444",
                "orden": 2,
                "value": 0.0015209644788737788,
                "ranking": 175
            }
        },
        {
            "type": "Feature",
            "geometry": {
                "type": "Point",
                "coordinates": [
                    -5.355820786,
                    40.64936204
                ]
            },
            "properties": {
                "id": "438",
                "orden": 2,
                "value": 0.0015205780055992852,
                "ranking": 170
            }
        },
        {
            "type": "Feature",
            "geometry": {
                "type": "Point",
                "coordinates": [
                    -5.38811544,
                    40.58726424
                ]
            },
            "properties": {
                "id": "556",
                "orden": 2,
                "value": 0.0015186850406568708,
                "ranking": 284
            }
        },
        {
            "type": "Feature",
            "geometry": {
                "type": "Point",
                "coordinates": [
                    -5.391384362,
                    40.59017689
                ]
            },
            "properties": {
                "id": "550",
                "orden": 2,
                "value": 0.001517045139144724,
                "ranking": 278
            }
        },
        {
            "type": "Feature",
            "geometry": {
                "type": "Point",
                "coordinates": [
                    -5.360544953,
                    40.49815368
                ]
            },
            "properties": {
                "id": "891",
                "orden": 2,
                "value": 0.0015129526361237734,
                "ranking": 441
            }
        },
        {
            "type": "Feature",
            "geometry": {
                "type": "Point",
                "coordinates": [
                    -5.346154537,
                    40.65535326
                ]
            },
            "properties": {
                "id": "364",
                "orden": 2,
                "value": 0.0015126612364283697,
                "ranking": 97
            }
        },
        {
            "type": "Feature",
            "geometry": {
                "type": "Point",
                "coordinates": [
                    -5.347085082,
                    40.65497922
                ]
            },
            "properties": {
                "id": "365",
                "orden": 3,
                "value": 0.0015118689776838494,
                "ranking": 98
            }
        },
        {
            "type": "Feature",
            "geometry": {
                "type": "Point",
                "coordinates": [
                    -5.389101645,
                    40.58592371
                ]
            },
            "properties": {
                "id": "552",
                "orden": 3,
                "value": 0.0015105304081406545,
                "ranking": 280
            }
        },
        {
            "type": "Feature",
            "geometry": {
                "type": "Point",
                "coordinates": [
                    -5.315270065,
                    40.58305472
                ]
            },
            "properties": {
                "id": "621",
                "orden": 3,
                "value": 0.0015089886219960343,
                "ranking": 349
            }
        },
        {
            "type": "Feature",
            "geometry": {
                "type": "Point",
                "coordinates": [
                    -5.149368817,
                    40.65601989
                ]
            },
            "properties": {
                "id": "424",
                "orden": 3,
                "value": 0.001507478746192113,
                "ranking": 157
            }
        },
        {
            "type": "Feature",
            "geometry": {
                "type": "Point",
                "coordinates": [
                    -5.325292017,
                    40.65617223
                ]
            },
            "properties": {
                "id": "367",
                "orden": 3,
                "value": 0.0015072589940808457,
                "ranking": 100
            }
        },
        {
            "type": "Feature",
            "geometry": {
                "type": "Point",
                "coordinates": [
                    -5.388111549,
                    40.5840834
                ]
            },
            "properties": {
                "id": "554",
                "orden": 3,
                "value": 0.001506104322950173,
                "ranking": 282
            }
        },
        {
            "type": "Feature",
            "geometry": {
                "type": "Point",
                "coordinates": [
                    -5.395743344,
                    40.5975865
                ]
            },
            "properties": {
                "id": "548",
                "orden": 3,
                "value": 0.0015049886780270907,
                "ranking": 276
            }
        },
        {
            "type": "Feature",
            "geometry": {
                "type": "Point",
                "coordinates": [
                    -5.261032053,
                    40.64432464
                ]
            },
            "properties": {
                "id": "465",
                "orden": 3,
                "value": 0.001503064467269655,
                "ranking": 194
            }
        },
        {
            "type": "Feature",
            "geometry": {
                "type": "Point",
                "coordinates": [
                    -5.054336091,
                    40.63069952
                ]
            },
            "properties": {
                "id": "626",
                "orden": 3,
                "value": 0.0015021345825125573,
                "ranking": 354
            }
        },
        {
            "type": "Feature",
            "geometry": {
                "type": "Point",
                "coordinates": [
                    -5.314458081,
                    40.58292177
                ]
            },
            "properties": {
                "id": "622",
                "orden": 3,
                "value": 0.0015010163948562796,
                "ranking": 350
            }
        },
        {
            "type": "Feature",
            "geometry": {
                "type": "Point",
                "coordinates": [
                    -5.40470226,
                    40.60178641
                ]
            },
            "properties": {
                "id": "849",
                "orden": 3,
                "value": 0.0014880299033990302,
                "ranking": 403
            }
        },
        {
            "type": "Feature",
            "geometry": {
                "type": "Point",
                "coordinates": [
                    -5.33736321,
                    40.56415381
                ]
            },
            "properties": {
                "id": "900",
                "orden": 3,
                "value": 0.0014874540736844095,
                "ranking": 450
            }
        },
        {
            "type": "Feature",
            "geometry": {
                "type": "Point",
                "coordinates": [
                    -5.301545634,
                    40.26801803
                ]
            },
            "properties": {
                "id": "922",
                "orden": 3,
                "value": 0.0014812437119135985,
                "ranking": 467
            }
        },
        {
            "type": "Feature",
            "geometry": {
                "type": "Point",
                "coordinates": [
                    -5.304189709,
                    40.28043069
                ]
            },
            "properties": {
                "id": "1009",
                "orden": 3,
                "value": 0.001472218935328108,
                "ranking": 508
            }
        },
        {
            "type": "Feature",
            "geometry": {
                "type": "Point",
                "coordinates": [
                    -5.672361777,
                    40.34284177
                ]
            },
            "properties": {
                "id": "799",
                "orden": 3,
                "value": 0.001471530596807557,
                "ranking": 355
            }
        },
        {
            "type": "Feature",
            "geometry": {
                "type": "Point",
                "coordinates": [
                    -5.402526513,
                    40.59894365
                ]
            },
            "properties": {
                "id": "850",
                "orden": 3,
                "value": 0.0014705015419611005,
                "ranking": 404
            }
        },
        {
            "type": "Feature",
            "geometry": {
                "type": "Point",
                "coordinates": [
                    -5.200950458,
                    40.63664477
                ]
            },
            "properties": {
                "id": "406",
                "orden": 3,
                "value": 0.0014704406527343093,
                "ranking": 139
            }
        },
        {
            "type": "Feature",
            "geometry": {
                "type": "Point",
                "coordinates": [
                    -5.200655701,
                    40.77309023
                ]
            },
            "properties": {
                "id": "252",
                "orden": 3,
                "value": 0.0014699936551205136,
                "ranking": 6
            }
        },
        {
            "type": "Feature",
            "geometry": {
                "type": "Point",
                "coordinates": [
                    -5.243277119,
                    40.64260568
                ]
            },
            "properties": {
                "id": "392",
                "orden": 3,
                "value": 0.0014692926672435764,
                "ranking": 125
            }
        },
        {
            "type": "Feature",
            "geometry": {
                "type": "Point",
                "coordinates": [
                    -5.291682143,
                    40.6233292
                ]
            },
            "properties": {
                "id": "489",
                "orden": 3,
                "value": 0.0014683832248500758,
                "ranking": 218
            }
        },
        {
            "type": "Feature",
            "geometry": {
                "type": "Point",
                "coordinates": [
                    -5.362181497,
                    40.56790478
                ]
            },
            "properties": {
                "id": "906",
                "orden": 3,
                "value": 0.0014670345385590713,
                "ranking": 455
            }
        },
        {
            "type": "Feature",
            "geometry": {
                "type": "Point",
                "coordinates": [
                    -5.303255193,
                    40.64486024
                ]
            },
            "properties": {
                "id": "390",
                "orden": 3,
                "value": 0.0014664961841270498,
                "ranking": 123
            }
        },
        {
            "type": "Feature",
            "geometry": {
                "type": "Point",
                "coordinates": [
                    -5.256332512,
                    40.66130383
                ]
            },
            "properties": {
                "id": "371",
                "orden": 3,
                "value": 0.0014662292945983838,
                "ranking": 104
            }
        },
        {
            "type": "Feature",
            "geometry": {
                "type": "Point",
                "coordinates": [
                    -5.341549451,
                    40.56473262
                ]
            },
            "properties": {
                "id": "901",
                "orden": 3,
                "value": 0.0014633802229996075,
                "ranking": 451
            }
        },
        {
            "type": "Feature",
            "geometry": {
                "type": "Point",
                "coordinates": [
                    -5.288601903,
                    40.61655463
                ]
            },
            "properties": {
                "id": "624",
                "orden": 3,
                "value": 0.0014611889266155534,
                "ranking": 352
            }
        },
        {
            "type": "Feature",
            "geometry": {
                "type": "Point",
                "coordinates": [
                    -5.289503631,
                    40.63604762
                ]
            },
            "properties": {
                "id": "475",
                "orden": 3,
                "value": 0.0014569938121481289,
                "ranking": 204
            }
        },
        {
            "type": "Feature",
            "geometry": {
                "type": "Point",
                "coordinates": [
                    -5.366650951,
                    40.57026339
                ]
            },
            "properties": {
                "id": "577",
                "orden": 3,
                "value": 0.0014499574335195414,
                "ranking": 305
            }
        },
        {
            "type": "Feature",
            "geometry": {
                "type": "Point",
                "coordinates": [
                    -5.363393157,
                    40.65282203
                ]
            },
            "properties": {
                "id": "353",
                "orden": 3,
                "value": 0.001449542825613024,
                "ranking": 86
            }
        },
        {
            "type": "Feature",
            "geometry": {
                "type": "Point",
                "coordinates": [
                    -5.71069444,
                    40.29552632
                ]
            },
            "properties": {
                "id": "808",
                "orden": 3,
                "value": 0.0014490251797054845,
                "ranking": 364
            }
        },
        {
            "type": "Feature",
            "geometry": {
                "type": "Point",
                "coordinates": [
                    -5.191299606,
                    40.6488844
                ]
            },
            "properties": {
                "id": "413",
                "orden": 3,
                "value": 0.0014465386826864825,
                "ranking": 146
            }
        },
        {
            "type": "Feature",
            "geometry": {
                "type": "Point",
                "coordinates": [
                    -5.211002671,
                    40.64771137
                ]
            },
            "properties": {
                "id": "399",
                "orden": 3,
                "value": 0.0014429713635648726,
                "ranking": 132
            }
        },
        {
            "type": "Feature",
            "geometry": {
                "type": "Point",
                "coordinates": [
                    -5.206093487,
                    40.63298148
                ]
            },
            "properties": {
                "id": "403",
                "orden": 3,
                "value": 0.0014398727634872255,
                "ranking": 136
            }
        },
        {
            "type": "Feature",
            "geometry": {
                "type": "Point",
                "coordinates": [
                    -5.186846539,
                    40.65963609
                ]
            },
            "properties": {
                "id": "414",
                "orden": 3,
                "value": 0.001439007690014755,
                "ranking": 147
            }
        },
        {
            "type": "Feature",
            "geometry": {
                "type": "Point",
                "coordinates": [
                    -5.301291434,
                    40.26030232
                ]
            },
            "properties": {
                "id": "1010",
                "orden": 3,
                "value": 0.0014359098205229913,
                "ranking": 509
            }
        },
        {
            "type": "Feature",
            "geometry": {
                "type": "Point",
                "coordinates": [
                    -5.32734211,
                    40.6560961
                ]
            },
            "properties": {
                "id": "366",
                "orden": 3,
                "value": 0.0014334316713158447,
                "ranking": 99
            }
        },
        {
            "type": "Feature",
            "geometry": {
                "type": "Point",
                "coordinates": [
                    -5.289497252,
                    40.26239326
                ]
            },
            "properties": {
                "id": "927",
                "orden": 3,
                "value": 0.0014320538970743802,
                "ranking": 472
            }
        },
        {
            "type": "Feature",
            "geometry": {
                "type": "Point",
                "coordinates": [
                    -5.225903154,
                    40.64633882
                ]
            },
            "properties": {
                "id": "395",
                "orden": 3,
                "value": 0.0014300051989812245,
                "ranking": 128
            }
        },
        {
            "type": "Feature",
            "geometry": {
                "type": "Point",
                "coordinates": [
                    -5.125601321,
                    40.80911996
                ]
            },
            "properties": {
                "id": "266",
                "orden": 3,
                "value": 0.0014257294855812483,
                "ranking": 20
            }
        },
        {
            "type": "Feature",
            "geometry": {
                "type": "Point",
                "coordinates": [
                    -5.124080957,
                    40.81052177
                ]
            },
            "properties": {
                "id": "268",
                "orden": 3,
                "value": 0.001424067814106517,
                "ranking": 22
            }
        },
        {
            "type": "Feature",
            "geometry": {
                "type": "Point",
                "coordinates": [
                    -5.289920171,
                    40.64095757
                ]
            },
            "properties": {
                "id": "466",
                "orden": 3,
                "value": 0.0014230263084259607,
                "ranking": 195
            }
        },
        {
            "type": "Feature",
            "geometry": {
                "type": "Point",
                "coordinates": [
                    -5.327609892,
                    40.65801035
                ]
            },
            "properties": {
                "id": "362",
                "orden": 3,
                "value": 0.0014224393621522086,
                "ranking": 95
            }
        },
        {
            "type": "Feature",
            "geometry": {
                "type": "Point",
                "coordinates": [
                    -5.209334048,
                    40.63465733
                ]
            },
            "properties": {
                "id": "402",
                "orden": 3,
                "value": 0.0014193514258786452,
                "ranking": 135
            }
        },
        {
            "type": "Feature",
            "geometry": {
                "type": "Point",
                "coordinates": [
                    -5.321557651,
                    40.65833503
                ]
            },
            "properties": {
                "id": "363",
                "orden": 3,
                "value": 0.001419060751138629,
                "ranking": 96
            }
        },
        {
            "type": "Feature",
            "geometry": {
                "type": "Point",
                "coordinates": [
                    -5.200780144,
                    40.66688394
                ]
            },
            "properties": {
                "id": "407",
                "orden": 3,
                "value": 0.0014118391507639697,
                "ranking": 140
            }
        },
        {
            "type": "Feature",
            "geometry": {
                "type": "Point",
                "coordinates": [
                    -5.159029626,
                    40.84011515
                ]
            },
            "properties": {
                "id": "196",
                "orden": 3,
                "value": 0.0014114612044687763,
                "ranking": 0
            }
        },
        {
            "type": "Feature",
            "geometry": {
                "type": "Point",
                "coordinates": [
                    -5.12179092,
                    40.79376958
                ]
            },
            "properties": {
                "id": "269",
                "orden": 3,
                "value": 0.0014056929288902057,
                "ranking": 23
            }
        },
        {
            "type": "Feature",
            "geometry": {
                "type": "Point",
                "coordinates": [
                    -5.243860317,
                    40.62528497
                ]
            },
            "properties": {
                "id": "496",
                "orden": 3,
                "value": 0.001404965799102379,
                "ranking": 225
            }
        },
        {
            "type": "Feature",
            "geometry": {
                "type": "Point",
                "coordinates": [
                    -5.576227396,
                    40.46947865
                ]
            },
            "properties": {
                "id": "820",
                "orden": 3,
                "value": 0.0013973860409253543,
                "ranking": 376
            }
        },
        {
            "type": "Feature",
            "geometry": {
                "type": "Point",
                "coordinates": [
                    -5.30336943,
                    40.64639004
                ]
            },
            "properties": {
                "id": "388",
                "orden": 3,
                "value": 0.001394779752031982,
                "ranking": 121
            }
        },
        {
            "type": "Feature",
            "geometry": {
                "type": "Point",
                "coordinates": [
                    -5.413104413,
                    40.58638856
                ]
            },
            "properties": {
                "id": "848",
                "orden": 3,
                "value": 0.0013927443315751458,
                "ranking": 402
            }
        },
        {
            "type": "Feature",
            "geometry": {
                "type": "Point",
                "coordinates": [
                    -5.304458032,
                    40.65491009
                ]
            },
            "properties": {
                "id": "374",
                "orden": 3,
                "value": 0.0013861100943285101,
                "ranking": 107
            }
        },
        {
            "type": "Feature",
            "geometry": {
                "type": "Point",
                "coordinates": [
                    -5.304060035,
                    40.65478064
                ]
            },
            "properties": {
                "id": "375",
                "orden": 3,
                "value": 0.0013834987863215068,
                "ranking": 108
            }
        },
        {
            "type": "Feature",
            "geometry": {
                "type": "Point",
                "coordinates": [
                    -5.218633564,
                    40.64877557
                ]
            },
            "properties": {
                "id": "396",
                "orden": 3,
                "value": 0.001383121676985339,
                "ranking": 129
            }
        },
        {
            "type": "Feature",
            "geometry": {
                "type": "Point",
                "coordinates": [
                    -5.294223041,
                    40.64442624
                ]
            },
            "properties": {
                "id": "456",
                "orden": 3,
                "value": 0.0013787489062791357,
                "ranking": 185
            }
        },
        {
            "type": "Feature",
            "geometry": {
                "type": "Point",
                "coordinates": [
                    -5.306771909,
                    40.65727446
                ]
            },
            "properties": {
                "id": "368",
                "orden": 3,
                "value": 0.001378506054301024,
                "ranking": 101
            }
        },
        {
            "type": "Feature",
            "geometry": {
                "type": "Point",
                "coordinates": [
                    -5.293748032,
                    40.6456557
                ]
            },
            "properties": {
                "id": "455",
                "orden": 3,
                "value": 0.0013782469696033781,
                "ranking": 184
            }
        },
        {
            "type": "Feature",
            "geometry": {
                "type": "Point",
                "coordinates": [
                    -5.195756774,
                    40.779783
                ]
            },
            "properties": {
                "id": "251",
                "orden": 3,
                "value": 0.0013757529089700902,
                "ranking": 5
            }
        },
        {
            "type": "Feature",
            "geometry": {
                "type": "Point",
                "coordinates": [
                    -5.260766674,
                    40.64738709
                ]
            },
            "properties": {
                "id": "458",
                "orden": 3,
                "value": 0.0013750522964821646,
                "ranking": 187
            }
        },
        {
            "type": "Feature",
            "geometry": {
                "type": "Point",
                "coordinates": [
                    -5.304716287,
                    40.65708086
                ]
            },
            "properties": {
                "id": "369",
                "orden": 3,
                "value": 0.0013745451527153762,
                "ranking": 102
            }
        },
        {
            "type": "Feature",
            "geometry": {
                "type": "Point",
                "coordinates": [
                    -5.267932495,
                    40.6422693
                ]
            },
            "properties": {
                "id": "468",
                "orden": 3,
                "value": 0.0013738439141271102,
                "ranking": 197
            }
        },
        {
            "type": "Feature",
            "geometry": {
                "type": "Point",
                "coordinates": [
                    -5.210004412,
                    40.64260978
                ]
            },
            "properties": {
                "id": "401",
                "orden": 3,
                "value": 0.001370518190900896,
                "ranking": 134
            }
        },
        {
            "type": "Feature",
            "geometry": {
                "type": "Point",
                "coordinates": [
                    -5.302918405,
                    40.65680611
                ]
            },
            "properties": {
                "id": "370",
                "orden": 3,
                "value": 0.0013704047053221967,
                "ranking": 103
            }
        },
        {
            "type": "Feature",
            "geometry": {
                "type": "Point",
                "coordinates": [
                    -5.416506744,
                    40.58333317
                ]
            },
            "properties": {
                "id": "846",
                "orden": 3,
                "value": 0.0013700435822722023,
                "ranking": 400
            }
        },
        {
            "type": "Feature",
            "geometry": {
                "type": "Point",
                "coordinates": [
                    -5.193276462,
                    40.65417106
                ]
            },
            "properties": {
                "id": "410",
                "orden": 3,
                "value": 0.0013671233219550078,
                "ranking": 143
            }
        },
        {
            "type": "Feature",
            "geometry": {
                "type": "Point",
                "coordinates": [
                    -5.124397916,
                    40.79635166
                ]
            },
            "properties": {
                "id": "267",
                "orden": 3,
                "value": 0.0013620886563798064,
                "ranking": 21
            }
        },
        {
            "type": "Feature",
            "geometry": {
                "type": "Point",
                "coordinates": [
                    -5.423019304,
                    40.59518751
                ]
            },
            "properties": {
                "id": "843",
                "orden": 3,
                "value": 0.001361620065202555,
                "ranking": 397
            }
        },
        {
            "type": "Feature",
            "geometry": {
                "type": "Point",
                "coordinates": [
                    -5.656109083,
                    40.31194537
                ]
            },
            "properties": {
                "id": "801",
                "orden": 3,
                "value": 0.0013615908846203498,
                "ranking": 357
            }
        },
        {
            "type": "Feature",
            "geometry": {
                "type": "Point",
                "coordinates": [
                    -5.248398966,
                    40.64267356
                ]
            },
            "properties": {
                "id": "471",
                "orden": 3,
                "value": 0.0013603542654466972,
                "ranking": 200
            }
        },
        {
            "type": "Feature",
            "geometry": {
                "type": "Point",
                "coordinates": [
                    -5.277197107,
                    40.25826376
                ]
            },
            "properties": {
                "id": "931",
                "orden": 3,
                "value": 0.0013589261822497976,
                "ranking": 476
            }
        },
        {
            "type": "Feature",
            "geometry": {
                "type": "Point",
                "coordinates": [
                    -5.423454446,
                    40.59572991
                ]
            },
            "properties": {
                "id": "842",
                "orden": 3,
                "value": 0.001357806074618129,
                "ranking": 396
            }
        },
        {
            "type": "Feature",
            "geometry": {
                "type": "Point",
                "coordinates": [
                    -5.362211022,
                    40.4964893
                ]
            },
            "properties": {
                "id": "889",
                "orden": 3,
                "value": 0.0013542445505241017,
                "ranking": 439
            }
        },
        {
            "type": "Feature",
            "geometry": {
                "type": "Point",
                "coordinates": [
                    -5.298622983,
                    40.65151218
                ]
            },
            "properties": {
                "id": "378",
                "orden": 3,
                "value": 0.0013523339276235204,
                "ranking": 111
            }
        },
        {
            "type": "Feature",
            "geometry": {
                "type": "Point",
                "coordinates": [
                    -5.40083357,
                    40.50188367
                ]
            },
            "properties": {
                "id": "896",
                "orden": 3,
                "value": 0.001352030997917554,
                "ranking": 446
            }
        },
        {
            "type": "Feature",
            "geometry": {
                "type": "Point",
                "coordinates": [
                    -5.279769597,
                    40.64046339
                ]
            },
            "properties": {
                "id": "1178",
                "orden": 3,
                "value": 0.0013514917393004284,
                "ranking": 528
            }
        },
        {
            "type": "Feature",
            "geometry": {
                "type": "Point",
                "coordinates": [
                    -5.286486202,
                    40.6446165
                ]
            },
            "properties": {
                "id": "459",
                "orden": 3,
                "value": 0.0013498668776128486,
                "ranking": 188
            }
        },
        {
            "type": "Feature",
            "geometry": {
                "type": "Point",
                "coordinates": [
                    -5.282930372,
                    40.64816361
                ]
            },
            "properties": {
                "id": "389",
                "orden": 3,
                "value": 0.0013487507764122207,
                "ranking": 122
            }
        },
        {
            "type": "Feature",
            "geometry": {
                "type": "Point",
                "coordinates": [
                    -5.300796367,
                    40.65618651
                ]
            },
            "properties": {
                "id": "372",
                "orden": 3,
                "value": 0.001348535278276526,
                "ranking": 105
            }
        },
        {
            "type": "Feature",
            "geometry": {
                "type": "Point",
                "coordinates": [
                    -5.414567558,
                    40.59011808
                ]
            },
            "properties": {
                "id": "847",
                "orden": 3,
                "value": 0.0013484280872096974,
                "ranking": 401
            }
        },
        {
            "type": "Feature",
            "geometry": {
                "type": "Point",
                "coordinates": [
                    -5.354702889,
                    40.66517044
                ]
            },
            "properties": {
                "id": "360",
                "orden": 3,
                "value": 0.0013466271018661253,
                "ranking": 93
            }
        },
        {
            "type": "Feature",
            "geometry": {
                "type": "Point",
                "coordinates": [
                    -5.214185059,
                    40.66054409
                ]
            },
            "properties": {
                "id": "397",
                "orden": 3,
                "value": 0.0013463351837390946,
                "ranking": 130
            }
        },
        {
            "type": "Feature",
            "geometry": {
                "type": "Point",
                "coordinates": [
                    -5.361858995,
                    40.65958515
                ]
            },
            "properties": {
                "id": "352",
                "orden": 3,
                "value": 0.001346040285206489,
                "ranking": 85
            }
        },
        {
            "type": "Feature",
            "geometry": {
                "type": "Point",
                "coordinates": [
                    -5.2646139,
                    40.63373333
                ]
            },
            "properties": {
                "id": "481",
                "orden": 3,
                "value": 0.001345208553182185,
                "ranking": 210
            }
        },
        {
            "type": "Feature",
            "geometry": {
                "type": "Point",
                "coordinates": [
                    -5.175605185,
                    40.66073797
                ]
            },
            "properties": {
                "id": "416",
                "orden": 3,
                "value": 0.001344985711584271,
                "ranking": 149
            }
        },
        {
            "type": "Feature",
            "geometry": {
                "type": "Point",
                "coordinates": [
                    -5.164459466,
                    40.7819063
                ]
            },
            "properties": {
                "id": "314",
                "orden": 3,
                "value": 0.0013436491094192067,
                "ranking": 50
            }
        },
        {
            "type": "Feature",
            "geometry": {
                "type": "Point",
                "coordinates": [
                    -5.362668024,
                    40.65969454
                ]
            },
            "properties": {
                "id": "351",
                "orden": 3,
                "value": 0.0013419975983711733,
                "ranking": 84
            }
        },
        {
            "type": "Feature",
            "geometry": {
                "type": "Point",
                "coordinates": [
                    -5.265898493,
                    40.64306187
                ]
            },
            "properties": {
                "id": "467",
                "orden": 3,
                "value": 0.0013394596915466076,
                "ranking": 196
            }
        },
        {
            "type": "Feature",
            "geometry": {
                "type": "Point",
                "coordinates": [
                    -5.166662567,
                    40.67188241
                ]
            },
            "properties": {
                "id": "420",
                "orden": 3,
                "value": 0.0013383262009346241,
                "ranking": 153
            }
        },
        {
            "type": "Feature",
            "geometry": {
                "type": "Point",
                "coordinates": [
                    -5.265499242,
                    40.63280777
                ]
            },
            "properties": {
                "id": "482",
                "orden": 3,
                "value": 0.0013358554391636288,
                "ranking": 211
            }
        },
        {
            "type": "Feature",
            "geometry": {
                "type": "Point",
                "coordinates": [
                    -5.348146106,
                    40.53540566
                ]
            },
            "properties": {
                "id": "898",
                "orden": 3,
                "value": 0.0013346234916463118,
                "ranking": 448
            }
        },
        {
            "type": "Feature",
            "geometry": {
                "type": "Point",
                "coordinates": [
                    -5.212914747,
                    40.6587836
                ]
            },
            "properties": {
                "id": "398",
                "orden": 3,
                "value": 0.0013331023887279245,
                "ranking": 131
            }
        },
        {
            "type": "Feature",
            "geometry": {
                "type": "Point",
                "coordinates": [
                    -5.13935713,
                    40.7797712
                ]
            },
            "properties": {
                "id": "260",
                "orden": 3,
                "value": 0.0013293823404136283,
                "ranking": 14
            }
        },
        {
            "type": "Feature",
            "geometry": {
                "type": "Point",
                "coordinates": [
                    -5.205571665,
                    40.65147657
                ]
            },
            "properties": {
                "id": "405",
                "orden": 3,
                "value": 0.0013292476796875987,
                "ranking": 138
            }
        },
        {
            "type": "Feature",
            "geometry": {
                "type": "Point",
                "coordinates": [
                    -5.141173195,
                    40.68991481
                ]
            },
            "properties": {
                "id": "428",
                "orden": 3,
                "value": 0.0013287200929166135,
                "ranking": 161
            }
        },
        {
            "type": "Feature",
            "geometry": {
                "type": "Point",
                "coordinates": [
                    -5.142931137,
                    40.69599878
                ]
            },
            "properties": {
                "id": "426",
                "orden": 3,
                "value": 0.0013282771875443324,
                "ranking": 159
            }
        },
        {
            "type": "Feature",
            "geometry": {
                "type": "Point",
                "coordinates": [
                    -5.206421396,
                    40.65159956
                ]
            },
            "properties": {
                "id": "404",
                "orden": 3,
                "value": 0.0013282153036685378,
                "ranking": 137
            }
        },
        {
            "type": "Feature",
            "geometry": {
                "type": "Point",
                "coordinates": [
                    -5.141363795,
                    40.69024949
                ]
            },
            "properties": {
                "id": "427",
                "orden": 3,
                "value": 0.0013281441324886753,
                "ranking": 160
            }
        },
        {
            "type": "Feature",
            "geometry": {
                "type": "Point",
                "coordinates": [
                    -5.287300854,
                    40.6495453
                ]
            },
            "properties": {
                "id": "384",
                "orden": 3,
                "value": 0.001328055912747233,
                "ranking": 117
            }
        },
        {
            "type": "Feature",
            "geometry": {
                "type": "Point",
                "coordinates": [
                    -5.336613749,
                    40.66593688
                ]
            },
            "properties": {
                "id": "361",
                "orden": 3,
                "value": 0.0013271921003566527,
                "ranking": 94
            }
        },
        {
            "type": "Feature",
            "geometry": {
                "type": "Point",
                "coordinates": [
                    -5.193362165,
                    40.65541824
                ]
            },
            "properties": {
                "id": "411",
                "orden": 3,
                "value": 0.0013263222267469446,
                "ranking": 144
            }
        },
        {
            "type": "Feature",
            "geometry": {
                "type": "Point",
                "coordinates": [
                    -5.421192014,
                    40.5895353
                ]
            },
            "properties": {
                "id": "844",
                "orden": 3,
                "value": 0.0013253126785197915,
                "ranking": 398
            }
        },
        {
            "type": "Feature",
            "geometry": {
                "type": "Point",
                "coordinates": [
                    -5.245019511,
                    40.65021764
                ]
            },
            "properties": {
                "id": "391",
                "orden": 3,
                "value": 0.0013242949954955598,
                "ranking": 124
            }
        },
        {
            "type": "Feature",
            "geometry": {
                "type": "Point",
                "coordinates": [
                    -5.17038974,
                    40.68583105
                ]
            },
            "properties": {
                "id": "418",
                "orden": 3,
                "value": 0.001321254431535115,
                "ranking": 151
            }
        },
        {
            "type": "Feature",
            "geometry": {
                "type": "Point",
                "coordinates": [
                    -5.14671348,
                    40.77598593
                ]
            },
            "properties": {
                "id": "257",
                "orden": 3,
                "value": 0.001320251298578698,
                "ranking": 11
            }
        },
        {
            "type": "Feature",
            "geometry": {
                "type": "Point",
                "coordinates": [
                    -5.278338259,
                    40.25290408
                ]
            },
            "properties": {
                "id": "936",
                "orden": 3,
                "value": 0.0013157003345660588,
                "ranking": 481
            }
        },
        {
            "type": "Feature",
            "geometry": {
                "type": "Point",
                "coordinates": [
                    -5.186336177,
                    40.7818806
                ]
            },
            "properties": {
                "id": "300",
                "orden": 3,
                "value": 0.001314125963202092,
                "ranking": 38
            }
        },
        {
            "type": "Feature",
            "geometry": {
                "type": "Point",
                "coordinates": [
                    -5.189158955,
                    40.76264569
                ]
            },
            "properties": {
                "id": "332",
                "orden": 3,
                "value": 0.0013096981811162368,
                "ranking": 68
            }
        },
        {
            "type": "Feature",
            "geometry": {
                "type": "Point",
                "coordinates": [
                    -5.160922075,
                    40.77500156
                ]
            },
            "properties": {
                "id": "320",
                "orden": 3,
                "value": 0.0013072025870785107,
                "ranking": 56
            }
        },
        {
            "type": "Feature",
            "geometry": {
                "type": "Point",
                "coordinates": [
                    -5.164527926,
                    40.68596492
                ]
            },
            "properties": {
                "id": "422",
                "orden": 3,
                "value": 0.0013042472083855227,
                "ranking": 155
            }
        },
        {
            "type": "Feature",
            "geometry": {
                "type": "Point",
                "coordinates": [
                    -5.213125472,
                    40.67362404
                ]
            },
            "properties": {
                "id": "400",
                "orden": 3,
                "value": 0.0013017469111164393,
                "ranking": 133
            }
        },
        {
            "type": "Feature",
            "geometry": {
                "type": "Point",
                "coordinates": [
                    -5.167117226,
                    40.77755752
                ]
            },
            "properties": {
                "id": "312",
                "orden": 3,
                "value": 0.0013016843256659586,
                "ranking": 49
            }
        },
        {
            "type": "Feature",
            "geometry": {
                "type": "Point",
                "coordinates": [
                    -5.228152401,
                    40.66847396
                ]
            },
            "properties": {
                "id": "394",
                "orden": 3,
                "value": 0.0013009366859405719,
                "ranking": 127
            }
        },
        {
            "type": "Feature",
            "geometry": {
                "type": "Point",
                "coordinates": [
                    -5.416387221,
                    40.57327421
                ]
            },
            "properties": {
                "id": "845",
                "orden": 3,
                "value": 0.0013007823581828557,
                "ranking": 399
            }
        },
        {
            "type": "Feature",
            "geometry": {
                "type": "Point",
                "coordinates": [
                    -5.193602254,
                    40.66119782
                ]
            },
            "properties": {
                "id": "412",
                "orden": 3,
                "value": 0.001300479473317585,
                "ranking": 145
            }
        },
        {
            "type": "Feature",
            "geometry": {
                "type": "Point",
                "coordinates": [
                    -5.176235353,
                    40.78060339
                ]
            },
            "properties": {
                "id": "305",
                "orden": 3,
                "value": 0.0012922494822400375,
                "ranking": 42
            }
        },
        {
            "type": "Feature",
            "geometry": {
                "type": "Point",
                "coordinates": [
                    -5.177073417,
                    40.78077104
                ]
            },
            "properties": {
                "id": "304",
                "orden": 3,
                "value": 0.0012919960609877562,
                "ranking": 41
            }
        },
        {
            "type": "Feature",
            "geometry": {
                "type": "Point",
                "coordinates": [
                    -5.169449026,
                    40.77300557
                ]
            },
            "properties": {
                "id": "310",
                "orden": 3,
                "value": 0.0012875264137204832,
                "ranking": 47
            }
        },
        {
            "type": "Feature",
            "geometry": {
                "type": "Point",
                "coordinates": [
                    -5.516112552,
                    40.55306311
                ]
            },
            "properties": {
                "id": "872",
                "orden": 3,
                "value": 0.0012875015722094627,
                "ranking": 426
            }
        },
        {
            "type": "Feature",
            "geometry": {
                "type": "Point",
                "coordinates": [
                    -5.089114767,
                    40.69402904
                ]
            },
            "properties": {
                "id": "433",
                "orden": 3,
                "value": 0.0012857176415911882,
                "ranking": 166
            }
        },
        {
            "type": "Feature",
            "geometry": {
                "type": "Point",
                "coordinates": [
                    -5.424681313,
                    40.59067842
                ]
            },
            "properties": {
                "id": "841",
                "orden": 3,
                "value": 0.0012844625244755907,
                "ranking": 395
            }
        },
        {
            "type": "Feature",
            "geometry": {
                "type": "Point",
                "coordinates": [
                    -5.278741452,
                    40.65075157
                ]
            },
            "properties": {
                "id": "383",
                "orden": 3,
                "value": 0.0012826644707948404,
                "ranking": 116
            }
        },
        {
            "type": "Feature",
            "geometry": {
                "type": "Point",
                "coordinates": [
                    -5.247535958,
                    40.26823287
                ]
            },
            "properties": {
                "id": "926",
                "orden": 3,
                "value": 0.0012789564966660875,
                "ranking": 471
            }
        },
        {
            "type": "Feature",
            "geometry": {
                "type": "Point",
                "coordinates": [
                    -5.158036517,
                    40.74622042
                ]
            },
            "properties": {
                "id": "322",
                "orden": 3,
                "value": 0.001277647678027888,
                "ranking": 58
            }
        },
        {
            "type": "Feature",
            "geometry": {
                "type": "Point",
                "coordinates": [
                    -5.162191979,
                    40.76128302
                ]
            },
            "properties": {
                "id": "315",
                "orden": 3,
                "value": 0.001274826296051005,
                "ranking": 51
            }
        },
        {
            "type": "Feature",
            "geometry": {
                "type": "Point",
                "coordinates": [
                    -5.278510851,
                    40.65142621
                ]
            },
            "properties": {
                "id": "381",
                "orden": 3,
                "value": 0.0012729778401169717,
                "ranking": 114
            }
        },
        {
            "type": "Feature",
            "geometry": {
                "type": "Point",
                "coordinates": [
                    -5.153309046,
                    40.76788367
                ]
            },
            "properties": {
                "id": "326",
                "orden": 3,
                "value": 0.0012722497048406312,
                "ranking": 62
            }
        },
        {
            "type": "Feature",
            "geometry": {
                "type": "Point",
                "coordinates": [
                    -5.056448037,
                    40.69188764
                ]
            },
            "properties": {
                "id": "436",
                "orden": 3,
                "value": 0.0012714753478148002,
                "ranking": 169
            }
        },
        {
            "type": "Feature",
            "geometry": {
                "type": "Point",
                "coordinates": [
                    -5.135675892,
                    40.77028281
                ]
            },
            "properties": {
                "id": "262",
                "orden": 3,
                "value": 0.0012697300190423837,
                "ranking": 16
            }
        },
        {
            "type": "Feature",
            "geometry": {
                "type": "Point",
                "coordinates": [
                    -5.14412713,
                    40.69805918
                ]
            },
            "properties": {
                "id": "425",
                "orden": 3,
                "value": 0.0012683442170650966,
                "ranking": 158
            }
        },
        {
            "type": "Feature",
            "geometry": {
                "type": "Point",
                "coordinates": [
                    -5.148070139,
                    40.77704349
                ]
            },
            "properties": {
                "id": "256",
                "orden": 3,
                "value": 0.0012677200945397581,
                "ranking": 10
            }
        },
        {
            "type": "Feature",
            "geometry": {
                "type": "Point",
                "coordinates": [
                    -5.360911691,
                    40.4940883
                ]
            },
            "properties": {
                "id": "886",
                "orden": 3,
                "value": 0.0012677025410980066,
                "ranking": 436
            }
        },
        {
            "type": "Feature",
            "geometry": {
                "type": "Point",
                "coordinates": [
                    -5.274319559,
                    40.65426672
                ]
            },
            "properties": {
                "id": "377",
                "orden": 3,
                "value": 0.0012645323564966574,
                "ranking": 110
            }
        },
        {
            "type": "Feature",
            "geometry": {
                "type": "Point",
                "coordinates": [
                    -5.090576402,
                    40.7816709
                ]
            },
            "properties": {
                "id": "282",
                "orden": 3,
                "value": 0.001261965968175073,
                "ranking": 36
            }
        },
        {
            "type": "Feature",
            "geometry": {
                "type": "Point",
                "coordinates": [
                    -5.181080036,
                    40.71124781
                ]
            },
            "properties": {
                "id": "415",
                "orden": 3,
                "value": 0.0012573357867153297,
                "ranking": 148
            }
        },
        {
            "type": "Feature",
            "geometry": {
                "type": "Point",
                "coordinates": [
                    -5.159174403,
                    40.74990256
                ]
            },
            "properties": {
                "id": "319",
                "orden": 3,
                "value": 0.0012555956661048613,
                "ranking": 55
            }
        },
        {
            "type": "Feature",
            "geometry": {
                "type": "Point",
                "coordinates": [
                    -5.428776464,
                    40.58914999
                ]
            },
            "properties": {
                "id": "838",
                "orden": 3,
                "value": 0.0012536381240228186,
                "ranking": 392
            }
        },
        {
            "type": "Feature",
            "geometry": {
                "type": "Point",
                "coordinates": [
                    -5.084409967,
                    40.66255699
                ]
            },
            "properties": {
                "id": "434",
                "orden": 4,
                "value": 0.0012530256906716519,
                "ranking": 167
            }
        },
        {
            "type": "Feature",
            "geometry": {
                "type": "Point",
                "coordinates": [
                    -5.159790064,
                    40.75086057
                ]
            },
            "properties": {
                "id": "317",
                "orden": 4,
                "value": 0.0012491378490915267,
                "ranking": 53
            }
        },
        {
            "type": "Feature",
            "geometry": {
                "type": "Point",
                "coordinates": [
                    -5.176201458,
                    40.75480645
                ]
            },
            "properties": {
                "id": "302",
                "orden": 4,
                "value": 0.0012381565386956838,
                "ranking": 39
            }
        },
        {
            "type": "Feature",
            "geometry": {
                "type": "Point",
                "coordinates": [
                    -5.166455079,
                    40.74713672
                ]
            },
            "properties": {
                "id": "311",
                "orden": 4,
                "value": 0.0012375376854956944,
                "ranking": 48
            }
        },
        {
            "type": "Feature",
            "geometry": {
                "type": "Point",
                "coordinates": [
                    -5.171063738,
                    40.74273219
                ]
            },
            "properties": {
                "id": "306",
                "orden": 4,
                "value": 0.001237280857876347,
                "ranking": 43
            }
        },
        {
            "type": "Feature",
            "geometry": {
                "type": "Point",
                "coordinates": [
                    -5.143410574,
                    40.74949231
                ]
            },
            "properties": {
                "id": "258",
                "orden": 4,
                "value": 0.0012368034413817275,
                "ranking": 12
            }
        },
        {
            "type": "Feature",
            "geometry": {
                "type": "Point",
                "coordinates": [
                    -5.174116682,
                    40.74023697
                ]
            },
            "properties": {
                "id": "303",
                "orden": 4,
                "value": 0.0012355597994342764,
                "ranking": 40
            }
        },
        {
            "type": "Feature",
            "geometry": {
                "type": "Point",
                "coordinates": [
                    -5.350657758,
                    40.67971256
                ]
            },
            "properties": {
                "id": "357",
                "orden": 4,
                "value": 0.001234958346433048,
                "ranking": 90
            }
        },
        {
            "type": "Feature",
            "geometry": {
                "type": "Point",
                "coordinates": [
                    -5.19197687,
                    40.76547563
                ]
            },
            "properties": {
                "id": "330",
                "orden": 4,
                "value": 0.0012337377118685896,
                "ranking": 66
            }
        },
        {
            "type": "Feature",
            "geometry": {
                "type": "Point",
                "coordinates": [
                    -5.172111581,
                    40.7572955
                ]
            },
            "properties": {
                "id": "307",
                "orden": 4,
                "value": 0.001231994439341136,
                "ranking": 44
            }
        },
        {
            "type": "Feature",
            "geometry": {
                "type": "Point",
                "coordinates": [
                    -5.173695521,
                    40.71344781
                ]
            },
            "properties": {
                "id": "417",
                "orden": 4,
                "value": 0.0012309521256343478,
                "ranking": 150
            }
        },
        {
            "type": "Feature",
            "geometry": {
                "type": "Point",
                "coordinates": [
                    -5.480312396,
                    40.56828945
                ]
            },
            "properties": {
                "id": "862",
                "orden": 4,
                "value": 0.0012307572270384226,
                "ranking": 416
            }
        },
        {
            "type": "Feature",
            "geometry": {
                "type": "Point",
                "coordinates": [
                    -5.145235309,
                    40.73682933
                ]
            },
            "properties": {
                "id": "255",
                "orden": 4,
                "value": 0.0012302063472420994,
                "ranking": 9
            }
        },
        {
            "type": "Feature",
            "geometry": {
                "type": "Point",
                "coordinates": [
                    -5.09556571,
                    40.6946356
                ]
            },
            "properties": {
                "id": "430",
                "orden": 4,
                "value": 0.0012295634242136652,
                "ranking": 163
            }
        },
        {
            "type": "Feature",
            "geometry": {
                "type": "Point",
                "coordinates": [
                    -5.246579204,
                    40.26950936
                ]
            },
            "properties": {
                "id": "924",
                "orden": 4,
                "value": 0.0012292107445023045,
                "ranking": 469
            }
        },
        {
            "type": "Feature",
            "geometry": {
                "type": "Point",
                "coordinates": [
                    -5.150404937,
                    40.74122093
                ]
            },
            "properties": {
                "id": "327",
                "orden": 4,
                "value": 0.0012279404482597248,
                "ranking": 63
            }
        },
        {
            "type": "Feature",
            "geometry": {
                "type": "Point",
                "coordinates": [
                    -5.195703079,
                    40.76946687
                ]
            },
            "properties": {
                "id": "329",
                "orden": 4,
                "value": 0.0012263915758442487,
                "ranking": 65
            }
        },
        {
            "type": "Feature",
            "geometry": {
                "type": "Point",
                "coordinates": [
                    -5.20688146,
                    40.75144146
                ]
            },
            "properties": {
                "id": "333",
                "orden": 4,
                "value": 0.001226368420969886,
                "ranking": 69
            }
        },
        {
            "type": "Feature",
            "geometry": {
                "type": "Point",
                "coordinates": [
                    -5.336861365,
                    40.67842635
                ]
            },
            "properties": {
                "id": "358",
                "orden": 4,
                "value": 0.0012249802808683564,
                "ranking": 91
            }
        },
        {
            "type": "Feature",
            "geometry": {
                "type": "Point",
                "coordinates": [
                    -5.290523386,
                    40.67659024
                ]
            },
            "properties": {
                "id": "359",
                "orden": 4,
                "value": 0.0012237703577979173,
                "ranking": 92
            }
        },
        {
            "type": "Feature",
            "geometry": {
                "type": "Point",
                "coordinates": [
                    -5.19953746,
                    40.68643113
                ]
            },
            "properties": {
                "id": "408",
                "orden": 4,
                "value": 0.0012215883110744373,
                "ranking": 141
            }
        },
        {
            "type": "Feature",
            "geometry": {
                "type": "Point",
                "coordinates": [
                    -5.347412793,
                    40.26672586
                ]
            },
            "properties": {
                "id": "980",
                "orden": 4,
                "value": 0.0012197280563745062,
                "ranking": 499
            }
        },
        {
            "type": "Feature",
            "geometry": {
                "type": "Point",
                "coordinates": [
                    -5.167352549,
                    40.28476504
                ]
            },
            "properties": {
                "id": "918",
                "orden": 4,
                "value": 0.0012194444266427507,
                "ranking": 463
            }
        },
        {
            "type": "Feature",
            "geometry": {
                "type": "Point",
                "coordinates": [
                    -5.428437027,
                    40.58950178
                ]
            },
            "properties": {
                "id": "839",
                "orden": 4,
                "value": 0.001217208491817532,
                "ranking": 393
            }
        },
        {
            "type": "Feature",
            "geometry": {
                "type": "Point",
                "coordinates": [
                    -5.516056589,
                    40.56320695
                ]
            },
            "properties": {
                "id": "865",
                "orden": 4,
                "value": 0.001215114231116304,
                "ranking": 419
            }
        },
        {
            "type": "Feature",
            "geometry": {
                "type": "Point",
                "coordinates": [
                    -5.510789258,
                    40.5622147
                ]
            },
            "properties": {
                "id": "867",
                "orden": 4,
                "value": 0.0012146745986035671,
                "ranking": 421
            }
        },
        {
            "type": "Feature",
            "geometry": {
                "type": "Point",
                "coordinates": [
                    -5.300346642,
                    40.26962414
                ]
            },
            "properties": {
                "id": "920",
                "orden": 4,
                "value": 0.001214043648799847,
                "ranking": 465
            }
        },
        {
            "type": "Feature",
            "geometry": {
                "type": "Point",
                "coordinates": [
                    -5.095778861,
                    40.71720868
                ]
            },
            "properties": {
                "id": "431",
                "orden": 4,
                "value": 0.0012077238854865445,
                "ranking": 164
            }
        },
        {
            "type": "Feature",
            "geometry": {
                "type": "Point",
                "coordinates": [
                    -5.100922232,
                    40.72469859
                ]
            },
            "properties": {
                "id": "429",
                "orden": 4,
                "value": 0.0012054035181060224,
                "ranking": 162
            }
        },
        {
            "type": "Feature",
            "geometry": {
                "type": "Point",
                "coordinates": [
                    -5.453822105,
                    40.57048985
                ]
            },
            "properties": {
                "id": "864",
                "orden": 4,
                "value": 0.0012050827367137817,
                "ranking": 418
            }
        },
        {
            "type": "Feature",
            "geometry": {
                "type": "Point",
                "coordinates": [
                    -5.425989134,
                    40.5802865
                ]
            },
            "properties": {
                "id": "840",
                "orden": 4,
                "value": 0.001205014615625911,
                "ranking": 394
            }
        },
        {
            "type": "Feature",
            "geometry": {
                "type": "Point",
                "coordinates": [
                    -5.509545182,
                    40.57072325
                ]
            },
            "properties": {
                "id": "853",
                "orden": 4,
                "value": 0.0012046271388400304,
                "ranking": 407
            }
        },
        {
            "type": "Feature",
            "geometry": {
                "type": "Point",
                "coordinates": [
                    -5.380638578,
                    40.66747587
                ]
            },
            "properties": {
                "id": "348",
                "orden": 4,
                "value": 0.001204389136103114,
                "ranking": 83
            }
        },
        {
            "type": "Feature",
            "geometry": {
                "type": "Point",
                "coordinates": [
                    -5.276617709,
                    40.2569482
                ]
            },
            "properties": {
                "id": "935",
                "orden": 4,
                "value": 0.0012043586225947576,
                "ranking": 480
            }
        },
        {
            "type": "Feature",
            "geometry": {
                "type": "Point",
                "coordinates": [
                    -5.34149513,
                    40.50396603
                ]
            },
            "properties": {
                "id": "897",
                "orden": 4,
                "value": 0.0012020497197464022,
                "ranking": 447
            }
        },
        {
            "type": "Feature",
            "geometry": {
                "type": "Point",
                "coordinates": [
                    -5.170042392,
                    40.75455894
                ]
            },
            "properties": {
                "id": "308",
                "orden": 4,
                "value": 0.001201873555940314,
                "ranking": 45
            }
        },
        {
            "type": "Feature",
            "geometry": {
                "type": "Point",
                "coordinates": [
                    -5.087350478,
                    40.77000436
                ]
            },
            "properties": {
                "id": "283",
                "orden": 4,
                "value": 0.0012008136334874552,
                "ranking": 37
            }
        },
        {
            "type": "Feature",
            "geometry": {
                "type": "Point",
                "coordinates": [
                    -5.359597687,
                    40.67833897
                ]
            },
            "properties": {
                "id": "347",
                "orden": 4,
                "value": 0.0011987452173852025,
                "ranking": 82
            }
        },
        {
            "type": "Feature",
            "geometry": {
                "type": "Point",
                "coordinates": [
                    -5.196861861,
                    40.74816574
                ]
            },
            "properties": {
                "id": "336",
                "orden": 4,
                "value": 0.0011985552255513647,
                "ranking": 72
            }
        },
        {
            "type": "Feature",
            "geometry": {
                "type": "Point",
                "coordinates": [
                    -5.164887224,
                    40.71481292
                ]
            },
            "properties": {
                "id": "423",
                "orden": 4,
                "value": 0.001197875999713146,
                "ranking": 156
            }
        },
        {
            "type": "Feature",
            "geometry": {
                "type": "Point",
                "coordinates": [
                    -5.433618123,
                    40.56851777
                ]
            },
            "properties": {
                "id": "831",
                "orden": 4,
                "value": 0.001197761863998572,
                "ranking": 387
            }
        },
        {
            "type": "Feature",
            "geometry": {
                "type": "Point",
                "coordinates": [
                    -5.131729382,
                    40.74766663
                ]
            },
            "properties": {
                "id": "263",
                "orden": 4,
                "value": 0.0011972878993450858,
                "ranking": 17
            }
        },
        {
            "type": "Feature",
            "geometry": {
                "type": "Point",
                "coordinates": [
                    -5.172585587,
                    40.71475677
                ]
            },
            "properties": {
                "id": "419",
                "orden": 4,
                "value": 0.0011971878409173836,
                "ranking": 152
            }
        },
        {
            "type": "Feature",
            "geometry": {
                "type": "Point",
                "coordinates": [
                    -5.167147376,
                    40.71467311
                ]
            },
            "properties": {
                "id": "421",
                "orden": 4,
                "value": 0.0011969370893323752,
                "ranking": 154
            }
        },
        {
            "type": "Feature",
            "geometry": {
                "type": "Point",
                "coordinates": [
                    -5.432251182,
                    40.58787163
                ]
            },
            "properties": {
                "id": "834",
                "orden": 4,
                "value": 0.0011950998598972066,
                "ranking": 388
            }
        },
        {
            "type": "Feature",
            "geometry": {
                "type": "Point",
                "coordinates": [
                    -5.465408014,
                    40.57116877
                ]
            },
            "properties": {
                "id": "860",
                "orden": 4,
                "value": 0.0011947567389883954,
                "ranking": 414
            }
        },
        {
            "type": "Feature",
            "geometry": {
                "type": "Point",
                "coordinates": [
                    -5.43498678,
                    40.56886244
                ]
            },
            "properties": {
                "id": "830",
                "orden": 4,
                "value": 0.0011947346492150483,
                "ranking": 386
            }
        },
        {
            "type": "Feature",
            "geometry": {
                "type": "Point",
                "coordinates": [
                    -5.433099505,
                    40.58873764
                ]
            },
            "properties": {
                "id": "985",
                "orden": 4,
                "value": 0.0011943732987453283,
                "ranking": 501
            }
        },
        {
            "type": "Feature",
            "geometry": {
                "type": "Point",
                "coordinates": [
                    -5.430367031,
                    40.58601106
                ]
            },
            "properties": {
                "id": "837",
                "orden": 4,
                "value": 0.0011934383905712808,
                "ranking": 391
            }
        },
        {
            "type": "Feature",
            "geometry": {
                "type": "Point",
                "coordinates": [
                    -5.462440442,
                    40.56404535
                ]
            },
            "properties": {
                "id": "870",
                "orden": 4,
                "value": 0.0011932400130688881,
                "ranking": 424
            }
        },
        {
            "type": "Feature",
            "geometry": {
                "type": "Point",
                "coordinates": [
                    -5.431335282,
                    40.58696208
                ]
            },
            "properties": {
                "id": "835",
                "orden": 4,
                "value": 0.0011926752470525852,
                "ranking": 389
            }
        },
        {
            "type": "Feature",
            "geometry": {
                "type": "Point",
                "coordinates": [
                    -5.349110421,
                    40.49828032
                ]
            },
            "properties": {
                "id": "892",
                "orden": 4,
                "value": 0.0011918538230526264,
                "ranking": 442
            }
        },
        {
            "type": "Feature",
            "geometry": {
                "type": "Point",
                "coordinates": [
                    -5.408649274,
                    40.55474927
                ]
            },
            "properties": {
                "id": "899",
                "orden": 4,
                "value": 0.001190646111642311,
                "ranking": 449
            }
        },
        {
            "type": "Feature",
            "geometry": {
                "type": "Point",
                "coordinates": [
                    -5.431174346,
                    40.5865323
                ]
            },
            "properties": {
                "id": "836",
                "orden": 4,
                "value": 0.001189970201165084,
                "ranking": 390
            }
        },
        {
            "type": "Feature",
            "geometry": {
                "type": "Point",
                "coordinates": [
                    -5.507938696,
                    40.55540884
                ]
            },
            "properties": {
                "id": "871",
                "orden": 4,
                "value": 0.0011892908431151974,
                "ranking": 425
            }
        },
        {
            "type": "Feature",
            "geometry": {
                "type": "Point",
                "coordinates": [
                    -5.211289271,
                    40.76151149
                ]
            },
            "properties": {
                "id": "331",
                "orden": 4,
                "value": 0.0011866773444083895,
                "ranking": 67
            }
        },
        {
            "type": "Feature",
            "geometry": {
                "type": "Point",
                "coordinates": [
                    -5.343786197,
                    40.26762746
                ]
            },
            "properties": {
                "id": "983",
                "orden": 4,
                "value": 0.001184909610313454,
                "ranking": 500
            }
        },
        {
            "type": "Feature",
            "geometry": {
                "type": "Point",
                "coordinates": [
                    -5.348063859,
                    40.49849511
                ]
            },
            "properties": {
                "id": "894",
                "orden": 4,
                "value": 0.001184578143414701,
                "ranking": 444
            }
        },
        {
            "type": "Feature",
            "geometry": {
                "type": "Point",
                "coordinates": [
                    -5.497650615,
                    40.56047814
                ]
            },
            "properties": {
                "id": "868",
                "orden": 4,
                "value": 0.0011827749917206996,
                "ranking": 422
            }
        },
        {
            "type": "Feature",
            "geometry": {
                "type": "Point",
                "coordinates": [
                    -5.314567768,
                    40.68728692
                ]
            },
            "properties": {
                "id": "356",
                "orden": 4,
                "value": 0.001179138253878627,
                "ranking": 89
            }
        },
        {
            "type": "Feature",
            "geometry": {
                "type": "Point",
                "coordinates": [
                    -5.457993862,
                    40.56908166
                ]
            },
            "properties": {
                "id": "866",
                "orden": 4,
                "value": 0.001178676965508531,
                "ranking": 420
            }
        },
        {
            "type": "Feature",
            "geometry": {
                "type": "Point",
                "coordinates": [
                    -5.278199308,
                    40.26607105
                ]
            },
            "properties": {
                "id": "925",
                "orden": 4,
                "value": 0.0011780308505582168,
                "ranking": 470
            }
        },
        {
            "type": "Feature",
            "geometry": {
                "type": "Point",
                "coordinates": [
                    -5.209685184,
                    40.74975406
                ]
            },
            "properties": {
                "id": "334",
                "orden": 4,
                "value": 0.0011774936339650635,
                "ranking": 70
            }
        },
        {
            "type": "Feature",
            "geometry": {
                "type": "Point",
                "coordinates": [
                    -5.33364459,
                    40.49979343
                ]
            },
            "properties": {
                "id": "895",
                "orden": 4,
                "value": 0.0011766387162753405,
                "ranking": 445
            }
        },
        {
            "type": "Feature",
            "geometry": {
                "type": "Point",
                "coordinates": [
                    -5.42765075,
                    40.56768444
                ]
            },
            "properties": {
                "id": "905",
                "orden": 4,
                "value": 0.0011758832400860797,
                "ranking": 454
            }
        },
        {
            "type": "Feature",
            "geometry": {
                "type": "Point",
                "coordinates": [
                    -5.258398721,
                    40.70146039
                ]
            },
            "properties": {
                "id": "338",
                "orden": 4,
                "value": 0.0011755212875300108,
                "ranking": 74
            }
        },
        {
            "type": "Feature",
            "geometry": {
                "type": "Point",
                "coordinates": [
                    -5.239164142,
                    40.69731904
                ]
            },
            "properties": {
                "id": "393",
                "orden": 4,
                "value": 0.0011740700906287536,
                "ranking": 126
            }
        },
        {
            "type": "Feature",
            "geometry": {
                "type": "Point",
                "coordinates": [
                    -5.478271015,
                    40.57024389
                ]
            },
            "properties": {
                "id": "858",
                "orden": 4,
                "value": 0.0011732387922505263,
                "ranking": 412
            }
        },
        {
            "type": "Feature",
            "geometry": {
                "type": "Point",
                "coordinates": [
                    -5.094124095,
                    40.72109606
                ]
            },
            "properties": {
                "id": "432",
                "orden": 4,
                "value": 0.0011722204902323888,
                "ranking": 165
            }
        },
        {
            "type": "Feature",
            "geometry": {
                "type": "Point",
                "coordinates": [
                    -5.259170834,
                    40.71503055
                ]
            },
            "properties": {
                "id": "341",
                "orden": 4,
                "value": 0.001172089408346524,
                "ranking": 77
            }
        },
        {
            "type": "Feature",
            "geometry": {
                "type": "Point",
                "coordinates": [
                    -5.451288262,
                    40.56559589
                ]
            },
            "properties": {
                "id": "869",
                "orden": 4,
                "value": 0.0011685443012264722,
                "ranking": 423
            }
        },
        {
            "type": "Feature",
            "geometry": {
                "type": "Point",
                "coordinates": [
                    -5.470969589,
                    40.57239137
                ]
            },
            "properties": {
                "id": "825",
                "orden": 4,
                "value": 0.0011677703010007242,
                "ranking": 381
            }
        },
        {
            "type": "Feature",
            "geometry": {
                "type": "Point",
                "coordinates": [
                    -5.264384064,
                    40.72331066
                ]
            },
            "properties": {
                "id": "345",
                "orden": 4,
                "value": 0.0011664897791848184,
                "ranking": 81
            }
        },
        {
            "type": "Feature",
            "geometry": {
                "type": "Point",
                "coordinates": [
                    -5.302557947,
                    40.37641753
                ]
            },
            "properties": {
                "id": "909",
                "orden": 4,
                "value": 0.0011658248335034956,
                "ranking": 458
            }
        },
        {
            "type": "Feature",
            "geometry": {
                "type": "Point",
                "coordinates": [
                    -5.454051537,
                    40.57079409
                ]
            },
            "properties": {
                "id": "863",
                "orden": 4,
                "value": 0.001165701911491414,
                "ranking": 417
            }
        },
        {
            "type": "Feature",
            "geometry": {
                "type": "Point",
                "coordinates": [
                    -5.44161027,
                    40.58240151
                ]
            },
            "properties": {
                "id": "829",
                "orden": 4,
                "value": 0.0011651848725411796,
                "ranking": 385
            }
        },
        {
            "type": "Feature",
            "geometry": {
                "type": "Point",
                "coordinates": [
                    -5.277323478,
                    40.25751085
                ]
            },
            "properties": {
                "id": "932",
                "orden": 4,
                "value": 0.0011644876928920277,
                "ranking": 477
            }
        },
        {
            "type": "Feature",
            "geometry": {
                "type": "Point",
                "coordinates": [
                    -5.481904412,
                    40.57936399
                ]
            },
            "properties": {
                "id": "823",
                "orden": 4,
                "value": 0.0011629475199735886,
                "ranking": 379
            }
        },
        {
            "type": "Feature",
            "geometry": {
                "type": "Point",
                "coordinates": [
                    -5.442193177,
                    40.58189964
                ]
            },
            "properties": {
                "id": "828",
                "orden": 4,
                "value": 0.0011628328135401037,
                "ranking": 384
            }
        },
        {
            "type": "Feature",
            "geometry": {
                "type": "Point",
                "coordinates": [
                    -5.358768766,
                    40.49680628
                ]
            },
            "properties": {
                "id": "890",
                "orden": 4,
                "value": 0.0011626798067916465,
                "ranking": 440
            }
        },
        {
            "type": "Feature",
            "geometry": {
                "type": "Point",
                "coordinates": [
                    -5.444471928,
                    40.56552169
                ]
            },
            "properties": {
                "id": "902",
                "orden": 4,
                "value": 0.0011619712882929899,
                "ranking": 452
            }
        },
        {
            "type": "Feature",
            "geometry": {
                "type": "Point",
                "coordinates": [
                    -5.481759314,
                    40.57154951
                ]
            },
            "properties": {
                "id": "822",
                "orden": 4,
                "value": 0.0011596372980670466,
                "ranking": 378
            }
        },
        {
            "type": "Feature",
            "geometry": {
                "type": "Point",
                "coordinates": [
                    -5.331923757,
                    40.26489202
                ]
            },
            "properties": {
                "id": "988",
                "orden": 4,
                "value": 0.001159631101700611,
                "ranking": 502
            }
        },
        {
            "type": "Feature",
            "geometry": {
                "type": "Point",
                "coordinates": [
                    -5.476243406,
                    40.57045241
                ]
            },
            "properties": {
                "id": "859",
                "orden": 4,
                "value": 0.0011559747511892273,
                "ranking": 413
            }
        },
        {
            "type": "Feature",
            "geometry": {
                "type": "Point",
                "coordinates": [
                    -5.257273437,
                    40.69898513
                ]
            },
            "properties": {
                "id": "337",
                "orden": 4,
                "value": 0.0011557238064024522,
                "ranking": 73
            }
        },
        {
            "type": "Feature",
            "geometry": {
                "type": "Point",
                "coordinates": [
                    -5.476806765,
                    40.56905683
                ]
            },
            "properties": {
                "id": "861",
                "orden": 4,
                "value": 0.0011548654766260576,
                "ranking": 415
            }
        },
        {
            "type": "Feature",
            "geometry": {
                "type": "Point",
                "coordinates": [
                    -5.074524198,
                    40.7090848
                ]
            },
            "properties": {
                "id": "435",
                "orden": 4,
                "value": 0.0011542313797948704,
                "ranking": 168
            }
        },
        {
            "type": "Feature",
            "geometry": {
                "type": "Point",
                "coordinates": [
                    -5.368235773,
                    40.49840203
                ]
            },
            "properties": {
                "id": "893",
                "orden": 4,
                "value": 0.001153618422715777,
                "ranking": 443
            }
        },
        {
            "type": "Feature",
            "geometry": {
                "type": "Point",
                "coordinates": [
                    -5.443972774,
                    40.58154591
                ]
            },
            "properties": {
                "id": "827",
                "orden": 4,
                "value": 0.0011527319641381523,
                "ranking": 383
            }
        },
        {
            "type": "Feature",
            "geometry": {
                "type": "Point",
                "coordinates": [
                    -5.478551906,
                    40.57107637
                ]
            },
            "properties": {
                "id": "824",
                "orden": 4,
                "value": 0.0011525065691570112,
                "ranking": 380
            }
        },
        {
            "type": "Feature",
            "geometry": {
                "type": "Point",
                "coordinates": [
                    -5.274487996,
                    40.25744606
                ]
            },
            "properties": {
                "id": "934",
                "orden": 4,
                "value": 0.0011512284612421562,
                "ranking": 479
            }
        },
        {
            "type": "Feature",
            "geometry": {
                "type": "Point",
                "coordinates": [
                    -5.514565864,
                    40.55171903
                ]
            },
            "properties": {
                "id": "873",
                "orden": 4,
                "value": 0.0011495071136163985,
                "ranking": 427
            }
        },
        {
            "type": "Feature",
            "geometry": {
                "type": "Point",
                "coordinates": [
                    -5.250987381,
                    40.72060486
                ]
            },
            "properties": {
                "id": "344",
                "orden": 4,
                "value": 0.0011489986378758594,
                "ranking": 80
            }
        },
        {
            "type": "Feature",
            "geometry": {
                "type": "Point",
                "coordinates": [
                    -5.273873823,
                    40.2578888
                ]
            },
            "properties": {
                "id": "933",
                "orden": 4,
                "value": 0.0011477322447095068,
                "ranking": 478
            }
        },
        {
            "type": "Feature",
            "geometry": {
                "type": "Point",
                "coordinates": [
                    -5.514365334,
                    40.57456146
                ]
            },
            "properties": {
                "id": "852",
                "orden": 4,
                "value": 0.001143518503096875,
                "ranking": 406
            }
        },
        {
            "type": "Feature",
            "geometry": {
                "type": "Point",
                "coordinates": [
                    -5.361927776,
                    40.49143703
                ]
            },
            "properties": {
                "id": "884",
                "orden": 4,
                "value": 0.0011431301046194407,
                "ranking": 434
            }
        },
        {
            "type": "Feature",
            "geometry": {
                "type": "Point",
                "coordinates": [
                    -5.262567923,
                    40.71108621
                ]
            },
            "properties": {
                "id": "340",
                "orden": 4,
                "value": 0.0011407105250681425,
                "ranking": 76
            }
        },
        {
            "type": "Feature",
            "geometry": {
                "type": "Point",
                "coordinates": [
                    -5.468149885,
                    40.57957883
                ]
            },
            "properties": {
                "id": "826",
                "orden": 4,
                "value": 0.001139600609779912,
                "ranking": 382
            }
        },
        {
            "type": "Feature",
            "geometry": {
                "type": "Point",
                "coordinates": [
                    -5.281561252,
                    40.24818421
                ]
            },
            "properties": {
                "id": "940",
                "orden": 4,
                "value": 0.0011363486321879072,
                "ranking": 484
            }
        },
        {
            "type": "Feature",
            "geometry": {
                "type": "Point",
                "coordinates": [
                    -5.28126682,
                    40.24834845
                ]
            },
            "properties": {
                "id": "939",
                "orden": 4,
                "value": 0.0011361981098236761,
                "ranking": 483
            }
        },
        {
            "type": "Feature",
            "geometry": {
                "type": "Point",
                "coordinates": [
                    -5.358920473,
                    40.49421242
                ]
            },
            "properties": {
                "id": "887",
                "orden": 4,
                "value": 0.0011357032697628872,
                "ranking": 437
            }
        },
        {
            "type": "Feature",
            "geometry": {
                "type": "Point",
                "coordinates": [
                    -5.370644602,
                    40.49432324
                ]
            },
            "properties": {
                "id": "888",
                "orden": 4,
                "value": 0.0011349709425070758,
                "ranking": 438
            }
        },
        {
            "type": "Feature",
            "geometry": {
                "type": "Point",
                "coordinates": [
                    -5.362244694,
                    40.49402164
                ]
            },
            "properties": {
                "id": "885",
                "orden": 4,
                "value": 0.0011324232185871072,
                "ranking": 435
            }
        },
        {
            "type": "Feature",
            "geometry": {
                "type": "Point",
                "coordinates": [
                    -5.27522623,
                    40.26134459
                ]
            },
            "properties": {
                "id": "929",
                "orden": 4,
                "value": 0.0011318759508998203,
                "ranking": 474
            }
        },
        {
            "type": "Feature",
            "geometry": {
                "type": "Point",
                "coordinates": [
                    -5.489547307,
                    40.57143966
                ]
            },
            "properties": {
                "id": "856",
                "orden": 4,
                "value": 0.001129926356946963,
                "ranking": 410
            }
        },
        {
            "type": "Feature",
            "geometry": {
                "type": "Point",
                "coordinates": [
                    -5.507135182,
                    40.57874443
                ]
            },
            "properties": {
                "id": "854",
                "orden": 4,
                "value": 0.0011272503992027201,
                "ranking": 408
            }
        },
        {
            "type": "Feature",
            "geometry": {
                "type": "Point",
                "coordinates": [
                    -5.276911914,
                    40.2571499
                ]
            },
            "properties": {
                "id": "1167",
                "orden": 4,
                "value": 0.0011260218322486396,
                "ranking": 523
            }
        },
        {
            "type": "Feature",
            "geometry": {
                "type": "Point",
                "coordinates": [
                    -5.301453259,
                    40.69308821
                ]
            },
            "properties": {
                "id": "355",
                "orden": 4,
                "value": 0.001124754618734784,
                "ranking": 88
            }
        },
        {
            "type": "Feature",
            "geometry": {
                "type": "Point",
                "coordinates": [
                    -5.287545404,
                    40.26635365
                ]
            },
            "properties": {
                "id": "1165",
                "orden": 4,
                "value": 0.001124647469350116,
                "ranking": 522
            }
        },
        {
            "type": "Feature",
            "geometry": {
                "type": "Point",
                "coordinates": [
                    -5.281602352,
                    40.26717282
                ]
            },
            "properties": {
                "id": "923",
                "orden": 4,
                "value": 0.0011243900291379107,
                "ranking": 468
            }
        },
        {
            "type": "Feature",
            "geometry": {
                "type": "Point",
                "coordinates": [
                    -5.27528618,
                    40.27286376
                ]
            },
            "properties": {
                "id": "919",
                "orden": 4,
                "value": 0.0011221334390950645,
                "ranking": 464
            }
        },
        {
            "type": "Feature",
            "geometry": {
                "type": "Point",
                "coordinates": [
                    -5.27847828,
                    40.25205149
                ]
            },
            "properties": {
                "id": "937",
                "orden": 4,
                "value": 0.0011214306783705768,
                "ranking": 482
            }
        },
        {
            "type": "Feature",
            "geometry": {
                "type": "Point",
                "coordinates": [
                    -5.381278301,
                    40.47028407
                ]
            },
            "properties": {
                "id": "880",
                "orden": 4,
                "value": 0.0011201881974032897,
                "ranking": 430
            }
        },
        {
            "type": "Feature",
            "geometry": {
                "type": "Point",
                "coordinates": [
                    -5.515049512,
                    40.57773406
                ]
            },
            "properties": {
                "id": "851",
                "orden": 4,
                "value": 0.001119841934630173,
                "ranking": 405
            }
        },
        {
            "type": "Feature",
            "geometry": {
                "type": "Point",
                "coordinates": [
                    -5.22722224,
                    40.74772318
                ]
            },
            "properties": {
                "id": "335",
                "orden": 4,
                "value": 0.0011180522886809995,
                "ranking": 71
            }
        },
        {
            "type": "Feature",
            "geometry": {
                "type": "Point",
                "coordinates": [
                    -5.321462902,
                    40.69271214
                ]
            },
            "properties": {
                "id": "354",
                "orden": 4,
                "value": 0.0011173505533423496,
                "ranking": 87
            }
        },
        {
            "type": "Feature",
            "geometry": {
                "type": "Point",
                "coordinates": [
                    -5.276898875,
                    40.25862927
                ]
            },
            "properties": {
                "id": "930",
                "orden": 4,
                "value": 0.001117190400556806,
                "ranking": 475
            }
        },
        {
            "type": "Feature",
            "geometry": {
                "type": "Point",
                "coordinates": [
                    -5.488096413,
                    40.58150399
                ]
            },
            "properties": {
                "id": "821",
                "orden": 4,
                "value": 0.0011162362257842859,
                "ranking": 377
            }
        },
        {
            "type": "Feature",
            "geometry": {
                "type": "Point",
                "coordinates": [
                    -5.489960268,
                    40.5798825
                ]
            },
            "properties": {
                "id": "857",
                "orden": 4,
                "value": 0.001112736233068022,
                "ranking": 411
            }
        },
        {
            "type": "Feature",
            "geometry": {
                "type": "Point",
                "coordinates": [
                    -5.268453435,
                    40.71534061
                ]
            },
            "properties": {
                "id": "342",
                "orden": 4,
                "value": 0.0011117920282959384,
                "ranking": 78
            }
        },
        {
            "type": "Feature",
            "geometry": {
                "type": "Point",
                "coordinates": [
                    -5.254227827,
                    40.71788017
                ]
            },
            "properties": {
                "id": "343",
                "orden": 4,
                "value": 0.0011067414059480261,
                "ranking": 79
            }
        },
        {
            "type": "Feature",
            "geometry": {
                "type": "Point",
                "coordinates": [
                    -5.370526491,
                    40.4852297
                ]
            },
            "properties": {
                "id": "882",
                "orden": 4,
                "value": 0.0011015585901755886,
                "ranking": 432
            }
        },
        {
            "type": "Feature",
            "geometry": {
                "type": "Point",
                "coordinates": [
                    -5.370220813,
                    40.48442597
                ]
            },
            "properties": {
                "id": "881",
                "orden": 4,
                "value": 0.0011014571859293367,
                "ranking": 431
            }
        },
        {
            "type": "Feature",
            "geometry": {
                "type": "Point",
                "coordinates": [
                    -5.300406657,
                    40.27180073
                ]
            },
            "properties": {
                "id": "1171",
                "orden": 4,
                "value": 0.0011012216886443441,
                "ranking": 527
            }
        },
        {
            "type": "Feature",
            "geometry": {
                "type": "Point",
                "coordinates": [
                    -5.288340195,
                    40.70264452
                ]
            },
            "properties": {
                "id": "339",
                "orden": 4,
                "value": 0.0010976397877033928,
                "ranking": 75
            }
        },
        {
            "type": "Feature",
            "geometry": {
                "type": "Point",
                "coordinates": [
                    -5.332353108,
                    40.27587679
                ]
            },
            "properties": {
                "id": "989",
                "orden": 4,
                "value": 0.0010967240595728019,
                "ranking": 503
            }
        },
        {
            "type": "Feature",
            "geometry": {
                "type": "Point",
                "coordinates": [
                    -5.494019296,
                    40.58125029
                ]
            },
            "properties": {
                "id": "855",
                "orden": 4,
                "value": 0.0010891792150109793,
                "ranking": 409
            }
        },
        {
            "type": "Feature",
            "geometry": {
                "type": "Point",
                "coordinates": [
                    -5.374941162,
                    40.48606789
                ]
            },
            "properties": {
                "id": "883",
                "orden": 4,
                "value": 0.0010882065855086246,
                "ranking": 433
            }
        },
        {
            "type": "Feature",
            "geometry": {
                "type": "Point",
                "coordinates": [
                    -5.27530601,
                    40.27250482
                ]
            },
            "properties": {
                "id": "921",
                "orden": 4,
                "value": 0.0010834657713325647,
                "ranking": 466
            }
        },
        {
            "type": "Feature",
            "geometry": {
                "type": "Point",
                "coordinates": [
                    -5.274948222,
                    40.26171967
                ]
            },
            "properties": {
                "id": "928",
                "orden": 4,
                "value": 0.0010795761258925005,
                "ranking": 473
            }
        },
        {
            "type": "Feature",
            "geometry": {
                "type": "Point",
                "coordinates": [
                    -5.2707412,
                    40.26283828
                ]
            },
            "properties": {
                "id": "1169",
                "orden": 4,
                "value": 0.0010757176391585723,
                "ranking": 525
            }
        },
        {
            "type": "Feature",
            "geometry": {
                "type": "Point",
                "coordinates": [
                    -5.332400386,
                    40.27578217
                ]
            },
            "properties": {
                "id": "990",
                "orden": 4,
                "value": 0.0010577326257491838,
                "ranking": 504
            }
        },
        {
            "type": "Feature",
            "geometry": {
                "type": "Point",
                "coordinates": [
                    -5.292458784,
                    40.29970368
                ]
            },
            "properties": {
                "id": "1170",
                "orden": 4,
                "value": 0.0010178495799165546,
                "ranking": 526
            }
        }
    ]
}