{
"type": "FeatureCollection",
"name": "cuencas",
"crs": { "type": "name", "properties": { "name": "urn:ogc:def:crs:OGC:1.3:CRS84" } },
"features": [
{ "type": "Feature", "properties": { "fid": 10600, "DN": 38, "cuenca": "Adaja", "path": "Polygon?crs=EPSG:4326&uid={0d011d7e-5860-4a31-85da-1d929719283c}" }, "geometry": { "type": "Polygon", "coordinates": [ [ [ -4.736783231499152, 41.147130127310653 ], [ -4.736783231499152, 41.146360725037319 ], [ -4.738322036045828, 41.146360725037319 ], [ -4.738322036045828, 41.145591322763977 ], [ -4.750632472419229, 41.145591322763977 ], [ -4.750632472419229, 41.144821920490642 ], [ -4.752171276965904, 41.144821920490642 ], [ -4.752171276965904, 41.144052518217308 ], [ -4.754479483785917, 41.144052518217308 ], [ -4.754479483785917, 41.143283115943966 ], [ -4.756018288332593, 41.143283115943966 ], [ -4.756018288332593, 41.142513713670631 ], [ -4.757557092879267, 41.142513713670631 ], [ -4.757557092879267, 41.141744311397289 ], [ -4.759095897425943, 41.141744311397289 ], [ -4.759095897425943, 41.140974909123955 ], [ -4.761404104245956, 41.140974909123955 ], [ -4.761404104245956, 41.14020550685062 ], [ -4.764481713339306, 41.14020550685062 ], [ -4.764481713339306, 41.139436104577278 ], [ -4.76602051788598, 41.139436104577278 ], [ -4.76602051788598, 41.138666702303944 ], [ -4.769867529252669, 41.138666702303944 ], [ -4.769867529252669, 41.139436104577278 ], [ -4.775253345166032, 41.139436104577278 ], [ -4.775253345166032, 41.14020550685062 ], [ -4.778330954259383, 41.14020550685062 ], [ -4.778330954259383, 41.140974909123955 ], [ -4.781408563352732, 41.140974909123955 ], [ -4.781408563352732, 41.14020550685062 ], [ -4.785255574719421, 41.14020550685062 ], [ -4.785255574719421, 41.139436104577278 ], [ -4.786024976992758, 41.139436104577278 ], [ -4.786024976992758, 41.137897300030602 ], [ -4.787563781539434, 41.137897300030602 ], [ -4.787563781539434, 41.136358495483925 ], [ -4.789102586086109, 41.136358495483925 ], [ -4.789102586086109, 41.135589093210591 ], [ -4.789871988359446, 41.135589093210591 ], [ -4.789871988359446, 41.134819690937256 ], [ -4.790641390632784, 41.134819690937256 ], [ -4.790641390632784, 41.134050288663914 ], [ -4.792180195179459, 41.134050288663914 ], [ -4.792180195179459, 41.13328088639058 ], [ -4.792949597452797, 41.13328088639058 ], [ -4.792949597452797, 41.132511484117238 ], [ -4.796027206546147, 41.132511484117238 ], [ -4.796027206546147, 41.131742081843903 ], [ -4.805260033826198, 41.131742081843903 ], [ -4.805260033826198, 41.130972679570569 ], [ -4.806029436099536, 41.130972679570569 ], [ -4.806029436099536, 41.130203277297227 ], [ -4.806798838372874, 41.130203277297227 ], [ -4.806798838372874, 41.129433875023892 ], [ -4.807568240646211, 41.129433875023892 ], [ -4.807568240646211, 41.12866447275055 ], [ -4.809107045192887, 41.12866447275055 ], [ -4.809107045192887, 41.127895070477216 ], [ -4.810645849739561, 41.127895070477216 ], [ -4.810645849739561, 41.126356265930539 ], [ -4.8114152520129, 41.126356265930539 ], [ -4.8114152520129, 41.125586863657205 ], [ -4.809876447466224, 41.125586863657205 ], [ -4.809876447466224, 41.122509254563852 ], [ -4.809107045192887, 41.122509254563852 ], [ -4.809107045192887, 41.120970450017175 ], [ -4.808337642919549, 41.120970450017175 ], [ -4.808337642919549, 41.119431645470499 ], [ -4.807568240646211, 41.119431645470499 ], [ -4.807568240646211, 41.118662243197164 ], [ -4.806798838372874, 41.118662243197164 ], [ -4.806798838372874, 41.11789284092383 ], [ -4.806029436099536, 41.11789284092383 ], [ -4.806029436099536, 41.116354036377153 ], [ -4.804490631552861, 41.116354036377153 ], [ -4.804490631552861, 41.115584634103811 ], [ -4.803721229279523, 41.115584634103811 ], [ -4.803721229279523, 41.114815231830477 ], [ -4.802951827006186, 41.114815231830477 ], [ -4.802951827006186, 41.1132764272838 ], [ -4.802182424732848, 41.1132764272838 ], [ -4.802182424732848, 41.112507025010466 ], [ -4.80141302245951, 41.112507025010466 ], [ -4.80141302245951, 41.110968220463789 ], [ -4.800643620186173, 41.110968220463789 ], [ -4.800643620186173, 41.110198818190447 ], [ -4.799874217912835, 41.110198818190447 ], [ -4.799874217912835, 41.109429415917113 ], [ -4.79833541336616, 41.109429415917113 ], [ -4.79833541336616, 41.107890611370436 ], [ -4.797566011092822, 41.107890611370436 ], [ -4.797566011092822, 41.10635180682376 ], [ -4.796027206546147, 41.10635180682376 ], [ -4.796027206546147, 41.104813002277091 ], [ -4.79525780427281, 41.104813002277091 ], [ -4.79525780427281, 41.103274197730414 ], [ -4.794488401999472, 41.103274197730414 ], [ -4.794488401999472, 41.102504795457072 ], [ -4.792949597452797, 41.102504795457072 ], [ -4.792949597452797, 41.100965990910396 ], [ -4.792180195179459, 41.100965990910396 ], [ -4.792180195179459, 41.099427186363727 ], [ -4.791410792906122, 41.099427186363727 ], [ -4.791410792906122, 41.098657784090385 ], [ -4.790641390632784, 41.098657784090385 ], [ -4.790641390632784, 41.097118979543708 ], [ -4.789871988359446, 41.097118979543708 ], [ -4.789871988359446, 41.095580174997039 ], [ -4.789102586086109, 41.095580174997039 ], [ -4.789102586086109, 41.094810772723697 ], [ -4.787563781539434, 41.094810772723697 ], [ -4.787563781539434, 41.093271968177021 ], [ -4.786794379266096, 41.093271968177021 ], [ -4.786794379266096, 41.091733163630352 ], [ -4.786024976992758, 41.091733163630352 ], [ -4.786024976992758, 41.09096376135701 ], [ -4.785255574719421, 41.09096376135701 ], [ -4.785255574719421, 41.089424956810333 ], [ -4.784486172446083, 41.089424956810333 ], [ -4.784486172446083, 41.087886152263657 ], [ -4.783716770172745, 41.087886152263657 ], [ -4.783716770172745, 41.087116749990322 ], [ -4.782947367899408, 41.087116749990322 ], [ -4.782947367899408, 41.086347347716988 ], [ -4.782177965626071, 41.086347347716988 ], [ -4.782177965626071, 41.085577945443646 ], [ -4.781408563352732, 41.085577945443646 ], [ -4.781408563352732, 41.084039140896969 ], [ -4.780639161079395, 41.084039140896969 ], [ -4.780639161079395, 41.0825003363503 ], [ -4.779869758806058, 41.0825003363503 ], [ -4.779869758806058, 41.079422727256947 ], [ -4.77910035653272, 41.079422727256947 ], [ -4.77910035653272, 41.076345118163594 ], [ -4.778330954259383, 41.076345118163594 ], [ -4.778330954259383, 41.074806313616918 ], [ -4.777561551986045, 41.074806313616918 ], [ -4.777561551986045, 41.074036911343583 ], [ -4.776792149712707, 41.074036911343583 ], [ -4.776792149712707, 41.07095930225023 ], [ -4.77602274743937, 41.07095930225023 ], [ -4.77602274743937, 41.068651095430219 ], [ -4.775253345166032, 41.068651095430219 ], [ -4.775253345166032, 41.066342888610208 ], [ -4.774483942892695, 41.066342888610208 ], [ -4.774483942892695, 41.062495877243521 ], [ -4.772945138346019, 41.062495877243521 ], [ -4.772945138346019, 41.06018767042351 ], [ -4.772175736072682, 41.06018767042351 ], [ -4.772175736072682, 41.057879463603491 ], [ -4.771406333799344, 41.057879463603491 ], [ -4.771406333799344, 41.054801854510146 ], [ -4.770636931526006, 41.054801854510146 ], [ -4.770636931526006, 41.052493647690127 ], [ -4.769867529252669, 41.052493647690127 ], [ -4.769867529252669, 41.049416038596782 ], [ -4.768328724705993, 41.049416038596782 ], [ -4.768328724705993, 41.047107831776771 ], [ -4.767559322432656, 41.047107831776771 ], [ -4.767559322432656, 41.044799624956752 ], [ -4.766789920159319, 41.044799624956752 ], [ -4.766789920159319, 41.041722015863407 ], [ -4.76602051788598, 41.041722015863407 ], [ -4.76602051788598, 41.038644406770054 ], [ -4.766789920159319, 41.038644406770054 ], [ -4.766789920159319, 41.037875004496719 ], [ -4.767559322432656, 41.037875004496719 ], [ -4.767559322432656, 41.037105602223377 ], [ -4.769098126979332, 41.037105602223377 ], [ -4.769098126979332, 41.036336199950043 ], [ -4.769867529252669, 41.036336199950043 ], [ -4.769867529252669, 41.035566797676701 ], [ -4.770636931526006, 41.035566797676701 ], [ -4.770636931526006, 41.034027993130032 ], [ -4.771406333799344, 41.034027993130032 ], [ -4.771406333799344, 41.03325859085669 ], [ -4.772175736072682, 41.03325859085669 ], [ -4.772175736072682, 41.032489188583355 ], [ -4.772945138346019, 41.032489188583355 ], [ -4.772945138346019, 41.031719786310013 ], [ -4.775253345166032, 41.031719786310013 ], [ -4.775253345166032, 41.030950384036679 ], [ -4.77602274743937, 41.030950384036679 ], [ -4.77602274743937, 41.029411579490002 ], [ -4.776792149712707, 41.029411579490002 ], [ -4.776792149712707, 41.028642177216668 ], [ -4.777561551986045, 41.028642177216668 ], [ -4.777561551986045, 41.027872774943326 ], [ -4.778330954259383, 41.027872774943326 ], [ -4.778330954259383, 41.027103372669991 ], [ -4.779869758806058, 41.027103372669991 ], [ -4.779869758806058, 41.026333970396649 ], [ -4.780639161079395, 41.026333970396649 ], [ -4.780639161079395, 41.02479516584998 ], [ -4.781408563352732, 41.02479516584998 ], [ -4.781408563352732, 41.024025763576638 ], [ -4.782177965626071, 41.024025763576638 ], [ -4.782177965626071, 41.023256361303304 ], [ -4.782947367899408, 41.023256361303304 ], [ -4.782947367899408, 41.022486959029962 ], [ -4.786024976992758, 41.022486959029962 ], [ -4.786024976992758, 41.021717556756627 ], [ -4.788333183812771, 41.021717556756627 ], [ -4.788333183812771, 41.020948154483293 ], [ -4.790641390632784, 41.020948154483293 ], [ -4.790641390632784, 41.020178752209951 ], [ -4.793718999726135, 41.020178752209951 ], [ -4.793718999726135, 41.019409349936616 ], [ -4.796796608819485, 41.019409349936616 ], [ -4.796796608819485, 41.018639947663274 ], [ -4.799104815639498, 41.018639947663274 ], [ -4.799104815639498, 41.01787054538994 ], [ -4.802182424732848, 41.01787054538994 ], [ -4.802182424732848, 41.017101143116598 ], [ -4.804490631552861, 41.017101143116598 ], [ -4.804490631552861, 41.016331740843263 ], [ -4.806798838372874, 41.016331740843263 ], [ -4.806798838372874, 41.015562338569929 ], [ -4.809107045192887, 41.015562338569929 ], [ -4.809107045192887, 41.01325413174991 ], [ -4.809876447466224, 41.01325413174991 ], [ -4.809876447466224, 41.011715327203241 ], [ -4.810645849739561, 41.011715327203241 ], [ -4.810645849739561, 41.010176522656565 ], [ -4.8114152520129, 41.010176522656565 ], [ -4.8114152520129, 41.007868315836554 ], [ -4.812184654286237, 41.007868315836554 ], [ -4.812184654286237, 41.006329511289877 ], [ -4.812954056559574, 41.006329511289877 ], [ -4.812954056559574, 41.004021304469859 ], [ -4.813723458832912, 41.004021304469859 ], [ -4.813723458832912, 41.001713097649848 ], [ -4.81449286110625, 41.001713097649848 ], [ -4.81449286110625, 41.000174293103171 ], [ -4.815262263379587, 41.000174293103171 ], [ -4.815262263379587, 40.998635488556502 ], [ -4.816031665652925, 40.998635488556502 ], [ -4.816031665652925, 40.997096684009826 ], [ -4.816801067926263, 40.997096684009826 ], [ -4.816801067926263, 40.994788477189807 ], [ -4.8175704701996, 40.994788477189807 ], [ -4.8175704701996, 40.993249672643138 ], [ -4.818339872472937, 40.993249672643138 ], [ -4.818339872472937, 40.99094146582312 ], [ -4.819109274746275, 40.99094146582312 ], [ -4.819109274746275, 40.989402661276451 ], [ -4.819878677019613, 40.989402661276451 ], [ -4.819878677019613, 40.988633259003109 ], [ -4.821417481566288, 40.988633259003109 ], [ -4.821417481566288, 40.987094454456432 ], [ -4.822186883839626, 40.987094454456432 ], [ -4.822186883839626, 40.986325052183098 ], [ -4.8237256883863, 40.986325052183098 ], [ -4.8237256883863, 40.985555649909763 ], [ -4.824495090659639, 40.985555649909763 ], [ -4.824495090659639, 40.984786247636421 ], [ -4.825264492932976, 40.984786247636421 ], [ -4.825264492932976, 40.984016845363087 ], [ -4.826033895206313, 40.984016845363087 ], [ -4.826033895206313, 40.983247443089745 ], [ -4.827572699752989, 40.983247443089745 ], [ -4.827572699752989, 40.98247804081641 ], [ -4.828342102026326, 40.98247804081641 ], [ -4.828342102026326, 40.981708638543068 ], [ -4.829111504299664, 40.981708638543068 ], [ -4.829111504299664, 40.980939236269734 ], [ -4.829880906573002, 40.980939236269734 ], [ -4.829880906573002, 40.980169833996399 ], [ -4.830650308846339, 40.980169833996399 ], [ -4.830650308846339, 40.979400431723057 ], [ -4.831419711119676, 40.979400431723057 ], [ -4.831419711119676, 40.978631029449723 ], [ -4.833727917939689, 40.978631029449723 ], [ -4.833727917939689, 40.977861627176381 ], [ -4.834497320213027, 40.977861627176381 ], [ -4.834497320213027, 40.977092224903046 ], [ -4.835266722486365, 40.977092224903046 ], [ -4.835266722486365, 40.976322822629712 ], [ -4.836036124759702, 40.976322822629712 ], [ -4.836036124759702, 40.974784018083035 ], [ -4.836805527033039, 40.974784018083035 ], [ -4.836805527033039, 40.974014615809693 ], [ -4.838344331579715, 40.974014615809693 ], [ -4.838344331579715, 40.973245213536359 ], [ -4.839113733853052, 40.973245213536359 ], [ -4.839113733853052, 40.972475811263024 ], [ -4.839883136126391, 40.972475811263024 ], [ -4.839883136126391, 40.971706408989682 ], [ -4.840652538399728, 40.971706408989682 ], [ -4.840652538399728, 40.970937006716348 ], [ -4.842191342946403, 40.970937006716348 ], [ -4.842191342946403, 40.970167604443006 ], [ -4.842960745219741, 40.970167604443006 ], [ -4.842960745219741, 40.969398202169671 ], [ -4.843730147493078, 40.969398202169671 ], [ -4.843730147493078, 40.968628799896329 ], [ -4.845268952039754, 40.968628799896329 ], [ -4.845268952039754, 40.967859397622995 ], [ -4.846038354313091, 40.967859397622995 ], [ -4.846038354313091, 40.96708999534966 ], [ -4.846807756586428, 40.96708999534966 ], [ -4.846807756586428, 40.966320593076318 ], [ -4.847577158859766, 40.966320593076318 ], [ -4.847577158859766, 40.965551190802984 ], [ -4.848346561133104, 40.965551190802984 ], [ -4.848346561133104, 40.964781788529642 ], [ -4.849115963406441, 40.964781788529642 ], [ -4.849115963406441, 40.964012386256307 ], [ -4.849885365679779, 40.964012386256307 ], [ -4.849885365679779, 40.963242983982973 ], [ -4.850654767953117, 40.963242983982973 ], [ -4.850654767953117, 40.962473581709631 ], [ -4.852193572499791, 40.962473581709631 ], [ -4.852193572499791, 40.961704179436296 ], [ -4.85296297477313, 40.961704179436296 ], [ -4.85296297477313, 40.960934777162954 ], [ -4.853732377046467, 40.960934777162954 ], [ -4.853732377046467, 40.96016537488962 ], [ -4.854501779319804, 40.96016537488962 ], [ -4.854501779319804, 40.959395972616278 ], [ -4.855271181593142, 40.959395972616278 ], [ -4.855271181593142, 40.958626570342943 ], [ -4.856809986139817, 40.958626570342943 ], [ -4.856809986139817, 40.957857168069609 ], [ -4.857579388413155, 40.957857168069609 ], [ -4.857579388413155, 40.957087765796267 ], [ -4.858348790686493, 40.957087765796267 ], [ -4.858348790686493, 40.956318363522932 ], [ -4.85911819295983, 40.956318363522932 ], [ -4.85911819295983, 40.95554896124959 ], [ -4.859887595233168, 40.95554896124959 ], [ -4.859887595233168, 40.954779558976256 ], [ -4.861426399779843, 40.954779558976256 ], [ -4.861426399779843, 40.954010156702921 ], [ -4.862965204326518, 40.954010156702921 ], [ -4.862965204326518, 40.953240754429579 ], [ -4.863734606599856, 40.953240754429579 ], [ -4.863734606599856, 40.952471352156245 ], [ -4.864504008873193, 40.952471352156245 ], [ -4.864504008873193, 40.950932547609568 ], [ -4.865273411146531, 40.950932547609568 ], [ -4.865273411146531, 40.950163145336234 ], [ -4.866042813419869, 40.950163145336234 ], [ -4.866042813419869, 40.949393743062892 ], [ -4.867581617966544, 40.949393743062892 ], [ -4.867581617966544, 40.948624340789557 ], [ -4.868351020239881, 40.948624340789557 ], [ -4.868351020239881, 40.947854938516215 ], [ -4.869120422513219, 40.947854938516215 ], [ -4.869120422513219, 40.947085536242881 ], [ -4.870659227059894, 40.947085536242881 ], [ -4.870659227059894, 40.946316133969539 ], [ -4.871428629333232, 40.946316133969539 ], [ -4.871428629333232, 40.945546731696204 ], [ -4.872198031606569, 40.945546731696204 ], [ -4.872198031606569, 40.94477732942287 ], [ -4.872967433879907, 40.94477732942287 ], [ -4.872967433879907, 40.944007927149528 ], [ -4.874506238426582, 40.944007927149528 ], [ -4.874506238426582, 40.943238524876193 ], [ -4.87527564069992, 40.943238524876193 ], [ -4.87527564069992, 40.942469122602851 ], [ -4.876045042973257, 40.942469122602851 ], [ -4.876045042973257, 40.941699720329517 ], [ -4.876814445246595, 40.941699720329517 ], [ -4.876814445246595, 40.940930318056182 ], [ -4.877583847519933, 40.940930318056182 ], [ -4.877583847519933, 40.94016091578284 ], [ -4.87835324979327, 40.94016091578284 ], [ -4.87835324979327, 40.939391513509506 ], [ -4.879122652066608, 40.939391513509506 ], [ -4.879122652066608, 40.938622111236164 ], [ -4.880661456613283, 40.938622111236164 ], [ -4.880661456613283, 40.937852708962829 ], [ -4.88143085888662, 40.937852708962829 ], [ -4.88143085888662, 40.937083306689495 ], [ -4.882200261159958, 40.937083306689495 ], [ -4.882200261159958, 40.936313904416153 ], [ -4.882969663433296, 40.936313904416153 ], [ -4.882969663433296, 40.935544502142818 ], [ -4.883739065706633, 40.935544502142818 ], [ -4.883739065706633, 40.934775099869476 ], [ -4.884508467979971, 40.934775099869476 ], [ -4.884508467979971, 40.934005697596142 ], [ -4.885277870253309, 40.934005697596142 ], [ -4.885277870253309, 40.925542272589425 ], [ -4.886047272526646, 40.925542272589425 ], [ -4.886047272526646, 40.916309445309373 ], [ -4.886816674799983, 40.916309445309373 ], [ -4.886816674799983, 40.911693031669351 ], [ -4.886047272526646, 40.911693031669351 ], [ -4.886047272526646, 40.906307215755987 ], [ -4.886816674799983, 40.906307215755987 ], [ -4.886816674799983, 40.896304986202601 ], [ -4.887586077073321, 40.896304986202601 ], [ -4.887586077073321, 40.88707215892255 ], [ -4.888355479346659, 40.88707215892255 ], [ -4.888355479346659, 40.884763952102531 ], [ -4.889124881619996, 40.884763952102531 ], [ -4.889124881619996, 40.883994549829197 ], [ -4.889894283893334, 40.883994549829197 ], [ -4.889894283893334, 40.883225147555862 ], [ -4.890663686166672, 40.883225147555862 ], [ -4.890663686166672, 40.88245574528252 ], [ -4.892202490713347, 40.88245574528252 ], [ -4.892202490713347, 40.881686343009186 ], [ -4.893741295260022, 40.881686343009186 ], [ -4.893741295260022, 40.880916940735844 ], [ -4.895280099806698, 40.880916940735844 ], [ -4.895280099806698, 40.880147538462509 ], [ -4.896049502080035, 40.880147538462509 ], [ -4.896049502080035, 40.879378136189175 ], [ -4.896818904353372, 40.879378136189175 ], [ -4.896818904353372, 40.878608733915833 ], [ -4.897588306626711, 40.878608733915833 ], [ -4.897588306626711, 40.877839331642498 ], [ -4.898357708900048, 40.877839331642498 ], [ -4.898357708900048, 40.877069929369156 ], [ -4.900665915720061, 40.877069929369156 ], [ -4.900665915720061, 40.876300527095822 ], [ -4.901435317993398, 40.876300527095822 ], [ -4.901435317993398, 40.87553112482248 ], [ -4.902204720266735, 40.87553112482248 ], [ -4.902204720266735, 40.874761722549145 ], [ -4.902974122540074, 40.874761722549145 ], [ -4.902974122540074, 40.873992320275811 ], [ -4.904512927086748, 40.873992320275811 ], [ -4.904512927086748, 40.873222918002469 ], [ -4.906051731633424, 40.873222918002469 ], [ -4.906051731633424, 40.872453515729134 ], [ -4.906821133906761, 40.872453515729134 ], [ -4.906821133906761, 40.871684113455792 ], [ -4.908359938453437, 40.871684113455792 ], [ -4.908359938453437, 40.870914711182458 ], [ -4.909129340726774, 40.870914711182458 ], [ -4.909129340726774, 40.870145308909123 ], [ -4.909898743000111, 40.870145308909123 ], [ -4.909898743000111, 40.869375906635781 ], [ -4.911437547546787, 40.869375906635781 ], [ -4.911437547546787, 40.868606504362447 ], [ -4.912976352093462, 40.868606504362447 ], [ -4.912976352093462, 40.867837102089105 ], [ -4.9137457543668, 40.867837102089105 ], [ -4.9137457543668, 40.86706769981577 ], [ -4.915284558913474, 40.86706769981577 ], [ -4.915284558913474, 40.866298297542436 ], [ -4.91682336346015, 40.866298297542436 ], [ -4.91682336346015, 40.865528895269094 ], [ -4.917592765733487, 40.865528895269094 ], [ -4.917592765733487, 40.864759492995759 ], [ -4.919131570280163, 40.864759492995759 ], [ -4.919131570280163, 40.863990090722417 ], [ -4.920670374826837, 40.863990090722417 ], [ -4.920670374826837, 40.863220688449083 ], [ -4.923747983920189, 40.863220688449083 ], [ -4.923747983920189, 40.862451286175741 ], [ -4.925286788466863, 40.862451286175741 ], [ -4.925286788466863, 40.861681883902406 ], [ -4.926825593013539, 40.861681883902406 ], [ -4.926825593013539, 40.860912481629072 ], [ -4.931442006653564, 40.860912481629072 ], [ -4.931442006653564, 40.86014307935573 ], [ -4.933750213473577, 40.86014307935573 ], [ -4.933750213473577, 40.859373677082395 ], [ -4.935289018020252, 40.859373677082395 ], [ -4.935289018020252, 40.858604274809053 ], [ -4.936827822566928, 40.858604274809053 ], [ -4.936827822566928, 40.857834872535719 ], [ -4.93913602938694, 40.857834872535719 ], [ -4.93913602938694, 40.854757263442366 ], [ -4.937597224840265, 40.854757263442366 ], [ -4.937597224840265, 40.843985631615645 ], [ -4.936827822566928, 40.843985631615645 ], [ -4.936827822566928, 40.833983402062252 ], [ -4.935289018020252, 40.833983402062252 ], [ -4.935289018020252, 40.830905792968906 ], [ -4.93605842029359, 40.830905792968906 ], [ -4.93605842029359, 40.826289379328877 ], [ -4.936827822566928, 40.826289379328877 ], [ -4.936827822566928, 40.821672965688855 ], [ -4.937597224840265, 40.821672965688855 ], [ -4.937597224840265, 40.817056552048825 ], [ -4.938366627113602, 40.817056552048825 ], [ -4.938366627113602, 40.813209540682138 ], [ -4.93913602938694, 40.813209540682138 ], [ -4.93913602938694, 40.808593127042116 ], [ -4.939905431660278, 40.808593127042116 ], [ -4.939905431660278, 40.803976713402086 ], [ -4.940674833933615, 40.803976713402086 ], [ -4.940674833933615, 40.80243790885541 ], [ -4.942213638480291, 40.80243790885541 ], [ -4.942213638480291, 40.801668506582075 ], [ -4.942983040753628, 40.801668506582075 ], [ -4.942983040753628, 40.800899104308733 ], [ -4.943752443026966, 40.800899104308733 ], [ -4.943752443026966, 40.800129702035399 ], [ -4.945291247573641, 40.800129702035399 ], [ -4.945291247573641, 40.799360299762064 ], [ -4.946830052120316, 40.799360299762064 ], [ -4.946830052120316, 40.798590897488722 ], [ -4.948368856666992, 40.798590897488722 ], [ -4.948368856666992, 40.797821495215388 ], [ -4.949138258940329, 40.797821495215388 ], [ -4.949138258940329, 40.797052092942046 ], [ -4.949907661213667, 40.797052092942046 ], [ -4.949907661213667, 40.796282690668711 ], [ -4.951446465760342, 40.796282690668711 ], [ -4.951446465760342, 40.795513288395377 ], [ -4.952215868033679, 40.795513288395377 ], [ -4.952215868033679, 40.794743886122035 ], [ -4.952985270307017, 40.794743886122035 ], [ -4.952985270307017, 40.7939744838487 ], [ -4.956062879400367, 40.7939744838487 ], [ -4.956062879400367, 40.793205081575358 ], [ -4.956832281673705, 40.793205081575358 ], [ -4.956832281673705, 40.792435679302024 ], [ -4.957601683947042, 40.792435679302024 ], [ -4.957601683947042, 40.791666277028682 ], [ -4.95837108622038, 40.791666277028682 ], [ -4.95837108622038, 40.790896874755347 ], [ -4.959909890767055, 40.790896874755347 ], [ -4.959909890767055, 40.790127472482013 ], [ -4.960679293040393, 40.790127472482013 ], [ -4.960679293040393, 40.789358070208671 ], [ -4.961448695313731, 40.789358070208671 ], [ -4.961448695313731, 40.788588667935336 ], [ -4.962218097587068, 40.788588667935336 ], [ -4.962218097587068, 40.787819265661994 ], [ -4.963756902133744, 40.787819265661994 ], [ -4.963756902133744, 40.78704986338866 ], [ -4.964526304407081, 40.78704986338866 ], [ -4.964526304407081, 40.785511058841983 ], [ -4.965295706680418, 40.785511058841983 ], [ -4.965295706680418, 40.783972254295307 ], [ -4.966065108953757, 40.783972254295307 ], [ -4.966065108953757, 40.783202852021972 ], [ -4.966834511227094, 40.783202852021972 ], [ -4.966834511227094, 40.781664047475296 ], [ -4.967603913500431, 40.781664047475296 ], [ -4.967603913500431, 40.780894645201961 ], [ -4.968373315773769, 40.780894645201961 ], [ -4.968373315773769, 40.779355840655285 ], [ -4.969142718047107, 40.779355840655285 ], [ -4.969142718047107, 40.778586438381943 ], [ -4.969912120320444, 40.778586438381943 ], [ -4.969912120320444, 40.777047633835274 ], [ -4.970681522593781, 40.777047633835274 ], [ -4.970681522593781, 40.776278231561932 ], [ -4.97145092486712, 40.776278231561932 ], [ -4.97145092486712, 40.775508829288597 ], [ -4.972989729413794, 40.775508829288597 ], [ -4.972989729413794, 40.774739427015255 ], [ -4.982222556693846, 40.774739427015255 ], [ -4.982222556693846, 40.773970024741921 ], [ -4.990685981700559, 40.773970024741921 ], [ -4.990685981700559, 40.773200622468586 ], [ -4.998380004433935, 40.773200622468586 ], [ -4.998380004433935, 40.773970024741921 ], [ -5.000688211253948, 40.773970024741921 ], [ -5.000688211253948, 40.774739427015255 ], [ -5.004535222620636, 40.774739427015255 ], [ -5.004535222620636, 40.775508829288597 ], [ -5.009921038533999, 40.775508829288597 ], [ -5.009921038533999, 40.776278231561932 ], [ -5.011459843080674, 40.776278231561932 ], [ -5.011459843080674, 40.775508829288597 ], [ -5.013768049900687, 40.775508829288597 ], [ -5.013768049900687, 40.774739427015255 ], [ -5.0160762567207, 40.774739427015255 ], [ -5.0160762567207, 40.773970024741921 ], [ -5.019923268087388, 40.773970024741921 ], [ -5.019923268087388, 40.773200622468586 ], [ -5.022231474907401, 40.773200622468586 ], [ -5.022231474907401, 40.772431220195244 ], [ -5.023770279454076, 40.772431220195244 ], [ -5.023770279454076, 40.77166181792191 ], [ -5.026078486274089, 40.77166181792191 ], [ -5.026078486274089, 40.770892415648568 ], [ -5.028386693094101, 40.770892415648568 ], [ -5.028386693094101, 40.770123013375233 ], [ -5.030694899914114, 40.770123013375233 ], [ -5.030694899914114, 40.769353611101891 ], [ -5.03223370446079, 40.769353611101891 ], [ -5.03223370446079, 40.768584208828557 ], [ -5.034541911280803, 40.768584208828557 ], [ -5.034541911280803, 40.767814806555222 ], [ -5.039158324920828, 40.767814806555222 ], [ -5.039158324920828, 40.76704540428188 ], [ -5.040697129467503, 40.76704540428188 ], [ -5.040697129467503, 40.757043174728494 ], [ -5.04146653174084, 40.757043174728494 ], [ -5.04146653174084, 40.755504370181818 ], [ -5.042235934014178, 40.755504370181818 ], [ -5.042235934014178, 40.754734967908483 ], [ -5.043005336287516, 40.754734967908483 ], [ -5.043005336287516, 40.753965565635141 ], [ -5.043774738560853, 40.753965565635141 ], [ -5.043774738560853, 40.750887956541796 ], [ -5.044544140834191, 40.750887956541796 ], [ -5.044544140834191, 40.747810347448443 ], [ -5.045313543107529, 40.747810347448443 ], [ -5.045313543107529, 40.745502140628432 ], [ -5.046082945380866, 40.745502140628432 ], [ -5.046082945380866, 40.741655129261744 ], [ -5.045313543107529, 40.741655129261744 ], [ -5.045313543107529, 40.740885726988402 ], [ -5.044544140834191, 40.740885726988402 ], [ -5.044544140834191, 40.740116324715068 ], [ -5.043774738560853, 40.740116324715068 ], [ -5.043774738560853, 40.738577520168391 ], [ -5.042235934014178, 40.738577520168391 ], [ -5.042235934014178, 40.737808117895057 ], [ -5.04146653174084, 40.737808117895057 ], [ -5.04146653174084, 40.737038715621715 ], [ -5.040697129467503, 40.737038715621715 ], [ -5.040697129467503, 40.735499911075038 ], [ -5.039927727194166, 40.735499911075038 ], [ -5.039927727194166, 40.734730508801704 ], [ -5.039158324920828, 40.734730508801704 ], [ -5.039158324920828, 40.733191704255027 ], [ -5.037619520374153, 40.733191704255027 ], [ -5.037619520374153, 40.731652899708351 ], [ -5.036080715827477, 40.731652899708351 ], [ -5.036080715827477, 40.730114095161674 ], [ -5.03531131355414, 40.730114095161674 ], [ -5.03531131355414, 40.72934469288834 ], [ -5.034541911280803, 40.72934469288834 ], [ -5.034541911280803, 40.728575290615005 ], [ -5.033772509007465, 40.728575290615005 ], [ -5.033772509007465, 40.727036486068329 ], [ -5.033003106734127, 40.727036486068329 ], [ -5.033003106734127, 40.726267083794987 ], [ -5.03223370446079, 40.726267083794987 ], [ -5.03223370446079, 40.725497681521652 ], [ -5.031464302187452, 40.725497681521652 ], [ -5.031464302187452, 40.724728279248318 ], [ -5.029925497640777, 40.724728279248318 ], [ -5.029925497640777, 40.723189474701641 ], [ -5.029156095367439, 40.723189474701641 ], [ -5.029156095367439, 40.721650670154965 ], [ -5.027617290820764, 40.721650670154965 ], [ -5.027617290820764, 40.720111865608288 ], [ -5.026847888547426, 40.720111865608288 ], [ -5.026847888547426, 40.719342463334954 ], [ -5.026078486274089, 40.719342463334954 ], [ -5.026078486274089, 40.717803658788277 ], [ -5.022231474907401, 40.717803658788277 ], [ -5.022231474907401, 40.717034256514935 ], [ -5.020692670360726, 40.717034256514935 ], [ -5.020692670360726, 40.716264854241601 ], [ -5.019923268087388, 40.716264854241601 ], [ -5.019923268087388, 40.715495451968266 ], [ -5.017615061267375, 40.715495451968266 ], [ -5.017615061267375, 40.714726049694924 ], [ -5.014537452174025, 40.714726049694924 ], [ -5.014537452174025, 40.71395664742159 ], [ -5.013768049900687, 40.71395664742159 ], [ -5.013768049900687, 40.713187245148248 ], [ -5.012229245354012, 40.713187245148248 ], [ -5.012229245354012, 40.712417842874913 ], [ -5.009921038533999, 40.712417842874913 ], [ -5.009921038533999, 40.711648440601579 ], [ -5.009151636260661, 40.711648440601579 ], [ -5.009151636260661, 40.710879038328237 ], [ -5.006074027167311, 40.710879038328237 ], [ -5.006074027167311, 40.710109636054902 ], [ -5.003765820347298, 40.710109636054902 ], [ -5.003765820347298, 40.70934023378156 ], [ -5.002996418073961, 40.70934023378156 ], [ -5.002996418073961, 40.708570831508226 ], [ -5.001457613527285, 40.708570831508226 ], [ -5.001457613527285, 40.707801429234884 ], [ -4.999149406707273, 40.707801429234884 ], [ -4.999149406707273, 40.707032026961549 ], [ -4.99684119988726, 40.707032026961549 ], [ -4.99684119988726, 40.706262624688215 ], [ -4.995302395340585, 40.706262624688215 ], [ -4.995302395340585, 40.705493222414873 ], [ -4.993763590793909, 40.705493222414873 ], [ -4.993763590793909, 40.704723820141538 ], [ -4.992224786247235, 40.704723820141538 ], [ -4.992224786247235, 40.703954417868196 ], [ -4.988377774880546, 40.703954417868196 ], [ -4.988377774880546, 40.703185015594862 ], [ -4.986838970333872, 40.703185015594862 ], [ -4.986838970333872, 40.702415613321527 ], [ -4.986069568060533, 40.702415613321527 ], [ -4.986069568060533, 40.701646211048185 ], [ -4.983761361240521, 40.701646211048185 ], [ -4.983761361240521, 40.700876808774851 ], [ -4.98068375214717, 40.700876808774851 ], [ -4.98068375214717, 40.700107406501509 ], [ -4.979144947600496, 40.700107406501509 ], [ -4.979144947600496, 40.699338004228174 ], [ -4.976836740780483, 40.699338004228174 ], [ -4.976836740780483, 40.698568601954833 ], [ -4.975297936233807, 40.698568601954833 ], [ -4.975297936233807, 40.697799199681498 ], [ -4.972220327140457, 40.697799199681498 ], [ -4.972220327140457, 40.697029797408163 ], [ -4.97145092486712, 40.697029797408163 ], [ -4.97145092486712, 40.696260395134821 ], [ -4.969142718047107, 40.696260395134821 ], [ -4.969142718047107, 40.695490992861487 ], [ -4.967603913500431, 40.695490992861487 ], [ -4.967603913500431, 40.694721590588145 ], [ -4.966065108953757, 40.694721590588145 ], [ -4.966065108953757, 40.69395218831481 ], [ -4.962218097587068, 40.69395218831481 ], [ -4.962218097587068, 40.693182786041476 ], [ -4.960679293040393, 40.693182786041476 ], [ -4.960679293040393, 40.692413383768134 ], [ -4.959140488493718, 40.692413383768134 ], [ -4.959140488493718, 40.691643981494799 ], [ -4.95837108622038, 40.691643981494799 ], [ -4.95837108622038, 40.690874579221457 ], [ -4.954524074853692, 40.690874579221457 ], [ -4.954524074853692, 40.690105176948123 ], [ -4.952985270307017, 40.690105176948123 ], [ -4.952985270307017, 40.689335774674788 ], [ -4.951446465760342, 40.689335774674788 ], [ -4.951446465760342, 40.688566372401446 ], [ -4.949138258940329, 40.688566372401446 ], [ -4.949138258940329, 40.687796970128112 ], [ -4.93913602938694, 40.687796970128112 ], [ -4.93913602938694, 40.68702756785477 ], [ -4.926056190740201, 40.68702756785477 ], [ -4.926056190740201, 40.665484304201321 ], [ -4.925286788466863, 40.665484304201321 ], [ -4.925286788466863, 40.660867890561292 ], [ -4.938366627113602, 40.660867890561292 ], [ -4.938366627113602, 40.660098488287957 ], [ -4.939905431660278, 40.660098488287957 ], [ -4.939905431660278, 40.659329086014615 ], [ -4.942983040753628, 40.659329086014615 ], [ -4.942983040753628, 40.658559683741281 ], [ -4.945291247573641, 40.658559683741281 ], [ -4.945291247573641, 40.657790281467946 ], [ -4.947599454393654, 40.657790281467946 ], [ -4.947599454393654, 40.657020879194604 ], [ -4.952215868033679, 40.657020879194604 ], [ -4.952215868033679, 40.65625147692127 ], [ -4.953754672580355, 40.65625147692127 ], [ -4.953754672580355, 40.655482074647928 ], [ -4.956062879400367, 40.655482074647928 ], [ -4.956062879400367, 40.654712672374593 ], [ -4.957601683947042, 40.654712672374593 ], [ -4.957601683947042, 40.653943270101259 ], [ -4.960679293040393, 40.653943270101259 ], [ -4.960679293040393, 40.653173867827917 ], [ -4.962987499860406, 40.653173867827917 ], [ -4.962987499860406, 40.652404465554582 ], [ -4.964526304407081, 40.652404465554582 ], [ -4.964526304407081, 40.65163506328124 ], [ -4.967603913500431, 40.65163506328124 ], [ -4.967603913500431, 40.650865661007906 ], [ -4.97145092486712, 40.650865661007906 ], [ -4.97145092486712, 40.650096258734564 ], [ -4.973759131687132, 40.650096258734564 ], [ -4.973759131687132, 40.649326856461229 ], [ -4.976836740780483, 40.649326856461229 ], [ -4.976836740780483, 40.648557454187895 ], [ -4.978375545327157, 40.648557454187895 ], [ -4.978375545327157, 40.647788051914553 ], [ -4.98068375214717, 40.647788051914553 ], [ -4.98068375214717, 40.647018649641218 ], [ -4.983761361240521, 40.647018649641218 ], [ -4.983761361240521, 40.646249247367876 ], [ -4.985300165787196, 40.646249247367876 ], [ -4.985300165787196, 40.645479845094542 ], [ -4.987608372607209, 40.645479845094542 ], [ -4.987608372607209, 40.644710442821207 ], [ -4.989916579427222, 40.644710442821207 ], [ -4.989916579427222, 40.643941040547865 ], [ -4.994532993067248, 40.643941040547865 ], [ -4.994532993067248, 40.643171638274531 ], [ -4.996071797613922, 40.643171638274531 ], [ -4.996071797613922, 40.642402236001189 ], [ -4.998380004433935, 40.642402236001189 ], [ -4.998380004433935, 40.641632833727854 ], [ -5.000688211253948, 40.641632833727854 ], [ -5.000688211253948, 40.64086343145452 ], [ -5.002227015800623, 40.64086343145452 ], [ -5.002227015800623, 40.640094029181178 ], [ -5.002996418073961, 40.640094029181178 ], [ -5.002996418073961, 40.639324626907843 ], [ -5.003765820347298, 40.639324626907843 ], [ -5.003765820347298, 40.638555224634501 ], [ -5.006074027167311, 40.638555224634501 ], [ -5.006074027167311, 40.637785822361167 ], [ -5.006843429440648, 40.637785822361167 ], [ -5.006843429440648, 40.637016420087825 ], [ -5.009151636260661, 40.637016420087825 ], [ -5.009151636260661, 40.63624701781449 ], [ -5.009921038533999, 40.63624701781449 ], [ -5.009921038533999, 40.635477615541156 ], [ -5.010690440807337, 40.635477615541156 ], [ -5.010690440807337, 40.634708213267814 ], [ -5.012229245354012, 40.634708213267814 ], [ -5.012229245354012, 40.633938810994479 ], [ -5.01299864762735, 40.633938810994479 ], [ -5.01299864762735, 40.633169408721137 ], [ -5.015306854447362, 40.633169408721137 ], [ -5.015306854447362, 40.632400006447803 ], [ -5.0160762567207, 40.632400006447803 ], [ -5.0160762567207, 40.631630604174468 ], [ -5.018384463540713, 40.631630604174468 ], [ -5.018384463540713, 40.630861201901126 ], [ -5.01915386581405, 40.630861201901126 ], [ -5.01915386581405, 40.630091799627792 ], [ -5.019923268087388, 40.630091799627792 ], [ -5.019923268087388, 40.62932239735445 ], [ -5.021462072634063, 40.62932239735445 ], [ -5.021462072634063, 40.628552995081115 ], [ -5.022231474907401, 40.628552995081115 ], [ -5.022231474907401, 40.627783592807781 ], [ -5.024539681727413, 40.627783592807781 ], [ -5.024539681727413, 40.627014190534439 ], [ -5.026847888547426, 40.627014190534439 ], [ -5.026847888547426, 40.626244788261104 ], [ -5.027617290820764, 40.626244788261104 ], [ -5.027617290820764, 40.625475385987762 ], [ -5.029156095367439, 40.625475385987762 ], [ -5.029156095367439, 40.624705983714428 ], [ -5.029925497640777, 40.624705983714428 ], [ -5.029925497640777, 40.623936581441086 ], [ -5.031464302187452, 40.623936581441086 ], [ -5.031464302187452, 40.623167179167751 ], [ -5.03223370446079, 40.623167179167751 ], [ -5.03223370446079, 40.622397776894417 ], [ -5.03531131355414, 40.622397776894417 ], [ -5.03531131355414, 40.621628374621075 ], [ -5.036850118100815, 40.621628374621075 ], [ -5.036850118100815, 40.62085897234774 ], [ -5.03838892264749, 40.62085897234774 ], [ -5.03838892264749, 40.620089570074398 ], [ -5.039158324920828, 40.620089570074398 ], [ -5.039158324920828, 40.619320167801064 ], [ -5.040697129467503, 40.619320167801064 ], [ -5.040697129467503, 40.618550765527729 ], [ -5.042235934014178, 40.618550765527729 ], [ -5.042235934014178, 40.617781363254387 ], [ -5.045313543107529, 40.617781363254387 ], [ -5.045313543107529, 40.617011960981053 ], [ -5.047621749927542, 40.617011960981053 ], [ -5.047621749927542, 40.616242558707711 ], [ -5.054546370387579, 40.616242558707711 ], [ -5.054546370387579, 40.615473156434376 ], [ -5.056085174934255, 40.615473156434376 ], [ -5.056085174934255, 40.614703754161042 ], [ -5.057623979480931, 40.614703754161042 ], [ -5.057623979480931, 40.6139343518877 ], [ -5.059932186300943, 40.6139343518877 ], [ -5.059932186300943, 40.613164949614365 ], [ -5.061470990847618, 40.613164949614365 ], [ -5.061470990847618, 40.612395547341023 ], [ -5.063009795394294, 40.612395547341023 ], [ -5.063009795394294, 40.611626145067689 ], [ -5.064548599940968, 40.611626145067689 ], [ -5.064548599940968, 40.610856742794347 ], [ -5.066087404487644, 40.610856742794347 ], [ -5.066087404487644, 40.610087340521012 ], [ -5.069934415854332, 40.610087340521012 ], [ -5.069934415854332, 40.609317938247678 ], [ -5.07070381812767, 40.609317938247678 ], [ -5.07070381812767, 40.608548535974336 ], [ -5.072242622674344, 40.608548535974336 ], [ -5.072242622674344, 40.607779133701001 ], [ -5.07378142722102, 40.607779133701001 ], [ -5.07378142722102, 40.607009731427659 ], [ -5.075320231767695, 40.607009731427659 ], [ -5.075320231767695, 40.606240329154325 ], [ -5.07685903631437, 40.606240329154325 ], [ -5.07685903631437, 40.60547092688099 ], [ -5.078397840861046, 40.60547092688099 ], [ -5.078397840861046, 40.604701524607648 ], [ -5.080706047681058, 40.604701524607648 ], [ -5.080706047681058, 40.603932122334314 ], [ -5.082244852227733, 40.603932122334314 ], [ -5.082244852227733, 40.603162720060972 ], [ -5.083783656774409, 40.603162720060972 ], [ -5.083783656774409, 40.602393317787637 ], [ -5.085322461321084, 40.602393317787637 ], [ -5.085322461321084, 40.601623915514296 ], [ -5.086861265867759, 40.601623915514296 ], [ -5.086861265867759, 40.600854513240961 ], [ -5.087630668141096, 40.600854513240961 ], [ -5.087630668141096, 40.600085110967626 ], [ -5.089169472687772, 40.600085110967626 ], [ -5.089169472687772, 40.599315708694284 ], [ -5.091477679507785, 40.599315708694284 ], [ -5.091477679507785, 40.59854630642095 ], [ -5.093785886327797, 40.59854630642095 ], [ -5.093785886327797, 40.597776904147608 ], [ -5.094555288601135, 40.597776904147608 ], [ -5.094555288601135, 40.597007501874273 ], [ -5.095324690874472, 40.597007501874273 ], [ -5.095324690874472, 40.596238099600939 ], [ -5.096863495421148, 40.596238099600939 ], [ -5.096863495421148, 40.595468697327597 ], [ -5.097632897694485, 40.595468697327597 ], [ -5.097632897694485, 40.594699295054262 ], [ -5.098402299967823, 40.594699295054262 ], [ -5.098402299967823, 40.59392989278092 ], [ -5.100710506787836, 40.59392989278092 ], [ -5.100710506787836, 40.593160490507586 ], [ -5.102249311334511, 40.593160490507586 ], [ -5.102249311334511, 40.592391088234251 ], [ -5.103018713607849, 40.592391088234251 ], [ -5.103018713607849, 40.591621685960909 ], [ -5.104557518154524, 40.591621685960909 ], [ -5.104557518154524, 40.590852283687575 ], [ -5.105326920427861, 40.590852283687575 ], [ -5.105326920427861, 40.590082881414233 ], [ -5.106096322701199, 40.590082881414233 ], [ -5.106096322701199, 40.589313479140898 ], [ -5.107635127247874, 40.589313479140898 ], [ -5.107635127247874, 40.588544076867556 ], [ -5.109173931794549, 40.588544076867556 ], [ -5.109173931794549, 40.587774674594222 ], [ -5.109943334067887, 40.587774674594222 ], [ -5.109943334067887, 40.587005272320887 ], [ -5.112251540887899, 40.587005272320887 ], [ -5.112251540887899, 40.586235870047545 ], [ -5.113020943161237, 40.586235870047545 ], [ -5.113020943161237, 40.585466467774211 ], [ -5.113790345434575, 40.585466467774211 ], [ -5.113790345434575, 40.584697065500869 ], [ -5.11532914998125, 40.584697065500869 ], [ -5.11532914998125, 40.583927663227534 ], [ -5.116098552254588, 40.583927663227534 ], [ -5.116098552254588, 40.5831582609542 ], [ -5.118406759074601, 40.5831582609542 ], [ -5.118406759074601, 40.582388858680858 ], [ -5.119176161347938, 40.582388858680858 ], [ -5.119176161347938, 40.581619456407523 ], [ -5.120714965894614, 40.581619456407523 ], [ -5.120714965894614, 40.580850054134181 ], [ -5.121484368167951, 40.580850054134181 ], [ -5.121484368167951, 40.580080651860847 ], [ -5.123023172714626, 40.580080651860847 ], [ -5.123023172714626, 40.579311249587505 ], [ -5.123792574987964, 40.579311249587505 ], [ -5.123792574987964, 40.57854184731417 ], [ -5.126100781807977, 40.57854184731417 ], [ -5.126100781807977, 40.577772445040836 ], [ -5.126870184081314, 40.577772445040836 ], [ -5.126870184081314, 40.577003042767494 ], [ -5.127639586354651, 40.577003042767494 ], [ -5.127639586354651, 40.576233640494159 ], [ -5.129947793174664, 40.576233640494159 ], [ -5.129947793174664, 40.574694835947483 ], [ -5.130717195448002, 40.574694835947483 ], [ -5.130717195448002, 40.573925433674148 ], [ -5.13148659772134, 40.573925433674148 ], [ -5.13148659772134, 40.573156031400806 ], [ -5.133025402268014, 40.573156031400806 ], [ -5.133025402268014, 40.57161722685413 ], [ -5.133794804541353, 40.57161722685413 ], [ -5.133794804541353, 40.570847824580795 ], [ -5.13456420681469, 40.570847824580795 ], [ -5.13456420681469, 40.570078422307461 ], [ -5.135333609088027, 40.570078422307461 ], [ -5.135333609088027, 40.569309020034119 ], [ -5.136103011361365, 40.569309020034119 ], [ -5.136103011361365, 40.568539617760784 ], [ -5.136872413634703, 40.568539617760784 ], [ -5.136872413634703, 40.567770215487442 ], [ -5.13764181590804, 40.567770215487442 ], [ -5.13764181590804, 40.567000813214108 ], [ -5.139180620454716, 40.567000813214108 ], [ -5.139180620454716, 40.566231410940766 ], [ -5.139950022728053, 40.566231410940766 ], [ -5.139950022728053, 40.564692606394097 ], [ -5.14071942500139, 40.564692606394097 ], [ -5.14071942500139, 40.563923204120755 ], [ -5.142258229548066, 40.563923204120755 ], [ -5.142258229548066, 40.56315380184742 ], [ -5.143027631821403, 40.56315380184742 ], [ -5.143027631821403, 40.561614997300744 ], [ -5.143797034094741, 40.561614997300744 ], [ -5.143797034094741, 40.560845595027409 ], [ -5.144566436368079, 40.560845595027409 ], [ -5.144566436368079, 40.560076192754067 ], [ -5.145335838641416, 40.560076192754067 ], [ -5.145335838641416, 40.559306790480733 ], [ -5.146105240914753, 40.559306790480733 ], [ -5.146105240914753, 40.558537388207391 ], [ -5.146874643188092, 40.558537388207391 ], [ -5.146874643188092, 40.557767985934056 ], [ -5.147644045461429, 40.557767985934056 ], [ -5.147644045461429, 40.556998583660722 ], [ -5.149182850008104, 40.556998583660722 ], [ -5.149182850008104, 40.55622918138738 ], [ -5.149952252281442, 40.55622918138738 ], [ -5.149952252281442, 40.554690376840703 ], [ -5.150721654554779, 40.554690376840703 ], [ -5.150721654554779, 40.553920974567369 ], [ -5.152260459101455, 40.553920974567369 ], [ -5.152260459101455, 40.553151572294027 ], [ -5.153029861374792, 40.553151572294027 ], [ -5.153029861374792, 40.551612767747358 ], [ -5.15379926364813, 40.551612767747358 ], [ -5.15379926364813, 40.550843365474016 ], [ -5.154568665921468, 40.550843365474016 ], [ -5.154568665921468, 40.550073963200681 ], [ -5.155338068194805, 40.550073963200681 ], [ -5.155338068194805, 40.549304560927339 ], [ -5.156107470468143, 40.549304560927339 ], [ -5.156107470468143, 40.548535158654005 ], [ -5.15687687274148, 40.548535158654005 ], [ -5.15687687274148, 40.5362247222806 ], [ -5.157646275014818, 40.5362247222806 ], [ -5.157646275014818, 40.535455320007266 ], [ -5.158415677288155, 40.535455320007266 ], [ -5.158415677288155, 40.534685917733931 ], [ -5.159185079561493, 40.534685917733931 ], [ -5.159185079561493, 40.533916515460589 ], [ -5.159954481834831, 40.533916515460589 ], [ -5.159954481834831, 40.533147113187255 ], [ -5.160723884108168, 40.533147113187255 ], [ -5.160723884108168, 40.532377710913913 ], [ -5.161493286381506, 40.532377710913913 ], [ -5.161493286381506, 40.531608308640578 ], [ -5.163801493201518, 40.531608308640578 ], [ -5.163801493201518, 40.530069504093902 ], [ -5.164570895474856, 40.530069504093902 ], [ -5.164570895474856, 40.529300101820567 ], [ -5.165340297748194, 40.529300101820567 ], [ -5.165340297748194, 40.528530699547225 ], [ -5.166109700021531, 40.528530699547225 ], [ -5.166109700021531, 40.527761297273891 ], [ -5.165340297748194, 40.527761297273891 ], [ -5.165340297748194, 40.526991895000549 ], [ -5.162262688654844, 40.526991895000549 ], [ -5.162262688654844, 40.526222492727214 ], [ -5.161493286381506, 40.526222492727214 ], [ -5.161493286381506, 40.52545309045388 ], [ -5.160723884108168, 40.52545309045388 ], [ -5.160723884108168, 40.524683688180538 ], [ -5.151491056828117, 40.524683688180538 ], [ -5.151491056828117, 40.52545309045388 ], [ -5.133794804541353, 40.52545309045388 ], [ -5.133794804541353, 40.526222492727214 ], [ -5.117637356801263, 40.526222492727214 ], [ -5.117637356801263, 40.524683688180538 ], [ -5.116867954527925, 40.524683688180538 ], [ -5.116867954527925, 40.523144883633861 ], [ -5.11532914998125, 40.523144883633861 ], [ -5.11532914998125, 40.521606079087192 ], [ -5.114559747707912, 40.521606079087192 ], [ -5.114559747707912, 40.520067274540516 ], [ -5.113790345434575, 40.520067274540516 ], [ -5.113790345434575, 40.519297872267174 ], [ -5.112251540887899, 40.519297872267174 ], [ -5.112251540887899, 40.518528469993839 ], [ -5.111482138614562, 40.518528469993839 ], [ -5.111482138614562, 40.516989665447163 ], [ -5.110712736341224, 40.516989665447163 ], [ -5.110712736341224, 40.516220263173828 ], [ -5.109943334067887, 40.516220263173828 ], [ -5.109943334067887, 40.515450860900486 ], [ -5.109173931794549, 40.515450860900486 ], [ -5.109173931794549, 40.51391205635381 ], [ -5.108404529521212, 40.51391205635381 ], [ -5.108404529521212, 40.513142654080475 ], [ -5.107635127247874, 40.513142654080475 ], [ -5.107635127247874, 40.511603849533799 ], [ -5.106096322701199, 40.511603849533799 ], [ -5.106096322701199, 40.510834447260464 ], [ -5.105326920427861, 40.510834447260464 ], [ -5.105326920427861, 40.510065044987122 ], [ -5.104557518154524, 40.510065044987122 ], [ -5.104557518154524, 40.508526240440453 ], [ -5.103788115881186, 40.508526240440453 ], [ -5.103788115881186, 40.507756838167111 ], [ -5.103018713607849, 40.507756838167111 ], [ -5.103018713607849, 40.506987435893777 ], [ -5.102249311334511, 40.506987435893777 ], [ -5.102249311334511, 40.5054486313471 ], [ -5.100710506787836, 40.5054486313471 ], [ -5.100710506787836, 40.503909826800424 ], [ -5.09917170224116, 40.503909826800424 ], [ -5.09917170224116, 40.502371022253747 ], [ -5.098402299967823, 40.502371022253747 ], [ -5.098402299967823, 40.501601619980413 ], [ -5.096863495421148, 40.501601619980413 ], [ -5.096863495421148, 40.500832217707071 ], [ -5.093785886327797, 40.500832217707071 ], [ -5.093785886327797, 40.500062815433736 ], [ -5.089169472687772, 40.500062815433736 ], [ -5.089169472687772, 40.499293413160402 ], [ -5.086091863594421, 40.499293413160402 ], [ -5.086091863594421, 40.49852401088706 ], [ -5.083783656774409, 40.49852401088706 ], [ -5.083783656774409, 40.497754608613725 ], [ -5.081475449954396, 40.497754608613725 ], [ -5.081475449954396, 40.496985206340383 ], [ -5.07993664540772, 40.496985206340383 ], [ -5.07993664540772, 40.497754608613725 ], [ -5.078397840861046, 40.497754608613725 ], [ -5.078397840861046, 40.496985206340383 ], [ -5.076089634041033, 40.496985206340383 ], [ -5.076089634041033, 40.496215804067049 ], [ -5.073012024947682, 40.496215804067049 ], [ -5.073012024947682, 40.495446401793707 ], [ -5.07070381812767, 40.495446401793707 ], [ -5.07070381812767, 40.494676999520372 ], [ -5.068395611307657, 40.494676999520372 ], [ -5.068395611307657, 40.487752379060332 ], [ -5.067626209034319, 40.487752379060332 ], [ -5.067626209034319, 40.481597160873633 ], [ -5.068395611307657, 40.481597160873633 ], [ -5.068395611307657, 40.480058356326957 ], [ -5.069165013580994, 40.480058356326957 ], [ -5.069165013580994, 40.47851955178028 ], [ -5.069934415854332, 40.47851955178028 ], [ -5.069934415854332, 40.476980747233611 ], [ -5.068395611307657, 40.476980747233611 ], [ -5.068395611307657, 40.477750149506946 ], [ -5.066856806760981, 40.477750149506946 ], [ -5.066856806760981, 40.47851955178028 ], [ -5.065318002214307, 40.47851955178028 ], [ -5.065318002214307, 40.479288954053622 ], [ -5.064548599940968, 40.479288954053622 ], [ -5.064548599940968, 40.480058356326957 ], [ -5.063009795394294, 40.480058356326957 ], [ -5.063009795394294, 40.480827758600299 ], [ -5.060701588574281, 40.480827758600299 ], [ -5.060701588574281, 40.481597160873633 ], [ -5.059932186300943, 40.481597160873633 ], [ -5.059932186300943, 40.482366563146968 ], [ -5.056854577207592, 40.482366563146968 ], [ -5.056854577207592, 40.48313596542031 ], [ -5.056085174934255, 40.48313596542031 ], [ -5.056085174934255, 40.483905367693644 ], [ -5.054546370387579, 40.483905367693644 ], [ -5.054546370387579, 40.484674769966986 ], [ -5.052238163567567, 40.484674769966986 ], [ -5.052238163567567, 40.485444172240321 ], [ -5.051468761294229, 40.485444172240321 ], [ -5.051468761294229, 40.486213574513663 ], [ -5.049929956747555, 40.486213574513663 ], [ -5.049929956747555, 40.486982976786997 ], [ -5.048391152200879, 40.486982976786997 ], [ -5.048391152200879, 40.487752379060332 ], [ -5.046082945380866, 40.487752379060332 ], [ -5.046082945380866, 40.488521781333674 ], [ -5.043774738560853, 40.488521781333674 ], [ -5.043774738560853, 40.489291183607008 ], [ -5.043005336287516, 40.489291183607008 ], [ -5.043005336287516, 40.49006058588035 ], [ -5.04146653174084, 40.49006058588035 ], [ -5.04146653174084, 40.490829988153685 ], [ -5.039927727194166, 40.490829988153685 ], [ -5.039927727194166, 40.49159939042702 ], [ -5.039158324920828, 40.49159939042702 ], [ -5.039158324920828, 40.492368792700361 ], [ -5.037619520374153, 40.492368792700361 ], [ -5.037619520374153, 40.493138194973696 ], [ -5.03531131355414, 40.493138194973696 ], [ -5.03531131355414, 40.493907597247038 ], [ -5.033003106734127, 40.493907597247038 ], [ -5.033003106734127, 40.494676999520372 ], [ -5.031464302187452, 40.494676999520372 ], [ -5.031464302187452, 40.495446401793707 ], [ -5.030694899914114, 40.495446401793707 ], [ -5.030694899914114, 40.496215804067049 ], [ -5.029156095367439, 40.496215804067049 ], [ -5.029156095367439, 40.496985206340383 ], [ -5.026078486274089, 40.496985206340383 ], [ -5.026078486274089, 40.496215804067049 ], [ -5.024539681727413, 40.496215804067049 ], [ -5.024539681727413, 40.495446401793707 ], [ -5.023000877180738, 40.495446401793707 ], [ -5.023000877180738, 40.494676999520372 ], [ -5.01915386581405, 40.494676999520372 ], [ -5.01915386581405, 40.493907597247038 ], [ -5.017615061267375, 40.493907597247038 ], [ -5.017615061267375, 40.493138194973696 ], [ -5.0160762567207, 40.493138194973696 ], [ -5.0160762567207, 40.492368792700361 ], [ -5.013768049900687, 40.492368792700361 ], [ -5.013768049900687, 40.49159939042702 ], [ -5.009921038533999, 40.49159939042702 ], [ -5.009921038533999, 40.490829988153685 ], [ -5.008382233987324, 40.490829988153685 ], [ -5.008382233987324, 40.49006058588035 ], [ -5.006074027167311, 40.49006058588035 ], [ -5.006074027167311, 40.489291183607008 ], [ -5.004535222620636, 40.489291183607008 ], [ -5.004535222620636, 40.488521781333674 ], [ -5.001457613527285, 40.488521781333674 ], [ -5.001457613527285, 40.487752379060332 ], [ -4.999149406707273, 40.487752379060332 ], [ -4.999149406707273, 40.486982976786997 ], [ -4.99684119988726, 40.486982976786997 ], [ -4.99684119988726, 40.486213574513663 ], [ -4.995302395340585, 40.486213574513663 ], [ -4.995302395340585, 40.485444172240321 ], [ -4.991455383973896, 40.485444172240321 ], [ -4.991455383973896, 40.484674769966986 ], [ -4.989916579427222, 40.484674769966986 ], [ -4.989916579427222, 40.483905367693644 ], [ -4.988377774880546, 40.483905367693644 ], [ -4.988377774880546, 40.48313596542031 ], [ -4.982222556693846, 40.48313596542031 ], [ -4.982222556693846, 40.482366563146968 ], [ -4.976836740780483, 40.482366563146968 ], [ -4.976836740780483, 40.48313596542031 ], [ -4.973759131687132, 40.48313596542031 ], [ -4.973759131687132, 40.482366563146968 ], [ -4.966065108953757, 40.482366563146968 ], [ -4.966065108953757, 40.481597160873633 ], [ -4.95837108622038, 40.481597160873633 ], [ -4.95837108622038, 40.480827758600299 ], [ -4.942983040753628, 40.480827758600299 ], [ -4.942983040753628, 40.480058356326957 ], [ -4.935289018020252, 40.480058356326957 ], [ -4.935289018020252, 40.479288954053622 ], [ -4.927594995286876, 40.479288954053622 ], [ -4.927594995286876, 40.480058356326957 ], [ -4.924517386193526, 40.480058356326957 ], [ -4.924517386193526, 40.480827758600299 ], [ -4.922209179373513, 40.480827758600299 ], [ -4.922209179373513, 40.481597160873633 ], [ -4.9199009725535, 40.481597160873633 ], [ -4.9199009725535, 40.482366563146968 ], [ -4.916053961186813, 40.482366563146968 ], [ -4.916053961186813, 40.48313596542031 ], [ -4.9137457543668, 40.48313596542031 ], [ -4.9137457543668, 40.483905367693644 ], [ -4.911437547546787, 40.483905367693644 ], [ -4.911437547546787, 40.484674769966986 ], [ -4.908359938453437, 40.484674769966986 ], [ -4.908359938453437, 40.485444172240321 ], [ -4.905282329360086, 40.485444172240321 ], [ -4.905282329360086, 40.486213574513663 ], [ -4.900665915720061, 40.486213574513663 ], [ -4.900665915720061, 40.486982976786997 ], [ -4.897588306626711, 40.486982976786997 ], [ -4.897588306626711, 40.487752379060332 ], [ -4.893741295260022, 40.487752379060332 ], [ -4.893741295260022, 40.488521781333674 ], [ -4.891433088440009, 40.488521781333674 ], [ -4.891433088440009, 40.489291183607008 ], [ -4.889124881619996, 40.489291183607008 ], [ -4.889124881619996, 40.49006058588035 ], [ -4.886047272526646, 40.49006058588035 ], [ -4.886047272526646, 40.490829988153685 ], [ -4.882969663433296, 40.490829988153685 ], [ -4.882969663433296, 40.49159939042702 ], [ -4.880661456613283, 40.49159939042702 ], [ -4.880661456613283, 40.492368792700361 ], [ -4.877583847519933, 40.492368792700361 ], [ -4.877583847519933, 40.493138194973696 ], [ -4.87527564069992, 40.493138194973696 ], [ -4.87527564069992, 40.493907597247038 ], [ -4.869120422513219, 40.493907597247038 ], [ -4.869120422513219, 40.494676999520372 ], [ -4.866812215693206, 40.494676999520372 ], [ -4.866812215693206, 40.495446401793707 ], [ -4.864504008873193, 40.495446401793707 ], [ -4.864504008873193, 40.496215804067049 ], [ -4.861426399779843, 40.496215804067049 ], [ -4.861426399779843, 40.496985206340383 ], [ -4.858348790686493, 40.496985206340383 ], [ -4.858348790686493, 40.497754608613725 ], [ -4.854501779319804, 40.497754608613725 ], [ -4.854501779319804, 40.496985206340383 ], [ -4.852193572499791, 40.496985206340383 ], [ -4.852193572499791, 40.496215804067049 ], [ -4.848346561133104, 40.496215804067049 ], [ -4.848346561133104, 40.495446401793707 ], [ -4.846038354313091, 40.495446401793707 ], [ -4.846038354313091, 40.494676999520372 ], [ -4.843730147493078, 40.494676999520372 ], [ -4.843730147493078, 40.493907597247038 ], [ -4.842191342946403, 40.493907597247038 ], [ -4.842191342946403, 40.493138194973696 ], [ -4.837574929306378, 40.493138194973696 ], [ -4.837574929306378, 40.492368792700361 ], [ -4.835266722486365, 40.492368792700361 ], [ -4.835266722486365, 40.49159939042702 ], [ -4.832958515666352, 40.49159939042702 ], [ -4.832958515666352, 40.490829988153685 ], [ -4.830650308846339, 40.490829988153685 ], [ -4.830650308846339, 40.49006058588035 ], [ -4.826033895206313, 40.49006058588035 ], [ -4.826033895206313, 40.489291183607008 ], [ -4.824495090659639, 40.489291183607008 ], [ -4.824495090659639, 40.488521781333674 ], [ -4.822186883839626, 40.488521781333674 ], [ -4.822186883839626, 40.487752379060332 ], [ -4.82064807929295, 40.487752379060332 ], [ -4.82064807929295, 40.486982976786997 ], [ -4.816031665652925, 40.486982976786997 ], [ -4.816031665652925, 40.486213574513663 ], [ -4.81449286110625, 40.486213574513663 ], [ -4.81449286110625, 40.485444172240321 ], [ -4.8114152520129, 40.485444172240321 ], [ -4.8114152520129, 40.484674769966986 ], [ -4.809876447466224, 40.484674769966986 ], [ -4.809876447466224, 40.483905367693644 ], [ -4.805260033826198, 40.483905367693644 ], [ -4.805260033826198, 40.48313596542031 ], [ -4.802951827006186, 40.48313596542031 ], [ -4.802951827006186, 40.482366563146968 ], [ -4.80141302245951, 40.482366563146968 ], [ -4.80141302245951, 40.481597160873633 ], [ -4.79833541336616, 40.481597160873633 ], [ -4.79833541336616, 40.480827758600299 ], [ -4.791410792906122, 40.480827758600299 ], [ -4.791410792906122, 40.481597160873633 ], [ -4.787563781539434, 40.481597160873633 ], [ -4.787563781539434, 40.482366563146968 ], [ -4.785255574719421, 40.482366563146968 ], [ -4.785255574719421, 40.48313596542031 ], [ -4.782177965626071, 40.48313596542031 ], [ -4.782177965626071, 40.483905367693644 ], [ -4.779869758806058, 40.483905367693644 ], [ -4.779869758806058, 40.484674769966986 ], [ -4.778330954259383, 40.484674769966986 ], [ -4.778330954259383, 40.485444172240321 ], [ -4.77602274743937, 40.485444172240321 ], [ -4.77602274743937, 40.486213574513663 ], [ -4.772945138346019, 40.486213574513663 ], [ -4.772945138346019, 40.486982976786997 ], [ -4.770636931526006, 40.486982976786997 ], [ -4.770636931526006, 40.487752379060332 ], [ -4.767559322432656, 40.487752379060332 ], [ -4.767559322432656, 40.488521781333674 ], [ -4.763712311065968, 40.488521781333674 ], [ -4.763712311065968, 40.489291183607008 ], [ -4.761404104245956, 40.489291183607008 ], [ -4.761404104245956, 40.49006058588035 ], [ -4.758326495152605, 40.49006058588035 ], [ -4.758326495152605, 40.490829988153685 ], [ -4.75678769060593, 40.490829988153685 ], [ -4.75678769060593, 40.49159939042702 ], [ -4.754479483785917, 40.49159939042702 ], [ -4.754479483785917, 40.492368792700361 ], [ -4.752171276965904, 40.492368792700361 ], [ -4.752171276965904, 40.493138194973696 ], [ -4.749093667872554, 40.493138194973696 ], [ -4.749093667872554, 40.493907597247038 ], [ -4.747554863325878, 40.493907597247038 ], [ -4.747554863325878, 40.494676999520372 ], [ -4.742938449685854, 40.494676999520372 ], [ -4.742938449685854, 40.495446401793707 ], [ -4.739860840592502, 40.495446401793707 ], [ -4.739860840592502, 40.496215804067049 ], [ -4.738322036045828, 40.496215804067049 ], [ -4.738322036045828, 40.496985206340383 ], [ -4.736013829225815, 40.496985206340383 ], [ -4.736013829225815, 40.497754608613725 ], [ -4.732936220132464, 40.497754608613725 ], [ -4.732936220132464, 40.49852401088706 ], [ -4.731397415585789, 40.49852401088706 ], [ -4.731397415585789, 40.499293413160402 ], [ -4.729089208765776, 40.499293413160402 ], [ -4.729089208765776, 40.500062815433736 ], [ -4.726781001945763, 40.500062815433736 ], [ -4.726781001945763, 40.500832217707071 ], [ -4.723703392852413, 40.500832217707071 ], [ -4.723703392852413, 40.501601619980413 ], [ -4.722164588305738, 40.501601619980413 ], [ -4.722164588305738, 40.502371022253747 ], [ -4.7213951860324, 40.502371022253747 ], [ -4.7213951860324, 40.504679229073759 ], [ -4.720625783759063, 40.504679229073759 ], [ -4.720625783759063, 40.506218033620435 ], [ -4.719856381485725, 40.506218033620435 ], [ -4.719856381485725, 40.506987435893777 ], [ -4.719086979212388, 40.506987435893777 ], [ -4.719086979212388, 40.509295642713788 ], [ -4.71831757693905, 40.509295642713788 ], [ -4.71831757693905, 40.510834447260464 ], [ -4.717548174665712, 40.510834447260464 ], [ -4.717548174665712, 40.511603849533799 ], [ -4.716778772392375, 40.511603849533799 ], [ -4.716778772392375, 40.51391205635381 ], [ -4.716009370119037, 40.51391205635381 ], [ -4.716009370119037, 40.515450860900486 ], [ -4.714470565572362, 40.515450860900486 ], [ -4.714470565572362, 40.516220263173828 ], [ -4.713701163299024, 40.516220263173828 ], [ -4.713701163299024, 40.518528469993839 ], [ -4.712931761025686, 40.518528469993839 ], [ -4.712931761025686, 40.520067274540516 ], [ -4.712162358752349, 40.520067274540516 ], [ -4.712162358752349, 40.52083667681385 ], [ -4.711392956479012, 40.52083667681385 ], [ -4.711392956479012, 40.523144883633861 ], [ -4.710623554205674, 40.523144883633861 ], [ -4.710623554205674, 40.523914285907203 ], [ -4.709854151932336, 40.523914285907203 ], [ -4.709854151932336, 40.524683688180538 ], [ -4.708315347385661, 40.524683688180538 ], [ -4.708315347385661, 40.52545309045388 ], [ -4.707545945112324, 40.52545309045388 ], [ -4.707545945112324, 40.526222492727214 ], [ -4.706007140565649, 40.526222492727214 ], [ -4.706007140565649, 40.526991895000549 ], [ -4.705237738292311, 40.526991895000549 ], [ -4.705237738292311, 40.527761297273891 ], [ -4.702929531472298, 40.527761297273891 ], [ -4.702929531472298, 40.528530699547225 ], [ -4.701390726925623, 40.528530699547225 ], [ -4.701390726925623, 40.529300101820567 ], [ -4.699851922378947, 40.529300101820567 ], [ -4.699851922378947, 40.530069504093902 ], [ -4.698313117832273, 40.530069504093902 ], [ -4.698313117832273, 40.530838906367237 ], [ -4.696774313285597, 40.530838906367237 ], [ -4.696774313285597, 40.531608308640578 ], [ -4.695235508738921, 40.531608308640578 ], [ -4.695235508738921, 40.532377710913913 ], [ -4.693696704192247, 40.532377710913913 ], [ -4.693696704192247, 40.533147113187255 ], [ -4.692927301918909, 40.533147113187255 ], [ -4.692927301918909, 40.533916515460589 ], [ -4.691388497372234, 40.533916515460589 ], [ -4.691388497372234, 40.534685917733931 ], [ -4.689849692825559, 40.534685917733931 ], [ -4.689849692825559, 40.535455320007266 ], [ -4.686772083732208, 40.535455320007266 ], [ -4.686772083732208, 40.5362247222806 ], [ -4.686002681458871, 40.5362247222806 ], [ -4.686002681458871, 40.536994124553942 ], [ -4.684463876912195, 40.536994124553942 ], [ -4.684463876912195, 40.537763526827277 ], [ -4.683694474638858, 40.537763526827277 ], [ -4.683694474638858, 40.538532929100619 ], [ -4.682155670092182, 40.538532929100619 ], [ -4.682155670092182, 40.539302331373953 ], [ -4.681386267818845, 40.539302331373953 ], [ -4.681386267818845, 40.540071733647288 ], [ -4.67984746327217, 40.540071733647288 ], [ -4.67984746327217, 40.54084113592063 ], [ -4.676769854178819, 40.54084113592063 ], [ -4.676769854178819, 40.541610538193964 ], [ -4.676000451905482, 40.541610538193964 ], [ -4.676000451905482, 40.542379940467306 ], [ -4.674461647358807, 40.542379940467306 ], [ -4.674461647358807, 40.543149342740641 ], [ -4.673692245085469, 40.543149342740641 ], [ -4.673692245085469, 40.543918745013983 ], [ -4.672153440538795, 40.543918745013983 ], [ -4.672153440538795, 40.544688147287317 ], [ -4.670614635992119, 40.544688147287317 ], [ -4.670614635992119, 40.545457549560652 ], [ -4.667537026898769, 40.545457549560652 ], [ -4.667537026898769, 40.546226951833994 ], [ -4.662151210985405, 40.546226951833994 ], [ -4.662151210985405, 40.546996354107328 ], [ -4.658304199618717, 40.546996354107328 ], [ -4.658304199618717, 40.54776575638067 ], [ -4.655995992798704, 40.54776575638067 ], [ -4.655995992798704, 40.548535158654005 ], [ -4.652148981432017, 40.548535158654005 ], [ -4.652148981432017, 40.549304560927339 ], [ -4.649071372338666, 40.549304560927339 ], [ -4.649071372338666, 40.550073963200681 ], [ -4.646763165518653, 40.550073963200681 ], [ -4.646763165518653, 40.550843365474016 ], [ -4.642916154151965, 40.550843365474016 ], [ -4.642916154151965, 40.551612767747358 ], [ -4.639838545058615, 40.551612767747358 ], [ -4.639838545058615, 40.552382170020692 ], [ -4.636760935965265, 40.552382170020692 ], [ -4.636760935965265, 40.553151572294027 ], [ -4.633683326871914, 40.553151572294027 ], [ -4.633683326871914, 40.553920974567369 ], [ -4.630605717778564, 40.553920974567369 ], [ -4.630605717778564, 40.554690376840703 ], [ -4.627528108685214, 40.554690376840703 ], [ -4.627528108685214, 40.555459779114045 ], [ -4.625989304138538, 40.555459779114045 ], [ -4.625989304138538, 40.55622918138738 ], [ -4.624450499591863, 40.55622918138738 ], [ -4.624450499591863, 40.556998583660722 ], [ -4.623681097318525, 40.556998583660722 ], [ -4.623681097318525, 40.557767985934056 ], [ -4.622142292771851, 40.557767985934056 ], [ -4.622142292771851, 40.558537388207391 ], [ -4.619834085951838, 40.558537388207391 ], [ -4.619834085951838, 40.559306790480733 ], [ -4.618295281405162, 40.559306790480733 ], [ -4.618295281405162, 40.560076192754067 ], [ -4.615987074585149, 40.560076192754067 ], [ -4.615987074585149, 40.560845595027409 ], [ -4.614448270038475, 40.560845595027409 ], [ -4.614448270038475, 40.561614997300744 ], [ -4.612140063218462, 40.561614997300744 ], [ -4.612140063218462, 40.562384399574078 ], [ -4.611370660945123, 40.562384399574078 ], [ -4.611370660945123, 40.56315380184742 ], [ -4.609831856398449, 40.56315380184742 ], [ -4.609831856398449, 40.563923204120755 ], [ -4.608293051851773, 40.563923204120755 ], [ -4.608293051851773, 40.564692606394097 ], [ -4.606754247305099, 40.564692606394097 ], [ -4.606754247305099, 40.565462008667431 ], [ -4.603676638211748, 40.565462008667431 ], [ -4.603676638211748, 40.566231410940766 ], [ -4.602137833665073, 40.566231410940766 ], [ -4.602137833665073, 40.567000813214108 ], [ -4.601368431391736, 40.567000813214108 ], [ -4.601368431391736, 40.570078422307461 ], [ -4.600599029118397, 40.570078422307461 ], [ -4.600599029118397, 40.572386629127472 ], [ -4.59982962684506, 40.572386629127472 ], [ -4.59982962684506, 40.575464238220817 ], [ -4.599060224571723, 40.575464238220817 ], [ -4.599060224571723, 40.57854184731417 ], [ -4.598290822298384, 40.57854184731417 ], [ -4.598290822298384, 40.581619456407523 ], [ -4.597521420025047, 40.581619456407523 ], [ -4.597521420025047, 40.583927663227534 ], [ -4.59675201775171, 40.583927663227534 ], [ -4.59675201775171, 40.587774674594222 ], [ -4.595982615478372, 40.587774674594222 ], [ -4.595982615478372, 40.590082881414233 ], [ -4.595213213205034, 40.590082881414233 ], [ -4.595213213205034, 40.592391088234251 ], [ -4.594443810931697, 40.592391088234251 ], [ -4.594443810931697, 40.593160490507586 ], [ -4.593674408658359, 40.593160490507586 ], [ -4.593674408658359, 40.59392989278092 ], [ -4.592905006385021, 40.59392989278092 ], [ -4.592905006385021, 40.594699295054262 ], [ -4.592135604111684, 40.594699295054262 ], [ -4.592135604111684, 40.595468697327597 ], [ -4.591366201838346, 40.595468697327597 ], [ -4.591366201838346, 40.596238099600939 ], [ -4.590596799565009, 40.596238099600939 ], [ -4.590596799565009, 40.597007501874273 ], [ -4.589057995018334, 40.597007501874273 ], [ -4.589057995018334, 40.597776904147608 ], [ -4.588288592744997, 40.597776904147608 ], [ -4.588288592744997, 40.59854630642095 ], [ -4.587519190471658, 40.59854630642095 ], [ -4.587519190471658, 40.599315708694284 ], [ -4.586749788198321, 40.599315708694284 ], [ -4.586749788198321, 40.600085110967626 ], [ -4.585980385924984, 40.600085110967626 ], [ -4.585980385924984, 40.600854513240961 ], [ -4.585210983651645, 40.600854513240961 ], [ -4.585210983651645, 40.601623915514296 ], [ -4.584441581378308, 40.601623915514296 ], [ -4.584441581378308, 40.602393317787637 ], [ -4.582902776831633, 40.602393317787637 ], [ -4.582902776831633, 40.603162720060972 ], [ -4.582133374558295, 40.603162720060972 ], [ -4.582133374558295, 40.603932122334314 ], [ -4.581363972284958, 40.603932122334314 ], [ -4.581363972284958, 40.60547092688099 ], [ -4.58059457001162, 40.60547092688099 ], [ -4.58059457001162, 40.606240329154325 ], [ -4.579825167738282, 40.606240329154325 ], [ -4.579825167738282, 40.607009731427659 ], [ -4.57751696091827, 40.607009731427659 ], [ -4.57751696091827, 40.607779133701001 ], [ -4.576747558644932, 40.607779133701001 ], [ -4.576747558644932, 40.608548535974336 ], [ -4.575978156371594, 40.608548535974336 ], [ -4.575978156371594, 40.609317938247678 ], [ -4.575208754098257, 40.609317938247678 ], [ -4.575208754098257, 40.610087340521012 ], [ -4.569822938184894, 40.610087340521012 ], [ -4.569822938184894, 40.609317938247678 ], [ -4.550587881351454, 40.609317938247678 ], [ -4.550587881351454, 40.608548535974336 ], [ -4.539816249524727, 40.608548535974336 ], [ -4.539816249524727, 40.607779133701001 ], [ -4.536738640431377, 40.607779133701001 ], [ -4.536738640431377, 40.608548535974336 ], [ -4.535199835884702, 40.608548535974336 ], [ -4.535199835884702, 40.609317938247678 ], [ -4.534430433611364, 40.609317938247678 ], [ -4.534430433611364, 40.610087340521012 ], [ -4.532122226791351, 40.610087340521012 ], [ -4.532122226791351, 40.610856742794347 ], [ -4.531352824518014, 40.610856742794347 ], [ -4.531352824518014, 40.611626145067689 ], [ -4.529814019971338, 40.611626145067689 ], [ -4.529814019971338, 40.612395547341023 ], [ -4.527505813151325, 40.612395547341023 ], [ -4.527505813151325, 40.613164949614365 ], [ -4.526736410877988, 40.613164949614365 ], [ -4.526736410877988, 40.6139343518877 ], [ -4.525197606331313, 40.6139343518877 ], [ -4.525197606331313, 40.614703754161042 ], [ -4.523658801784638, 40.614703754161042 ], [ -4.523658801784638, 40.615473156434376 ], [ -4.522119997237962, 40.615473156434376 ], [ -4.522119997237962, 40.616242558707711 ], [ -4.521350594964625, 40.616242558707711 ], [ -4.521350594964625, 40.617011960981053 ], [ -4.51981179041795, 40.617011960981053 ], [ -4.51981179041795, 40.617781363254387 ], [ -4.517503583597938, 40.617781363254387 ], [ -4.517503583597938, 40.618550765527729 ], [ -4.516734181324599, 40.618550765527729 ], [ -4.516734181324599, 40.619320167801064 ], [ -4.514425974504586, 40.619320167801064 ], [ -4.514425974504586, 40.620089570074398 ], [ -4.510578963137899, 40.620089570074398 ], [ -4.510578963137899, 40.62085897234774 ], [ -4.505962549497873, 40.62085897234774 ], [ -4.505962549497873, 40.621628374621075 ], [ -4.502115538131186, 40.621628374621075 ], [ -4.502115538131186, 40.622397776894417 ], [ -4.49749912449116, 40.622397776894417 ], [ -4.49749912449116, 40.623167179167751 ], [ -4.493652113124472, 40.623167179167751 ], [ -4.493652113124472, 40.623936581441086 ], [ -4.489035699484446, 40.623936581441086 ], [ -4.489035699484446, 40.624705983714428 ], [ -4.483649883571083, 40.624705983714428 ], [ -4.483649883571083, 40.625475385987762 ], [ -4.480572274477733, 40.625475385987762 ], [ -4.480572274477733, 40.626244788261104 ], [ -4.477494665384382, 40.626244788261104 ], [ -4.477494665384382, 40.627014190534439 ], [ -4.474417056291031, 40.627014190534439 ], [ -4.474417056291031, 40.627783592807781 ], [ -4.472878251744357, 40.627783592807781 ], [ -4.472878251744357, 40.628552995081115 ], [ -4.471339447197681, 40.628552995081115 ], [ -4.471339447197681, 40.62932239735445 ], [ -4.469031240377668, 40.62932239735445 ], [ -4.469031240377668, 40.630091799627792 ], [ -4.466723033557656, 40.630091799627792 ], [ -4.466723033557656, 40.630861201901126 ], [ -4.465184229010981, 40.630861201901126 ], [ -4.465184229010981, 40.631630604174468 ], [ -4.462876022190968, 40.631630604174468 ], [ -4.462876022190968, 40.632400006447803 ], [ -4.459029010824279, 40.632400006447803 ], [ -4.459029010824279, 40.633169408721137 ], [ -4.445179769904203, 40.633169408721137 ], [ -4.445179769904203, 40.633938810994479 ], [ -4.439024551717502, 40.633938810994479 ], [ -4.439024551717502, 40.634708213267814 ], [ -4.43363873580414, 40.634708213267814 ], [ -4.43363873580414, 40.635477615541156 ], [ -4.427483517617438, 40.635477615541156 ], [ -4.427483517617438, 40.63624701781449 ], [ -4.422867103977413, 40.63624701781449 ], [ -4.422867103977413, 40.641632833727854 ], [ -4.422097701704075, 40.641632833727854 ], [ -4.422097701704075, 40.658559683741281 ], [ -4.422867103977413, 40.658559683741281 ], [ -4.422867103977413, 40.659329086014615 ], [ -4.42363650625075, 40.659329086014615 ], [ -4.42363650625075, 40.665484304201321 ], [ -4.424405908524088, 40.665484304201321 ], [ -4.424405908524088, 40.67163952238802 ], [ -4.425175310797425, 40.67163952238802 ], [ -4.425175310797425, 40.676255936028049 ], [ -4.425944713070763, 40.676255936028049 ], [ -4.425944713070763, 40.677025338301384 ], [ -4.426714115344101, 40.677025338301384 ], [ -4.426714115344101, 40.679333545121395 ], [ -4.427483517617438, 40.679333545121395 ], [ -4.427483517617438, 40.681641751941406 ], [ -4.428252919890776, 40.681641751941406 ], [ -4.428252919890776, 40.683949958761424 ], [ -4.429022322164114, 40.683949958761424 ], [ -4.429022322164114, 40.68702756785477 ], [ -4.429791724437451, 40.68702756785477 ], [ -4.429791724437451, 40.690105176948123 ], [ -4.431330528984127, 40.690105176948123 ], [ -4.431330528984127, 40.692413383768134 ], [ -4.432099931257464, 40.692413383768134 ], [ -4.432099931257464, 40.695490992861487 ], [ -4.432869333530801, 40.695490992861487 ], [ -4.432869333530801, 40.697799199681498 ], [ -4.43363873580414, 40.697799199681498 ], [ -4.43363873580414, 40.700107406501509 ], [ -4.434408138077477, 40.700107406501509 ], [ -4.434408138077477, 40.703185015594862 ], [ -4.435946942624152, 40.703185015594862 ], [ -4.435946942624152, 40.703954417868196 ], [ -4.437485747170827, 40.703954417868196 ], [ -4.437485747170827, 40.704723820141538 ], [ -4.438255149444164, 40.704723820141538 ], [ -4.438255149444164, 40.712417842874913 ], [ -4.439024551717502, 40.712417842874913 ], [ -4.439024551717502, 40.714726049694924 ], [ -4.43979395399084, 40.714726049694924 ], [ -4.43979395399084, 40.716264854241601 ], [ -4.438255149444164, 40.716264854241601 ], [ -4.438255149444164, 40.717034256514935 ], [ -4.436716344897489, 40.717034256514935 ], [ -4.436716344897489, 40.717803658788277 ], [ -4.435177540350814, 40.717803658788277 ], [ -4.435177540350814, 40.720881267881623 ], [ -4.434408138077477, 40.720881267881623 ], [ -4.434408138077477, 40.724728279248318 ], [ -4.43363873580414, 40.724728279248318 ], [ -4.43363873580414, 40.727805888341663 ], [ -4.432869333530801, 40.727805888341663 ], [ -4.432869333530801, 40.72934469288834 ], [ -4.432099931257464, 40.72934469288834 ], [ -4.432099931257464, 40.730114095161674 ], [ -4.431330528984127, 40.730114095161674 ], [ -4.431330528984127, 40.730883497435016 ], [ -4.432099931257464, 40.730883497435016 ], [ -4.432099931257464, 40.733191704255027 ], [ -4.432869333530801, 40.733191704255027 ], [ -4.432869333530801, 40.735499911075038 ], [ -4.43363873580414, 40.735499911075038 ], [ -4.43363873580414, 40.73626931334838 ], [ -4.434408138077477, 40.73626931334838 ], [ -4.434408138077477, 40.740885726988402 ], [ -4.435177540350814, 40.740885726988402 ], [ -4.435177540350814, 40.742424531535079 ], [ -4.436716344897489, 40.742424531535079 ], [ -4.436716344897489, 40.743193933808413 ], [ -4.437485747170827, 40.743193933808413 ], [ -4.437485747170827, 40.74473273835509 ], [ -4.438255149444164, 40.74473273835509 ], [ -4.438255149444164, 40.745502140628432 ], [ -4.43979395399084, 40.745502140628432 ], [ -4.43979395399084, 40.746271542901766 ], [ -4.440563356264177, 40.746271542901766 ], [ -4.440563356264177, 40.747040945175108 ], [ -4.441332758537515, 40.747040945175108 ], [ -4.441332758537515, 40.747810347448443 ], [ -4.44287156308419, 40.747810347448443 ], [ -4.44287156308419, 40.748579749721777 ], [ -4.445179769904203, 40.748579749721777 ], [ -4.445179769904203, 40.749349151995119 ], [ -4.447487976724216, 40.749349151995119 ], [ -4.447487976724216, 40.750118554268454 ], [ -4.448257378997553, 40.750118554268454 ], [ -4.448257378997553, 40.749349151995119 ], [ -4.449026781270891, 40.749349151995119 ], [ -4.449026781270891, 40.750118554268454 ], [ -4.451334988090903, 40.750118554268454 ], [ -4.451334988090903, 40.750887956541796 ], [ -4.453643194910916, 40.750887956541796 ], [ -4.453643194910916, 40.75165735881513 ], [ -4.455951401730929, 40.75165735881513 ], [ -4.455951401730929, 40.752426761088465 ], [ -4.456720804004267, 40.752426761088465 ], [ -4.456720804004267, 40.753196163361807 ], [ -4.458259608550942, 40.753196163361807 ], [ -4.458259608550942, 40.753965565635141 ], [ -4.459029010824279, 40.753965565635141 ], [ -4.459029010824279, 40.754734967908483 ], [ -4.460567815370955, 40.754734967908483 ], [ -4.460567815370955, 40.755504370181818 ], [ -4.461337217644292, 40.755504370181818 ], [ -4.461337217644292, 40.756273772455152 ], [ -4.46210661991763, 40.756273772455152 ], [ -4.46210661991763, 40.757043174728494 ], [ -4.462876022190968, 40.757043174728494 ], [ -4.462876022190968, 40.757812577001829 ], [ -4.463645424464305, 40.757812577001829 ], [ -4.463645424464305, 40.759351381548505 ], [ -4.464414826737643, 40.759351381548505 ], [ -4.464414826737643, 40.760890186095182 ], [ -4.465953631284318, 40.760890186095182 ], [ -4.465953631284318, 40.761659588368516 ], [ -4.466723033557656, 40.761659588368516 ], [ -4.466723033557656, 40.763198392915193 ], [ -4.467492435830994, 40.763198392915193 ], [ -4.467492435830994, 40.764737197461869 ], [ -4.468261838104331, 40.764737197461869 ], [ -4.468261838104331, 40.765506599735204 ], [ -4.469031240377668, 40.765506599735204 ], [ -4.469031240377668, 40.76704540428188 ], [ -4.469800642651006, 40.76704540428188 ], [ -4.469800642651006, 40.767814806555222 ], [ -4.470570044924344, 40.767814806555222 ], [ -4.470570044924344, 40.768584208828557 ], [ -4.472108849471018, 40.768584208828557 ], [ -4.472108849471018, 40.769353611101891 ], [ -4.472878251744357, 40.769353611101891 ], [ -4.472878251744357, 40.770123013375233 ], [ -4.473647654017694, 40.770123013375233 ], [ -4.473647654017694, 40.770892415648568 ], [ -4.474417056291031, 40.770892415648568 ], [ -4.474417056291031, 40.77166181792191 ], [ -4.475186458564369, 40.77166181792191 ], [ -4.475186458564369, 40.772431220195244 ], [ -4.476725263111044, 40.772431220195244 ], [ -4.476725263111044, 40.774739427015255 ], [ -4.477494665384382, 40.774739427015255 ], [ -4.477494665384382, 40.777047633835274 ], [ -4.475955860837707, 40.777047633835274 ], [ -4.475955860837707, 40.777817036108608 ], [ -4.476725263111044, 40.777817036108608 ], [ -4.476725263111044, 40.780894645201961 ], [ -4.47826406765772, 40.780894645201961 ], [ -4.47826406765772, 40.781664047475296 ], [ -4.479033469931057, 40.781664047475296 ], [ -4.479033469931057, 40.782433449748638 ], [ -4.480572274477733, 40.782433449748638 ], [ -4.480572274477733, 40.783202852021972 ], [ -4.48134167675107, 40.783202852021972 ], [ -4.48134167675107, 40.783972254295307 ], [ -4.482880481297745, 40.783972254295307 ], [ -4.482880481297745, 40.784741656568649 ], [ -4.483649883571083, 40.784741656568649 ], [ -4.483649883571083, 40.786280461115325 ], [ -4.484419285844421, 40.786280461115325 ], [ -4.484419285844421, 40.793205081575358 ], [ -4.483649883571083, 40.793205081575358 ], [ -4.483649883571083, 40.794743886122035 ], [ -4.482880481297745, 40.794743886122035 ], [ -4.482880481297745, 40.795513288395377 ], [ -4.482111079024408, 40.795513288395377 ], [ -4.482111079024408, 40.796282690668711 ], [ -4.48134167675107, 40.796282690668711 ], [ -4.48134167675107, 40.797052092942046 ], [ -4.480572274477733, 40.797052092942046 ], [ -4.480572274477733, 40.797821495215388 ], [ -4.47826406765772, 40.797821495215388 ], [ -4.47826406765772, 40.798590897488722 ], [ -4.477494665384382, 40.798590897488722 ], [ -4.477494665384382, 40.800129702035399 ], [ -4.479033469931057, 40.800129702035399 ], [ -4.479033469931057, 40.800899104308733 ], [ -4.479802872204395, 40.800899104308733 ], [ -4.479802872204395, 40.801668506582075 ], [ -4.480572274477733, 40.801668506582075 ], [ -4.480572274477733, 40.806284920222097 ], [ -4.48134167675107, 40.806284920222097 ], [ -4.48134167675107, 40.807054322495439 ], [ -4.482111079024408, 40.807054322495439 ], [ -4.482111079024408, 40.807823724768774 ], [ -4.482880481297745, 40.807823724768774 ], [ -4.482880481297745, 40.808593127042116 ], [ -4.484419285844421, 40.808593127042116 ], [ -4.484419285844421, 40.80936252931545 ], [ -4.485188688117758, 40.80936252931545 ], [ -4.485188688117758, 40.810131931588785 ], [ -4.486727492664433, 40.810131931588785 ], [ -4.486727492664433, 40.810901333862127 ], [ -4.488266297211108, 40.810901333862127 ], [ -4.488266297211108, 40.811670736135461 ], [ -4.489035699484446, 40.811670736135461 ], [ -4.489035699484446, 40.813209540682138 ], [ -4.490574504031121, 40.813209540682138 ], [ -4.490574504031121, 40.817825954322167 ], [ -4.491343906304459, 40.817825954322167 ], [ -4.491343906304459, 40.820134161142178 ], [ -4.492113308577796, 40.820134161142178 ], [ -4.492113308577796, 40.822442367962189 ], [ -4.492882710851134, 40.822442367962189 ], [ -4.492882710851134, 40.823981172508866 ], [ -4.493652113124472, 40.823981172508866 ], [ -4.493652113124472, 40.826289379328877 ], [ -4.495190917671147, 40.826289379328877 ], [ -4.495190917671147, 40.827828183875553 ], [ -4.495960319944484, 40.827828183875553 ], [ -4.495960319944484, 40.830136390695564 ], [ -4.496729722217822, 40.830136390695564 ], [ -4.496729722217822, 40.830905792968906 ], [ -4.498268526764497, 40.830905792968906 ], [ -4.498268526764497, 40.830136390695564 ], [ -4.499807331311173, 40.830136390695564 ], [ -4.499807331311173, 40.82936698842223 ], [ -4.50057673358451, 40.82936698842223 ], [ -4.50057673358451, 40.828597586148888 ], [ -4.502115538131186, 40.828597586148888 ], [ -4.502115538131186, 40.827058781602211 ], [ -4.504423744951198, 40.827058781602211 ], [ -4.504423744951198, 40.827828183875553 ], [ -4.505962549497873, 40.827828183875553 ], [ -4.505962549497873, 40.828597586148888 ], [ -4.507501354044548, 40.828597586148888 ], [ -4.507501354044548, 40.827828183875553 ], [ -4.508270756317886, 40.827828183875553 ], [ -4.508270756317886, 40.827058781602211 ], [ -4.511348365411236, 40.827058781602211 ], [ -4.511348365411236, 40.826289379328877 ], [ -4.513656572231249, 40.826289379328877 ], [ -4.513656572231249, 40.825519977055542 ], [ -4.515964779051262, 40.825519977055542 ], [ -4.515964779051262, 40.8247505747822 ], [ -4.519042388144612, 40.8247505747822 ], [ -4.519042388144612, 40.823981172508866 ], [ -4.521350594964625, 40.823981172508866 ], [ -4.521350594964625, 40.823211770235524 ], [ -4.526736410877988, 40.823211770235524 ], [ -4.526736410877988, 40.822442367962189 ], [ -4.527505813151325, 40.822442367962189 ], [ -4.527505813151325, 40.823211770235524 ], [ -4.529044617698001, 40.823211770235524 ], [ -4.529044617698001, 40.823981172508866 ], [ -4.530583422244677, 40.823981172508866 ], [ -4.530583422244677, 40.8247505747822 ], [ -4.532891629064689, 40.8247505747822 ], [ -4.532891629064689, 40.825519977055542 ], [ -4.534430433611364, 40.825519977055542 ], [ -4.534430433611364, 40.826289379328877 ], [ -4.53596923815804, 40.826289379328877 ], [ -4.53596923815804, 40.825519977055542 ], [ -4.538277444978053, 40.825519977055542 ], [ -4.538277444978053, 40.8247505747822 ], [ -4.541355054071403, 40.8247505747822 ], [ -4.541355054071403, 40.823981172508866 ], [ -4.543663260891416, 40.823981172508866 ], [ -4.543663260891416, 40.823211770235524 ], [ -4.545971467711428, 40.823211770235524 ], [ -4.545971467711428, 40.822442367962189 ], [ -4.549049076804779, 40.822442367962189 ], [ -4.549049076804779, 40.823211770235524 ], [ -4.549818479078116, 40.823211770235524 ], [ -4.549818479078116, 40.823981172508866 ], [ -4.550587881351454, 40.823981172508866 ], [ -4.550587881351454, 40.8247505747822 ], [ -4.551357283624792, 40.8247505747822 ], [ -4.551357283624792, 40.825519977055542 ], [ -4.552126685898129, 40.825519977055542 ], [ -4.552126685898129, 40.826289379328877 ], [ -4.552896088171467, 40.826289379328877 ], [ -4.552896088171467, 40.827058781602211 ], [ -4.553665490444804, 40.827058781602211 ], [ -4.553665490444804, 40.827828183875553 ], [ -4.554434892718142, 40.827828183875553 ], [ -4.554434892718142, 40.828597586148888 ], [ -4.555204294991479, 40.828597586148888 ], [ -4.555204294991479, 40.82936698842223 ], [ -4.555973697264817, 40.82936698842223 ], [ -4.555973697264817, 40.830136390695564 ], [ -4.556743099538155, 40.830136390695564 ], [ -4.556743099538155, 40.831675195242241 ], [ -4.557512501811492, 40.831675195242241 ], [ -4.557512501811492, 40.832444597515575 ], [ -4.558281904084829, 40.832444597515575 ], [ -4.558281904084829, 40.833213999788917 ], [ -4.559051306358167, 40.833213999788917 ], [ -4.559051306358167, 40.834752804335594 ], [ -4.560590110904842, 40.834752804335594 ], [ -4.560590110904842, 40.835522206608928 ], [ -4.56135951317818, 40.835522206608928 ], [ -4.56135951317818, 40.836291608882263 ], [ -4.562128915451518, 40.836291608882263 ], [ -4.562128915451518, 40.837061011155605 ], [ -4.562898317724855, 40.837061011155605 ], [ -4.562898317724855, 40.839369217975616 ], [ -4.562128915451518, 40.839369217975616 ], [ -4.562128915451518, 40.84013862024895 ], [ -4.56135951317818, 40.84013862024895 ], [ -4.56135951317818, 40.841677424795627 ], [ -4.560590110904842, 40.841677424795627 ], [ -4.560590110904842, 40.843216229342303 ], [ -4.559820708631505, 40.843216229342303 ], [ -4.559820708631505, 40.84475503388898 ], [ -4.559051306358167, 40.84475503388898 ], [ -4.559051306358167, 40.845524436162314 ], [ -4.558281904084829, 40.845524436162314 ], [ -4.558281904084829, 40.846293838435656 ], [ -4.557512501811492, 40.846293838435656 ], [ -4.557512501811492, 40.847832642982333 ], [ -4.555973697264817, 40.847832642982333 ], [ -4.555973697264817, 40.848602045255667 ], [ -4.556743099538155, 40.848602045255667 ], [ -4.556743099538155, 40.849371447529002 ], [ -4.555204294991479, 40.849371447529002 ], [ -4.555204294991479, 40.850140849802344 ], [ -4.554434892718142, 40.850140849802344 ], [ -4.554434892718142, 40.85167965434902 ], [ -4.553665490444804, 40.85167965434902 ], [ -4.553665490444804, 40.853218458895697 ], [ -4.552896088171467, 40.853218458895697 ], [ -4.552896088171467, 40.853987861169031 ], [ -4.552126685898129, 40.853987861169031 ], [ -4.552126685898129, 40.854757263442366 ], [ -4.545971467711428, 40.854757263442366 ], [ -4.545971467711428, 40.855526665715708 ], [ -4.542893858618077, 40.855526665715708 ], [ -4.542893858618077, 40.856296067989042 ], [ -4.53904684725139, 40.856296067989042 ], [ -4.53904684725139, 40.855526665715708 ], [ -4.537508042704714, 40.855526665715708 ], [ -4.537508042704714, 40.856296067989042 ], [ -4.536738640431377, 40.856296067989042 ], [ -4.536738640431377, 40.857065470262384 ], [ -4.53596923815804, 40.857065470262384 ], [ -4.53596923815804, 40.86014307935573 ], [ -4.536738640431377, 40.86014307935573 ], [ -4.536738640431377, 40.862451286175741 ], [ -4.538277444978053, 40.862451286175741 ], [ -4.538277444978053, 40.863220688449083 ], [ -4.53904684725139, 40.863220688449083 ], [ -4.53904684725139, 40.870145308909123 ], [ -4.539816249524727, 40.870145308909123 ], [ -4.539816249524727, 40.871684113455792 ], [ -4.540585651798065, 40.871684113455792 ], [ -4.540585651798065, 40.872453515729134 ], [ -4.543663260891416, 40.872453515729134 ], [ -4.543663260891416, 40.873222918002469 ], [ -4.54520206543809, 40.873222918002469 ], [ -4.54520206543809, 40.873992320275811 ], [ -4.546740869984766, 40.873992320275811 ], [ -4.546740869984766, 40.874761722549145 ], [ -4.548279674531441, 40.874761722549145 ], [ -4.548279674531441, 40.87553112482248 ], [ -4.550587881351454, 40.87553112482248 ], [ -4.550587881351454, 40.876300527095822 ], [ -4.551357283624792, 40.876300527095822 ], [ -4.551357283624792, 40.87553112482248 ], [ -4.552126685898129, 40.87553112482248 ], [ -4.552126685898129, 40.876300527095822 ], [ -4.553665490444804, 40.876300527095822 ], [ -4.553665490444804, 40.877069929369156 ], [ -4.554434892718142, 40.877069929369156 ], [ -4.554434892718142, 40.878608733915833 ], [ -4.555204294991479, 40.878608733915833 ], [ -4.555204294991479, 40.880147538462509 ], [ -4.557512501811492, 40.880147538462509 ], [ -4.557512501811492, 40.880916940735844 ], [ -4.558281904084829, 40.880916940735844 ], [ -4.558281904084829, 40.881686343009186 ], [ -4.559820708631505, 40.881686343009186 ], [ -4.559820708631505, 40.88245574528252 ], [ -4.56135951317818, 40.88245574528252 ], [ -4.56135951317818, 40.883225147555862 ], [ -4.563667719998193, 40.883225147555862 ], [ -4.563667719998193, 40.885533354375873 ], [ -4.562898317724855, 40.885533354375873 ], [ -4.562898317724855, 40.887841561195884 ], [ -4.562128915451518, 40.887841561195884 ], [ -4.562128915451518, 40.888610963469226 ], [ -4.560590110904842, 40.888610963469226 ], [ -4.560590110904842, 40.890149768015895 ], [ -4.56135951317818, 40.890149768015895 ], [ -4.56135951317818, 40.890919170289237 ], [ -4.559820708631505, 40.890919170289237 ], [ -4.559820708631505, 40.892457974835914 ], [ -4.559051306358167, 40.892457974835914 ], [ -4.559051306358167, 40.896304986202601 ], [ -4.559820708631505, 40.896304986202601 ], [ -4.559820708631505, 40.900921399842623 ], [ -4.560590110904842, 40.900921399842623 ], [ -4.560590110904842, 40.9024602043893 ], [ -4.559820708631505, 40.9024602043893 ], [ -4.559820708631505, 40.903999008935976 ], [ -4.559051306358167, 40.903999008935976 ], [ -4.559051306358167, 40.904768411209311 ], [ -4.558281904084829, 40.904768411209311 ], [ -4.558281904084829, 40.905537813482653 ], [ -4.557512501811492, 40.905537813482653 ], [ -4.557512501811492, 40.906307215755987 ], [ -4.558281904084829, 40.906307215755987 ], [ -4.558281904084829, 40.907076618029322 ], [ -4.559051306358167, 40.907076618029322 ], [ -4.559051306358167, 40.907846020302664 ], [ -4.559820708631505, 40.907846020302664 ], [ -4.559820708631505, 40.908615422575998 ], [ -4.560590110904842, 40.908615422575998 ], [ -4.560590110904842, 40.90938482484934 ], [ -4.56135951317818, 40.90938482484934 ], [ -4.56135951317818, 40.910154227122675 ], [ -4.562128915451518, 40.910154227122675 ], [ -4.562128915451518, 40.910923629396009 ], [ -4.563667719998193, 40.910923629396009 ], [ -4.563667719998193, 40.918617652129392 ], [ -4.562898317724855, 40.918617652129392 ], [ -4.562898317724855, 40.930158686229454 ], [ -4.562128915451518, 40.930158686229454 ], [ -4.562128915451518, 40.937852708962829 ], [ -4.565206524544868, 40.937852708962829 ], [ -4.565206524544868, 40.938622111236164 ], [ -4.566745329091543, 40.938622111236164 ], [ -4.566745329091543, 40.94016091578284 ], [ -4.567514731364881, 40.94016091578284 ], [ -4.567514731364881, 40.940930318056182 ], [ -4.568284133638219, 40.940930318056182 ], [ -4.568284133638219, 40.941699720329517 ], [ -4.569053535911556, 40.941699720329517 ], [ -4.569053535911556, 40.942469122602851 ], [ -4.571361742731569, 40.942469122602851 ], [ -4.571361742731569, 40.946316133969539 ], [ -4.572131145004906, 40.946316133969539 ], [ -4.572131145004906, 40.950932547609568 ], [ -4.570592340458232, 40.950932547609568 ], [ -4.570592340458232, 40.951701949882903 ], [ -4.569822938184894, 40.951701949882903 ], [ -4.569822938184894, 40.952471352156245 ], [ -4.575978156371594, 40.952471352156245 ], [ -4.575978156371594, 40.954010156702921 ], [ -4.576747558644932, 40.954010156702921 ], [ -4.576747558644932, 40.95554896124959 ], [ -4.57751696091827, 40.95554896124959 ], [ -4.57751696091827, 40.957087765796267 ], [ -4.578286363191607, 40.957087765796267 ], [ -4.578286363191607, 40.957857168069609 ], [ -4.579055765464945, 40.957857168069609 ], [ -4.579055765464945, 40.958626570342943 ], [ -4.584441581378308, 40.958626570342943 ], [ -4.584441581378308, 40.959395972616278 ], [ -4.585980385924984, 40.959395972616278 ], [ -4.585980385924984, 40.96016537488962 ], [ -4.589057995018334, 40.96016537488962 ], [ -4.589057995018334, 40.960934777162954 ], [ -4.591366201838346, 40.960934777162954 ], [ -4.591366201838346, 40.961704179436296 ], [ -4.59675201775171, 40.961704179436296 ], [ -4.59675201775171, 40.962473581709631 ], [ -4.599060224571723, 40.962473581709631 ], [ -4.599060224571723, 40.963242983982973 ], [ -4.59982962684506, 40.963242983982973 ], [ -4.59982962684506, 40.964012386256307 ], [ -4.601368431391736, 40.964012386256307 ], [ -4.601368431391736, 40.964781788529642 ], [ -4.604446040485086, 40.964781788529642 ], [ -4.604446040485086, 40.965551190802984 ], [ -4.605215442758423, 40.965551190802984 ], [ -4.605215442758423, 40.966320593076318 ], [ -4.606754247305099, 40.966320593076318 ], [ -4.606754247305099, 40.96708999534966 ], [ -4.607523649578436, 40.96708999534966 ], [ -4.607523649578436, 40.967859397622995 ], [ -4.610601258671786, 40.967859397622995 ], [ -4.610601258671786, 40.968628799896329 ], [ -4.611370660945123, 40.968628799896329 ], [ -4.611370660945123, 40.971706408989682 ], [ -4.612140063218462, 40.971706408989682 ], [ -4.612140063218462, 40.974014615809693 ], [ -4.612909465491799, 40.974014615809693 ], [ -4.612909465491799, 40.976322822629712 ], [ -4.613678867765136, 40.976322822629712 ], [ -4.613678867765136, 40.978631029449723 ], [ -4.615217672311812, 40.978631029449723 ], [ -4.615217672311812, 40.980939236269734 ], [ -4.615987074585149, 40.980939236269734 ], [ -4.615987074585149, 40.983247443089745 ], [ -4.616756476858487, 40.983247443089745 ], [ -4.616756476858487, 40.985555649909763 ], [ -4.617525879131825, 40.985555649909763 ], [ -4.617525879131825, 40.987863856729774 ], [ -4.618295281405162, 40.987863856729774 ], [ -4.618295281405162, 40.988633259003109 ], [ -4.619834085951838, 40.988633259003109 ], [ -4.619834085951838, 40.99094146582312 ], [ -4.620603488225175, 40.99094146582312 ], [ -4.620603488225175, 40.992480270369796 ], [ -4.621372890498513, 40.992480270369796 ], [ -4.621372890498513, 40.994019074916473 ], [ -4.622142292771851, 40.994019074916473 ], [ -4.622142292771851, 40.99786608628316 ], [ -4.621372890498513, 40.99786608628316 ], [ -4.621372890498513, 41.000943695376513 ], [ -4.622142292771851, 41.000943695376513 ], [ -4.622142292771851, 41.001713097649848 ], [ -4.624450499591863, 41.001713097649848 ], [ -4.624450499591863, 41.00248249992319 ], [ -4.625219901865201, 41.00248249992319 ], [ -4.625219901865201, 41.003251902196524 ], [ -4.625989304138538, 41.003251902196524 ], [ -4.625989304138538, 41.004021304469859 ], [ -4.626758706411875, 41.004021304469859 ], [ -4.626758706411875, 41.008637718109888 ], [ -4.627528108685214, 41.008637718109888 ], [ -4.627528108685214, 41.009407120383223 ], [ -4.628297510958551, 41.009407120383223 ], [ -4.628297510958551, 41.010176522656565 ], [ -4.629066913231888, 41.010176522656565 ], [ -4.629066913231888, 41.010945924929899 ], [ -4.629836315505226, 41.010945924929899 ], [ -4.629836315505226, 41.012484729476576 ], [ -4.630605717778564, 41.012484729476576 ], [ -4.630605717778564, 41.01325413174991 ], [ -4.631375120051901, 41.01325413174991 ], [ -4.631375120051901, 41.014023534023252 ], [ -4.632144522325239, 41.014023534023252 ], [ -4.632144522325239, 41.015562338569929 ], [ -4.632913924598577, 41.015562338569929 ], [ -4.632913924598577, 41.017101143116598 ], [ -4.633683326871914, 41.017101143116598 ], [ -4.633683326871914, 41.01787054538994 ], [ -4.63522213141859, 41.01787054538994 ], [ -4.63522213141859, 41.018639947663274 ], [ -4.635991533691927, 41.018639947663274 ], [ -4.635991533691927, 41.020178752209951 ], [ -4.636760935965265, 41.020178752209951 ], [ -4.636760935965265, 41.020948154483293 ], [ -4.637530338238602, 41.020948154483293 ], [ -4.637530338238602, 41.022486959029962 ], [ -4.63829974051194, 41.022486959029962 ], [ -4.63829974051194, 41.023256361303304 ], [ -4.639069142785278, 41.023256361303304 ], [ -4.639069142785278, 41.02479516584998 ], [ -4.640607947331953, 41.02479516584998 ], [ -4.640607947331953, 41.025564568123315 ], [ -4.64137734960529, 41.025564568123315 ], [ -4.64137734960529, 41.027103372669991 ], [ -4.642146751878628, 41.027103372669991 ], [ -4.642146751878628, 41.027872774943326 ], [ -4.648301970065329, 41.027872774943326 ], [ -4.648301970065329, 41.028642177216668 ], [ -4.651379579158679, 41.028642177216668 ], [ -4.651379579158679, 41.029411579490002 ], [ -4.652148981432017, 41.029411579490002 ], [ -4.652148981432017, 41.030180981763337 ], [ -4.65445718825203, 41.030180981763337 ], [ -4.65445718825203, 41.030950384036679 ], [ -4.655226590525367, 41.030950384036679 ], [ -4.655226590525367, 41.031719786310013 ], [ -4.656765395072043, 41.031719786310013 ], [ -4.656765395072043, 41.032489188583355 ], [ -4.65753479734538, 41.032489188583355 ], [ -4.65753479734538, 41.03325859085669 ], [ -4.658304199618717, 41.03325859085669 ], [ -4.658304199618717, 41.034797395403366 ], [ -4.659073601892055, 41.034797395403366 ], [ -4.659073601892055, 41.035566797676701 ], [ -4.661381808712068, 41.035566797676701 ], [ -4.661381808712068, 41.037105602223377 ], [ -4.662151210985405, 41.037105602223377 ], [ -4.662151210985405, 41.037875004496719 ], [ -4.662920613258743, 41.037875004496719 ], [ -4.662920613258743, 41.038644406770054 ], [ -4.66369001553208, 41.038644406770054 ], [ -4.66369001553208, 41.039413809043388 ], [ -4.665228820078756, 41.039413809043388 ], [ -4.665228820078756, 41.04018321131673 ], [ -4.666767624625431, 41.04018321131673 ], [ -4.666767624625431, 41.040952613590065 ], [ -4.667537026898769, 41.040952613590065 ], [ -4.667537026898769, 41.041722015863407 ], [ -4.668306429172106, 41.041722015863407 ], [ -4.668306429172106, 41.042491418136741 ], [ -4.669845233718782, 41.042491418136741 ], [ -4.669845233718782, 41.043260820410083 ], [ -4.673692245085469, 41.043260820410083 ], [ -4.673692245085469, 41.044030222683418 ], [ -4.675231049632145, 41.044030222683418 ], [ -4.675231049632145, 41.044799624956752 ], [ -4.676769854178819, 41.044799624956752 ], [ -4.676769854178819, 41.045569027230094 ], [ -4.678308658725495, 41.045569027230094 ], [ -4.678308658725495, 41.046338429503429 ], [ -4.681386267818845, 41.046338429503429 ], [ -4.681386267818845, 41.047107831776771 ], [ -4.682925072365521, 41.047107831776771 ], [ -4.682925072365521, 41.047877234050105 ], [ -4.695235508738921, 41.047877234050105 ], [ -4.695235508738921, 41.04864663632344 ], [ -4.704468336018973, 41.04864663632344 ], [ -4.704468336018973, 41.049416038596782 ], [ -4.705237738292311, 41.049416038596782 ], [ -4.705237738292311, 41.050185440870116 ], [ -4.706776542838986, 41.050185440870116 ], [ -4.706776542838986, 41.050954843143458 ], [ -4.707545945112324, 41.050954843143458 ], [ -4.707545945112324, 41.051724245416793 ], [ -4.709854151932336, 41.051724245416793 ], [ -4.709854151932336, 41.053263049963469 ], [ -4.710623554205674, 41.053263049963469 ], [ -4.710623554205674, 41.054801854510146 ], [ -4.711392956479012, 41.054801854510146 ], [ -4.711392956479012, 41.05557125678348 ], [ -4.712162358752349, 41.05557125678348 ], [ -4.712162358752349, 41.056340659056822 ], [ -4.712931761025686, 41.056340659056822 ], [ -4.712931761025686, 41.057879463603491 ], [ -4.713701163299024, 41.057879463603491 ], [ -4.713701163299024, 41.058648865876833 ], [ -4.715239967845699, 41.058648865876833 ], [ -4.715239967845699, 41.059418268150168 ], [ -4.716009370119037, 41.059418268150168 ], [ -4.716009370119037, 41.060957072696844 ], [ -4.716778772392375, 41.060957072696844 ], [ -4.716778772392375, 41.063265279516855 ], [ -4.717548174665712, 41.063265279516855 ], [ -4.717548174665712, 41.064804084063532 ], [ -4.71831757693905, 41.064804084063532 ], [ -4.71831757693905, 41.067112290883543 ], [ -4.719086979212388, 41.067112290883543 ], [ -4.719086979212388, 41.067881693156885 ], [ -4.719856381485725, 41.067881693156885 ], [ -4.719856381485725, 41.068651095430219 ], [ -4.720625783759063, 41.068651095430219 ], [ -4.720625783759063, 41.07095930225023 ], [ -4.719856381485725, 41.07095930225023 ], [ -4.719856381485725, 41.073267509070249 ], [ -4.719086979212388, 41.073267509070249 ], [ -4.719086979212388, 41.076345118163594 ], [ -4.71831757693905, 41.076345118163594 ], [ -4.71831757693905, 41.079422727256947 ], [ -4.717548174665712, 41.079422727256947 ], [ -4.717548174665712, 41.081730934076958 ], [ -4.716778772392375, 41.081730934076958 ], [ -4.716778772392375, 41.0825003363503 ], [ -4.715239967845699, 41.0825003363503 ], [ -4.715239967845699, 41.083269738623635 ], [ -4.713701163299024, 41.083269738623635 ], [ -4.713701163299024, 41.084039140896969 ], [ -4.712931761025686, 41.084039140896969 ], [ -4.712931761025686, 41.084808543170311 ], [ -4.712162358752349, 41.084808543170311 ], [ -4.712162358752349, 41.085577945443646 ], [ -4.717548174665712, 41.085577945443646 ], [ -4.717548174665712, 41.086347347716988 ], [ -4.722933990579076, 41.086347347716988 ], [ -4.722933990579076, 41.087116749990322 ], [ -4.726781001945763, 41.087116749990322 ], [ -4.726781001945763, 41.087886152263657 ], [ -4.726011599672426, 41.087886152263657 ], [ -4.726011599672426, 41.088655554536999 ], [ -4.722164588305738, 41.088655554536999 ], [ -4.722164588305738, 41.089424956810333 ], [ -4.719086979212388, 41.089424956810333 ], [ -4.719086979212388, 41.090194359083675 ], [ -4.717548174665712, 41.090194359083675 ], [ -4.717548174665712, 41.09096376135701 ], [ -4.716778772392375, 41.09096376135701 ], [ -4.716778772392375, 41.091733163630352 ], [ -4.716009370119037, 41.091733163630352 ], [ -4.716009370119037, 41.094041370450363 ], [ -4.715239967845699, 41.094041370450363 ], [ -4.715239967845699, 41.095580174997039 ], [ -4.714470565572362, 41.095580174997039 ], [ -4.714470565572362, 41.09788838181705 ], [ -4.715239967845699, 41.09788838181705 ], [ -4.715239967845699, 41.098657784090385 ], [ -4.716778772392375, 41.098657784090385 ], [ -4.716778772392375, 41.100196588637061 ], [ -4.717548174665712, 41.100196588637061 ], [ -4.717548174665712, 41.100965990910396 ], [ -4.719086979212388, 41.100965990910396 ], [ -4.719086979212388, 41.101735393183738 ], [ -4.719856381485725, 41.101735393183738 ], [ -4.719856381485725, 41.10635180682376 ], [ -4.719086979212388, 41.10635180682376 ], [ -4.719086979212388, 41.108660013643778 ], [ -4.719856381485725, 41.108660013643778 ], [ -4.719856381485725, 41.109429415917113 ], [ -4.720625783759063, 41.109429415917113 ], [ -4.720625783759063, 41.110198818190447 ], [ -4.722164588305738, 41.110198818190447 ], [ -4.722164588305738, 41.111737622737124 ], [ -4.722933990579076, 41.111737622737124 ], [ -4.722933990579076, 41.112507025010466 ], [ -4.724472795125751, 41.112507025010466 ], [ -4.724472795125751, 41.1132764272838 ], [ -4.725242197399089, 41.1132764272838 ], [ -4.725242197399089, 41.114815231830477 ], [ -4.726011599672426, 41.114815231830477 ], [ -4.726011599672426, 41.11789284092383 ], [ -4.726781001945763, 41.11789284092383 ], [ -4.726781001945763, 41.119431645470499 ], [ -4.727550404219101, 41.119431645470499 ], [ -4.727550404219101, 41.124048059110528 ], [ -4.728319806492439, 41.124048059110528 ], [ -4.728319806492439, 41.124817461383863 ], [ -4.726781001945763, 41.124817461383863 ], [ -4.726781001945763, 41.127125668203881 ], [ -4.727550404219101, 41.127125668203881 ], [ -4.727550404219101, 41.127895070477216 ], [ -4.725242197399089, 41.127895070477216 ], [ -4.725242197399089, 41.12866447275055 ], [ -4.724472795125751, 41.12866447275055 ], [ -4.724472795125751, 41.129433875023892 ], [ -4.722933990579076, 41.129433875023892 ], [ -4.722933990579076, 41.130203277297227 ], [ -4.722164588305738, 41.130203277297227 ], [ -4.722164588305738, 41.131742081843903 ], [ -4.723703392852413, 41.131742081843903 ], [ -4.723703392852413, 41.136358495483925 ], [ -4.725242197399089, 41.136358495483925 ], [ -4.725242197399089, 41.144052518217308 ], [ -4.726011599672426, 41.144052518217308 ], [ -4.726011599672426, 41.145591322763977 ], [ -4.726781001945763, 41.145591322763977 ], [ -4.726781001945763, 41.146360725037319 ], [ -4.730628013312451, 41.146360725037319 ], [ -4.730628013312451, 41.147130127310653 ], [ -4.736783231499152, 41.147130127310653 ] ] ] } },
{ "type": "Feature", "properties": { "fid": 14583, "DN": 96, "cuenca": "Alberche", "path": "Polygon?crs=EPSG:4326&uid={a33e1a2b-505a-4683-9965-e9503432ab33}" }, "geometry": { "type": "Polygon", "coordinates": [ [ [ -4.185121801516095, 40.697029797408163 ], [ -4.185121801516095, 40.696260395134821 ], [ -4.18666060606277, 40.696260395134821 ], [ -4.18666060606277, 40.695490992861487 ], [ -4.190507617429459, 40.695490992861487 ], [ -4.190507617429459, 40.694721590588145 ], [ -4.197432237889497, 40.694721590588145 ], [ -4.197432237889497, 40.69395218831481 ], [ -4.20281805380286, 40.69395218831481 ], [ -4.20281805380286, 40.693182786041476 ], [ -4.209742674262898, 40.693182786041476 ], [ -4.209742674262898, 40.692413383768134 ], [ -4.215897892449599, 40.692413383768134 ], [ -4.215897892449599, 40.691643981494799 ], [ -4.218206099269612, 40.691643981494799 ], [ -4.218206099269612, 40.690874579221457 ], [ -4.221283708362963, 40.690874579221457 ], [ -4.221283708362963, 40.690105176948123 ], [ -4.223591915182975, 40.690105176948123 ], [ -4.223591915182975, 40.689335774674788 ], [ -4.225900122002988, 40.689335774674788 ], [ -4.225900122002988, 40.688566372401446 ], [ -4.228977731096339, 40.688566372401446 ], [ -4.228977731096339, 40.687796970128112 ], [ -4.231285937916351, 40.687796970128112 ], [ -4.231285937916351, 40.68702756785477 ], [ -4.235132949283039, 40.68702756785477 ], [ -4.235132949283039, 40.687796970128112 ], [ -4.24128816746974, 40.687796970128112 ], [ -4.24128816746974, 40.688566372401446 ], [ -4.248212787929778, 40.688566372401446 ], [ -4.248212787929778, 40.687796970128112 ], [ -4.252059799296466, 40.687796970128112 ], [ -4.252059799296466, 40.68702756785477 ], [ -4.254368006116479, 40.68702756785477 ], [ -4.254368006116479, 40.687796970128112 ], [ -4.255137408389817, 40.687796970128112 ], [ -4.255137408389817, 40.68702756785477 ], [ -4.255906810663154, 40.68702756785477 ], [ -4.255906810663154, 40.686258165581435 ], [ -4.256676212936492, 40.686258165581435 ], [ -4.256676212936492, 40.685488763308093 ], [ -4.258215017483167, 40.685488763308093 ], [ -4.258215017483167, 40.684719361034759 ], [ -4.261292626576518, 40.684719361034759 ], [ -4.261292626576518, 40.683949958761424 ], [ -4.265909040216543, 40.683949958761424 ], [ -4.265909040216543, 40.683180556488082 ], [ -4.268217247036556, 40.683180556488082 ], [ -4.268217247036556, 40.682411154214748 ], [ -4.268986649309893, 40.682411154214748 ], [ -4.268986649309893, 40.681641751941406 ], [ -4.270525453856568, 40.681641751941406 ], [ -4.270525453856568, 40.680872349668071 ], [ -4.272064258403244, 40.680872349668071 ], [ -4.272064258403244, 40.679333545121395 ], [ -4.272833660676581, 40.679333545121395 ], [ -4.272833660676581, 40.67856414284806 ], [ -4.269756051583231, 40.67856414284806 ], [ -4.269756051583231, 40.677794740574718 ], [ -4.268986649309893, 40.677794740574718 ], [ -4.268986649309893, 40.677025338301384 ], [ -4.267447844763218, 40.677025338301384 ], [ -4.267447844763218, 40.675486533754707 ], [ -4.26667844248988, 40.675486533754707 ], [ -4.26667844248988, 40.674717131481373 ], [ -4.265909040216543, 40.674717131481373 ], [ -4.265909040216543, 40.673178326934696 ], [ -4.265139637943205, 40.673178326934696 ], [ -4.265139637943205, 40.67163952238802 ], [ -4.264370235669867, 40.67163952238802 ], [ -4.264370235669867, 40.670870120114685 ], [ -4.26360083339653, 40.670870120114685 ], [ -4.26360083339653, 40.670100717841343 ], [ -4.262062028849855, 40.670100717841343 ], [ -4.262062028849855, 40.668561913294667 ], [ -4.261292626576518, 40.668561913294667 ], [ -4.261292626576518, 40.667792511021332 ], [ -4.259753822029842, 40.667792511021332 ], [ -4.259753822029842, 40.667023108747998 ], [ -4.258215017483167, 40.667023108747998 ], [ -4.258215017483167, 40.666253706474656 ], [ -4.256676212936492, 40.666253706474656 ], [ -4.256676212936492, 40.665484304201321 ], [ -4.255137408389817, 40.665484304201321 ], [ -4.255137408389817, 40.658559683741281 ], [ -4.255906810663154, 40.658559683741281 ], [ -4.255906810663154, 40.65163506328124 ], [ -4.258984419756505, 40.65163506328124 ], [ -4.258984419756505, 40.652404465554582 ], [ -4.262062028849855, 40.652404465554582 ], [ -4.262062028849855, 40.653173867827917 ], [ -4.265139637943205, 40.653173867827917 ], [ -4.265139637943205, 40.653943270101259 ], [ -4.26667844248988, 40.653943270101259 ], [ -4.26667844248988, 40.653173867827917 ], [ -4.268986649309893, 40.653173867827917 ], [ -4.268986649309893, 40.653943270101259 ], [ -4.271294856129906, 40.653943270101259 ], [ -4.271294856129906, 40.653173867827917 ], [ -4.280527683409957, 40.653173867827917 ], [ -4.280527683409957, 40.652404465554582 ], [ -4.291299315236683, 40.652404465554582 ], [ -4.291299315236683, 40.65163506328124 ], [ -4.301301544790072, 40.65163506328124 ], [ -4.301301544790072, 40.650865661007906 ], [ -4.303609751610085, 40.650865661007906 ], [ -4.303609751610085, 40.650096258734564 ], [ -4.306687360703435, 40.650096258734564 ], [ -4.306687360703435, 40.649326856461229 ], [ -4.308995567523448, 40.649326856461229 ], [ -4.308995567523448, 40.648557454187895 ], [ -4.314381383436811, 40.648557454187895 ], [ -4.314381383436811, 40.647788051914553 ], [ -4.316689590256824, 40.647788051914553 ], [ -4.316689590256824, 40.647018649641218 ], [ -4.318997797076837, 40.647018649641218 ], [ -4.318997797076837, 40.646249247367876 ], [ -4.327461222083551, 40.646249247367876 ], [ -4.327461222083551, 40.644710442821207 ], [ -4.328230624356888, 40.644710442821207 ], [ -4.328230624356888, 40.643941040547865 ], [ -4.329000026630226, 40.643941040547865 ], [ -4.329000026630226, 40.642402236001189 ], [ -4.331308233450239, 40.642402236001189 ], [ -4.331308233450239, 40.64086343145452 ], [ -4.332077635723576, 40.64086343145452 ], [ -4.332077635723576, 40.639324626907843 ], [ -4.331308233450239, 40.639324626907843 ], [ -4.331308233450239, 40.638555224634501 ], [ -4.329000026630226, 40.638555224634501 ], [ -4.329000026630226, 40.637785822361167 ], [ -4.328230624356888, 40.637785822361167 ], [ -4.328230624356888, 40.637016420087825 ], [ -4.327461222083551, 40.637016420087825 ], [ -4.327461222083551, 40.635477615541156 ], [ -4.336694049363602, 40.635477615541156 ], [ -4.336694049363602, 40.63624701781449 ], [ -4.351312692557016, 40.63624701781449 ], [ -4.351312692557016, 40.635477615541156 ], [ -4.371317151663794, 40.635477615541156 ], [ -4.371317151663794, 40.634708213267814 ], [ -4.37901117439717, 40.634708213267814 ], [ -4.37901117439717, 40.633938810994479 ], [ -4.385935794857208, 40.633938810994479 ], [ -4.385935794857208, 40.633169408721137 ], [ -4.389013403950559, 40.633169408721137 ], [ -4.389013403950559, 40.632400006447803 ], [ -4.390552208497233, 40.632400006447803 ], [ -4.390552208497233, 40.631630604174468 ], [ -4.394399219863922, 40.631630604174468 ], [ -4.394399219863922, 40.630861201901126 ], [ -4.397476828957272, 40.630861201901126 ], [ -4.397476828957272, 40.631630604174468 ], [ -4.403632047143972, 40.631630604174468 ], [ -4.403632047143972, 40.632400006447803 ], [ -4.414403678970699, 40.632400006447803 ], [ -4.414403678970699, 40.631630604174468 ], [ -4.422097701704075, 40.631630604174468 ], [ -4.422097701704075, 40.632400006447803 ], [ -4.426714115344101, 40.632400006447803 ], [ -4.426714115344101, 40.631630604174468 ], [ -4.43363873580414, 40.631630604174468 ], [ -4.43363873580414, 40.630861201901126 ], [ -4.441332758537515, 40.630861201901126 ], [ -4.441332758537515, 40.630091799627792 ], [ -4.448257378997553, 40.630091799627792 ], [ -4.448257378997553, 40.62932239735445 ], [ -4.458259608550942, 40.62932239735445 ], [ -4.458259608550942, 40.628552995081115 ], [ -4.46210661991763, 40.628552995081115 ], [ -4.46210661991763, 40.627783592807781 ], [ -4.464414826737643, 40.627783592807781 ], [ -4.464414826737643, 40.627014190534439 ], [ -4.466723033557656, 40.627014190534439 ], [ -4.466723033557656, 40.626244788261104 ], [ -4.468261838104331, 40.626244788261104 ], [ -4.468261838104331, 40.625475385987762 ], [ -4.471339447197681, 40.625475385987762 ], [ -4.471339447197681, 40.624705983714428 ], [ -4.472878251744357, 40.624705983714428 ], [ -4.472878251744357, 40.623936581441086 ], [ -4.474417056291031, 40.623936581441086 ], [ -4.474417056291031, 40.623167179167751 ], [ -4.476725263111044, 40.623167179167751 ], [ -4.476725263111044, 40.622397776894417 ], [ -4.479802872204395, 40.622397776894417 ], [ -4.479802872204395, 40.621628374621075 ], [ -4.486727492664433, 40.621628374621075 ], [ -4.486727492664433, 40.62085897234774 ], [ -4.490574504031121, 40.62085897234774 ], [ -4.490574504031121, 40.620089570074398 ], [ -4.495190917671147, 40.620089570074398 ], [ -4.495190917671147, 40.619320167801064 ], [ -4.499037929037835, 40.619320167801064 ], [ -4.499037929037835, 40.618550765527729 ], [ -4.50365434267786, 40.618550765527729 ], [ -4.50365434267786, 40.617781363254387 ], [ -4.508270756317886, 40.617781363254387 ], [ -4.508270756317886, 40.617011960981053 ], [ -4.512887169957912, 40.617011960981053 ], [ -4.512887169957912, 40.616242558707711 ], [ -4.513656572231249, 40.616242558707711 ], [ -4.513656572231249, 40.615473156434376 ], [ -4.515195376777925, 40.615473156434376 ], [ -4.515195376777925, 40.614703754161042 ], [ -4.515964779051262, 40.614703754161042 ], [ -4.515964779051262, 40.6139343518877 ], [ -4.518272985871275, 40.6139343518877 ], [ -4.518272985871275, 40.613164949614365 ], [ -4.520581192691288, 40.613164949614365 ], [ -4.520581192691288, 40.612395547341023 ], [ -4.521350594964625, 40.612395547341023 ], [ -4.521350594964625, 40.611626145067689 ], [ -4.5228893995113, 40.611626145067689 ], [ -4.5228893995113, 40.610856742794347 ], [ -4.523658801784638, 40.610856742794347 ], [ -4.523658801784638, 40.610087340521012 ], [ -4.525197606331313, 40.610087340521012 ], [ -4.525197606331313, 40.609317938247678 ], [ -4.526736410877988, 40.609317938247678 ], [ -4.526736410877988, 40.608548535974336 ], [ -4.529044617698001, 40.608548535974336 ], [ -4.529044617698001, 40.607779133701001 ], [ -4.530583422244677, 40.607779133701001 ], [ -4.530583422244677, 40.607009731427659 ], [ -4.531352824518014, 40.607009731427659 ], [ -4.531352824518014, 40.606240329154325 ], [ -4.532891629064689, 40.606240329154325 ], [ -4.532891629064689, 40.60547092688099 ], [ -4.533661031338027, 40.60547092688099 ], [ -4.533661031338027, 40.604701524607648 ], [ -4.543663260891416, 40.604701524607648 ], [ -4.543663260891416, 40.60547092688099 ], [ -4.563667719998193, 40.60547092688099 ], [ -4.563667719998193, 40.606240329154325 ], [ -4.573669949551582, 40.606240329154325 ], [ -4.573669949551582, 40.60547092688099 ], [ -4.574439351824919, 40.60547092688099 ], [ -4.574439351824919, 40.604701524607648 ], [ -4.575208754098257, 40.604701524607648 ], [ -4.575208754098257, 40.603932122334314 ], [ -4.575978156371594, 40.603932122334314 ], [ -4.575978156371594, 40.603162720060972 ], [ -4.57751696091827, 40.603162720060972 ], [ -4.57751696091827, 40.601623915514296 ], [ -4.578286363191607, 40.601623915514296 ], [ -4.578286363191607, 40.600854513240961 ], [ -4.579055765464945, 40.600854513240961 ], [ -4.579055765464945, 40.600085110967626 ], [ -4.579825167738282, 40.600085110967626 ], [ -4.579825167738282, 40.599315708694284 ], [ -4.58059457001162, 40.599315708694284 ], [ -4.58059457001162, 40.59854630642095 ], [ -4.582133374558295, 40.59854630642095 ], [ -4.582133374558295, 40.597776904147608 ], [ -4.583672179104971, 40.597776904147608 ], [ -4.583672179104971, 40.597007501874273 ], [ -4.584441581378308, 40.597007501874273 ], [ -4.584441581378308, 40.596238099600939 ], [ -4.585210983651645, 40.596238099600939 ], [ -4.585210983651645, 40.594699295054262 ], [ -4.585980385924984, 40.594699295054262 ], [ -4.585980385924984, 40.59392989278092 ], [ -4.586749788198321, 40.59392989278092 ], [ -4.586749788198321, 40.593160490507586 ], [ -4.588288592744997, 40.593160490507586 ], [ -4.588288592744997, 40.592391088234251 ], [ -4.589057995018334, 40.592391088234251 ], [ -4.589057995018334, 40.591621685960909 ], [ -4.589827397291671, 40.591621685960909 ], [ -4.589827397291671, 40.590852283687575 ], [ -4.591366201838346, 40.590852283687575 ], [ -4.591366201838346, 40.590082881414233 ], [ -4.590596799565009, 40.590082881414233 ], [ -4.590596799565009, 40.588544076867556 ], [ -4.592135604111684, 40.588544076867556 ], [ -4.592135604111684, 40.587005272320887 ], [ -4.591366201838346, 40.587005272320887 ], [ -4.591366201838346, 40.585466467774211 ], [ -4.592905006385021, 40.585466467774211 ], [ -4.592905006385021, 40.583927663227534 ], [ -4.592135604111684, 40.583927663227534 ], [ -4.592135604111684, 40.582388858680858 ], [ -4.593674408658359, 40.582388858680858 ], [ -4.593674408658359, 40.580850054134181 ], [ -4.592905006385021, 40.580850054134181 ], [ -4.592905006385021, 40.580080651860847 ], [ -4.593674408658359, 40.580080651860847 ], [ -4.593674408658359, 40.579311249587505 ], [ -4.594443810931697, 40.579311249587505 ], [ -4.594443810931697, 40.577772445040836 ], [ -4.593674408658359, 40.577772445040836 ], [ -4.593674408658359, 40.576233640494159 ], [ -4.595213213205034, 40.576233640494159 ], [ -4.595213213205034, 40.574694835947483 ], [ -4.594443810931697, 40.574694835947483 ], [ -4.594443810931697, 40.573925433674148 ], [ -4.595982615478372, 40.573925433674148 ], [ -4.595982615478372, 40.57161722685413 ], [ -4.595213213205034, 40.57161722685413 ], [ -4.595213213205034, 40.570847824580795 ], [ -4.59675201775171, 40.570847824580795 ], [ -4.59675201775171, 40.568539617760784 ], [ -4.595982615478372, 40.568539617760784 ], [ -4.595982615478372, 40.567770215487442 ], [ -4.597521420025047, 40.567770215487442 ], [ -4.597521420025047, 40.565462008667431 ], [ -4.598290822298384, 40.565462008667431 ], [ -4.598290822298384, 40.564692606394097 ], [ -4.599060224571723, 40.564692606394097 ], [ -4.599060224571723, 40.563923204120755 ], [ -4.600599029118397, 40.563923204120755 ], [ -4.600599029118397, 40.56315380184742 ], [ -4.601368431391736, 40.56315380184742 ], [ -4.601368431391736, 40.562384399574078 ], [ -4.60290723593841, 40.562384399574078 ], [ -4.60290723593841, 40.561614997300744 ], [ -4.605984845031761, 40.561614997300744 ], [ -4.605984845031761, 40.560845595027409 ], [ -4.607523649578436, 40.560845595027409 ], [ -4.607523649578436, 40.560076192754067 ], [ -4.609062454125111, 40.560076192754067 ], [ -4.609062454125111, 40.559306790480733 ], [ -4.610601258671786, 40.559306790480733 ], [ -4.610601258671786, 40.558537388207391 ], [ -4.612140063218462, 40.558537388207391 ], [ -4.612140063218462, 40.557767985934056 ], [ -4.612909465491799, 40.557767985934056 ], [ -4.612909465491799, 40.556998583660722 ], [ -4.615217672311812, 40.556998583660722 ], [ -4.615217672311812, 40.55622918138738 ], [ -4.616756476858487, 40.55622918138738 ], [ -4.616756476858487, 40.555459779114045 ], [ -4.6190646836785, 40.555459779114045 ], [ -4.6190646836785, 40.554690376840703 ], [ -4.620603488225175, 40.554690376840703 ], [ -4.620603488225175, 40.553920974567369 ], [ -4.622142292771851, 40.553920974567369 ], [ -4.622142292771851, 40.553151572294027 ], [ -4.624450499591863, 40.553151572294027 ], [ -4.624450499591863, 40.552382170020692 ], [ -4.625219901865201, 40.552382170020692 ], [ -4.625219901865201, 40.551612767747358 ], [ -4.626758706411875, 40.551612767747358 ], [ -4.626758706411875, 40.550843365474016 ], [ -4.628297510958551, 40.550843365474016 ], [ -4.628297510958551, 40.550073963200681 ], [ -4.633683326871914, 40.550073963200681 ], [ -4.633683326871914, 40.549304560927339 ], [ -4.637530338238602, 40.549304560927339 ], [ -4.637530338238602, 40.548535158654005 ], [ -4.640607947331953, 40.548535158654005 ], [ -4.640607947331953, 40.54776575638067 ], [ -4.643685556425303, 40.54776575638067 ], [ -4.643685556425303, 40.546996354107328 ], [ -4.647532567791991, 40.546996354107328 ], [ -4.647532567791991, 40.546226951833994 ], [ -4.649840774612004, 40.546226951833994 ], [ -4.649840774612004, 40.545457549560652 ], [ -4.652918383705354, 40.545457549560652 ], [ -4.652918383705354, 40.544688147287317 ], [ -4.656765395072043, 40.544688147287317 ], [ -4.656765395072043, 40.543918745013983 ], [ -4.659843004165393, 40.543918745013983 ], [ -4.659843004165393, 40.543149342740641 ], [ -4.662151210985405, 40.543149342740641 ], [ -4.662151210985405, 40.542379940467306 ], [ -4.665998222352093, 40.542379940467306 ], [ -4.665998222352093, 40.541610538193964 ], [ -4.669075831445443, 40.541610538193964 ], [ -4.669075831445443, 40.54084113592063 ], [ -4.670614635992119, 40.54084113592063 ], [ -4.670614635992119, 40.540071733647288 ], [ -4.672153440538795, 40.540071733647288 ], [ -4.672153440538795, 40.539302331373953 ], [ -4.673692245085469, 40.539302331373953 ], [ -4.673692245085469, 40.538532929100619 ], [ -4.675231049632145, 40.538532929100619 ], [ -4.675231049632145, 40.537763526827277 ], [ -4.676000451905482, 40.537763526827277 ], [ -4.676000451905482, 40.536994124553942 ], [ -4.677539256452157, 40.536994124553942 ], [ -4.677539256452157, 40.5362247222806 ], [ -4.680616865545508, 40.5362247222806 ], [ -4.680616865545508, 40.535455320007266 ], [ -4.681386267818845, 40.535455320007266 ], [ -4.681386267818845, 40.534685917733931 ], [ -4.682925072365521, 40.534685917733931 ], [ -4.682925072365521, 40.533916515460589 ], [ -4.683694474638858, 40.533916515460589 ], [ -4.683694474638858, 40.533147113187255 ], [ -4.685233279185534, 40.533147113187255 ], [ -4.685233279185534, 40.532377710913913 ], [ -4.686002681458871, 40.532377710913913 ], [ -4.686002681458871, 40.531608308640578 ], [ -4.687541486005546, 40.531608308640578 ], [ -4.687541486005546, 40.530838906367237 ], [ -4.690619095098897, 40.530838906367237 ], [ -4.690619095098897, 40.530069504093902 ], [ -4.692157899645572, 40.530069504093902 ], [ -4.692157899645572, 40.529300101820567 ], [ -4.692927301918909, 40.529300101820567 ], [ -4.692927301918909, 40.528530699547225 ], [ -4.694466106465584, 40.528530699547225 ], [ -4.694466106465584, 40.527761297273891 ], [ -4.695235508738921, 40.527761297273891 ], [ -4.695235508738921, 40.526991895000549 ], [ -4.696774313285597, 40.526991895000549 ], [ -4.696774313285597, 40.526222492727214 ], [ -4.698313117832273, 40.526222492727214 ], [ -4.698313117832273, 40.52545309045388 ], [ -4.700621324652285, 40.52545309045388 ], [ -4.700621324652285, 40.524683688180538 ], [ -4.70216012919896, 40.524683688180538 ], [ -4.70216012919896, 40.523914285907203 ], [ -4.703698933745636, 40.523914285907203 ], [ -4.703698933745636, 40.523144883633861 ], [ -4.704468336018973, 40.523144883633861 ], [ -4.704468336018973, 40.522375481360527 ], [ -4.706776542838986, 40.522375481360527 ], [ -4.706776542838986, 40.52083667681385 ], [ -4.707545945112324, 40.52083667681385 ], [ -4.707545945112324, 40.520067274540516 ], [ -4.708315347385661, 40.520067274540516 ], [ -4.708315347385661, 40.517759067720498 ], [ -4.709084749658999, 40.517759067720498 ], [ -4.709084749658999, 40.516220263173828 ], [ -4.709854151932336, 40.516220263173828 ], [ -4.709854151932336, 40.515450860900486 ], [ -4.710623554205674, 40.515450860900486 ], [ -4.710623554205674, 40.513142654080475 ], [ -4.711392956479012, 40.513142654080475 ], [ -4.711392956479012, 40.511603849533799 ], [ -4.712162358752349, 40.511603849533799 ], [ -4.712162358752349, 40.510834447260464 ], [ -4.712931761025686, 40.510834447260464 ], [ -4.712931761025686, 40.508526240440453 ], [ -4.713701163299024, 40.508526240440453 ], [ -4.713701163299024, 40.506987435893777 ], [ -4.714470565572362, 40.506987435893777 ], [ -4.714470565572362, 40.506218033620435 ], [ -4.715239967845699, 40.506218033620435 ], [ -4.715239967845699, 40.504679229073759 ], [ -4.716009370119037, 40.504679229073759 ], [ -4.716009370119037, 40.502371022253747 ], [ -4.716778772392375, 40.502371022253747 ], [ -4.716778772392375, 40.501601619980413 ], [ -4.717548174665712, 40.501601619980413 ], [ -4.717548174665712, 40.500062815433736 ], [ -4.71831757693905, 40.500062815433736 ], [ -4.71831757693905, 40.49852401088706 ], [ -4.719856381485725, 40.49852401088706 ], [ -4.719856381485725, 40.497754608613725 ], [ -4.722164588305738, 40.497754608613725 ], [ -4.722164588305738, 40.496985206340383 ], [ -4.726011599672426, 40.496985206340383 ], [ -4.726011599672426, 40.496215804067049 ], [ -4.729089208765776, 40.496215804067049 ], [ -4.729089208765776, 40.495446401793707 ], [ -4.731397415585789, 40.495446401793707 ], [ -4.731397415585789, 40.494676999520372 ], [ -4.733705622405802, 40.494676999520372 ], [ -4.733705622405802, 40.493907597247038 ], [ -4.736013829225815, 40.493907597247038 ], [ -4.736013829225815, 40.493138194973696 ], [ -4.738322036045828, 40.493138194973696 ], [ -4.738322036045828, 40.492368792700361 ], [ -4.740630242865841, 40.492368792700361 ], [ -4.740630242865841, 40.49159939042702 ], [ -4.742938449685854, 40.49159939042702 ], [ -4.742938449685854, 40.490829988153685 ], [ -4.746016058779204, 40.490829988153685 ], [ -4.746016058779204, 40.49006058588035 ], [ -4.749863070145891, 40.49006058588035 ], [ -4.749863070145891, 40.489291183607008 ], [ -4.752940679239241, 40.489291183607008 ], [ -4.752940679239241, 40.488521781333674 ], [ -4.754479483785917, 40.488521781333674 ], [ -4.754479483785917, 40.487752379060332 ], [ -4.75678769060593, 40.487752379060332 ], [ -4.75678769060593, 40.486982976786997 ], [ -4.759095897425943, 40.486982976786997 ], [ -4.759095897425943, 40.486213574513663 ], [ -4.762173506519293, 40.486213574513663 ], [ -4.762173506519293, 40.485444172240321 ], [ -4.763712311065968, 40.485444172240321 ], [ -4.763712311065968, 40.484674769966986 ], [ -4.76602051788598, 40.484674769966986 ], [ -4.76602051788598, 40.483905367693644 ], [ -4.770636931526006, 40.483905367693644 ], [ -4.770636931526006, 40.48313596542031 ], [ -4.772945138346019, 40.48313596542031 ], [ -4.772945138346019, 40.482366563146968 ], [ -4.775253345166032, 40.482366563146968 ], [ -4.775253345166032, 40.481597160873633 ], [ -4.778330954259383, 40.481597160873633 ], [ -4.778330954259383, 40.480827758600299 ], [ -4.780639161079395, 40.480827758600299 ], [ -4.780639161079395, 40.480058356326957 ], [ -4.782177965626071, 40.480058356326957 ], [ -4.782177965626071, 40.479288954053622 ], [ -4.785255574719421, 40.479288954053622 ], [ -4.785255574719421, 40.47851955178028 ], [ -4.787563781539434, 40.47851955178028 ], [ -4.787563781539434, 40.477750149506946 ], [ -4.789871988359446, 40.477750149506946 ], [ -4.789871988359446, 40.476980747233611 ], [ -4.794488401999472, 40.476980747233611 ], [ -4.794488401999472, 40.476211344960269 ], [ -4.796796608819485, 40.476211344960269 ], [ -4.796796608819485, 40.476980747233611 ], [ -4.79833541336616, 40.476980747233611 ], [ -4.79833541336616, 40.477750149506946 ], [ -4.80141302245951, 40.477750149506946 ], [ -4.80141302245951, 40.47851955178028 ], [ -4.802951827006186, 40.47851955178028 ], [ -4.802951827006186, 40.479288954053622 ], [ -4.805260033826198, 40.479288954053622 ], [ -4.805260033826198, 40.480058356326957 ], [ -4.806029436099536, 40.480058356326957 ], [ -4.806029436099536, 40.479288954053622 ], [ -4.807568240646211, 40.479288954053622 ], [ -4.807568240646211, 40.480058356326957 ], [ -4.809876447466224, 40.480058356326957 ], [ -4.809876447466224, 40.480827758600299 ], [ -4.8114152520129, 40.480827758600299 ], [ -4.8114152520129, 40.481597160873633 ], [ -4.812954056559574, 40.481597160873633 ], [ -4.812954056559574, 40.482366563146968 ], [ -4.816031665652925, 40.482366563146968 ], [ -4.816031665652925, 40.48313596542031 ], [ -4.819878677019613, 40.48313596542031 ], [ -4.819878677019613, 40.483905367693644 ], [ -4.822186883839626, 40.483905367693644 ], [ -4.822186883839626, 40.484674769966986 ], [ -4.824495090659639, 40.484674769966986 ], [ -4.824495090659639, 40.485444172240321 ], [ -4.826033895206313, 40.485444172240321 ], [ -4.826033895206313, 40.486213574513663 ], [ -4.828342102026326, 40.486213574513663 ], [ -4.828342102026326, 40.485444172240321 ], [ -4.829111504299664, 40.485444172240321 ], [ -4.829111504299664, 40.486213574513663 ], [ -4.830650308846339, 40.486213574513663 ], [ -4.830650308846339, 40.486982976786997 ], [ -4.832958515666352, 40.486982976786997 ], [ -4.832958515666352, 40.487752379060332 ], [ -4.835266722486365, 40.487752379060332 ], [ -4.835266722486365, 40.488521781333674 ], [ -4.837574929306378, 40.488521781333674 ], [ -4.837574929306378, 40.489291183607008 ], [ -4.841421940673065, 40.489291183607008 ], [ -4.841421940673065, 40.49006058588035 ], [ -4.843730147493078, 40.49006058588035 ], [ -4.843730147493078, 40.490829988153685 ], [ -4.846038354313091, 40.490829988153685 ], [ -4.846038354313091, 40.49159939042702 ], [ -4.847577158859766, 40.49159939042702 ], [ -4.847577158859766, 40.492368792700361 ], [ -4.852193572499791, 40.492368792700361 ], [ -4.852193572499791, 40.493138194973696 ], [ -4.853732377046467, 40.493138194973696 ], [ -4.853732377046467, 40.493907597247038 ], [ -4.85911819295983, 40.493907597247038 ], [ -4.85911819295983, 40.493138194973696 ], [ -4.861426399779843, 40.493138194973696 ], [ -4.861426399779843, 40.492368792700361 ], [ -4.865273411146531, 40.492368792700361 ], [ -4.865273411146531, 40.49159939042702 ], [ -4.867581617966544, 40.49159939042702 ], [ -4.867581617966544, 40.490829988153685 ], [ -4.869889824786556, 40.490829988153685 ], [ -4.869889824786556, 40.49006058588035 ], [ -4.872967433879907, 40.49006058588035 ], [ -4.872967433879907, 40.489291183607008 ], [ -4.87835324979327, 40.489291183607008 ], [ -4.87835324979327, 40.488521781333674 ], [ -4.88143085888662, 40.488521781333674 ], [ -4.88143085888662, 40.487752379060332 ], [ -4.883739065706633, 40.487752379060332 ], [ -4.883739065706633, 40.486982976786997 ], [ -4.886816674799983, 40.486982976786997 ], [ -4.886816674799983, 40.486213574513663 ], [ -4.889894283893334, 40.486213574513663 ], [ -4.889894283893334, 40.485444172240321 ], [ -4.892202490713347, 40.485444172240321 ], [ -4.892202490713347, 40.484674769966986 ], [ -4.894510697533359, 40.484674769966986 ], [ -4.894510697533359, 40.483905367693644 ], [ -4.898357708900048, 40.483905367693644 ], [ -4.898357708900048, 40.48313596542031 ], [ -4.900665915720061, 40.48313596542031 ], [ -4.900665915720061, 40.482366563146968 ], [ -4.903743524813411, 40.482366563146968 ], [ -4.903743524813411, 40.481597160873633 ], [ -4.908359938453437, 40.481597160873633 ], [ -4.908359938453437, 40.480827758600299 ], [ -4.911437547546787, 40.480827758600299 ], [ -4.911437547546787, 40.480058356326957 ], [ -4.914515156640137, 40.480058356326957 ], [ -4.914515156640137, 40.479288954053622 ], [ -4.91682336346015, 40.479288954053622 ], [ -4.91682336346015, 40.47851955178028 ], [ -4.919131570280163, 40.47851955178028 ], [ -4.919131570280163, 40.477750149506946 ], [ -4.92297858164685, 40.477750149506946 ], [ -4.92297858164685, 40.476980747233611 ], [ -4.925286788466863, 40.476980747233611 ], [ -4.925286788466863, 40.476211344960269 ], [ -4.927594995286876, 40.476211344960269 ], [ -4.927594995286876, 40.475441942686935 ], [ -4.929903202106889, 40.475441942686935 ], [ -4.929903202106889, 40.476211344960269 ], [ -4.937597224840265, 40.476211344960269 ], [ -4.937597224840265, 40.476980747233611 ], [ -4.946060649846979, 40.476980747233611 ], [ -4.946060649846979, 40.477750149506946 ], [ -4.946830052120316, 40.477750149506946 ], [ -4.946830052120316, 40.476980747233611 ], [ -4.953754672580355, 40.476980747233611 ], [ -4.953754672580355, 40.477750149506946 ], [ -4.961448695313731, 40.477750149506946 ], [ -4.961448695313731, 40.47851955178028 ], [ -4.969142718047107, 40.47851955178028 ], [ -4.969142718047107, 40.479288954053622 ], [ -4.972220327140457, 40.479288954053622 ], [ -4.972220327140457, 40.47851955178028 ], [ -4.976836740780483, 40.47851955178028 ], [ -4.976836740780483, 40.479288954053622 ], [ -4.984530763513859, 40.479288954053622 ], [ -4.984530763513859, 40.480058356326957 ], [ -4.989916579427222, 40.480058356326957 ], [ -4.989916579427222, 40.480827758600299 ], [ -4.993763590793909, 40.480827758600299 ], [ -4.993763590793909, 40.481597160873633 ], [ -4.996071797613922, 40.481597160873633 ], [ -4.996071797613922, 40.482366563146968 ], [ -4.997610602160598, 40.482366563146968 ], [ -4.997610602160598, 40.48313596542031 ], [ -4.999149406707273, 40.48313596542031 ], [ -4.999149406707273, 40.483905367693644 ], [ -5.000688211253948, 40.483905367693644 ], [ -5.000688211253948, 40.484674769966986 ], [ -5.002227015800623, 40.484674769966986 ], [ -5.002227015800623, 40.483905367693644 ], [ -5.002996418073961, 40.483905367693644 ], [ -5.002996418073961, 40.484674769966986 ], [ -5.004535222620636, 40.484674769966986 ], [ -5.004535222620636, 40.485444172240321 ], [ -5.006074027167311, 40.485444172240321 ], [ -5.006074027167311, 40.486213574513663 ], [ -5.009151636260661, 40.486213574513663 ], [ -5.009151636260661, 40.486982976786997 ], [ -5.010690440807337, 40.486982976786997 ], [ -5.010690440807337, 40.487752379060332 ], [ -5.013768049900687, 40.487752379060332 ], [ -5.013768049900687, 40.488521781333674 ], [ -5.0160762567207, 40.488521781333674 ], [ -5.0160762567207, 40.489291183607008 ], [ -5.017615061267375, 40.489291183607008 ], [ -5.017615061267375, 40.49006058588035 ], [ -5.01915386581405, 40.49006058588035 ], [ -5.01915386581405, 40.490829988153685 ], [ -5.023000877180738, 40.490829988153685 ], [ -5.023000877180738, 40.49159939042702 ], [ -5.025309084000751, 40.49159939042702 ], [ -5.025309084000751, 40.492368792700361 ], [ -5.026847888547426, 40.492368792700361 ], [ -5.026847888547426, 40.493138194973696 ], [ -5.027617290820764, 40.493138194973696 ], [ -5.027617290820764, 40.492368792700361 ], [ -5.029925497640777, 40.492368792700361 ], [ -5.029925497640777, 40.49159939042702 ], [ -5.030694899914114, 40.49159939042702 ], [ -5.030694899914114, 40.490829988153685 ], [ -5.03223370446079, 40.490829988153685 ], [ -5.03223370446079, 40.49006058588035 ], [ -5.033772509007465, 40.49006058588035 ], [ -5.033772509007465, 40.489291183607008 ], [ -5.036080715827477, 40.489291183607008 ], [ -5.036080715827477, 40.488521781333674 ], [ -5.03838892264749, 40.488521781333674 ], [ -5.03838892264749, 40.487752379060332 ], [ -5.039158324920828, 40.487752379060332 ], [ -5.039158324920828, 40.486982976786997 ], [ -5.040697129467503, 40.486982976786997 ], [ -5.040697129467503, 40.486213574513663 ], [ -5.042235934014178, 40.486213574513663 ], [ -5.042235934014178, 40.485444172240321 ], [ -5.043005336287516, 40.485444172240321 ], [ -5.043005336287516, 40.484674769966986 ], [ -5.044544140834191, 40.484674769966986 ], [ -5.044544140834191, 40.483905367693644 ], [ -5.047621749927542, 40.483905367693644 ], [ -5.047621749927542, 40.48313596542031 ], [ -5.049160554474216, 40.48313596542031 ], [ -5.049160554474216, 40.482366563146968 ], [ -5.050699359020892, 40.482366563146968 ], [ -5.050699359020892, 40.481597160873633 ], [ -5.051468761294229, 40.481597160873633 ], [ -5.051468761294229, 40.480827758600299 ], [ -5.053007565840905, 40.480827758600299 ], [ -5.053007565840905, 40.480058356326957 ], [ -5.054546370387579, 40.480058356326957 ], [ -5.054546370387579, 40.479288954053622 ], [ -5.056854577207592, 40.479288954053622 ], [ -5.056854577207592, 40.47851955178028 ], [ -5.059162784027605, 40.47851955178028 ], [ -5.059162784027605, 40.477750149506946 ], [ -5.060701588574281, 40.477750149506946 ], [ -5.060701588574281, 40.476980747233611 ], [ -5.061470990847618, 40.476980747233611 ], [ -5.061470990847618, 40.476211344960269 ], [ -5.063009795394294, 40.476211344960269 ], [ -5.063009795394294, 40.475441942686935 ], [ -5.065318002214307, 40.475441942686935 ], [ -5.065318002214307, 40.474672540413593 ], [ -5.066087404487644, 40.474672540413593 ], [ -5.066087404487644, 40.473903138140258 ], [ -5.067626209034319, 40.473903138140258 ], [ -5.067626209034319, 40.473133735866924 ], [ -5.069165013580994, 40.473133735866924 ], [ -5.069165013580994, 40.472364333593582 ], [ -5.07685903631437, 40.472364333593582 ], [ -5.07685903631437, 40.471594931320247 ], [ -5.077628438587707, 40.471594931320247 ], [ -5.077628438587707, 40.472364333593582 ], [ -5.085322461321084, 40.472364333593582 ], [ -5.085322461321084, 40.473133735866924 ], [ -5.092247081781122, 40.473133735866924 ], [ -5.092247081781122, 40.473903138140258 ], [ -5.106865724974536, 40.473903138140258 ], [ -5.106865724974536, 40.474672540413593 ], [ -5.113790345434575, 40.474672540413593 ], [ -5.113790345434575, 40.475441942686935 ], [ -5.127639586354651, 40.475441942686935 ], [ -5.127639586354651, 40.474672540413593 ], [ -5.129178390901327, 40.474672540413593 ], [ -5.129178390901327, 40.473903138140258 ], [ -5.129947793174664, 40.473903138140258 ], [ -5.129947793174664, 40.473133735866924 ], [ -5.130717195448002, 40.473133735866924 ], [ -5.130717195448002, 40.472364333593582 ], [ -5.13148659772134, 40.472364333593582 ], [ -5.13148659772134, 40.471594931320247 ], [ -5.133025402268014, 40.471594931320247 ], [ -5.133025402268014, 40.470825529046905 ], [ -5.133794804541353, 40.470825529046905 ], [ -5.133794804541353, 40.470056126773571 ], [ -5.136103011361365, 40.470056126773571 ], [ -5.136103011361365, 40.469286724500229 ], [ -5.136872413634703, 40.469286724500229 ], [ -5.136872413634703, 40.468517322226894 ], [ -5.13764181590804, 40.468517322226894 ], [ -5.13764181590804, 40.46774791995356 ], [ -5.138411218181378, 40.46774791995356 ], [ -5.138411218181378, 40.466978517680218 ], [ -5.139180620454716, 40.466978517680218 ], [ -5.139180620454716, 40.466209115406883 ], [ -5.139950022728053, 40.466209115406883 ], [ -5.139950022728053, 40.465439713133541 ], [ -5.142258229548066, 40.465439713133541 ], [ -5.142258229548066, 40.464670310860207 ], [ -5.143797034094741, 40.464670310860207 ], [ -5.143797034094741, 40.463900908586872 ], [ -5.144566436368079, 40.463900908586872 ], [ -5.144566436368079, 40.46313150631353 ], [ -5.145335838641416, 40.46313150631353 ], [ -5.145335838641416, 40.462362104040196 ], [ -5.146105240914753, 40.462362104040196 ], [ -5.146105240914753, 40.461592701766854 ], [ -5.146874643188092, 40.461592701766854 ], [ -5.146874643188092, 40.460823299493519 ], [ -5.148413447734766, 40.460823299493519 ], [ -5.148413447734766, 40.460053897220178 ], [ -5.150721654554779, 40.460053897220178 ], [ -5.150721654554779, 40.459284494946843 ], [ -5.151491056828117, 40.459284494946843 ], [ -5.151491056828117, 40.458515092673508 ], [ -5.162262688654844, 40.458515092673508 ], [ -5.162262688654844, 40.457745690400166 ], [ -5.172264918208232, 40.457745690400166 ], [ -5.172264918208232, 40.456976288126832 ], [ -5.180728343214946, 40.456976288126832 ], [ -5.180728343214946, 40.45620688585349 ], [ -5.19842459550171, 40.45620688585349 ], [ -5.19842459550171, 40.455437483580155 ], [ -5.199193997775048, 40.455437483580155 ], [ -5.199193997775048, 40.454668081306821 ], [ -5.200732802321723, 40.454668081306821 ], [ -5.200732802321723, 40.453898679033479 ], [ -5.203041009141736, 40.453898679033479 ], [ -5.203041009141736, 40.453129276760144 ], [ -5.205349215961749, 40.453129276760144 ], [ -5.205349215961749, 40.452359874486802 ], [ -5.206888020508424, 40.452359874486802 ], [ -5.206888020508424, 40.451590472213468 ], [ -5.207657422781762, 40.451590472213468 ], [ -5.207657422781762, 40.450821069940133 ], [ -5.209196227328436, 40.450821069940133 ], [ -5.209196227328436, 40.450051667666791 ], [ -5.209965629601775, 40.450051667666791 ], [ -5.209965629601775, 40.449282265393457 ], [ -5.211504434148449, 40.449282265393457 ], [ -5.211504434148449, 40.448512863120115 ], [ -5.2145820432418, 40.448512863120115 ], [ -5.2145820432418, 40.44774346084678 ], [ -5.216120847788475, 40.44774346084678 ], [ -5.216120847788475, 40.446974058573439 ], [ -5.217659652335151, 40.446974058573439 ], [ -5.217659652335151, 40.446204656300104 ], [ -5.218429054608488, 40.446204656300104 ], [ -5.218429054608488, 40.445435254026769 ], [ -5.219967859155163, 40.445435254026769 ], [ -5.219967859155163, 40.444665851753427 ], [ -5.220737261428501, 40.444665851753427 ], [ -5.220737261428501, 40.443896449480093 ], [ -5.223045468248514, 40.443896449480093 ], [ -5.223045468248514, 40.443127047206751 ], [ -5.224584272795189, 40.443127047206751 ], [ -5.224584272795189, 40.434663622200041 ], [ -5.223814870521851, 40.434663622200041 ], [ -5.223814870521851, 40.411581553999909 ], [ -5.223045468248514, 40.411581553999909 ], [ -5.223045468248514, 40.410812151726574 ], [ -5.220737261428501, 40.410812151726574 ], [ -5.220737261428501, 40.41004274945324 ], [ -5.219198456881825, 40.41004274945324 ], [ -5.219198456881825, 40.409273347179898 ], [ -5.216120847788475, 40.409273347179898 ], [ -5.216120847788475, 40.408503944906563 ], [ -5.213812640968462, 40.408503944906563 ], [ -5.213812640968462, 40.407734542633222 ], [ -5.213043238695125, 40.407734542633222 ], [ -5.213043238695125, 40.406965140359887 ], [ -5.211504434148449, 40.406965140359887 ], [ -5.211504434148449, 40.406195738086552 ], [ -5.207657422781762, 40.406195738086552 ], [ -5.207657422781762, 40.40542633581321 ], [ -5.206118618235086, 40.40542633581321 ], [ -5.206118618235086, 40.404656933539876 ], [ -5.205349215961749, 40.404656933539876 ], [ -5.205349215961749, 40.403887531266534 ], [ -5.203810411415073, 40.403887531266534 ], [ -5.203810411415073, 40.403118128993199 ], [ -5.200732802321723, 40.403118128993199 ], [ -5.200732802321723, 40.402348726719865 ], [ -5.199193997775048, 40.402348726719865 ], [ -5.199193997775048, 40.401579324446523 ], [ -5.19842459550171, 40.401579324446523 ], [ -5.19842459550171, 40.400809922173188 ], [ -5.196885790955035, 40.400809922173188 ], [ -5.196885790955035, 40.400040519899846 ], [ -5.196116388681697, 40.400040519899846 ], [ -5.196116388681697, 40.399271117626512 ], [ -5.193038779588347, 40.399271117626512 ], [ -5.193038779588347, 40.39850171535317 ], [ -5.191499975041672, 40.39850171535317 ], [ -5.191499975041672, 40.397732313079835 ], [ -5.190730572768334, 40.397732313079835 ], [ -5.190730572768334, 40.396962910806501 ], [ -5.18919176822166, 40.396962910806501 ], [ -5.18919176822166, 40.396193508533159 ], [ -5.187652963674984, 40.396193508533159 ], [ -5.187652963674984, 40.395424106259824 ], [ -5.186883561401647, 40.395424106259824 ], [ -5.186883561401647, 40.396193508533159 ], [ -5.186114159128309, 40.396193508533159 ], [ -5.186114159128309, 40.395424106259824 ], [ -5.185344756854971, 40.395424106259824 ], [ -5.185344756854971, 40.394654703986483 ], [ -5.183805952308296, 40.394654703986483 ], [ -5.183805952308296, 40.393885301713148 ], [ -5.183036550034958, 40.393885301713148 ], [ -5.183036550034958, 40.393115899439813 ], [ -5.180728343214946, 40.393115899439813 ], [ -5.180728343214946, 40.392346497166471 ], [ -5.179958940941608, 40.392346497166471 ], [ -5.179958940941608, 40.395424106259824 ], [ -5.180728343214946, 40.395424106259824 ], [ -5.180728343214946, 40.396962910806501 ], [ -5.181497745488283, 40.396962910806501 ], [ -5.181497745488283, 40.39850171535317 ], [ -5.182267147761621, 40.39850171535317 ], [ -5.182267147761621, 40.402348726719865 ], [ -5.183036550034958, 40.402348726719865 ], [ -5.183036550034958, 40.404656933539876 ], [ -5.179958940941608, 40.404656933539876 ], [ -5.179958940941608, 40.403887531266534 ], [ -5.177650734121595, 40.403887531266534 ], [ -5.177650734121595, 40.403118128993199 ], [ -5.17611192957492, 40.403118128993199 ], [ -5.17611192957492, 40.402348726719865 ], [ -5.175342527301583, 40.402348726719865 ], [ -5.175342527301583, 40.401579324446523 ], [ -5.171495515934895, 40.401579324446523 ], [ -5.171495515934895, 40.400809922173188 ], [ -5.169956711388219, 40.400809922173188 ], [ -5.169956711388219, 40.400040519899846 ], [ -5.169187309114882, 40.400040519899846 ], [ -5.169187309114882, 40.399271117626512 ], [ -5.167648504568207, 40.399271117626512 ], [ -5.167648504568207, 40.39850171535317 ], [ -5.166109700021531, 40.39850171535317 ], [ -5.166109700021531, 40.397732313079835 ], [ -5.165340297748194, 40.397732313079835 ], [ -5.165340297748194, 40.39850171535317 ], [ -5.163801493201518, 40.39850171535317 ], [ -5.163801493201518, 40.397732313079835 ], [ -5.163032090928181, 40.397732313079835 ], [ -5.163032090928181, 40.396962910806501 ], [ -5.161493286381506, 40.396962910806501 ], [ -5.161493286381506, 40.396193508533159 ], [ -5.159954481834831, 40.396193508533159 ], [ -5.159954481834831, 40.395424106259824 ], [ -5.157646275014818, 40.395424106259824 ], [ -5.157646275014818, 40.394654703986483 ], [ -5.155338068194805, 40.394654703986483 ], [ -5.155338068194805, 40.393885301713148 ], [ -5.15379926364813, 40.393885301713148 ], [ -5.15379926364813, 40.393115899439813 ], [ -5.151491056828117, 40.393115899439813 ], [ -5.151491056828117, 40.392346497166471 ], [ -5.150721654554779, 40.392346497166471 ], [ -5.150721654554779, 40.391577094893137 ], [ -5.147644045461429, 40.391577094893137 ], [ -5.147644045461429, 40.390807692619795 ], [ -5.146105240914753, 40.390807692619795 ], [ -5.146105240914753, 40.39003829034646 ], [ -5.143797034094741, 40.39003829034646 ], [ -5.143797034094741, 40.389268888073119 ], [ -5.143027631821403, 40.389268888073119 ], [ -5.143027631821403, 40.388499485799784 ], [ -5.141488827274729, 40.388499485799784 ], [ -5.141488827274729, 40.387730083526449 ], [ -5.13764181590804, 40.387730083526449 ], [ -5.13764181590804, 40.386960681253107 ], [ -5.136872413634703, 40.386960681253107 ], [ -5.136872413634703, 40.386191278979773 ], [ -5.135333609088027, 40.386191278979773 ], [ -5.135333609088027, 40.385421876706431 ], [ -5.133794804541353, 40.385421876706431 ], [ -5.133794804541353, 40.384652474433096 ], [ -5.130717195448002, 40.384652474433096 ], [ -5.130717195448002, 40.383883072159762 ], [ -5.129178390901327, 40.383883072159762 ], [ -5.129178390901327, 40.38311366988642 ], [ -5.127639586354651, 40.38311366988642 ], [ -5.127639586354651, 40.382344267613085 ], [ -5.126100781807977, 40.382344267613085 ], [ -5.126100781807977, 40.381574865339743 ], [ -5.125331379534638, 40.381574865339743 ], [ -5.125331379534638, 40.380805463066409 ], [ -5.121484368167951, 40.380805463066409 ], [ -5.121484368167951, 40.380036060793074 ], [ -5.120714965894614, 40.380036060793074 ], [ -5.120714965894614, 40.379266658519732 ], [ -5.119945563621275, 40.379266658519732 ], [ -5.119945563621275, 40.377727853973056 ], [ -5.119176161347938, 40.377727853973056 ], [ -5.119176161347938, 40.376958451699721 ], [ -5.117637356801263, 40.376958451699721 ], [ -5.117637356801263, 40.375419647153045 ], [ -5.116867954527925, 40.375419647153045 ], [ -5.116867954527925, 40.373880842606368 ], [ -5.116098552254588, 40.373880842606368 ], [ -5.116098552254588, 40.373111440333034 ], [ -5.11532914998125, 40.373111440333034 ], [ -5.11532914998125, 40.371572635786357 ], [ -5.114559747707912, 40.371572635786357 ], [ -5.114559747707912, 40.370033831239681 ], [ -5.113790345434575, 40.370033831239681 ], [ -5.113790345434575, 40.369264428966346 ], [ -5.112251540887899, 40.369264428966346 ], [ -5.112251540887899, 40.36772562441967 ], [ -5.111482138614562, 40.36772562441967 ], [ -5.111482138614562, 40.366186819872993 ], [ -5.110712736341224, 40.366186819872993 ], [ -5.110712736341224, 40.365417417599659 ], [ -5.109943334067887, 40.365417417599659 ], [ -5.109943334067887, 40.363878613052982 ], [ -5.109173931794549, 40.363878613052982 ], [ -5.109173931794549, 40.363109210779641 ], [ -5.108404529521212, 40.363109210779641 ], [ -5.108404529521212, 40.361570406232971 ], [ -5.106865724974536, 40.361570406232971 ], [ -5.106865724974536, 40.360801003959629 ], [ -5.106096322701199, 40.360801003959629 ], [ -5.106096322701199, 40.359262199412953 ], [ -5.105326920427861, 40.359262199412953 ], [ -5.105326920427861, 40.357723394866284 ], [ -5.104557518154524, 40.357723394866284 ], [ -5.104557518154524, 40.356953992592942 ], [ -5.103788115881186, 40.356953992592942 ], [ -5.103788115881186, 40.355415188046265 ], [ -5.103018713607849, 40.355415188046265 ], [ -5.103018713607849, 40.353876383499596 ], [ -5.102249311334511, 40.353876383499596 ], [ -5.102249311334511, 40.353106981226254 ], [ -5.100710506787836, 40.353106981226254 ], [ -5.100710506787836, 40.351568176679578 ], [ -5.099941104514498, 40.351568176679578 ], [ -5.099941104514498, 40.350029372132902 ], [ -5.09917170224116, 40.350029372132902 ], [ -5.09917170224116, 40.349259969859567 ], [ -5.098402299967823, 40.349259969859567 ], [ -5.098402299967823, 40.34772116531289 ], [ -5.097632897694485, 40.34772116531289 ], [ -5.097632897694485, 40.346182360766214 ], [ -5.096863495421148, 40.346182360766214 ], [ -5.096863495421148, 40.345412958492879 ], [ -5.095324690874472, 40.345412958492879 ], [ -5.095324690874472, 40.343874153946203 ], [ -5.094555288601135, 40.343874153946203 ], [ -5.094555288601135, 40.342335349399526 ], [ -5.093785886327797, 40.342335349399526 ], [ -5.093785886327797, 40.341565947126192 ], [ -5.093016484054459, 40.341565947126192 ], [ -5.093016484054459, 40.340027142579515 ], [ -5.092247081781122, 40.340027142579515 ], [ -5.092247081781122, 40.338488338032839 ], [ -5.091477679507785, 40.338488338032839 ], [ -5.091477679507785, 40.337718935759504 ], [ -5.089938874961109, 40.337718935759504 ], [ -5.089938874961109, 40.336949533486163 ], [ -5.091477679507785, 40.336949533486163 ], [ -5.091477679507785, 40.335410728939493 ], [ -5.092247081781122, 40.335410728939493 ], [ -5.092247081781122, 40.333871924392817 ], [ -5.093016484054459, 40.333871924392817 ], [ -5.093016484054459, 40.333102522119475 ], [ -5.093785886327797, 40.333102522119475 ], [ -5.093785886327797, 40.330794315299464 ], [ -5.094555288601135, 40.330794315299464 ], [ -5.094555288601135, 40.329255510752787 ], [ -5.095324690874472, 40.329255510752787 ], [ -5.095324690874472, 40.328486108479453 ], [ -5.09609409314781, 40.328486108479453 ], [ -5.09609409314781, 40.326947303932776 ], [ -5.096863495421148, 40.326947303932776 ], [ -5.096863495421148, 40.324639097112765 ], [ -5.097632897694485, 40.324639097112765 ], [ -5.097632897694485, 40.323869694839424 ], [ -5.098402299967823, 40.323869694839424 ], [ -5.098402299967823, 40.322330890292754 ], [ -5.09917170224116, 40.322330890292754 ], [ -5.09917170224116, 40.320792085746078 ], [ -5.099941104514498, 40.320792085746078 ], [ -5.099941104514498, 40.319253281199401 ], [ -5.100710506787836, 40.319253281199401 ], [ -5.100710506787836, 40.317714476652725 ], [ -5.101479909061173, 40.317714476652725 ], [ -5.101479909061173, 40.316175672106048 ], [ -5.102249311334511, 40.316175672106048 ], [ -5.102249311334511, 40.314636867559372 ], [ -5.103018713607849, 40.314636867559372 ], [ -5.103018713607849, 40.313098063012703 ], [ -5.103788115881186, 40.313098063012703 ], [ -5.103788115881186, 40.311559258466026 ], [ -5.105326920427861, 40.311559258466026 ], [ -5.105326920427861, 40.310789856192685 ], [ -5.104557518154524, 40.310789856192685 ], [ -5.104557518154524, 40.31002045391935 ], [ -5.106096322701199, 40.31002045391935 ], [ -5.106096322701199, 40.309251051646015 ], [ -5.106865724974536, 40.309251051646015 ], [ -5.106865724974536, 40.306942844825997 ], [ -5.107635127247874, 40.306942844825997 ], [ -5.107635127247874, 40.305404040279321 ], [ -5.108404529521212, 40.305404040279321 ], [ -5.108404529521212, 40.304634638005986 ], [ -5.109173931794549, 40.304634638005986 ], [ -5.109173931794549, 40.303095833459309 ], [ -5.109943334067887, 40.303095833459309 ], [ -5.109943334067887, 40.300787626639298 ], [ -5.110712736341224, 40.300787626639298 ], [ -5.110712736341224, 40.300018224365964 ], [ -5.111482138614562, 40.300018224365964 ], [ -5.111482138614562, 40.298479419819287 ], [ -5.112251540887899, 40.298479419819287 ], [ -5.112251540887899, 40.296940615272611 ], [ -5.113020943161237, 40.296940615272611 ], [ -5.113020943161237, 40.296171212999276 ], [ -5.097632897694485, 40.296171212999276 ], [ -5.097632897694485, 40.296940615272611 ], [ -5.096863495421148, 40.296940615272611 ], [ -5.096863495421148, 40.297710017545946 ], [ -5.09609409314781, 40.297710017545946 ], [ -5.09609409314781, 40.298479419819287 ], [ -5.094555288601135, 40.298479419819287 ], [ -5.094555288601135, 40.299248822092622 ], [ -5.093785886327797, 40.299248822092622 ], [ -5.093785886327797, 40.300018224365964 ], [ -5.093016484054459, 40.300018224365964 ], [ -5.093016484054459, 40.300787626639298 ], [ -5.091477679507785, 40.300787626639298 ], [ -5.091477679507785, 40.302326431185975 ], [ -5.090708277234447, 40.302326431185975 ], [ -5.090708277234447, 40.303095833459309 ], [ -5.089169472687772, 40.303095833459309 ], [ -5.089169472687772, 40.303865235732651 ], [ -5.088400070414434, 40.303865235732651 ], [ -5.088400070414434, 40.304634638005986 ], [ -5.087630668141096, 40.304634638005986 ], [ -5.087630668141096, 40.305404040279321 ], [ -5.086861265867759, 40.305404040279321 ], [ -5.086861265867759, 40.306173442552662 ], [ -5.086091863594421, 40.306173442552662 ], [ -5.086091863594421, 40.307712247099339 ], [ -5.085322461321084, 40.307712247099339 ], [ -5.085322461321084, 40.308481649372673 ], [ -5.083783656774409, 40.308481649372673 ], [ -5.083783656774409, 40.309251051646015 ], [ -5.071473220401007, 40.309251051646015 ], [ -5.071473220401007, 40.31002045391935 ], [ -5.069934415854332, 40.31002045391935 ], [ -5.069934415854332, 40.310789856192685 ], [ -5.068395611307657, 40.310789856192685 ], [ -5.068395611307657, 40.311559258466026 ], [ -5.060701588574281, 40.311559258466026 ], [ -5.060701588574281, 40.312328660739361 ], [ -5.057623979480931, 40.312328660739361 ], [ -5.057623979480931, 40.313098063012703 ], [ -5.055315772660918, 40.313098063012703 ], [ -5.055315772660918, 40.313867465286037 ], [ -5.053007565840905, 40.313867465286037 ], [ -5.053007565840905, 40.314636867559372 ], [ -5.049160554474216, 40.314636867559372 ], [ -5.049160554474216, 40.315406269832714 ], [ -5.046852347654204, 40.315406269832714 ], [ -5.046852347654204, 40.316175672106048 ], [ -5.044544140834191, 40.316175672106048 ], [ -5.044544140834191, 40.31694507437939 ], [ -5.039158324920828, 40.31694507437939 ], [ -5.039158324920828, 40.317714476652725 ], [ -5.036850118100815, 40.317714476652725 ], [ -5.036850118100815, 40.318483878926067 ], [ -5.033003106734127, 40.318483878926067 ], [ -5.033003106734127, 40.319253281199401 ], [ -5.030694899914114, 40.319253281199401 ], [ -5.030694899914114, 40.320022683472736 ], [ -5.028386693094101, 40.320022683472736 ], [ -5.028386693094101, 40.320792085746078 ], [ -5.025309084000751, 40.320792085746078 ], [ -5.025309084000751, 40.321561488019412 ], [ -5.023000877180738, 40.321561488019412 ], [ -5.023000877180738, 40.322330890292754 ], [ -5.020692670360726, 40.322330890292754 ], [ -5.020692670360726, 40.323100292566089 ], [ -5.018384463540713, 40.323100292566089 ], [ -5.018384463540713, 40.322330890292754 ], [ -5.016845658994038, 40.322330890292754 ], [ -5.016845658994038, 40.321561488019412 ], [ -5.014537452174025, 40.321561488019412 ], [ -5.014537452174025, 40.320792085746078 ], [ -5.01299864762735, 40.320792085746078 ], [ -5.01299864762735, 40.320022683472736 ], [ -5.009151636260661, 40.320022683472736 ], [ -5.009151636260661, 40.319253281199401 ], [ -5.006843429440648, 40.319253281199401 ], [ -5.006843429440648, 40.318483878926067 ], [ -5.004535222620636, 40.318483878926067 ], [ -5.004535222620636, 40.317714476652725 ], [ -5.002996418073961, 40.317714476652725 ], [ -5.002996418073961, 40.31694507437939 ], [ -4.999149406707273, 40.31694507437939 ], [ -4.999149406707273, 40.316175672106048 ], [ -4.99684119988726, 40.316175672106048 ], [ -4.99684119988726, 40.315406269832714 ], [ -4.995302395340585, 40.315406269832714 ], [ -4.995302395340585, 40.314636867559372 ], [ -4.992994188520572, 40.314636867559372 ], [ -4.992994188520572, 40.313867465286037 ], [ -4.989147177153884, 40.313867465286037 ], [ -4.989147177153884, 40.313098063012703 ], [ -4.987608372607209, 40.313098063012703 ], [ -4.987608372607209, 40.312328660739361 ], [ -4.985300165787196, 40.312328660739361 ], [ -4.985300165787196, 40.311559258466026 ], [ -4.982991958967183, 40.311559258466026 ], [ -4.982991958967183, 40.310789856192685 ], [ -4.979144947600496, 40.310789856192685 ], [ -4.979144947600496, 40.31002045391935 ], [ -4.976836740780483, 40.31002045391935 ], [ -4.976836740780483, 40.309251051646015 ], [ -4.975297936233807, 40.309251051646015 ], [ -4.975297936233807, 40.308481649372673 ], [ -4.973759131687132, 40.308481649372673 ], [ -4.973759131687132, 40.307712247099339 ], [ -4.969142718047107, 40.307712247099339 ], [ -4.969142718047107, 40.306942844825997 ], [ -4.967603913500431, 40.306942844825997 ], [ -4.967603913500431, 40.306173442552662 ], [ -4.966065108953757, 40.306173442552662 ], [ -4.966065108953757, 40.305404040279321 ], [ -4.962987499860406, 40.305404040279321 ], [ -4.962987499860406, 40.304634638005986 ], [ -4.95529347712703, 40.304634638005986 ], [ -4.95529347712703, 40.303865235732651 ], [ -4.946060649846979, 40.303865235732651 ], [ -4.946060649846979, 40.303095833459309 ], [ -4.936827822566928, 40.303095833459309 ], [ -4.936827822566928, 40.302326431185975 ], [ -4.93605842029359, 40.302326431185975 ], [ -4.93605842029359, 40.303095833459309 ], [ -4.926825593013539, 40.303095833459309 ], [ -4.926825593013539, 40.302326431185975 ], [ -4.91682336346015, 40.302326431185975 ], [ -4.91682336346015, 40.301557028912633 ], [ -4.909129340726774, 40.301557028912633 ], [ -4.909129340726774, 40.302326431185975 ], [ -4.908359938453437, 40.302326431185975 ], [ -4.908359938453437, 40.303865235732651 ], [ -4.907590536180098, 40.303865235732651 ], [ -4.907590536180098, 40.304634638005986 ], [ -4.906821133906761, 40.304634638005986 ], [ -4.906821133906761, 40.305404040279321 ], [ -4.906051731633424, 40.305404040279321 ], [ -4.906051731633424, 40.306173442552662 ], [ -4.905282329360086, 40.306173442552662 ], [ -4.905282329360086, 40.306942844825997 ], [ -4.904512927086748, 40.306942844825997 ], [ -4.904512927086748, 40.307712247099339 ], [ -4.902974122540074, 40.307712247099339 ], [ -4.902974122540074, 40.308481649372673 ], [ -4.900665915720061, 40.308481649372673 ], [ -4.900665915720061, 40.309251051646015 ], [ -4.898357708900048, 40.309251051646015 ], [ -4.898357708900048, 40.31002045391935 ], [ -4.896818904353372, 40.31002045391935 ], [ -4.896818904353372, 40.310789856192685 ], [ -4.895280099806698, 40.310789856192685 ], [ -4.895280099806698, 40.311559258466026 ], [ -4.890663686166672, 40.311559258466026 ], [ -4.890663686166672, 40.312328660739361 ], [ -4.889124881619996, 40.312328660739361 ], [ -4.889124881619996, 40.313098063012703 ], [ -4.887586077073321, 40.313098063012703 ], [ -4.887586077073321, 40.313867465286037 ], [ -4.885277870253309, 40.313867465286037 ], [ -4.885277870253309, 40.314636867559372 ], [ -4.884508467979971, 40.314636867559372 ], [ -4.884508467979971, 40.315406269832714 ], [ -4.882969663433296, 40.315406269832714 ], [ -4.882969663433296, 40.316175672106048 ], [ -4.88143085888662, 40.316175672106048 ], [ -4.88143085888662, 40.31694507437939 ], [ -4.879892054339946, 40.31694507437939 ], [ -4.879892054339946, 40.317714476652725 ], [ -4.87835324979327, 40.317714476652725 ], [ -4.87835324979327, 40.318483878926067 ], [ -4.876045042973257, 40.318483878926067 ], [ -4.876045042973257, 40.319253281199401 ], [ -4.874506238426582, 40.319253281199401 ], [ -4.874506238426582, 40.320022683472736 ], [ -4.873736836153244, 40.320022683472736 ], [ -4.873736836153244, 40.320792085746078 ], [ -4.872198031606569, 40.320792085746078 ], [ -4.872198031606569, 40.321561488019412 ], [ -4.871428629333232, 40.321561488019412 ], [ -4.871428629333232, 40.322330890292754 ], [ -4.869889824786556, 40.322330890292754 ], [ -4.869889824786556, 40.323100292566089 ], [ -4.866812215693206, 40.323100292566089 ], [ -4.866812215693206, 40.323869694839424 ], [ -4.865273411146531, 40.323869694839424 ], [ -4.865273411146531, 40.324639097112765 ], [ -4.863734606599856, 40.324639097112765 ], [ -4.863734606599856, 40.3254084993861 ], [ -4.862195802053181, 40.3254084993861 ], [ -4.862195802053181, 40.326177901659442 ], [ -4.860656997506505, 40.326177901659442 ], [ -4.860656997506505, 40.326947303932776 ], [ -4.858348790686493, 40.326947303932776 ], [ -4.858348790686493, 40.327716706206111 ], [ -4.856809986139817, 40.327716706206111 ], [ -4.856809986139817, 40.328486108479453 ], [ -4.853732377046467, 40.328486108479453 ], [ -4.853732377046467, 40.329255510752787 ], [ -4.851424170226454, 40.329255510752787 ], [ -4.851424170226454, 40.330024913026129 ], [ -4.849885365679779, 40.330024913026129 ], [ -4.849885365679779, 40.330794315299464 ], [ -4.848346561133104, 40.330794315299464 ], [ -4.848346561133104, 40.331563717572806 ], [ -4.846038354313091, 40.331563717572806 ], [ -4.846038354313091, 40.33233311984614 ], [ -4.844499549766416, 40.33233311984614 ], [ -4.844499549766416, 40.333102522119475 ], [ -4.842191342946403, 40.333102522119475 ], [ -4.842191342946403, 40.333871924392817 ], [ -4.840652538399728, 40.333871924392817 ], [ -4.840652538399728, 40.334641326666151 ], [ -4.837574929306378, 40.334641326666151 ], [ -4.837574929306378, 40.335410728939493 ], [ -4.836036124759702, 40.335410728939493 ], [ -4.836036124759702, 40.336180131212828 ], [ -4.833727917939689, 40.336180131212828 ], [ -4.833727917939689, 40.336949533486163 ], [ -4.832189113393015, 40.336949533486163 ], [ -4.832189113393015, 40.337718935759504 ], [ -4.830650308846339, 40.337718935759504 ], [ -4.830650308846339, 40.338488338032839 ], [ -4.826803297479652, 40.338488338032839 ], [ -4.826803297479652, 40.337718935759504 ], [ -4.824495090659639, 40.337718935759504 ], [ -4.824495090659639, 40.336949533486163 ], [ -4.822956286112963, 40.336949533486163 ], [ -4.822956286112963, 40.336180131212828 ], [ -4.818339872472937, 40.336180131212828 ], [ -4.818339872472937, 40.335410728939493 ], [ -4.816801067926263, 40.335410728939493 ], [ -4.816801067926263, 40.334641326666151 ], [ -4.815262263379587, 40.334641326666151 ], [ -4.815262263379587, 40.333871924392817 ], [ -4.812184654286237, 40.333871924392817 ], [ -4.812184654286237, 40.333102522119475 ], [ -4.809107045192887, 40.333102522119475 ], [ -4.809107045192887, 40.33233311984614 ], [ -4.806798838372874, 40.33233311984614 ], [ -4.806798838372874, 40.331563717572806 ], [ -4.804490631552861, 40.331563717572806 ], [ -4.804490631552861, 40.330794315299464 ], [ -4.80141302245951, 40.330794315299464 ], [ -4.80141302245951, 40.331563717572806 ], [ -4.797566011092822, 40.331563717572806 ], [ -4.797566011092822, 40.33233311984614 ], [ -4.794488401999472, 40.33233311984614 ], [ -4.794488401999472, 40.333102522119475 ], [ -4.792180195179459, 40.333102522119475 ], [ -4.792180195179459, 40.333871924392817 ], [ -4.791410792906122, 40.333871924392817 ], [ -4.791410792906122, 40.334641326666151 ], [ -4.789871988359446, 40.334641326666151 ], [ -4.789871988359446, 40.335410728939493 ], [ -4.788333183812771, 40.335410728939493 ], [ -4.788333183812771, 40.336180131212828 ], [ -4.787563781539434, 40.336180131212828 ], [ -4.787563781539434, 40.337718935759504 ], [ -4.786794379266096, 40.337718935759504 ], [ -4.786794379266096, 40.338488338032839 ], [ -4.786024976992758, 40.338488338032839 ], [ -4.786024976992758, 40.339257740306181 ], [ -4.785255574719421, 40.339257740306181 ], [ -4.785255574719421, 40.340027142579515 ], [ -4.784486172446083, 40.340027142579515 ], [ -4.784486172446083, 40.34079654485285 ], [ -4.783716770172745, 40.34079654485285 ], [ -4.783716770172745, 40.341565947126192 ], [ -4.782947367899408, 40.341565947126192 ], [ -4.782947367899408, 40.342335349399526 ], [ -4.781408563352732, 40.342335349399526 ], [ -4.781408563352732, 40.343104751672868 ], [ -4.77910035653272, 40.343104751672868 ], [ -4.77910035653272, 40.343874153946203 ], [ -4.777561551986045, 40.343874153946203 ], [ -4.777561551986045, 40.344643556219545 ], [ -4.77602274743937, 40.344643556219545 ], [ -4.77602274743937, 40.345412958492879 ], [ -4.774483942892695, 40.345412958492879 ], [ -4.774483942892695, 40.346182360766214 ], [ -4.770636931526006, 40.346182360766214 ], [ -4.770636931526006, 40.346951763039556 ], [ -4.769098126979332, 40.346951763039556 ], [ -4.769098126979332, 40.34772116531289 ], [ -4.767559322432656, 40.34772116531289 ], [ -4.767559322432656, 40.348490567586232 ], [ -4.76294290879263, 40.348490567586232 ], [ -4.76294290879263, 40.349259969859567 ], [ -4.758326495152605, 40.349259969859567 ], [ -4.758326495152605, 40.350029372132902 ], [ -4.752940679239241, 40.350029372132902 ], [ -4.752940679239241, 40.350798774406243 ], [ -4.747554863325878, 40.350798774406243 ], [ -4.747554863325878, 40.351568176679578 ], [ -4.742938449685854, 40.351568176679578 ], [ -4.742938449685854, 40.35233757895292 ], [ -4.73755263377249, 40.35233757895292 ], [ -4.73755263377249, 40.353106981226254 ], [ -4.735244426952477, 40.353106981226254 ], [ -4.735244426952477, 40.353876383499596 ], [ -4.734475024679139, 40.353876383499596 ], [ -4.734475024679139, 40.354645785772931 ], [ -4.733705622405802, 40.354645785772931 ], [ -4.733705622405802, 40.355415188046265 ], [ -4.732936220132464, 40.355415188046265 ], [ -4.732936220132464, 40.356184590319607 ], [ -4.731397415585789, 40.356184590319607 ], [ -4.731397415585789, 40.356953992592942 ], [ -4.730628013312451, 40.356953992592942 ], [ -4.730628013312451, 40.357723394866284 ], [ -4.729858611039114, 40.357723394866284 ], [ -4.729858611039114, 40.358492797139618 ], [ -4.729089208765776, 40.358492797139618 ], [ -4.729089208765776, 40.359262199412953 ], [ -4.727550404219101, 40.359262199412953 ], [ -4.727550404219101, 40.360031601686295 ], [ -4.726781001945763, 40.360031601686295 ], [ -4.726781001945763, 40.360801003959629 ], [ -4.706776542838986, 40.360801003959629 ], [ -4.706776542838986, 40.360031601686295 ], [ -4.697543715558934, 40.360031601686295 ], [ -4.697543715558934, 40.359262199412953 ], [ -4.688310888278884, 40.359262199412953 ], [ -4.688310888278884, 40.360031601686295 ], [ -4.682925072365521, 40.360031601686295 ], [ -4.682925072365521, 40.360801003959629 ], [ -4.679078060998832, 40.360801003959629 ], [ -4.679078060998832, 40.361570406232971 ], [ -4.673692245085469, 40.361570406232971 ], [ -4.673692245085469, 40.362339808506306 ], [ -4.669075831445443, 40.362339808506306 ], [ -4.669075831445443, 40.363109210779641 ], [ -4.665228820078756, 40.363109210779641 ], [ -4.665228820078756, 40.363878613052982 ], [ -4.659843004165393, 40.363878613052982 ], [ -4.659843004165393, 40.364648015326317 ], [ -4.655995992798704, 40.364648015326317 ], [ -4.655995992798704, 40.365417417599659 ], [ -4.651379579158679, 40.365417417599659 ], [ -4.651379579158679, 40.366186819872993 ], [ -4.647532567791991, 40.366186819872993 ], [ -4.647532567791991, 40.366956222146335 ], [ -4.642146751878628, 40.366956222146335 ], [ -4.642146751878628, 40.36772562441967 ], [ -4.637530338238602, 40.36772562441967 ], [ -4.637530338238602, 40.368495026693004 ], [ -4.632144522325239, 40.368495026693004 ], [ -4.632144522325239, 40.36772562441967 ], [ -4.630605717778564, 40.36772562441967 ], [ -4.630605717778564, 40.366956222146335 ], [ -4.629836315505226, 40.366956222146335 ], [ -4.629836315505226, 40.366186819872993 ], [ -4.627528108685214, 40.366186819872993 ], [ -4.627528108685214, 40.365417417599659 ], [ -4.626758706411875, 40.365417417599659 ], [ -4.626758706411875, 40.364648015326317 ], [ -4.625989304138538, 40.364648015326317 ], [ -4.625989304138538, 40.363878613052982 ], [ -4.624450499591863, 40.363878613052982 ], [ -4.624450499591863, 40.363109210779641 ], [ -4.622911695045188, 40.363109210779641 ], [ -4.622911695045188, 40.362339808506306 ], [ -4.621372890498513, 40.362339808506306 ], [ -4.621372890498513, 40.361570406232971 ], [ -4.620603488225175, 40.361570406232971 ], [ -4.620603488225175, 40.360801003959629 ], [ -4.619834085951838, 40.360801003959629 ], [ -4.619834085951838, 40.360031601686295 ], [ -4.618295281405162, 40.360031601686295 ], [ -4.618295281405162, 40.359262199412953 ], [ -4.616756476858487, 40.359262199412953 ], [ -4.616756476858487, 40.358492797139618 ], [ -4.615217672311812, 40.358492797139618 ], [ -4.615217672311812, 40.357723394866284 ], [ -4.614448270038475, 40.357723394866284 ], [ -4.614448270038475, 40.356953992592942 ], [ -4.613678867765136, 40.356953992592942 ], [ -4.613678867765136, 40.356184590319607 ], [ -4.611370660945123, 40.356184590319607 ], [ -4.611370660945123, 40.355415188046265 ], [ -4.610601258671786, 40.355415188046265 ], [ -4.610601258671786, 40.354645785772931 ], [ -4.609062454125111, 40.354645785772931 ], [ -4.609062454125111, 40.353876383499596 ], [ -4.607523649578436, 40.353876383499596 ], [ -4.607523649578436, 40.353106981226254 ], [ -4.605984845031761, 40.353106981226254 ], [ -4.605984845031761, 40.35233757895292 ], [ -4.604446040485086, 40.35233757895292 ], [ -4.604446040485086, 40.351568176679578 ], [ -4.602137833665073, 40.351568176679578 ], [ -4.602137833665073, 40.350798774406243 ], [ -4.600599029118397, 40.350798774406243 ], [ -4.600599029118397, 40.350029372132902 ], [ -4.599060224571723, 40.350029372132902 ], [ -4.599060224571723, 40.349259969859567 ], [ -4.597521420025047, 40.349259969859567 ], [ -4.597521420025047, 40.348490567586232 ], [ -4.595982615478372, 40.348490567586232 ], [ -4.595982615478372, 40.34772116531289 ], [ -4.593674408658359, 40.34772116531289 ], [ -4.593674408658359, 40.346951763039556 ], [ -4.591366201838346, 40.346951763039556 ], [ -4.591366201838346, 40.346182360766214 ], [ -4.579825167738282, 40.346182360766214 ], [ -4.579825167738282, 40.345412958492879 ], [ -4.575978156371594, 40.345412958492879 ], [ -4.575978156371594, 40.346182360766214 ], [ -4.567514731364881, 40.346182360766214 ], [ -4.567514731364881, 40.345412958492879 ], [ -4.555973697264817, 40.345412958492879 ], [ -4.555973697264817, 40.344643556219545 ], [ -4.544432663164753, 40.344643556219545 ], [ -4.544432663164753, 40.343874153946203 ], [ -4.542893858618077, 40.343874153946203 ], [ -4.542893858618077, 40.343104751672868 ], [ -4.53904684725139, 40.343104751672868 ], [ -4.53904684725139, 40.342335349399526 ], [ -4.536738640431377, 40.342335349399526 ], [ -4.536738640431377, 40.343104751672868 ], [ -4.535199835884702, 40.343104751672868 ], [ -4.535199835884702, 40.343874153946203 ], [ -4.532891629064689, 40.343874153946203 ], [ -4.532891629064689, 40.344643556219545 ], [ -4.530583422244677, 40.344643556219545 ], [ -4.530583422244677, 40.345412958492879 ], [ -4.529044617698001, 40.345412958492879 ], [ -4.529044617698001, 40.346182360766214 ], [ -4.526736410877988, 40.346182360766214 ], [ -4.526736410877988, 40.346951763039556 ], [ -4.522119997237962, 40.346951763039556 ], [ -4.522119997237962, 40.343104751672868 ], [ -4.5228893995113, 40.343104751672868 ], [ -4.5228893995113, 40.339257740306181 ], [ -4.522119997237962, 40.339257740306181 ], [ -4.522119997237962, 40.338488338032839 ], [ -4.518272985871275, 40.338488338032839 ], [ -4.518272985871275, 40.337718935759504 ], [ -4.516734181324599, 40.337718935759504 ], [ -4.516734181324599, 40.336180131212828 ], [ -4.515964779051262, 40.336180131212828 ], [ -4.515964779051262, 40.335410728939493 ], [ -4.515195376777925, 40.335410728939493 ], [ -4.515195376777925, 40.333871924392817 ], [ -4.514425974504586, 40.333871924392817 ], [ -4.514425974504586, 40.331563717572806 ], [ -4.513656572231249, 40.331563717572806 ], [ -4.513656572231249, 40.330794315299464 ], [ -4.512117767684574, 40.330794315299464 ], [ -4.512117767684574, 40.329255510752787 ], [ -4.511348365411236, 40.329255510752787 ], [ -4.511348365411236, 40.326947303932776 ], [ -4.510578963137899, 40.326947303932776 ], [ -4.510578963137899, 40.323869694839424 ], [ -4.509809560864561, 40.323869694839424 ], [ -4.509809560864561, 40.321561488019412 ], [ -4.509040158591223, 40.321561488019412 ], [ -4.509040158591223, 40.320792085746078 ], [ -4.506731951771211, 40.320792085746078 ], [ -4.506731951771211, 40.320022683472736 ], [ -4.505962549497873, 40.320022683472736 ], [ -4.505962549497873, 40.319253281199401 ], [ -4.504423744951198, 40.319253281199401 ], [ -4.504423744951198, 40.318483878926067 ], [ -4.50365434267786, 40.318483878926067 ], [ -4.50365434267786, 40.317714476652725 ], [ -4.502115538131186, 40.317714476652725 ], [ -4.502115538131186, 40.31694507437939 ], [ -4.50057673358451, 40.31694507437939 ], [ -4.50057673358451, 40.317714476652725 ], [ -4.49749912449116, 40.317714476652725 ], [ -4.49749912449116, 40.318483878926067 ], [ -4.496729722217822, 40.318483878926067 ], [ -4.496729722217822, 40.319253281199401 ], [ -4.495190917671147, 40.319253281199401 ], [ -4.495190917671147, 40.320022683472736 ], [ -4.493652113124472, 40.320022683472736 ], [ -4.493652113124472, 40.320792085746078 ], [ -4.491343906304459, 40.320792085746078 ], [ -4.491343906304459, 40.321561488019412 ], [ -4.490574504031121, 40.321561488019412 ], [ -4.490574504031121, 40.322330890292754 ], [ -4.488266297211108, 40.322330890292754 ], [ -4.488266297211108, 40.323100292566089 ], [ -4.479802872204395, 40.323100292566089 ], [ -4.479802872204395, 40.322330890292754 ], [ -4.472108849471018, 40.322330890292754 ], [ -4.472108849471018, 40.321561488019412 ], [ -4.465953631284318, 40.321561488019412 ], [ -4.465953631284318, 40.320792085746078 ], [ -4.459029010824279, 40.320792085746078 ], [ -4.459029010824279, 40.321561488019412 ], [ -4.455951401730929, 40.321561488019412 ], [ -4.455951401730929, 40.326177901659442 ], [ -4.455181999457592, 40.326177901659442 ], [ -4.455181999457592, 40.333871924392817 ], [ -4.455951401730929, 40.333871924392817 ], [ -4.455951401730929, 40.335410728939493 ], [ -4.456720804004267, 40.335410728939493 ], [ -4.456720804004267, 40.336949533486163 ], [ -4.458259608550942, 40.336949533486163 ], [ -4.458259608550942, 40.337718935759504 ], [ -4.459798413097618, 40.337718935759504 ], [ -4.459798413097618, 40.338488338032839 ], [ -4.460567815370955, 40.338488338032839 ], [ -4.460567815370955, 40.340027142579515 ], [ -4.461337217644292, 40.340027142579515 ], [ -4.461337217644292, 40.34079654485285 ], [ -4.460567815370955, 40.34079654485285 ], [ -4.460567815370955, 40.342335349399526 ], [ -4.459798413097618, 40.342335349399526 ], [ -4.459798413097618, 40.343104751672868 ], [ -4.459029010824279, 40.343104751672868 ], [ -4.459029010824279, 40.344643556219545 ], [ -4.458259608550942, 40.344643556219545 ], [ -4.458259608550942, 40.345412958492879 ], [ -4.457490206277605, 40.345412958492879 ], [ -4.457490206277605, 40.346182360766214 ], [ -4.454412597184254, 40.346182360766214 ], [ -4.454412597184254, 40.346951763039556 ], [ -4.451334988090903, 40.346951763039556 ], [ -4.451334988090903, 40.34772116531289 ], [ -4.449796183544229, 40.34772116531289 ], [ -4.449796183544229, 40.348490567586232 ], [ -4.449026781270891, 40.348490567586232 ], [ -4.449026781270891, 40.349259969859567 ], [ -4.446718574450879, 40.349259969859567 ], [ -4.446718574450879, 40.350029372132902 ], [ -4.445179769904203, 40.350029372132902 ], [ -4.445179769904203, 40.350798774406243 ], [ -4.443640965357528, 40.350798774406243 ], [ -4.443640965357528, 40.351568176679578 ], [ -4.440563356264177, 40.351568176679578 ], [ -4.440563356264177, 40.35233757895292 ], [ -4.439024551717502, 40.35233757895292 ], [ -4.439024551717502, 40.354645785772931 ], [ -4.438255149444164, 40.354645785772931 ], [ -4.438255149444164, 40.355415188046265 ], [ -4.43979395399084, 40.355415188046265 ], [ -4.43979395399084, 40.360031601686295 ], [ -4.440563356264177, 40.360031601686295 ], [ -4.440563356264177, 40.363878613052982 ], [ -4.441332758537515, 40.363878613052982 ], [ -4.441332758537515, 40.364648015326317 ], [ -4.440563356264177, 40.364648015326317 ], [ -4.440563356264177, 40.378497256246398 ], [ -4.441332758537515, 40.378497256246398 ], [ -4.441332758537515, 40.379266658519732 ], [ -4.43979395399084, 40.379266658519732 ], [ -4.43979395399084, 40.380036060793074 ], [ -4.441332758537515, 40.380036060793074 ], [ -4.441332758537515, 40.381574865339743 ], [ -4.442102160810853, 40.381574865339743 ], [ -4.442102160810853, 40.383883072159762 ], [ -4.44287156308419, 40.383883072159762 ], [ -4.44287156308419, 40.385421876706431 ], [ -4.443640965357528, 40.385421876706431 ], [ -4.443640965357528, 40.386960681253107 ], [ -4.44287156308419, 40.386960681253107 ], [ -4.44287156308419, 40.388499485799784 ], [ -4.442102160810853, 40.388499485799784 ], [ -4.442102160810853, 40.39003829034646 ], [ -4.440563356264177, 40.39003829034646 ], [ -4.440563356264177, 40.390807692619795 ], [ -4.439024551717502, 40.390807692619795 ], [ -4.439024551717502, 40.391577094893137 ], [ -4.438255149444164, 40.391577094893137 ], [ -4.438255149444164, 40.394654703986483 ], [ -4.436716344897489, 40.394654703986483 ], [ -4.436716344897489, 40.395424106259824 ], [ -4.435946942624152, 40.395424106259824 ], [ -4.435946942624152, 40.396193508533159 ], [ -4.435177540350814, 40.396193508533159 ], [ -4.435177540350814, 40.396962910806501 ], [ -4.434408138077477, 40.396962910806501 ], [ -4.434408138077477, 40.397732313079835 ], [ -4.43363873580414, 40.397732313079835 ], [ -4.43363873580414, 40.39850171535317 ], [ -4.432869333530801, 40.39850171535317 ], [ -4.432869333530801, 40.399271117626512 ], [ -4.432099931257464, 40.399271117626512 ], [ -4.432099931257464, 40.400040519899846 ], [ -4.429791724437451, 40.400040519899846 ], [ -4.429791724437451, 40.400809922173188 ], [ -4.429022322164114, 40.400809922173188 ], [ -4.429022322164114, 40.401579324446523 ], [ -4.428252919890776, 40.401579324446523 ], [ -4.428252919890776, 40.402348726719865 ], [ -4.425944713070763, 40.402348726719865 ], [ -4.425944713070763, 40.403118128993199 ], [ -4.425175310797425, 40.403118128993199 ], [ -4.425175310797425, 40.403887531266534 ], [ -4.42363650625075, 40.403887531266534 ], [ -4.42363650625075, 40.404656933539876 ], [ -4.422867103977413, 40.404656933539876 ], [ -4.422867103977413, 40.408503944906563 ], [ -4.416711885790712, 40.408503944906563 ], [ -4.416711885790712, 40.41004274945324 ], [ -4.415173081244037, 40.41004274945324 ], [ -4.415173081244037, 40.411581553999909 ], [ -4.414403678970699, 40.411581553999909 ], [ -4.414403678970699, 40.412350956273251 ], [ -4.408248460783998, 40.412350956273251 ], [ -4.408248460783998, 40.413120358546585 ], [ -4.396707426683935, 40.413120358546585 ], [ -4.396707426683935, 40.412350956273251 ], [ -4.389013403950559, 40.412350956273251 ], [ -4.389013403950559, 40.411581553999909 ], [ -4.38516639258387, 40.411581553999909 ], [ -4.38516639258387, 40.410812151726574 ], [ -4.381319381217183, 40.410812151726574 ], [ -4.381319381217183, 40.41004274945324 ], [ -4.369778347117118, 40.41004274945324 ], [ -4.369778347117118, 40.410812151726574 ], [ -4.364392531203755, 40.410812151726574 ], [ -4.364392531203755, 40.411581553999909 ], [ -4.362853726657081, 40.411581553999909 ], [ -4.362853726657081, 40.412350956273251 ], [ -4.362084324383742, 40.412350956273251 ], [ -4.362084324383742, 40.413120358546585 ], [ -4.361314922110405, 40.413120358546585 ], [ -4.361314922110405, 40.413889760819927 ], [ -4.359006715290392, 40.413889760819927 ], [ -4.359006715290392, 40.414659163093262 ], [ -4.354390301650366, 40.414659163093262 ], [ -4.354390301650366, 40.415428565366604 ], [ -4.347465681190329, 40.415428565366604 ], [ -4.347465681190329, 40.414659163093262 ], [ -4.345926876643653, 40.414659163093262 ], [ -4.345926876643653, 40.413889760819927 ], [ -4.34054106073029, 40.413889760819927 ], [ -4.34054106073029, 40.413120358546585 ], [ -4.338232853910277, 40.413120358546585 ], [ -4.338232853910277, 40.412350956273251 ], [ -4.335924647090264, 40.412350956273251 ], [ -4.335924647090264, 40.411581553999909 ], [ -4.332847037996913, 40.411581553999909 ], [ -4.332847037996913, 40.410812151726574 ], [ -4.332077635723576, 40.410812151726574 ], [ -4.332077635723576, 40.411581553999909 ], [ -4.330538831176901, 40.411581553999909 ], [ -4.330538831176901, 40.412350956273251 ], [ -4.329000026630226, 40.412350956273251 ], [ -4.329000026630226, 40.413120358546585 ], [ -4.327461222083551, 40.413120358546585 ], [ -4.327461222083551, 40.415428565366604 ], [ -4.325922417536876, 40.415428565366604 ], [ -4.325922417536876, 40.416197967639938 ], [ -4.326691819810213, 40.416197967639938 ], [ -4.326691819810213, 40.416967369913273 ], [ -4.325153015263538, 40.416967369913273 ], [ -4.325153015263538, 40.418506174459949 ], [ -4.325922417536876, 40.418506174459949 ], [ -4.325922417536876, 40.420044979006626 ], [ -4.3243836129902, 40.420044979006626 ], [ -4.3243836129902, 40.421583783553302 ], [ -4.325153015263538, 40.421583783553302 ], [ -4.325153015263538, 40.423122588099979 ], [ -4.326691819810213, 40.423122588099979 ], [ -4.326691819810213, 40.422353185826637 ], [ -4.327461222083551, 40.422353185826637 ], [ -4.327461222083551, 40.421583783553302 ], [ -4.329000026630226, 40.421583783553302 ], [ -4.329000026630226, 40.422353185826637 ], [ -4.329769428903564, 40.422353185826637 ], [ -4.329769428903564, 40.423122588099979 ], [ -4.331308233450239, 40.423122588099979 ], [ -4.331308233450239, 40.423891990373313 ], [ -4.332077635723576, 40.423891990373313 ], [ -4.332077635723576, 40.423122588099979 ], [ -4.333616440270252, 40.423122588099979 ], [ -4.333616440270252, 40.423891990373313 ], [ -4.335155244816926, 40.423891990373313 ], [ -4.335155244816926, 40.426969599466666 ], [ -4.339002256183615, 40.426969599466666 ], [ -4.339002256183615, 40.427739001740001 ], [ -4.341310463003627, 40.427739001740001 ], [ -4.341310463003627, 40.428508404013343 ], [ -4.342079865276965, 40.428508404013343 ], [ -4.342079865276965, 40.430816610833354 ], [ -4.341310463003627, 40.430816610833354 ], [ -4.341310463003627, 40.438510633566729 ], [ -4.342079865276965, 40.438510633566729 ], [ -4.342079865276965, 40.439280035840063 ], [ -4.341310463003627, 40.439280035840063 ], [ -4.341310463003627, 40.440049438113405 ], [ -4.339771658456952, 40.440049438113405 ], [ -4.339771658456952, 40.44081884038674 ], [ -4.338232853910277, 40.44081884038674 ], [ -4.338232853910277, 40.441588242660082 ], [ -4.336694049363602, 40.441588242660082 ], [ -4.336694049363602, 40.442357644933416 ], [ -4.335924647090264, 40.442357644933416 ], [ -4.335924647090264, 40.443127047206751 ], [ -4.336694049363602, 40.443127047206751 ], [ -4.336694049363602, 40.443896449480093 ], [ -4.339002256183615, 40.443896449480093 ], [ -4.339002256183615, 40.445435254026769 ], [ -4.335924647090264, 40.445435254026769 ], [ -4.335924647090264, 40.446204656300104 ], [ -4.332847037996913, 40.446204656300104 ], [ -4.332847037996913, 40.44774346084678 ], [ -4.334385842543589, 40.44774346084678 ], [ -4.334385842543589, 40.449282265393457 ], [ -4.335155244816926, 40.449282265393457 ], [ -4.335155244816926, 40.450821069940133 ], [ -4.328230624356888, 40.450821069940133 ], [ -4.328230624356888, 40.451590472213468 ], [ -4.322844808443525, 40.451590472213468 ], [ -4.322844808443525, 40.452359874486802 ], [ -4.322075406170187, 40.452359874486802 ], [ -4.322075406170187, 40.455437483580155 ], [ -4.3243836129902, 40.455437483580155 ], [ -4.3243836129902, 40.45620688585349 ], [ -4.326691819810213, 40.45620688585349 ], [ -4.326691819810213, 40.456976288126832 ], [ -4.328230624356888, 40.456976288126832 ], [ -4.328230624356888, 40.458515092673508 ], [ -4.327461222083551, 40.458515092673508 ], [ -4.327461222083551, 40.461592701766854 ], [ -4.326691819810213, 40.461592701766854 ], [ -4.326691819810213, 40.46313150631353 ], [ -4.323614210716863, 40.46313150631353 ], [ -4.323614210716863, 40.462362104040196 ], [ -4.32130600389685, 40.462362104040196 ], [ -4.32130600389685, 40.46313150631353 ], [ -4.322844808443525, 40.46313150631353 ], [ -4.322844808443525, 40.464670310860207 ], [ -4.322075406170187, 40.464670310860207 ], [ -4.322075406170187, 40.465439713133541 ], [ -4.319767199350174, 40.465439713133541 ], [ -4.319767199350174, 40.466209115406883 ], [ -4.318997797076837, 40.466209115406883 ], [ -4.318997797076837, 40.466978517680218 ], [ -4.319767199350174, 40.466978517680218 ], [ -4.319767199350174, 40.469286724500229 ], [ -4.32130600389685, 40.469286724500229 ], [ -4.32130600389685, 40.470056126773571 ], [ -4.322075406170187, 40.470056126773571 ], [ -4.322075406170187, 40.471594931320247 ], [ -4.322844808443525, 40.471594931320247 ], [ -4.322844808443525, 40.473133735866924 ], [ -4.323614210716863, 40.473133735866924 ], [ -4.323614210716863, 40.475441942686935 ], [ -4.3243836129902, 40.475441942686935 ], [ -4.3243836129902, 40.481597160873633 ], [ -4.325153015263538, 40.481597160873633 ], [ -4.325153015263538, 40.49852401088706 ], [ -4.3243836129902, 40.49852401088706 ], [ -4.3243836129902, 40.501601619980413 ], [ -4.325153015263538, 40.501601619980413 ], [ -4.325153015263538, 40.504679229073759 ], [ -4.325922417536876, 40.504679229073759 ], [ -4.325922417536876, 40.506218033620435 ], [ -4.328230624356888, 40.506218033620435 ], [ -4.328230624356888, 40.506987435893777 ], [ -4.329769428903564, 40.506987435893777 ], [ -4.329769428903564, 40.509295642713788 ], [ -4.329000026630226, 40.509295642713788 ], [ -4.329000026630226, 40.510834447260464 ], [ -4.328230624356888, 40.510834447260464 ], [ -4.328230624356888, 40.512373251807141 ], [ -4.327461222083551, 40.512373251807141 ], [ -4.327461222083551, 40.51391205635381 ], [ -4.326691819810213, 40.51391205635381 ], [ -4.326691819810213, 40.515450860900486 ], [ -4.325922417536876, 40.515450860900486 ], [ -4.325922417536876, 40.518528469993839 ], [ -4.325153015263538, 40.518528469993839 ], [ -4.325153015263538, 40.522375481360527 ], [ -4.3243836129902, 40.522375481360527 ], [ -4.3243836129902, 40.526991895000549 ], [ -4.323614210716863, 40.526991895000549 ], [ -4.323614210716863, 40.531608308640578 ], [ -4.325153015263538, 40.531608308640578 ], [ -4.325153015263538, 40.532377710913913 ], [ -4.326691819810213, 40.532377710913913 ], [ -4.326691819810213, 40.533147113187255 ], [ -4.329000026630226, 40.533147113187255 ], [ -4.329000026630226, 40.533916515460589 ], [ -4.330538831176901, 40.533916515460589 ], [ -4.330538831176901, 40.535455320007266 ], [ -4.329769428903564, 40.535455320007266 ], [ -4.329769428903564, 40.536994124553942 ], [ -4.329000026630226, 40.536994124553942 ], [ -4.329000026630226, 40.539302331373953 ], [ -4.328230624356888, 40.539302331373953 ], [ -4.328230624356888, 40.540071733647288 ], [ -4.327461222083551, 40.540071733647288 ], [ -4.327461222083551, 40.541610538193964 ], [ -4.326691819810213, 40.541610538193964 ], [ -4.326691819810213, 40.550073963200681 ], [ -4.325922417536876, 40.550073963200681 ], [ -4.325922417536876, 40.552382170020692 ], [ -4.325153015263538, 40.552382170020692 ], [ -4.325153015263538, 40.553151572294027 ], [ -4.323614210716863, 40.553151572294027 ], [ -4.323614210716863, 40.553920974567369 ], [ -4.322075406170187, 40.553920974567369 ], [ -4.322075406170187, 40.554690376840703 ], [ -4.320536601623512, 40.554690376840703 ], [ -4.320536601623512, 40.555459779114045 ], [ -4.318997797076837, 40.555459779114045 ], [ -4.318997797076837, 40.55622918138738 ], [ -4.3182283948035, 40.55622918138738 ], [ -4.3182283948035, 40.556998583660722 ], [ -4.316689590256824, 40.556998583660722 ], [ -4.316689590256824, 40.557767985934056 ], [ -4.315920187983487, 40.557767985934056 ], [ -4.315920187983487, 40.558537388207391 ], [ -4.313611981163474, 40.558537388207391 ], [ -4.313611981163474, 40.559306790480733 ], [ -4.311303774343461, 40.559306790480733 ], [ -4.311303774343461, 40.560076192754067 ], [ -4.309764969796786, 40.560076192754067 ], [ -4.309764969796786, 40.560845595027409 ], [ -4.308995567523448, 40.560845595027409 ], [ -4.308995567523448, 40.561614997300744 ], [ -4.306687360703435, 40.561614997300744 ], [ -4.306687360703435, 40.562384399574078 ], [ -4.305148556156761, 40.562384399574078 ], [ -4.305148556156761, 40.56315380184742 ], [ -4.30207094706341, 40.56315380184742 ], [ -4.30207094706341, 40.563923204120755 ], [ -4.298993337970059, 40.563923204120755 ], [ -4.298993337970059, 40.564692606394097 ], [ -4.295915728876709, 40.564692606394097 ], [ -4.295915728876709, 40.565462008667431 ], [ -4.293607522056696, 40.565462008667431 ], [ -4.293607522056696, 40.566231410940766 ], [ -4.292068717510022, 40.566231410940766 ], [ -4.292068717510022, 40.568539617760784 ], [ -4.291299315236683, 40.568539617760784 ], [ -4.291299315236683, 40.57161722685413 ], [ -4.290529912963346, 40.57161722685413 ], [ -4.290529912963346, 40.574694835947483 ], [ -4.289760510690009, 40.574694835947483 ], [ -4.289760510690009, 40.57854184731417 ], [ -4.288991108416671, 40.57854184731417 ], [ -4.288991108416671, 40.581619456407523 ], [ -4.288221706143333, 40.581619456407523 ], [ -4.288221706143333, 40.583927663227534 ], [ -4.287452303869996, 40.583927663227534 ], [ -4.287452303869996, 40.585466467774211 ], [ -4.286682901596658, 40.585466467774211 ], [ -4.286682901596658, 40.587005272320887 ], [ -4.28591349932332, 40.587005272320887 ], [ -4.28591349932332, 40.587774674594222 ], [ -4.285144097049983, 40.587774674594222 ], [ -4.285144097049983, 40.590082881414233 ], [ -4.284374694776645, 40.590082881414233 ], [ -4.284374694776645, 40.591621685960909 ], [ -4.285144097049983, 40.591621685960909 ], [ -4.285144097049983, 40.59392989278092 ], [ -4.28591349932332, 40.59392989278092 ], [ -4.28591349932332, 40.596238099600939 ], [ -4.285144097049983, 40.596238099600939 ], [ -4.285144097049983, 40.597776904147608 ], [ -4.284374694776645, 40.597776904147608 ], [ -4.284374694776645, 40.599315708694284 ], [ -4.283605292503307, 40.599315708694284 ], [ -4.283605292503307, 40.600085110967626 ], [ -4.28283589022997, 40.600085110967626 ], [ -4.28283589022997, 40.601623915514296 ], [ -4.282066487956632, 40.601623915514296 ], [ -4.282066487956632, 40.603932122334314 ], [ -4.283605292503307, 40.603932122334314 ], [ -4.283605292503307, 40.604701524607648 ], [ -4.287452303869996, 40.604701524607648 ], [ -4.287452303869996, 40.60547092688099 ], [ -4.288991108416671, 40.60547092688099 ], [ -4.288991108416671, 40.606240329154325 ], [ -4.290529912963346, 40.606240329154325 ], [ -4.290529912963346, 40.607009731427659 ], [ -4.292068717510022, 40.607009731427659 ], [ -4.292068717510022, 40.610856742794347 ], [ -4.292838119783359, 40.610856742794347 ], [ -4.292838119783359, 40.615473156434376 ], [ -4.292068717510022, 40.615473156434376 ], [ -4.292068717510022, 40.623936581441086 ], [ -4.291299315236683, 40.623936581441086 ], [ -4.291299315236683, 40.626244788261104 ], [ -4.292068717510022, 40.626244788261104 ], [ -4.292068717510022, 40.628552995081115 ], [ -4.292838119783359, 40.628552995081115 ], [ -4.292838119783359, 40.62932239735445 ], [ -4.292068717510022, 40.62932239735445 ], [ -4.292068717510022, 40.630091799627792 ], [ -4.288991108416671, 40.630091799627792 ], [ -4.288991108416671, 40.630861201901126 ], [ -4.28591349932332, 40.630861201901126 ], [ -4.28591349932332, 40.631630604174468 ], [ -4.28283589022997, 40.631630604174468 ], [ -4.28283589022997, 40.632400006447803 ], [ -4.277450074316607, 40.632400006447803 ], [ -4.277450074316607, 40.631630604174468 ], [ -4.270525453856568, 40.631630604174468 ], [ -4.270525453856568, 40.627783592807781 ], [ -4.269756051583231, 40.627783592807781 ], [ -4.269756051583231, 40.623167179167751 ], [ -4.268986649309893, 40.623167179167751 ], [ -4.268986649309893, 40.622397776894417 ], [ -4.268217247036556, 40.622397776894417 ], [ -4.268217247036556, 40.620089570074398 ], [ -4.26667844248988, 40.620089570074398 ], [ -4.26667844248988, 40.619320167801064 ], [ -4.265909040216543, 40.619320167801064 ], [ -4.265909040216543, 40.617011960981053 ], [ -4.265139637943205, 40.617011960981053 ], [ -4.265139637943205, 40.615473156434376 ], [ -4.264370235669867, 40.615473156434376 ], [ -4.264370235669867, 40.6139343518877 ], [ -4.26360083339653, 40.6139343518877 ], [ -4.26360083339653, 40.612395547341023 ], [ -4.262831431123193, 40.612395547341023 ], [ -4.262831431123193, 40.610856742794347 ], [ -4.261292626576518, 40.610856742794347 ], [ -4.261292626576518, 40.608548535974336 ], [ -4.26052322430318, 40.608548535974336 ], [ -4.26052322430318, 40.607779133701001 ], [ -4.259753822029842, 40.607779133701001 ], [ -4.259753822029842, 40.607009731427659 ], [ -4.256676212936492, 40.607009731427659 ], [ -4.256676212936492, 40.606240329154325 ], [ -4.252059799296466, 40.606240329154325 ], [ -4.252059799296466, 40.60547092688099 ], [ -4.245904581109765, 40.60547092688099 ], [ -4.245904581109765, 40.604701524607648 ], [ -4.238979960649727, 40.604701524607648 ], [ -4.238979960649727, 40.60547092688099 ], [ -4.231285937916351, 40.60547092688099 ], [ -4.231285937916351, 40.606240329154325 ], [ -4.224361317456313, 40.606240329154325 ], [ -4.224361317456313, 40.607009731427659 ], [ -4.217436696996274, 40.607009731427659 ], [ -4.217436696996274, 40.607779133701001 ], [ -4.213589685629586, 40.607779133701001 ], [ -4.213589685629586, 40.608548535974336 ], [ -4.212050881082911, 40.608548535974336 ], [ -4.212050881082911, 40.609317938247678 ], [ -4.210512076536236, 40.609317938247678 ], [ -4.210512076536236, 40.610087340521012 ], [ -4.208203869716224, 40.610087340521012 ], [ -4.208203869716224, 40.610856742794347 ], [ -4.206665065169548, 40.610856742794347 ], [ -4.206665065169548, 40.611626145067689 ], [ -4.205126260622873, 40.611626145067689 ], [ -4.205126260622873, 40.612395547341023 ], [ -4.20281805380286, 40.612395547341023 ], [ -4.20281805380286, 40.613164949614365 ], [ -4.199740444709509, 40.613164949614365 ], [ -4.199740444709509, 40.6139343518877 ], [ -4.197432237889497, 40.6139343518877 ], [ -4.197432237889497, 40.614703754161042 ], [ -4.195893433342821, 40.614703754161042 ], [ -4.195893433342821, 40.615473156434376 ], [ -4.194354628796146, 40.615473156434376 ], [ -4.194354628796146, 40.616242558707711 ], [ -4.190507617429459, 40.616242558707711 ], [ -4.190507617429459, 40.617011960981053 ], [ -4.18666060606277, 40.617011960981053 ], [ -4.18666060606277, 40.617781363254387 ], [ -4.182813594696082, 40.617781363254387 ], [ -4.182813594696082, 40.618550765527729 ], [ -4.178966583329395, 40.618550765527729 ], [ -4.178966583329395, 40.619320167801064 ], [ -4.176658376509382, 40.619320167801064 ], [ -4.176658376509382, 40.620089570074398 ], [ -4.175119571962706, 40.620089570074398 ], [ -4.175119571962706, 40.62085897234774 ], [ -4.172811365142694, 40.62085897234774 ], [ -4.172811365142694, 40.621628374621075 ], [ -4.171272560596019, 40.621628374621075 ], [ -4.171272560596019, 40.622397776894417 ], [ -4.169733756049343, 40.622397776894417 ], [ -4.169733756049343, 40.623167179167751 ], [ -4.168194951502668, 40.623167179167751 ], [ -4.168194951502668, 40.623936581441086 ], [ -4.166656146955993, 40.623936581441086 ], [ -4.166656146955993, 40.624705983714428 ], [ -4.165117342409317, 40.624705983714428 ], [ -4.165117342409317, 40.625475385987762 ], [ -4.171272560596019, 40.625475385987762 ], [ -4.171272560596019, 40.627014190534439 ], [ -4.172041962869356, 40.627014190534439 ], [ -4.172041962869356, 40.627783592807781 ], [ -4.172811365142694, 40.627783592807781 ], [ -4.172811365142694, 40.628552995081115 ], [ -4.173580767416031, 40.628552995081115 ], [ -4.173580767416031, 40.62932239735445 ], [ -4.174350169689369, 40.62932239735445 ], [ -4.174350169689369, 40.630091799627792 ], [ -4.175888974236044, 40.630091799627792 ], [ -4.175888974236044, 40.630861201901126 ], [ -4.176658376509382, 40.630861201901126 ], [ -4.176658376509382, 40.632400006447803 ], [ -4.175888974236044, 40.632400006447803 ], [ -4.175888974236044, 40.633169408721137 ], [ -4.175119571962706, 40.633169408721137 ], [ -4.175119571962706, 40.633938810994479 ], [ -4.174350169689369, 40.633938810994479 ], [ -4.174350169689369, 40.637785822361167 ], [ -4.175119571962706, 40.637785822361167 ], [ -4.175119571962706, 40.639324626907843 ], [ -4.175888974236044, 40.639324626907843 ], [ -4.175888974236044, 40.640094029181178 ], [ -4.175119571962706, 40.640094029181178 ], [ -4.175119571962706, 40.64086343145452 ], [ -4.174350169689369, 40.64086343145452 ], [ -4.174350169689369, 40.642402236001189 ], [ -4.172811365142694, 40.642402236001189 ], [ -4.172811365142694, 40.643171638274531 ], [ -4.172041962869356, 40.643171638274531 ], [ -4.172041962869356, 40.644710442821207 ], [ -4.170503158322681, 40.644710442821207 ], [ -4.170503158322681, 40.645479845094542 ], [ -4.171272560596019, 40.645479845094542 ], [ -4.171272560596019, 40.65625147692127 ], [ -4.172041962869356, 40.65625147692127 ], [ -4.172041962869356, 40.663945499654645 ], [ -4.172811365142694, 40.663945499654645 ], [ -4.172811365142694, 40.664714901927979 ], [ -4.174350169689369, 40.664714901927979 ], [ -4.174350169689369, 40.665484304201321 ], [ -4.175119571962706, 40.665484304201321 ], [ -4.175119571962706, 40.666253706474656 ], [ -4.175888974236044, 40.666253706474656 ], [ -4.175888974236044, 40.667023108747998 ], [ -4.176658376509382, 40.667023108747998 ], [ -4.176658376509382, 40.677025338301384 ], [ -4.175888974236044, 40.677025338301384 ], [ -4.175888974236044, 40.680872349668071 ], [ -4.175119571962706, 40.680872349668071 ], [ -4.175119571962706, 40.681641751941406 ], [ -4.174350169689369, 40.681641751941406 ], [ -4.174350169689369, 40.682411154214748 ], [ -4.173580767416031, 40.682411154214748 ], [ -4.173580767416031, 40.683949958761424 ], [ -4.172811365142694, 40.683949958761424 ], [ -4.172811365142694, 40.684719361034759 ], [ -4.172041962869356, 40.684719361034759 ], [ -4.172041962869356, 40.685488763308093 ], [ -4.170503158322681, 40.685488763308093 ], [ -4.170503158322681, 40.686258165581435 ], [ -4.169733756049343, 40.686258165581435 ], [ -4.169733756049343, 40.68702756785477 ], [ -4.168964353776006, 40.68702756785477 ], [ -4.168964353776006, 40.687796970128112 ], [ -4.168194951502668, 40.687796970128112 ], [ -4.168194951502668, 40.689335774674788 ], [ -4.166656146955993, 40.689335774674788 ], [ -4.166656146955993, 40.690105176948123 ], [ -4.165117342409317, 40.690105176948123 ], [ -4.165117342409317, 40.691643981494799 ], [ -4.165886744682656, 40.691643981494799 ], [ -4.165886744682656, 40.692413383768134 ], [ -4.175888974236044, 40.692413383768134 ], [ -4.175888974236044, 40.693182786041476 ], [ -4.178197181056056, 40.693182786041476 ], [ -4.178197181056056, 40.69395218831481 ], [ -4.179735985602732, 40.69395218831481 ], [ -4.179735985602732, 40.694721590588145 ], [ -4.182044192422745, 40.694721590588145 ], [ -4.182044192422745, 40.695490992861487 ], [ -4.182813594696082, 40.695490992861487 ], [ -4.182813594696082, 40.696260395134821 ], [ -4.184352399242758, 40.696260395134821 ], [ -4.184352399242758, 40.697029797408163 ], [ -4.185121801516095, 40.697029797408163 ] ] ] } },
{ "type": "Feature", "properties": { "fid": 18396, "DN": 48, "cuenca": "Tietar", "path": "Polygon?crs=EPSG:4326&uid={8df7b859-d3d9-4c59-865a-01d090966be8}" }, "geometry": { "type": "Polygon", "coordinates": [ [ [ -4.63522213141859, 40.365417417599659 ], [ -4.63522213141859, 40.364648015326317 ], [ -4.639069142785278, 40.364648015326317 ], [ -4.639069142785278, 40.363878613052982 ], [ -4.64445495869864, 40.363878613052982 ], [ -4.64445495869864, 40.363109210779641 ], [ -4.649071372338666, 40.363109210779641 ], [ -4.649071372338666, 40.362339808506306 ], [ -4.652918383705354, 40.362339808506306 ], [ -4.652918383705354, 40.361570406232971 ], [ -4.658304199618717, 40.361570406232971 ], [ -4.658304199618717, 40.360801003959629 ], [ -4.662151210985405, 40.360801003959629 ], [ -4.662151210985405, 40.360031601686295 ], [ -4.666767624625431, 40.360031601686295 ], [ -4.666767624625431, 40.359262199412953 ], [ -4.672153440538795, 40.359262199412953 ], [ -4.672153440538795, 40.358492797139618 ], [ -4.676000451905482, 40.358492797139618 ], [ -4.676000451905482, 40.357723394866284 ], [ -4.680616865545508, 40.357723394866284 ], [ -4.680616865545508, 40.356953992592942 ], [ -4.685233279185534, 40.356953992592942 ], [ -4.685233279185534, 40.356184590319607 ], [ -4.689849692825559, 40.356184590319607 ], [ -4.689849692825559, 40.355415188046265 ], [ -4.691388497372234, 40.355415188046265 ], [ -4.691388497372234, 40.356184590319607 ], [ -4.700621324652285, 40.356184590319607 ], [ -4.700621324652285, 40.356953992592942 ], [ -4.720625783759063, 40.356953992592942 ], [ -4.720625783759063, 40.357723394866284 ], [ -4.723703392852413, 40.357723394866284 ], [ -4.723703392852413, 40.356953992592942 ], [ -4.725242197399089, 40.356953992592942 ], [ -4.725242197399089, 40.356184590319607 ], [ -4.726011599672426, 40.356184590319607 ], [ -4.726011599672426, 40.355415188046265 ], [ -4.727550404219101, 40.355415188046265 ], [ -4.727550404219101, 40.354645785772931 ], [ -4.728319806492439, 40.354645785772931 ], [ -4.728319806492439, 40.353876383499596 ], [ -4.729089208765776, 40.353876383499596 ], [ -4.729089208765776, 40.353106981226254 ], [ -4.729858611039114, 40.353106981226254 ], [ -4.729858611039114, 40.351568176679578 ], [ -4.730628013312451, 40.351568176679578 ], [ -4.730628013312451, 40.350798774406243 ], [ -4.732166817859127, 40.350798774406243 ], [ -4.732166817859127, 40.350029372132902 ], [ -4.734475024679139, 40.350029372132902 ], [ -4.734475024679139, 40.349259969859567 ], [ -4.739091438319165, 40.349259969859567 ], [ -4.739091438319165, 40.348490567586232 ], [ -4.744477254232528, 40.348490567586232 ], [ -4.744477254232528, 40.34772116531289 ], [ -4.749093667872554, 40.34772116531289 ], [ -4.749093667872554, 40.346951763039556 ], [ -4.754479483785917, 40.346951763039556 ], [ -4.754479483785917, 40.346182360766214 ], [ -4.75986529969928, 40.346182360766214 ], [ -4.75986529969928, 40.345412958492879 ], [ -4.76602051788598, 40.345412958492879 ], [ -4.76602051788598, 40.344643556219545 ], [ -4.767559322432656, 40.344643556219545 ], [ -4.767559322432656, 40.343874153946203 ], [ -4.769098126979332, 40.343874153946203 ], [ -4.769098126979332, 40.343104751672868 ], [ -4.770636931526006, 40.343104751672868 ], [ -4.770636931526006, 40.342335349399526 ], [ -4.771406333799344, 40.342335349399526 ], [ -4.771406333799344, 40.341565947126192 ], [ -4.775253345166032, 40.341565947126192 ], [ -4.775253345166032, 40.34079654485285 ], [ -4.776792149712707, 40.34079654485285 ], [ -4.776792149712707, 40.340027142579515 ], [ -4.778330954259383, 40.340027142579515 ], [ -4.778330954259383, 40.339257740306181 ], [ -4.779869758806058, 40.339257740306181 ], [ -4.779869758806058, 40.338488338032839 ], [ -4.780639161079395, 40.338488338032839 ], [ -4.780639161079395, 40.336949533486163 ], [ -4.781408563352732, 40.336949533486163 ], [ -4.781408563352732, 40.336180131212828 ], [ -4.783716770172745, 40.336180131212828 ], [ -4.783716770172745, 40.335410728939493 ], [ -4.784486172446083, 40.335410728939493 ], [ -4.784486172446083, 40.333871924392817 ], [ -4.785255574719421, 40.333871924392817 ], [ -4.785255574719421, 40.333102522119475 ], [ -4.786024976992758, 40.333102522119475 ], [ -4.786024976992758, 40.33233311984614 ], [ -4.786794379266096, 40.33233311984614 ], [ -4.786794379266096, 40.331563717572806 ], [ -4.788333183812771, 40.331563717572806 ], [ -4.788333183812771, 40.330794315299464 ], [ -4.789102586086109, 40.330794315299464 ], [ -4.789102586086109, 40.330024913026129 ], [ -4.792949597452797, 40.330024913026129 ], [ -4.792949597452797, 40.329255510752787 ], [ -4.79525780427281, 40.329255510752787 ], [ -4.79525780427281, 40.328486108479453 ], [ -4.79833541336616, 40.328486108479453 ], [ -4.79833541336616, 40.327716706206111 ], [ -4.802182424732848, 40.327716706206111 ], [ -4.802182424732848, 40.326947303932776 ], [ -4.804490631552861, 40.326947303932776 ], [ -4.804490631552861, 40.327716706206111 ], [ -4.806029436099536, 40.327716706206111 ], [ -4.806029436099536, 40.328486108479453 ], [ -4.809107045192887, 40.328486108479453 ], [ -4.809107045192887, 40.329255510752787 ], [ -4.812184654286237, 40.329255510752787 ], [ -4.812184654286237, 40.330024913026129 ], [ -4.815262263379587, 40.330024913026129 ], [ -4.815262263379587, 40.330794315299464 ], [ -4.816801067926263, 40.330794315299464 ], [ -4.816801067926263, 40.331563717572806 ], [ -4.818339872472937, 40.331563717572806 ], [ -4.818339872472937, 40.33233311984614 ], [ -4.822956286112963, 40.33233311984614 ], [ -4.822956286112963, 40.333102522119475 ], [ -4.824495090659639, 40.333102522119475 ], [ -4.824495090659639, 40.333871924392817 ], [ -4.826803297479652, 40.333871924392817 ], [ -4.826803297479652, 40.334641326666151 ], [ -4.829880906573002, 40.334641326666151 ], [ -4.829880906573002, 40.333871924392817 ], [ -4.831419711119676, 40.333871924392817 ], [ -4.831419711119676, 40.333102522119475 ], [ -4.832958515666352, 40.333102522119475 ], [ -4.832958515666352, 40.33233311984614 ], [ -4.835266722486365, 40.33233311984614 ], [ -4.835266722486365, 40.331563717572806 ], [ -4.837574929306378, 40.331563717572806 ], [ -4.837574929306378, 40.330794315299464 ], [ -4.839113733853052, 40.330794315299464 ], [ -4.839113733853052, 40.330024913026129 ], [ -4.842191342946403, 40.330024913026129 ], [ -4.842191342946403, 40.329255510752787 ], [ -4.843730147493078, 40.329255510752787 ], [ -4.843730147493078, 40.328486108479453 ], [ -4.846038354313091, 40.328486108479453 ], [ -4.846038354313091, 40.327716706206111 ], [ -4.847577158859766, 40.327716706206111 ], [ -4.847577158859766, 40.326947303932776 ], [ -4.849115963406441, 40.326947303932776 ], [ -4.849115963406441, 40.326177901659442 ], [ -4.850654767953117, 40.326177901659442 ], [ -4.850654767953117, 40.3254084993861 ], [ -4.852193572499791, 40.3254084993861 ], [ -4.852193572499791, 40.324639097112765 ], [ -4.855271181593142, 40.324639097112765 ], [ -4.855271181593142, 40.323869694839424 ], [ -4.858348790686493, 40.323869694839424 ], [ -4.858348790686493, 40.323100292566089 ], [ -4.859887595233168, 40.323100292566089 ], [ -4.859887595233168, 40.322330890292754 ], [ -4.862195802053181, 40.322330890292754 ], [ -4.862195802053181, 40.321561488019412 ], [ -4.863734606599856, 40.321561488019412 ], [ -4.863734606599856, 40.320792085746078 ], [ -4.864504008873193, 40.320792085746078 ], [ -4.864504008873193, 40.320022683472736 ], [ -4.866042813419869, 40.320022683472736 ], [ -4.866042813419869, 40.319253281199401 ], [ -4.866812215693206, 40.319253281199401 ], [ -4.866812215693206, 40.318483878926067 ], [ -4.870659227059894, 40.318483878926067 ], [ -4.870659227059894, 40.317714476652725 ], [ -4.871428629333232, 40.317714476652725 ], [ -4.871428629333232, 40.31694507437939 ], [ -4.872967433879907, 40.31694507437939 ], [ -4.872967433879907, 40.316175672106048 ], [ -4.873736836153244, 40.316175672106048 ], [ -4.873736836153244, 40.315406269832714 ], [ -4.87527564069992, 40.315406269832714 ], [ -4.87527564069992, 40.314636867559372 ], [ -4.876814445246595, 40.314636867559372 ], [ -4.876814445246595, 40.313867465286037 ], [ -4.877583847519933, 40.313867465286037 ], [ -4.877583847519933, 40.313098063012703 ], [ -4.880661456613283, 40.313098063012703 ], [ -4.880661456613283, 40.312328660739361 ], [ -4.882200261159958, 40.312328660739361 ], [ -4.882200261159958, 40.311559258466026 ], [ -4.883739065706633, 40.311559258466026 ], [ -4.883739065706633, 40.310789856192685 ], [ -4.884508467979971, 40.310789856192685 ], [ -4.884508467979971, 40.31002045391935 ], [ -4.886047272526646, 40.31002045391935 ], [ -4.886047272526646, 40.309251051646015 ], [ -4.889124881619996, 40.309251051646015 ], [ -4.889124881619996, 40.308481649372673 ], [ -4.890663686166672, 40.308481649372673 ], [ -4.890663686166672, 40.307712247099339 ], [ -4.892971892986685, 40.307712247099339 ], [ -4.892971892986685, 40.306942844825997 ], [ -4.896818904353372, 40.306942844825997 ], [ -4.896818904353372, 40.306173442552662 ], [ -4.898357708900048, 40.306173442552662 ], [ -4.898357708900048, 40.305404040279321 ], [ -4.899896513446723, 40.305404040279321 ], [ -4.899896513446723, 40.304634638005986 ], [ -4.901435317993398, 40.304634638005986 ], [ -4.901435317993398, 40.303865235732651 ], [ -4.902204720266735, 40.303865235732651 ], [ -4.902204720266735, 40.302326431185975 ], [ -4.903743524813411, 40.302326431185975 ], [ -4.903743524813411, 40.301557028912633 ], [ -4.905282329360086, 40.301557028912633 ], [ -4.905282329360086, 40.300018224365964 ], [ -4.906051731633424, 40.300018224365964 ], [ -4.906051731633424, 40.299248822092622 ], [ -4.906821133906761, 40.299248822092622 ], [ -4.906821133906761, 40.298479419819287 ], [ -4.907590536180098, 40.298479419819287 ], [ -4.907590536180098, 40.297710017545946 ], [ -4.908359938453437, 40.297710017545946 ], [ -4.908359938453437, 40.296940615272611 ], [ -4.909129340726774, 40.296940615272611 ], [ -4.909129340726774, 40.296171212999276 ], [ -4.909898743000111, 40.296171212999276 ], [ -4.909898743000111, 40.296940615272611 ], [ -4.911437547546787, 40.296940615272611 ], [ -4.911437547546787, 40.297710017545946 ], [ -4.912976352093462, 40.297710017545946 ], [ -4.912976352093462, 40.298479419819287 ], [ -4.921439777100176, 40.298479419819287 ], [ -4.921439777100176, 40.299248822092622 ], [ -4.939905431660278, 40.299248822092622 ], [ -4.939905431660278, 40.300018224365964 ], [ -4.950677063487004, 40.300018224365964 ], [ -4.950677063487004, 40.300787626639298 ], [ -4.957601683947042, 40.300787626639298 ], [ -4.957601683947042, 40.300018224365964 ], [ -4.959909890767055, 40.300018224365964 ], [ -4.959909890767055, 40.300787626639298 ], [ -4.962987499860406, 40.300787626639298 ], [ -4.962987499860406, 40.301557028912633 ], [ -4.966065108953757, 40.301557028912633 ], [ -4.966065108953757, 40.302326431185975 ], [ -4.967603913500431, 40.302326431185975 ], [ -4.967603913500431, 40.303095833459309 ], [ -4.970681522593781, 40.303095833459309 ], [ -4.970681522593781, 40.303865235732651 ], [ -4.973759131687132, 40.303865235732651 ], [ -4.973759131687132, 40.304634638005986 ], [ -4.975297936233807, 40.304634638005986 ], [ -4.975297936233807, 40.305404040279321 ], [ -4.976836740780483, 40.305404040279321 ], [ -4.976836740780483, 40.306173442552662 ], [ -4.981453154420509, 40.306173442552662 ], [ -4.981453154420509, 40.306942844825997 ], [ -4.982991958967183, 40.306942844825997 ], [ -4.982991958967183, 40.307712247099339 ], [ -4.984530763513859, 40.307712247099339 ], [ -4.984530763513859, 40.308481649372673 ], [ -4.987608372607209, 40.308481649372673 ], [ -4.987608372607209, 40.309251051646015 ], [ -4.989147177153884, 40.309251051646015 ], [ -4.989147177153884, 40.31002045391935 ], [ -4.993763590793909, 40.31002045391935 ], [ -4.993763590793909, 40.310789856192685 ], [ -4.995302395340585, 40.310789856192685 ], [ -4.995302395340585, 40.311559258466026 ], [ -4.99684119988726, 40.311559258466026 ], [ -4.99684119988726, 40.312328660739361 ], [ -4.998380004433935, 40.312328660739361 ], [ -4.998380004433935, 40.313098063012703 ], [ -5.002996418073961, 40.313098063012703 ], [ -5.002996418073961, 40.313867465286037 ], [ -5.004535222620636, 40.313867465286037 ], [ -5.004535222620636, 40.314636867559372 ], [ -5.006843429440648, 40.314636867559372 ], [ -5.006843429440648, 40.315406269832714 ], [ -5.009151636260661, 40.315406269832714 ], [ -5.009151636260661, 40.316175672106048 ], [ -5.012229245354012, 40.316175672106048 ], [ -5.012229245354012, 40.31694507437939 ], [ -5.015306854447362, 40.31694507437939 ], [ -5.015306854447362, 40.317714476652725 ], [ -5.016845658994038, 40.317714476652725 ], [ -5.016845658994038, 40.318483878926067 ], [ -5.018384463540713, 40.318483878926067 ], [ -5.018384463540713, 40.319253281199401 ], [ -5.020692670360726, 40.319253281199401 ], [ -5.020692670360726, 40.318483878926067 ], [ -5.023000877180738, 40.318483878926067 ], [ -5.023000877180738, 40.317714476652725 ], [ -5.026078486274089, 40.317714476652725 ], [ -5.026078486274089, 40.31694507437939 ], [ -5.029156095367439, 40.31694507437939 ], [ -5.029156095367439, 40.316175672106048 ], [ -5.031464302187452, 40.316175672106048 ], [ -5.031464302187452, 40.315406269832714 ], [ -5.033772509007465, 40.315406269832714 ], [ -5.033772509007465, 40.314636867559372 ], [ -5.036850118100815, 40.314636867559372 ], [ -5.036850118100815, 40.313867465286037 ], [ -5.039158324920828, 40.313867465286037 ], [ -5.039158324920828, 40.313098063012703 ], [ -5.042235934014178, 40.313098063012703 ], [ -5.042235934014178, 40.312328660739361 ], [ -5.047621749927542, 40.312328660739361 ], [ -5.047621749927542, 40.311559258466026 ], [ -5.049929956747555, 40.311559258466026 ], [ -5.049929956747555, 40.310789856192685 ], [ -5.053007565840905, 40.310789856192685 ], [ -5.053007565840905, 40.31002045391935 ], [ -5.055315772660918, 40.31002045391935 ], [ -5.055315772660918, 40.309251051646015 ], [ -5.058393381754268, 40.309251051646015 ], [ -5.058393381754268, 40.308481649372673 ], [ -5.065318002214307, 40.308481649372673 ], [ -5.065318002214307, 40.307712247099339 ], [ -5.067626209034319, 40.307712247099339 ], [ -5.067626209034319, 40.306942844825997 ], [ -5.069934415854332, 40.306942844825997 ], [ -5.069934415854332, 40.306173442552662 ], [ -5.071473220401007, 40.306173442552662 ], [ -5.071473220401007, 40.305404040279321 ], [ -5.081475449954396, 40.305404040279321 ], [ -5.081475449954396, 40.304634638005986 ], [ -5.082244852227733, 40.304634638005986 ], [ -5.082244852227733, 40.303865235732651 ], [ -5.083014254501071, 40.303865235732651 ], [ -5.083014254501071, 40.303095833459309 ], [ -5.083783656774409, 40.303095833459309 ], [ -5.083783656774409, 40.302326431185975 ], [ -5.085322461321084, 40.302326431185975 ], [ -5.085322461321084, 40.301557028912633 ], [ -5.086091863594421, 40.301557028912633 ], [ -5.086091863594421, 40.300787626639298 ], [ -5.086861265867759, 40.300787626639298 ], [ -5.086861265867759, 40.300018224365964 ], [ -5.087630668141096, 40.300018224365964 ], [ -5.087630668141096, 40.299248822092622 ], [ -5.088400070414434, 40.299248822092622 ], [ -5.088400070414434, 40.298479419819287 ], [ -5.089169472687772, 40.298479419819287 ], [ -5.089169472687772, 40.297710017545946 ], [ -5.089938874961109, 40.297710017545946 ], [ -5.089938874961109, 40.296940615272611 ], [ -5.090708277234447, 40.296940615272611 ], [ -5.090708277234447, 40.296171212999276 ], [ -5.091477679507785, 40.296171212999276 ], [ -5.091477679507785, 40.295401810725934 ], [ -5.092247081781122, 40.295401810725934 ], [ -5.092247081781122, 40.2946324084526 ], [ -5.094555288601135, 40.2946324084526 ], [ -5.094555288601135, 40.293093603905923 ], [ -5.095324690874472, 40.293093603905923 ], [ -5.095324690874472, 40.292324201632582 ], [ -5.113020943161237, 40.292324201632582 ], [ -5.113020943161237, 40.291554799359247 ], [ -5.114559747707912, 40.291554799359247 ], [ -5.114559747707912, 40.290785397085912 ], [ -5.116867954527925, 40.290785397085912 ], [ -5.116867954527925, 40.29001599481257 ], [ -5.119176161347938, 40.29001599481257 ], [ -5.119176161347938, 40.289246592539236 ], [ -5.120714965894614, 40.289246592539236 ], [ -5.120714965894614, 40.288477190265894 ], [ -5.123023172714626, 40.288477190265894 ], [ -5.123023172714626, 40.287707787992559 ], [ -5.124561977261301, 40.287707787992559 ], [ -5.124561977261301, 40.286938385719225 ], [ -5.127639586354651, 40.286938385719225 ], [ -5.127639586354651, 40.286168983445883 ], [ -5.130717195448002, 40.286168983445883 ], [ -5.130717195448002, 40.285399581172548 ], [ -5.133025402268014, 40.285399581172548 ], [ -5.133025402268014, 40.284630178899206 ], [ -5.135333609088027, 40.284630178899206 ], [ -5.135333609088027, 40.283860776625872 ], [ -5.136872413634703, 40.283860776625872 ], [ -5.136872413634703, 40.283091374352537 ], [ -5.139180620454716, 40.283091374352537 ], [ -5.139180620454716, 40.282321972079195 ], [ -5.14071942500139, 40.282321972079195 ], [ -5.14071942500139, 40.281552569805861 ], [ -5.143027631821403, 40.281552569805861 ], [ -5.143027631821403, 40.280783167532519 ], [ -5.144566436368079, 40.280783167532519 ], [ -5.144566436368079, 40.280013765259184 ], [ -5.147644045461429, 40.280013765259184 ], [ -5.147644045461429, 40.279244362985843 ], [ -5.149182850008104, 40.279244362985843 ], [ -5.149182850008104, 40.278474960712508 ], [ -5.151491056828117, 40.278474960712508 ], [ -5.151491056828117, 40.277705558439173 ], [ -5.153029861374792, 40.277705558439173 ], [ -5.153029861374792, 40.276936156165831 ], [ -5.154568665921468, 40.276936156165831 ], [ -5.154568665921468, 40.276166753892497 ], [ -5.156107470468143, 40.276166753892497 ], [ -5.156107470468143, 40.275397351619155 ], [ -5.157646275014818, 40.275397351619155 ], [ -5.157646275014818, 40.27462794934582 ], [ -5.160723884108168, 40.27462794934582 ], [ -5.160723884108168, 40.273858547072486 ], [ -5.163032090928181, 40.273858547072486 ], [ -5.163032090928181, 40.273089144799144 ], [ -5.164570895474856, 40.273089144799144 ], [ -5.164570895474856, 40.272319742525809 ], [ -5.166109700021531, 40.272319742525809 ], [ -5.166109700021531, 40.271550340252467 ], [ -5.168417906841544, 40.271550340252467 ], [ -5.168417906841544, 40.270780937979133 ], [ -5.170726113661557, 40.270780937979133 ], [ -5.170726113661557, 40.270011535705791 ], [ -5.172264918208232, 40.270011535705791 ], [ -5.172264918208232, 40.269242133432456 ], [ -5.173803722754907, 40.269242133432456 ], [ -5.173803722754907, 40.26770332888578 ], [ -5.174573125028245, 40.26770332888578 ], [ -5.174573125028245, 40.265395122065769 ], [ -5.176881331848258, 40.265395122065769 ], [ -5.176881331848258, 40.266164524339104 ], [ -5.179958940941608, 40.266164524339104 ], [ -5.179958940941608, 40.263856317519092 ], [ -5.180728343214946, 40.263856317519092 ], [ -5.180728343214946, 40.261548110699081 ], [ -5.181497745488283, 40.261548110699081 ], [ -5.181497745488283, 40.25923990387907 ], [ -5.182267147761621, 40.25923990387907 ], [ -5.182267147761621, 40.257701099332394 ], [ -5.183036550034958, 40.257701099332394 ], [ -5.183036550034958, 40.258470501605728 ], [ -5.186114159128309, 40.258470501605728 ], [ -5.186114159128309, 40.25923990387907 ], [ -5.187652963674984, 40.25923990387907 ], [ -5.187652963674984, 40.260009306152405 ], [ -5.188422365948322, 40.260009306152405 ], [ -5.188422365948322, 40.260778708425747 ], [ -5.189961170494997, 40.260778708425747 ], [ -5.189961170494997, 40.261548110699081 ], [ -5.190730572768334, 40.261548110699081 ], [ -5.190730572768334, 40.262317512972416 ], [ -5.193808181861685, 40.262317512972416 ], [ -5.193808181861685, 40.263086915245758 ], [ -5.19534698640836, 40.263086915245758 ], [ -5.19534698640836, 40.263856317519092 ], [ -5.196116388681697, 40.263856317519092 ], [ -5.196116388681697, 40.264625719792434 ], [ -5.197655193228373, 40.264625719792434 ], [ -5.197655193228373, 40.265395122065769 ], [ -5.19842459550171, 40.265395122065769 ], [ -5.19842459550171, 40.266164524339104 ], [ -5.199193997775048, 40.266164524339104 ], [ -5.199193997775048, 40.265395122065769 ], [ -5.202271606868399, 40.265395122065769 ], [ -5.202271606868399, 40.264625719792434 ], [ -5.203041009141736, 40.264625719792434 ], [ -5.203041009141736, 40.263856317519092 ], [ -5.204579813688412, 40.263856317519092 ], [ -5.204579813688412, 40.263086915245758 ], [ -5.205349215961749, 40.263086915245758 ], [ -5.205349215961749, 40.262317512972416 ], [ -5.206118618235086, 40.262317512972416 ], [ -5.206118618235086, 40.261548110699081 ], [ -5.208426825055099, 40.261548110699081 ], [ -5.208426825055099, 40.260778708425747 ], [ -5.209965629601775, 40.260778708425747 ], [ -5.209965629601775, 40.260009306152405 ], [ -5.216120847788475, 40.260009306152405 ], [ -5.216120847788475, 40.25923990387907 ], [ -5.218429054608488, 40.25923990387907 ], [ -5.218429054608488, 40.258470501605728 ], [ -5.220737261428501, 40.258470501605728 ], [ -5.220737261428501, 40.257701099332394 ], [ -5.222276065975176, 40.257701099332394 ], [ -5.222276065975176, 40.255392892512383 ], [ -5.223045468248514, 40.255392892512383 ], [ -5.223045468248514, 40.254623490239041 ], [ -5.223814870521851, 40.254623490239041 ], [ -5.223814870521851, 40.253084685692365 ], [ -5.225353675068527, 40.253084685692365 ], [ -5.225353675068527, 40.25231528341903 ], [ -5.226123077341864, 40.25231528341903 ], [ -5.226123077341864, 40.251545881145695 ], [ -5.227661881888539, 40.251545881145695 ], [ -5.227661881888539, 40.250776478872353 ], [ -5.229970088708552, 40.250776478872353 ], [ -5.229970088708552, 40.250007076599019 ], [ -5.232278295528564, 40.250007076599019 ], [ -5.232278295528564, 40.249237674325677 ], [ -5.23689470916859, 40.249237674325677 ], [ -5.23689470916859, 40.248468272052342 ], [ -5.239202915988603, 40.248468272052342 ], [ -5.239202915988603, 40.247698869779008 ], [ -5.241511122808616, 40.247698869779008 ], [ -5.241511122808616, 40.246929467505666 ], [ -5.242280525081954, 40.246929467505666 ], [ -5.242280525081954, 40.246160065232331 ], [ -5.243819329628629, 40.246160065232331 ], [ -5.243819329628629, 40.245390662958989 ], [ -5.244588731901966, 40.245390662958989 ], [ -5.244588731901966, 40.244621260685655 ], [ -5.245358134175304, 40.244621260685655 ], [ -5.245358134175304, 40.243851858412313 ], [ -5.246896938721979, 40.243851858412313 ], [ -5.246896938721979, 40.243082456138978 ], [ -5.249205145541992, 40.243082456138978 ], [ -5.249205145541992, 40.243851858412313 ], [ -5.250743950088667, 40.243851858412313 ], [ -5.250743950088667, 40.244621260685655 ], [ -5.251513352362005, 40.244621260685655 ], [ -5.251513352362005, 40.245390662958989 ], [ -5.25305215690868, 40.245390662958989 ], [ -5.25305215690868, 40.246160065232331 ], [ -5.253821559182017, 40.246160065232331 ], [ -5.253821559182017, 40.246929467505666 ], [ -5.255360363728693, 40.246929467505666 ], [ -5.255360363728693, 40.247698869779008 ], [ -5.256899168275368, 40.247698869779008 ], [ -5.256899168275368, 40.248468272052342 ], [ -5.257668570548706, 40.248468272052342 ], [ -5.257668570548706, 40.249237674325677 ], [ -5.265362593282081, 40.249237674325677 ], [ -5.265362593282081, 40.250007076599019 ], [ -5.269209604648769, 40.250007076599019 ], [ -5.269209604648769, 40.249237674325677 ], [ -5.269979006922107, 40.249237674325677 ], [ -5.269979006922107, 40.247698869779008 ], [ -5.273056616015458, 40.247698869779008 ], [ -5.273056616015458, 40.246929467505666 ], [ -5.275364822835471, 40.246929467505666 ], [ -5.275364822835471, 40.246160065232331 ], [ -5.276134225108808, 40.246160065232331 ], [ -5.276134225108808, 40.245390662958989 ], [ -5.276903627382145, 40.245390662958989 ], [ -5.276903627382145, 40.244621260685655 ], [ -5.278442431928821, 40.244621260685655 ], [ -5.278442431928821, 40.243851858412313 ], [ -5.279211834202158, 40.243851858412313 ], [ -5.279211834202158, 40.243082456138978 ], [ -5.280750638748834, 40.243082456138978 ], [ -5.280750638748834, 40.242313053865644 ], [ -5.282289443295508, 40.242313053865644 ], [ -5.282289443295508, 40.241543651592302 ], [ -5.283058845568846, 40.241543651592302 ], [ -5.283058845568846, 40.240774249318967 ], [ -5.283828247842184, 40.240774249318967 ], [ -5.283828247842184, 40.240004847045626 ], [ -5.284597650115521, 40.240004847045626 ], [ -5.284597650115521, 40.239235444772291 ], [ -5.285367052388859, 40.239235444772291 ], [ -5.285367052388859, 40.240004847045626 ], [ -5.28844466148221, 40.240004847045626 ], [ -5.28844466148221, 40.240774249318967 ], [ -5.290752868302222, 40.240774249318967 ], [ -5.290752868302222, 40.241543651592302 ], [ -5.293061075122235, 40.241543651592302 ], [ -5.293061075122235, 40.242313053865644 ], [ -5.296908086488923, 40.242313053865644 ], [ -5.296908086488923, 40.243082456138978 ], [ -5.29767748876226, 40.243082456138978 ], [ -5.29767748876226, 40.243851858412313 ], [ -5.298446891035598, 40.243851858412313 ], [ -5.298446891035598, 40.244621260685655 ], [ -5.299216293308936, 40.244621260685655 ], [ -5.299216293308936, 40.245390662958989 ], [ -5.299985695582273, 40.245390662958989 ], [ -5.299985695582273, 40.246160065232331 ], [ -5.30075509785561, 40.246160065232331 ], [ -5.30075509785561, 40.247698869779008 ], [ -5.302293902402286, 40.247698869779008 ], [ -5.302293902402286, 40.251545881145695 ], [ -5.303063304675623, 40.251545881145695 ], [ -5.303063304675623, 40.255392892512383 ], [ -5.304602109222299, 40.255392892512383 ], [ -5.304602109222299, 40.256162294785717 ], [ -5.306910316042312, 40.256162294785717 ], [ -5.306910316042312, 40.256931697059052 ], [ -5.309218522862325, 40.256931697059052 ], [ -5.309218522862325, 40.257701099332394 ], [ -5.311526729682337, 40.257701099332394 ], [ -5.311526729682337, 40.258470501605728 ], [ -5.312296131955675, 40.258470501605728 ], [ -5.312296131955675, 40.25923990387907 ], [ -5.31383493650235, 40.25923990387907 ], [ -5.31383493650235, 40.260009306152405 ], [ -5.314604338775688, 40.260009306152405 ], [ -5.314604338775688, 40.260778708425747 ], [ -5.315373741049025, 40.260778708425747 ], [ -5.315373741049025, 40.261548110699081 ], [ -5.3169125455957, 40.261548110699081 ], [ -5.3169125455957, 40.262317512972416 ], [ -5.318451350142375, 40.262317512972416 ], [ -5.318451350142375, 40.261548110699081 ], [ -5.321528959235726, 40.261548110699081 ], [ -5.321528959235726, 40.260778708425747 ], [ -5.322298361509064, 40.260778708425747 ], [ -5.322298361509064, 40.260009306152405 ], [ -5.323837166055739, 40.260009306152405 ], [ -5.323837166055739, 40.25923990387907 ], [ -5.329222981969102, 40.25923990387907 ], [ -5.329222981969102, 40.260009306152405 ], [ -5.338455809249153, 40.260009306152405 ], [ -5.338455809249153, 40.260778708425747 ], [ -5.341533418342504, 40.260778708425747 ], [ -5.341533418342504, 40.261548110699081 ], [ -5.343841625162517, 40.261548110699081 ], [ -5.343841625162517, 40.260778708425747 ], [ -5.344611027435854, 40.260778708425747 ], [ -5.344611027435854, 40.25923990387907 ], [ -5.345380429709191, 40.25923990387907 ], [ -5.345380429709191, 40.257701099332394 ], [ -5.346149831982529, 40.257701099332394 ], [ -5.346149831982529, 40.255392892512383 ], [ -5.346919234255867, 40.255392892512383 ], [ -5.346919234255867, 40.253854087965706 ], [ -5.347688636529204, 40.253854087965706 ], [ -5.347688636529204, 40.25231528341903 ], [ -5.348458038802542, 40.25231528341903 ], [ -5.348458038802542, 40.250776478872353 ], [ -5.34922744107588, 40.250776478872353 ], [ -5.34922744107588, 40.249237674325677 ], [ -5.349996843349217, 40.249237674325677 ], [ -5.349996843349217, 40.247698869779008 ], [ -5.350766245622554, 40.247698869779008 ], [ -5.350766245622554, 40.245390662958989 ], [ -5.351535647895893, 40.245390662958989 ], [ -5.351535647895893, 40.244621260685655 ], [ -5.35230505016923, 40.244621260685655 ], [ -5.35230505016923, 40.242313053865644 ], [ -5.353074452442567, 40.242313053865644 ], [ -5.353074452442567, 40.240774249318967 ], [ -5.353843854715905, 40.240774249318967 ], [ -5.353843854715905, 40.239235444772291 ], [ -5.354613256989243, 40.239235444772291 ], [ -5.354613256989243, 40.23692723795228 ], [ -5.35538265926258, 40.23692723795228 ], [ -5.35538265926258, 40.236157835678938 ], [ -5.356152061535917, 40.236157835678938 ], [ -5.356152061535917, 40.233849628858927 ], [ -5.356921463809256, 40.233849628858927 ], [ -5.356921463809256, 40.23231082431225 ], [ -5.35846026835593, 40.23231082431225 ], [ -5.35846026835593, 40.230772019765574 ], [ -5.357690866082593, 40.230772019765574 ], [ -5.357690866082593, 40.226925008398887 ], [ -5.359999072902606, 40.226925008398887 ], [ -5.359999072902606, 40.225386203852217 ], [ -5.360768475175943, 40.225386203852217 ], [ -5.360768475175943, 40.224616801578875 ], [ -5.361537877449281, 40.224616801578875 ], [ -5.361537877449281, 40.223077997032199 ], [ -5.362307279722619, 40.223077997032199 ], [ -5.362307279722619, 40.222308594758864 ], [ -5.363846084269293, 40.222308594758864 ], [ -5.363846084269293, 40.221539192485523 ], [ -5.364615486542632, 40.221539192485523 ], [ -5.364615486542632, 40.220769790212188 ], [ -5.365384888815969, 40.220769790212188 ], [ -5.365384888815969, 40.220000387938853 ], [ -5.366923693362645, 40.220000387938853 ], [ -5.366923693362645, 40.219230985665511 ], [ -5.367693095635982, 40.219230985665511 ], [ -5.367693095635982, 40.218461583392177 ], [ -5.369231900182657, 40.218461583392177 ], [ -5.369231900182657, 40.217692181118835 ], [ -5.368462497909319, 40.217692181118835 ], [ -5.368462497909319, 40.210767560658802 ], [ -5.367693095635982, 40.210767560658802 ], [ -5.367693095635982, 40.20999815838546 ], [ -5.366923693362645, 40.20999815838546 ], [ -5.366923693362645, 40.209228756112125 ], [ -5.366154291089306, 40.209228756112125 ], [ -5.366154291089306, 40.207689951565449 ], [ -5.365384888815969, 40.207689951565449 ], [ -5.365384888815969, 40.206151147018772 ], [ -5.363846084269293, 40.206151147018772 ], [ -5.363846084269293, 40.205381744745438 ], [ -5.363076681995956, 40.205381744745438 ], [ -5.363076681995956, 40.203073537925427 ], [ -5.363846084269293, 40.203073537925427 ], [ -5.363846084269293, 40.202304135652085 ], [ -5.364615486542632, 40.202304135652085 ], [ -5.364615486542632, 40.20153473337875 ], [ -5.366154291089306, 40.20153473337875 ], [ -5.366154291089306, 40.200765331105409 ], [ -5.366923693362645, 40.200765331105409 ], [ -5.366923693362645, 40.199995928832074 ], [ -5.367693095635982, 40.199995928832074 ], [ -5.367693095635982, 40.199226526558732 ], [ -5.366923693362645, 40.199226526558732 ], [ -5.366923693362645, 40.196918319738721 ], [ -5.365384888815969, 40.196918319738721 ], [ -5.365384888815969, 40.193840710645375 ], [ -5.366154291089306, 40.193840710645375 ], [ -5.366154291089306, 40.183838481091982 ], [ -5.364615486542632, 40.183838481091982 ], [ -5.364615486542632, 40.176144458358607 ], [ -5.363846084269293, 40.176144458358607 ], [ -5.363846084269293, 40.17460565381193 ], [ -5.365384888815969, 40.17460565381193 ], [ -5.365384888815969, 40.173066849265254 ], [ -5.364615486542632, 40.173066849265254 ], [ -5.364615486542632, 40.171528044718585 ], [ -5.366154291089306, 40.171528044718585 ], [ -5.366154291089306, 40.169989240171908 ], [ -5.366923693362645, 40.169989240171908 ], [ -5.366923693362645, 40.166911631078555 ], [ -5.367693095635982, 40.166911631078555 ], [ -5.367693095635982, 40.16383402198521 ], [ -5.366923693362645, 40.16383402198521 ], [ -5.366923693362645, 40.162295217438533 ], [ -5.365384888815969, 40.162295217438533 ], [ -5.365384888815969, 40.161525815165191 ], [ -5.364615486542632, 40.161525815165191 ], [ -5.364615486542632, 40.160756412891857 ], [ -5.363846084269293, 40.160756412891857 ], [ -5.363846084269293, 40.159987010618515 ], [ -5.363076681995956, 40.159987010618515 ], [ -5.363076681995956, 40.15921760834518 ], [ -5.361537877449281, 40.15921760834518 ], [ -5.361537877449281, 40.158448206071846 ], [ -5.359999072902606, 40.158448206071846 ], [ -5.359999072902606, 40.156139999251828 ], [ -5.359229670629269, 40.156139999251828 ], [ -5.359229670629269, 40.155370596978493 ], [ -5.35846026835593, 40.155370596978493 ], [ -5.35846026835593, 40.154601194705158 ], [ -5.357690866082593, 40.154601194705158 ], [ -5.357690866082593, 40.15229298788514 ], [ -5.356921463809256, 40.15229298788514 ], [ -5.356921463809256, 40.149984781065129 ], [ -5.35538265926258, 40.149984781065129 ], [ -5.35538265926258, 40.148445976518452 ], [ -5.354613256989243, 40.148445976518452 ], [ -5.354613256989243, 40.146907171971776 ], [ -5.353843854715905, 40.146907171971776 ], [ -5.353843854715905, 40.146137769698441 ], [ -5.353074452442567, 40.146137769698441 ], [ -5.353074452442567, 40.144598965151765 ], [ -5.35230505016923, 40.144598965151765 ], [ -5.35230505016923, 40.142290758331754 ], [ -5.351535647895893, 40.142290758331754 ], [ -5.351535647895893, 40.141521356058419 ], [ -5.349996843349217, 40.141521356058419 ], [ -5.349996843349217, 40.139982551511743 ], [ -5.34922744107588, 40.139982551511743 ], [ -5.34922744107588, 40.138443746965066 ], [ -5.348458038802542, 40.138443746965066 ], [ -5.348458038802542, 40.137674344691725 ], [ -5.347688636529204, 40.137674344691725 ], [ -5.347688636529204, 40.136135540145055 ], [ -5.346919234255867, 40.136135540145055 ], [ -5.346919234255867, 40.134596735598379 ], [ -5.346149831982529, 40.134596735598379 ], [ -5.346149831982529, 40.12998032195835 ], [ -5.343841625162517, 40.12998032195835 ], [ -5.343841625162517, 40.128441517411673 ], [ -5.342302820615841, 40.128441517411673 ], [ -5.342302820615841, 40.127672115138338 ], [ -5.340764016069166, 40.127672115138338 ], [ -5.340764016069166, 40.126902712865004 ], [ -5.338455809249153, 40.126902712865004 ], [ -5.338455809249153, 40.126133310591662 ], [ -5.337686406975815, 40.126133310591662 ], [ -5.337686406975815, 40.126902712865004 ], [ -5.336917004702478, 40.126902712865004 ], [ -5.336917004702478, 40.123055701498316 ], [ -5.33614760242914, 40.123055701498316 ], [ -5.33614760242914, 40.117669885584952 ], [ -5.334608797882465, 40.117669885584952 ], [ -5.334608797882465, 40.116900483311611 ], [ -5.332300591062452, 40.116900483311611 ], [ -5.332300591062452, 40.116131081038276 ], [ -5.331531188789115, 40.116131081038276 ], [ -5.331531188789115, 40.115361678764941 ], [ -5.329992384242439, 40.115361678764941 ], [ -5.329992384242439, 40.114592276491599 ], [ -5.327684177422427, 40.114592276491599 ], [ -5.327684177422427, 40.113822874218265 ], [ -5.325375970602414, 40.113822874218265 ], [ -5.325375970602414, 40.113053471944923 ], [ -5.323837166055739, 40.113053471944923 ], [ -5.323837166055739, 40.112284069671588 ], [ -5.323067763782401, 40.112284069671588 ], [ -5.323067763782401, 40.111514667398247 ], [ -5.319220752415713, 40.111514667398247 ], [ -5.319220752415713, 40.110745265124912 ], [ -5.318451350142375, 40.110745265124912 ], [ -5.318451350142375, 40.109975862851577 ], [ -5.303063304675623, 40.109975862851577 ], [ -5.303063304675623, 40.110745265124912 ], [ -5.302293902402286, 40.110745265124912 ], [ -5.302293902402286, 40.111514667398247 ], [ -5.301524500128949, 40.111514667398247 ], [ -5.301524500128949, 40.112284069671588 ], [ -5.30075509785561, 40.112284069671588 ], [ -5.30075509785561, 40.113053471944923 ], [ -5.296908086488923, 40.113053471944923 ], [ -5.296908086488923, 40.112284069671588 ], [ -5.286136454662197, 40.112284069671588 ], [ -5.286136454662197, 40.111514667398247 ], [ -5.274595420562132, 40.111514667398247 ], [ -5.274595420562132, 40.112284069671588 ], [ -5.270748409195445, 40.112284069671588 ], [ -5.270748409195445, 40.113053471944923 ], [ -5.268440202375432, 40.113053471944923 ], [ -5.268440202375432, 40.112284069671588 ], [ -5.266901397828756, 40.112284069671588 ], [ -5.266901397828756, 40.113053471944923 ], [ -5.266131995555419, 40.113053471944923 ], [ -5.266131995555419, 40.112284069671588 ], [ -5.265362593282081, 40.112284069671588 ], [ -5.265362593282081, 40.111514667398247 ], [ -5.263823788735406, 40.111514667398247 ], [ -5.263823788735406, 40.110745265124912 ], [ -5.263054386462069, 40.110745265124912 ], [ -5.263054386462069, 40.109975862851577 ], [ -5.253821559182017, 40.109975862851577 ], [ -5.253821559182017, 40.110745265124912 ], [ -5.23689470916859, 40.110745265124912 ], [ -5.23689470916859, 40.109975862851577 ], [ -5.225353675068527, 40.109975862851577 ], [ -5.225353675068527, 40.109206460578235 ], [ -5.216120847788475, 40.109206460578235 ], [ -5.216120847788475, 40.109975862851577 ], [ -5.213812640968462, 40.109975862851577 ], [ -5.213812640968462, 40.109206460578235 ], [ -5.213043238695125, 40.109206460578235 ], [ -5.213043238695125, 40.108437058304901 ], [ -5.212273836421788, 40.108437058304901 ], [ -5.212273836421788, 40.107667656031559 ], [ -5.211504434148449, 40.107667656031559 ], [ -5.211504434148449, 40.106898253758224 ], [ -5.210735031875112, 40.106898253758224 ], [ -5.210735031875112, 40.10612885148489 ], [ -5.209965629601775, 40.10612885148489 ], [ -5.209965629601775, 40.104590046938213 ], [ -5.210735031875112, 40.104590046938213 ], [ -5.210735031875112, 40.099973633298184 ], [ -5.209965629601775, 40.099973633298184 ], [ -5.209965629601775, 40.097665426478173 ], [ -5.211504434148449, 40.097665426478173 ], [ -5.211504434148449, 40.096896024204838 ], [ -5.210735031875112, 40.096896024204838 ], [ -5.210735031875112, 40.093049012838151 ], [ -5.209196227328436, 40.093049012838151 ], [ -5.209196227328436, 40.092279610564809 ], [ -5.208426825055099, 40.092279610564809 ], [ -5.208426825055099, 40.091510208291474 ], [ -5.207657422781762, 40.091510208291474 ], [ -5.207657422781762, 40.090740806018133 ], [ -5.206888020508424, 40.090740806018133 ], [ -5.206888020508424, 40.087663196924787 ], [ -5.205349215961749, 40.087663196924787 ], [ -5.205349215961749, 40.08612439237811 ], [ -5.204579813688412, 40.08612439237811 ], [ -5.204579813688412, 40.085354990104769 ], [ -5.19534698640836, 40.085354990104769 ], [ -5.19534698640836, 40.08612439237811 ], [ -5.193038779588347, 40.08612439237811 ], [ -5.193038779588347, 40.086893794651445 ], [ -5.191499975041672, 40.086893794651445 ], [ -5.191499975041672, 40.087663196924787 ], [ -5.189961170494997, 40.087663196924787 ], [ -5.189961170494997, 40.088432599198121 ], [ -5.18919176822166, 40.088432599198121 ], [ -5.18919176822166, 40.089202001471456 ], [ -5.187652963674984, 40.089202001471456 ], [ -5.187652963674984, 40.089971403744798 ], [ -5.181497745488283, 40.089971403744798 ], [ -5.181497745488283, 40.089202001471456 ], [ -5.179958940941608, 40.089202001471456 ], [ -5.179958940941608, 40.088432599198121 ], [ -5.177650734121595, 40.088432599198121 ], [ -5.177650734121595, 40.087663196924787 ], [ -5.176881331848258, 40.087663196924787 ], [ -5.176881331848258, 40.088432599198121 ], [ -5.175342527301583, 40.088432599198121 ], [ -5.175342527301583, 40.087663196924787 ], [ -5.173803722754907, 40.087663196924787 ], [ -5.173803722754907, 40.086893794651445 ], [ -5.17303432048157, 40.086893794651445 ], [ -5.17303432048157, 40.087663196924787 ], [ -5.172264918208232, 40.087663196924787 ], [ -5.172264918208232, 40.088432599198121 ], [ -5.170726113661557, 40.088432599198121 ], [ -5.170726113661557, 40.089202001471456 ], [ -5.169956711388219, 40.089202001471456 ], [ -5.169956711388219, 40.089971403744798 ], [ -5.168417906841544, 40.089971403744798 ], [ -5.168417906841544, 40.090740806018133 ], [ -5.166109700021531, 40.090740806018133 ], [ -5.166109700021531, 40.091510208291474 ], [ -5.164570895474856, 40.091510208291474 ], [ -5.164570895474856, 40.092279610564809 ], [ -5.163032090928181, 40.092279610564809 ], [ -5.163032090928181, 40.093049012838151 ], [ -5.161493286381506, 40.093049012838151 ], [ -5.161493286381506, 40.093818415111485 ], [ -5.158415677288155, 40.093818415111485 ], [ -5.158415677288155, 40.09458781738482 ], [ -5.155338068194805, 40.09458781738482 ], [ -5.155338068194805, 40.095357219658162 ], [ -5.154568665921468, 40.095357219658162 ], [ -5.154568665921468, 40.09458781738482 ], [ -5.152260459101455, 40.09458781738482 ], [ -5.152260459101455, 40.093818415111485 ], [ -5.150721654554779, 40.093818415111485 ], [ -5.150721654554779, 40.093049012838151 ], [ -5.149952252281442, 40.093049012838151 ], [ -5.149952252281442, 40.092279610564809 ], [ -5.148413447734766, 40.092279610564809 ], [ -5.148413447734766, 40.093049012838151 ], [ -5.143797034094741, 40.093049012838151 ], [ -5.143797034094741, 40.093818415111485 ], [ -5.144566436368079, 40.093818415111485 ], [ -5.144566436368079, 40.098434828751508 ], [ -5.142258229548066, 40.098434828751508 ], [ -5.142258229548066, 40.099204231024849 ], [ -5.14071942500139, 40.099204231024849 ], [ -5.14071942500139, 40.099973633298184 ], [ -5.139180620454716, 40.099973633298184 ], [ -5.139180620454716, 40.100743035571526 ], [ -5.136872413634703, 40.100743035571526 ], [ -5.136872413634703, 40.10151243784486 ], [ -5.135333609088027, 40.10151243784486 ], [ -5.135333609088027, 40.102281840118195 ], [ -5.133025402268014, 40.102281840118195 ], [ -5.133025402268014, 40.103051242391537 ], [ -5.13148659772134, 40.103051242391537 ], [ -5.13148659772134, 40.103820644664872 ], [ -5.130717195448002, 40.103820644664872 ], [ -5.130717195448002, 40.104590046938213 ], [ -5.129178390901327, 40.104590046938213 ], [ -5.129178390901327, 40.105359449211548 ], [ -5.127639586354651, 40.105359449211548 ], [ -5.127639586354651, 40.10612885148489 ], [ -5.125331379534638, 40.10612885148489 ], [ -5.125331379534638, 40.106898253758224 ], [ -5.124561977261301, 40.106898253758224 ], [ -5.124561977261301, 40.107667656031559 ], [ -5.123792574987964, 40.107667656031559 ], [ -5.123792574987964, 40.108437058304901 ], [ -5.122253770441288, 40.108437058304901 ], [ -5.122253770441288, 40.109206460578235 ], [ -5.121484368167951, 40.109206460578235 ], [ -5.121484368167951, 40.109975862851577 ], [ -5.120714965894614, 40.109975862851577 ], [ -5.120714965894614, 40.110745265124912 ], [ -5.119945563621275, 40.110745265124912 ], [ -5.119945563621275, 40.111514667398247 ], [ -5.118406759074601, 40.111514667398247 ], [ -5.118406759074601, 40.112284069671588 ], [ -5.117637356801263, 40.112284069671588 ], [ -5.117637356801263, 40.113053471944923 ], [ -5.116098552254588, 40.113053471944923 ], [ -5.116098552254588, 40.113822874218265 ], [ -5.11532914998125, 40.113822874218265 ], [ -5.11532914998125, 40.114592276491599 ], [ -5.114559747707912, 40.114592276491599 ], [ -5.114559747707912, 40.115361678764941 ], [ -5.113790345434575, 40.115361678764941 ], [ -5.113790345434575, 40.116131081038276 ], [ -5.112251540887899, 40.116131081038276 ], [ -5.112251540887899, 40.116900483311611 ], [ -5.111482138614562, 40.116900483311611 ], [ -5.111482138614562, 40.117669885584952 ], [ -5.110712736341224, 40.117669885584952 ], [ -5.110712736341224, 40.118439287858287 ], [ -5.109943334067887, 40.118439287858287 ], [ -5.109943334067887, 40.119208690131629 ], [ -5.109173931794549, 40.119208690131629 ], [ -5.109173931794549, 40.119978092404963 ], [ -5.108404529521212, 40.119978092404963 ], [ -5.108404529521212, 40.12151689695164 ], [ -5.107635127247874, 40.12151689695164 ], [ -5.107635127247874, 40.123055701498316 ], [ -5.106096322701199, 40.123055701498316 ], [ -5.106096322701199, 40.124594506044986 ], [ -5.106865724974536, 40.124594506044986 ], [ -5.106865724974536, 40.125363908318327 ], [ -5.105326920427861, 40.125363908318327 ], [ -5.105326920427861, 40.126902712865004 ], [ -5.104557518154524, 40.126902712865004 ], [ -5.104557518154524, 40.129210919685015 ], [ -5.093785886327797, 40.129210919685015 ], [ -5.093785886327797, 40.128441517411673 ], [ -5.093016484054459, 40.128441517411673 ], [ -5.093016484054459, 40.126902712865004 ], [ -5.091477679507785, 40.126902712865004 ], [ -5.091477679507785, 40.125363908318327 ], [ -5.089938874961109, 40.125363908318327 ], [ -5.089938874961109, 40.126133310591662 ], [ -5.089169472687772, 40.126133310591662 ], [ -5.089169472687772, 40.126902712865004 ], [ -5.088400070414434, 40.126902712865004 ], [ -5.088400070414434, 40.132288528778368 ], [ -5.087630668141096, 40.132288528778368 ], [ -5.087630668141096, 40.137674344691725 ], [ -5.081475449954396, 40.137674344691725 ], [ -5.081475449954396, 40.142290758331754 ], [ -5.080706047681058, 40.142290758331754 ], [ -5.080706047681058, 40.143060160605089 ], [ -5.078397840861046, 40.143060160605089 ], [ -5.078397840861046, 40.14382956287843 ], [ -5.07685903631437, 40.14382956287843 ], [ -5.07685903631437, 40.144598965151765 ], [ -5.076089634041033, 40.144598965151765 ], [ -5.076089634041033, 40.145368367425107 ], [ -5.075320231767695, 40.145368367425107 ], [ -5.075320231767695, 40.146137769698441 ], [ -5.074550829494357, 40.146137769698441 ], [ -5.074550829494357, 40.147676574245118 ], [ -5.07378142722102, 40.147676574245118 ], [ -5.07378142722102, 40.149215378791794 ], [ -5.073012024947682, 40.149215378791794 ], [ -5.073012024947682, 40.150754183338464 ], [ -5.069165013580994, 40.150754183338464 ], [ -5.069165013580994, 40.151523585611805 ], [ -5.066856806760981, 40.151523585611805 ], [ -5.066856806760981, 40.15229298788514 ], [ -5.065318002214307, 40.15229298788514 ], [ -5.065318002214307, 40.153062390158482 ], [ -5.063009795394294, 40.153062390158482 ], [ -5.063009795394294, 40.15229298788514 ], [ -5.058393381754268, 40.15229298788514 ], [ -5.058393381754268, 40.151523585611805 ], [ -5.056854577207592, 40.151523585611805 ], [ -5.056854577207592, 40.15229298788514 ], [ -5.055315772660918, 40.15229298788514 ], [ -5.055315772660918, 40.153062390158482 ], [ -5.043005336287516, 40.153062390158482 ], [ -5.043005336287516, 40.153831792431816 ], [ -5.040697129467503, 40.153831792431816 ], [ -5.040697129467503, 40.154601194705158 ], [ -5.039927727194166, 40.154601194705158 ], [ -5.039927727194166, 40.155370596978493 ], [ -5.039158324920828, 40.155370596978493 ], [ -5.039158324920828, 40.156139999251828 ], [ -5.037619520374153, 40.156139999251828 ], [ -5.037619520374153, 40.156909401525169 ], [ -5.036850118100815, 40.156909401525169 ], [ -5.036850118100815, 40.157678803798504 ], [ -5.03531131355414, 40.157678803798504 ], [ -5.03531131355414, 40.158448206071846 ], [ -5.033003106734127, 40.158448206071846 ], [ -5.033003106734127, 40.15921760834518 ], [ -5.027617290820764, 40.15921760834518 ], [ -5.027617290820764, 40.159987010618515 ], [ -5.023000877180738, 40.159987010618515 ], [ -5.023000877180738, 40.160756412891857 ], [ -5.016845658994038, 40.160756412891857 ], [ -5.016845658994038, 40.156139999251828 ], [ -5.015306854447362, 40.156139999251828 ], [ -5.015306854447362, 40.146907171971776 ], [ -5.014537452174025, 40.146907171971776 ], [ -5.014537452174025, 40.146137769698441 ], [ -5.01299864762735, 40.146137769698441 ], [ -5.01299864762735, 40.145368367425107 ], [ -5.012229245354012, 40.145368367425107 ], [ -5.012229245354012, 40.144598965151765 ], [ -5.010690440807337, 40.144598965151765 ], [ -5.010690440807337, 40.143060160605089 ], [ -5.009921038533999, 40.143060160605089 ], [ -5.009921038533999, 40.140751953785077 ], [ -5.009151636260661, 40.140751953785077 ], [ -5.009151636260661, 40.139213149238401 ], [ -5.008382233987324, 40.139213149238401 ], [ -5.008382233987324, 40.13690494241839 ], [ -5.007612831713987, 40.13690494241839 ], [ -5.007612831713987, 40.136135540145055 ], [ -5.006843429440648, 40.136135540145055 ], [ -5.006843429440648, 40.133827333325037 ], [ -5.005304624893974, 40.133827333325037 ], [ -5.005304624893974, 40.132288528778368 ], [ -5.004535222620636, 40.132288528778368 ], [ -5.004535222620636, 40.127672115138338 ], [ -5.005304624893974, 40.127672115138338 ], [ -5.005304624893974, 40.120747494678298 ], [ -5.006074027167311, 40.120747494678298 ], [ -5.006074027167311, 40.119208690131629 ], [ -5.006843429440648, 40.119208690131629 ], [ -5.006843429440648, 40.117669885584952 ], [ -5.007612831713987, 40.117669885584952 ], [ -5.007612831713987, 40.116131081038276 ], [ -5.008382233987324, 40.116131081038276 ], [ -5.008382233987324, 40.114592276491599 ], [ -5.009151636260661, 40.114592276491599 ], [ -5.009151636260661, 40.113822874218265 ], [ -5.009921038533999, 40.113822874218265 ], [ -5.009921038533999, 40.112284069671588 ], [ -5.009151636260661, 40.112284069671588 ], [ -5.009151636260661, 40.111514667398247 ], [ -5.006074027167311, 40.111514667398247 ], [ -5.006074027167311, 40.112284069671588 ], [ -5.002996418073961, 40.112284069671588 ], [ -5.002996418073961, 40.113053471944923 ], [ -5.001457613527285, 40.113053471944923 ], [ -5.001457613527285, 40.113822874218265 ], [ -4.999918808980611, 40.113822874218265 ], [ -4.999918808980611, 40.114592276491599 ], [ -4.998380004433935, 40.114592276491599 ], [ -4.998380004433935, 40.115361678764941 ], [ -4.99684119988726, 40.115361678764941 ], [ -4.99684119988726, 40.116131081038276 ], [ -4.992994188520572, 40.116131081038276 ], [ -4.992994188520572, 40.116900483311611 ], [ -4.991455383973896, 40.116900483311611 ], [ -4.991455383973896, 40.117669885584952 ], [ -4.986069568060533, 40.117669885584952 ], [ -4.986069568060533, 40.116900483311611 ], [ -4.985300165787196, 40.116900483311611 ], [ -4.985300165787196, 40.117669885584952 ], [ -4.98068375214717, 40.117669885584952 ], [ -4.98068375214717, 40.118439287858287 ], [ -4.97760614305382, 40.118439287858287 ], [ -4.97760614305382, 40.119208690131629 ], [ -4.976067338507145, 40.119208690131629 ], [ -4.976067338507145, 40.119978092404963 ], [ -4.97452853396047, 40.119978092404963 ], [ -4.97452853396047, 40.120747494678298 ], [ -4.972989729413794, 40.120747494678298 ], [ -4.972989729413794, 40.12151689695164 ], [ -4.969912120320444, 40.12151689695164 ], [ -4.969912120320444, 40.122286299224974 ], [ -4.966065108953757, 40.122286299224974 ], [ -4.966065108953757, 40.123055701498316 ], [ -4.959140488493718, 40.123055701498316 ], [ -4.959140488493718, 40.123825103771651 ], [ -4.959909890767055, 40.123825103771651 ], [ -4.959909890767055, 40.124594506044986 ], [ -4.960679293040393, 40.124594506044986 ], [ -4.960679293040393, 40.125363908318327 ], [ -4.961448695313731, 40.125363908318327 ], [ -4.961448695313731, 40.126133310591662 ], [ -4.962218097587068, 40.126133310591662 ], [ -4.962218097587068, 40.128441517411673 ], [ -4.960679293040393, 40.128441517411673 ], [ -4.960679293040393, 40.129210919685015 ], [ -4.961448695313731, 40.129210919685015 ], [ -4.961448695313731, 40.131519126505026 ], [ -4.960679293040393, 40.131519126505026 ], [ -4.960679293040393, 40.132288528778368 ], [ -4.959909890767055, 40.132288528778368 ], [ -4.959909890767055, 40.133057931051702 ], [ -4.959140488493718, 40.133057931051702 ], [ -4.959140488493718, 40.133827333325037 ], [ -4.95837108622038, 40.133827333325037 ], [ -4.95837108622038, 40.134596735598379 ], [ -4.940674833933615, 40.134596735598379 ], [ -4.940674833933615, 40.135366137871713 ], [ -4.934519615746915, 40.135366137871713 ], [ -4.934519615746915, 40.136135540145055 ], [ -4.929903202106889, 40.136135540145055 ], [ -4.929903202106889, 40.13690494241839 ], [ -4.927594995286876, 40.13690494241839 ], [ -4.927594995286876, 40.139213149238401 ], [ -4.926825593013539, 40.139213149238401 ], [ -4.926825593013539, 40.140751953785077 ], [ -4.925286788466863, 40.140751953785077 ], [ -4.925286788466863, 40.141521356058419 ], [ -4.924517386193526, 40.141521356058419 ], [ -4.924517386193526, 40.14382956287843 ], [ -4.923747983920189, 40.14382956287843 ], [ -4.923747983920189, 40.145368367425107 ], [ -4.92297858164685, 40.145368367425107 ], [ -4.92297858164685, 40.148445976518452 ], [ -4.922209179373513, 40.148445976518452 ], [ -4.922209179373513, 40.149984781065129 ], [ -4.921439777100176, 40.149984781065129 ], [ -4.921439777100176, 40.15229298788514 ], [ -4.920670374826837, 40.15229298788514 ], [ -4.920670374826837, 40.156139999251828 ], [ -4.921439777100176, 40.156139999251828 ], [ -4.921439777100176, 40.158448206071846 ], [ -4.922209179373513, 40.158448206071846 ], [ -4.922209179373513, 40.15921760834518 ], [ -4.92297858164685, 40.15921760834518 ], [ -4.92297858164685, 40.161525815165191 ], [ -4.924517386193526, 40.161525815165191 ], [ -4.924517386193526, 40.162295217438533 ], [ -4.925286788466863, 40.162295217438533 ], [ -4.925286788466863, 40.164603424258544 ], [ -4.926056190740201, 40.164603424258544 ], [ -4.926056190740201, 40.169989240171908 ], [ -4.926825593013539, 40.169989240171908 ], [ -4.926825593013539, 40.170758642445243 ], [ -4.926056190740201, 40.170758642445243 ], [ -4.926056190740201, 40.171528044718585 ], [ -4.923747983920189, 40.171528044718585 ], [ -4.923747983920189, 40.172297446991919 ], [ -4.922209179373513, 40.172297446991919 ], [ -4.922209179373513, 40.173066849265254 ], [ -4.9199009725535, 40.173066849265254 ], [ -4.9199009725535, 40.173836251538596 ], [ -4.918362168006825, 40.173836251538596 ], [ -4.918362168006825, 40.17460565381193 ], [ -4.916053961186813, 40.17460565381193 ], [ -4.916053961186813, 40.175375056085272 ], [ -4.914515156640137, 40.175375056085272 ], [ -4.914515156640137, 40.176144458358607 ], [ -4.912206949820124, 40.176144458358607 ], [ -4.912206949820124, 40.176913860631949 ], [ -4.909898743000111, 40.176913860631949 ], [ -4.909898743000111, 40.177683262905283 ], [ -4.909129340726774, 40.177683262905283 ], [ -4.909129340726774, 40.178452665178618 ], [ -4.908359938453437, 40.178452665178618 ], [ -4.908359938453437, 40.17922206745196 ], [ -4.907590536180098, 40.17922206745196 ], [ -4.907590536180098, 40.179991469725294 ], [ -4.906821133906761, 40.179991469725294 ], [ -4.906821133906761, 40.180760871998636 ], [ -4.906051731633424, 40.180760871998636 ], [ -4.906051731633424, 40.181530274271971 ], [ -4.904512927086748, 40.181530274271971 ], [ -4.904512927086748, 40.182299676545306 ], [ -4.902974122540074, 40.182299676545306 ], [ -4.902974122540074, 40.183069078818647 ], [ -4.901435317993398, 40.183069078818647 ], [ -4.901435317993398, 40.183838481091982 ], [ -4.900665915720061, 40.183838481091982 ], [ -4.900665915720061, 40.184607883365324 ], [ -4.899896513446723, 40.184607883365324 ], [ -4.899896513446723, 40.185377285638658 ], [ -4.899127111173385, 40.185377285638658 ], [ -4.899127111173385, 40.186146687911993 ], [ -4.898357708900048, 40.186146687911993 ], [ -4.898357708900048, 40.186916090185335 ], [ -4.896049502080035, 40.186916090185335 ], [ -4.896049502080035, 40.18768549245867 ], [ -4.893741295260022, 40.18768549245867 ], [ -4.893741295260022, 40.188454894732011 ], [ -4.892202490713347, 40.188454894732011 ], [ -4.892202490713347, 40.189224297005346 ], [ -4.891433088440009, 40.189224297005346 ], [ -4.891433088440009, 40.189993699278688 ], [ -4.889894283893334, 40.189993699278688 ], [ -4.889894283893334, 40.190763101552022 ], [ -4.888355479346659, 40.190763101552022 ], [ -4.888355479346659, 40.191532503825357 ], [ -4.886816674799983, 40.191532503825357 ], [ -4.886816674799983, 40.192301906098699 ], [ -4.879892054339946, 40.192301906098699 ], [ -4.879892054339946, 40.193071308372033 ], [ -4.879122652066608, 40.193071308372033 ], [ -4.879122652066608, 40.19461011291871 ], [ -4.877583847519933, 40.19461011291871 ], [ -4.877583847519933, 40.195379515192045 ], [ -4.87835324979327, 40.195379515192045 ], [ -4.87835324979327, 40.196148917465386 ], [ -4.876814445246595, 40.196148917465386 ], [ -4.876814445246595, 40.197687722012063 ], [ -4.876045042973257, 40.197687722012063 ], [ -4.876045042973257, 40.199226526558732 ], [ -4.874506238426582, 40.199226526558732 ], [ -4.874506238426582, 40.199995928832074 ], [ -4.873736836153244, 40.199995928832074 ], [ -4.873736836153244, 40.200765331105409 ], [ -4.872198031606569, 40.200765331105409 ], [ -4.872198031606569, 40.20153473337875 ], [ -4.871428629333232, 40.20153473337875 ], [ -4.871428629333232, 40.202304135652085 ], [ -4.869120422513219, 40.202304135652085 ], [ -4.869120422513219, 40.203073537925427 ], [ -4.866812215693206, 40.203073537925427 ], [ -4.866812215693206, 40.203842940198761 ], [ -4.866042813419869, 40.203842940198761 ], [ -4.866042813419869, 40.204612342472096 ], [ -4.864504008873193, 40.204612342472096 ], [ -4.864504008873193, 40.205381744745438 ], [ -4.863734606599856, 40.205381744745438 ], [ -4.863734606599856, 40.206151147018772 ], [ -4.862195802053181, 40.206151147018772 ], [ -4.862195802053181, 40.206920549292114 ], [ -4.85911819295983, 40.206920549292114 ], [ -4.85911819295983, 40.206151147018772 ], [ -4.857579388413155, 40.206151147018772 ], [ -4.857579388413155, 40.206920549292114 ], [ -4.856809986139817, 40.206920549292114 ], [ -4.856809986139817, 40.207689951565449 ], [ -4.855271181593142, 40.207689951565449 ], [ -4.855271181593142, 40.208459353838784 ], [ -4.85296297477313, 40.208459353838784 ], [ -4.85296297477313, 40.209228756112125 ], [ -4.851424170226454, 40.209228756112125 ], [ -4.851424170226454, 40.20999815838546 ], [ -4.849885365679779, 40.20999815838546 ], [ -4.849885365679779, 40.210767560658802 ], [ -4.845268952039754, 40.210767560658802 ], [ -4.845268952039754, 40.211536962932136 ], [ -4.839883136126391, 40.211536962932136 ], [ -4.839883136126391, 40.212306365205478 ], [ -4.838344331579715, 40.212306365205478 ], [ -4.838344331579715, 40.213075767478813 ], [ -4.836805527033039, 40.213075767478813 ], [ -4.836805527033039, 40.213845169752148 ], [ -4.834497320213027, 40.213845169752148 ], [ -4.834497320213027, 40.214614572025489 ], [ -4.833727917939689, 40.214614572025489 ], [ -4.833727917939689, 40.215383974298824 ], [ -4.832189113393015, 40.215383974298824 ], [ -4.832189113393015, 40.216153376572166 ], [ -4.831419711119676, 40.216153376572166 ], [ -4.831419711119676, 40.2169227788455 ], [ -4.830650308846339, 40.2169227788455 ], [ -4.830650308846339, 40.217692181118835 ], [ -4.829880906573002, 40.217692181118835 ], [ -4.829880906573002, 40.218461583392177 ], [ -4.829111504299664, 40.218461583392177 ], [ -4.829111504299664, 40.219230985665511 ], [ -4.828342102026326, 40.219230985665511 ], [ -4.828342102026326, 40.220000387938853 ], [ -4.826033895206313, 40.220000387938853 ], [ -4.826033895206313, 40.220769790212188 ], [ -4.825264492932976, 40.220769790212188 ], [ -4.825264492932976, 40.221539192485523 ], [ -4.824495090659639, 40.221539192485523 ], [ -4.824495090659639, 40.222308594758864 ], [ -4.8237256883863, 40.222308594758864 ], [ -4.8237256883863, 40.223077997032199 ], [ -4.822956286112963, 40.223077997032199 ], [ -4.822956286112963, 40.226155606125552 ], [ -4.8237256883863, 40.226155606125552 ], [ -4.8237256883863, 40.229233215218905 ], [ -4.825264492932976, 40.229233215218905 ], [ -4.825264492932976, 40.230772019765574 ], [ -4.822186883839626, 40.230772019765574 ], [ -4.822186883839626, 40.231541422038916 ], [ -4.82064807929295, 40.231541422038916 ], [ -4.82064807929295, 40.23231082431225 ], [ -4.819109274746275, 40.23231082431225 ], [ -4.819109274746275, 40.233080226585592 ], [ -4.8175704701996, 40.233080226585592 ], [ -4.8175704701996, 40.233849628858927 ], [ -4.815262263379587, 40.233849628858927 ], [ -4.815262263379587, 40.234619031132269 ], [ -4.812184654286237, 40.234619031132269 ], [ -4.812184654286237, 40.235388433405603 ], [ -4.810645849739561, 40.235388433405603 ], [ -4.810645849739561, 40.23692723795228 ], [ -4.8114152520129, 40.23692723795228 ], [ -4.8114152520129, 40.237696640225614 ], [ -4.812184654286237, 40.237696640225614 ], [ -4.812184654286237, 40.238466042498956 ], [ -4.812954056559574, 40.238466042498956 ], [ -4.812954056559574, 40.239235444772291 ], [ -4.813723458832912, 40.239235444772291 ], [ -4.813723458832912, 40.240004847045626 ], [ -4.81449286110625, 40.240004847045626 ], [ -4.81449286110625, 40.241543651592302 ], [ -4.812954056559574, 40.241543651592302 ], [ -4.812954056559574, 40.243082456138978 ], [ -4.812184654286237, 40.243082456138978 ], [ -4.812184654286237, 40.244621260685655 ], [ -4.813723458832912, 40.244621260685655 ], [ -4.813723458832912, 40.246929467505666 ], [ -4.81449286110625, 40.246929467505666 ], [ -4.81449286110625, 40.248468272052342 ], [ -4.815262263379587, 40.248468272052342 ], [ -4.815262263379587, 40.249237674325677 ], [ -4.816031665652925, 40.249237674325677 ], [ -4.816031665652925, 40.250776478872353 ], [ -4.816801067926263, 40.250776478872353 ], [ -4.816801067926263, 40.251545881145695 ], [ -4.8175704701996, 40.251545881145695 ], [ -4.8175704701996, 40.25231528341903 ], [ -4.819109274746275, 40.25231528341903 ], [ -4.819109274746275, 40.253084685692365 ], [ -4.819878677019613, 40.253084685692365 ], [ -4.819878677019613, 40.253854087965706 ], [ -4.82064807929295, 40.253854087965706 ], [ -4.82064807929295, 40.255392892512383 ], [ -4.818339872472937, 40.255392892512383 ], [ -4.818339872472937, 40.256162294785717 ], [ -4.816801067926263, 40.256162294785717 ], [ -4.816801067926263, 40.256931697059052 ], [ -4.816031665652925, 40.256931697059052 ], [ -4.816031665652925, 40.257701099332394 ], [ -4.815262263379587, 40.257701099332394 ], [ -4.815262263379587, 40.258470501605728 ], [ -4.813723458832912, 40.258470501605728 ], [ -4.813723458832912, 40.25923990387907 ], [ -4.812954056559574, 40.25923990387907 ], [ -4.812954056559574, 40.260009306152405 ], [ -4.812184654286237, 40.260009306152405 ], [ -4.812184654286237, 40.262317512972416 ], [ -4.812954056559574, 40.262317512972416 ], [ -4.812954056559574, 40.264625719792434 ], [ -4.8114152520129, 40.264625719792434 ], [ -4.8114152520129, 40.265395122065769 ], [ -4.810645849739561, 40.265395122065769 ], [ -4.810645849739561, 40.266164524339104 ], [ -4.809876447466224, 40.266164524339104 ], [ -4.809876447466224, 40.26770332888578 ], [ -4.809107045192887, 40.26770332888578 ], [ -4.809107045192887, 40.270780937979133 ], [ -4.809876447466224, 40.270780937979133 ], [ -4.809876447466224, 40.271550340252467 ], [ -4.809107045192887, 40.271550340252467 ], [ -4.809107045192887, 40.272319742525809 ], [ -4.808337642919549, 40.272319742525809 ], [ -4.808337642919549, 40.273858547072486 ], [ -4.806798838372874, 40.273858547072486 ], [ -4.806798838372874, 40.27462794934582 ], [ -4.806029436099536, 40.27462794934582 ], [ -4.806029436099536, 40.275397351619155 ], [ -4.804490631552861, 40.275397351619155 ], [ -4.804490631552861, 40.276166753892497 ], [ -4.800643620186173, 40.276166753892497 ], [ -4.800643620186173, 40.275397351619155 ], [ -4.796796608819485, 40.275397351619155 ], [ -4.796796608819485, 40.27462794934582 ], [ -4.79525780427281, 40.27462794934582 ], [ -4.79525780427281, 40.275397351619155 ], [ -4.793718999726135, 40.275397351619155 ], [ -4.793718999726135, 40.27462794934582 ], [ -4.789871988359446, 40.27462794934582 ], [ -4.789871988359446, 40.273858547072486 ], [ -4.786794379266096, 40.273858547072486 ], [ -4.786794379266096, 40.273089144799144 ], [ -4.785255574719421, 40.273089144799144 ], [ -4.785255574719421, 40.272319742525809 ], [ -4.781408563352732, 40.272319742525809 ], [ -4.781408563352732, 40.271550340252467 ], [ -4.780639161079395, 40.271550340252467 ], [ -4.780639161079395, 40.270780937979133 ], [ -4.779869758806058, 40.270780937979133 ], [ -4.779869758806058, 40.269242133432456 ], [ -4.77910035653272, 40.269242133432456 ], [ -4.77910035653272, 40.268472731159122 ], [ -4.777561551986045, 40.268472731159122 ], [ -4.777561551986045, 40.26770332888578 ], [ -4.77602274743937, 40.26770332888578 ], [ -4.77602274743937, 40.266933926612445 ], [ -4.774483942892695, 40.266933926612445 ], [ -4.774483942892695, 40.266164524339104 ], [ -4.772175736072682, 40.266164524339104 ], [ -4.772175736072682, 40.265395122065769 ], [ -4.769867529252669, 40.265395122065769 ], [ -4.769867529252669, 40.264625719792434 ], [ -4.768328724705993, 40.264625719792434 ], [ -4.768328724705993, 40.265395122065769 ], [ -4.767559322432656, 40.265395122065769 ], [ -4.767559322432656, 40.264625719792434 ], [ -4.765251115612643, 40.264625719792434 ], [ -4.765251115612643, 40.263856317519092 ], [ -4.763712311065968, 40.263856317519092 ], [ -4.763712311065968, 40.263086915245758 ], [ -4.760634701972618, 40.263086915245758 ], [ -4.760634701972618, 40.262317512972416 ], [ -4.75986529969928, 40.262317512972416 ], [ -4.75986529969928, 40.263086915245758 ], [ -4.758326495152605, 40.263086915245758 ], [ -4.758326495152605, 40.263856317519092 ], [ -4.75678769060593, 40.263856317519092 ], [ -4.75678769060593, 40.264625719792434 ], [ -4.754479483785917, 40.264625719792434 ], [ -4.754479483785917, 40.265395122065769 ], [ -4.75371008151258, 40.265395122065769 ], [ -4.75371008151258, 40.266164524339104 ], [ -4.752940679239241, 40.266164524339104 ], [ -4.752940679239241, 40.266933926612445 ], [ -4.751401874692567, 40.266933926612445 ], [ -4.751401874692567, 40.26770332888578 ], [ -4.750632472419229, 40.26770332888578 ], [ -4.750632472419229, 40.269242133432456 ], [ -4.749863070145891, 40.269242133432456 ], [ -4.749863070145891, 40.270011535705791 ], [ -4.749093667872554, 40.270011535705791 ], [ -4.749093667872554, 40.270780937979133 ], [ -4.748324265599216, 40.270780937979133 ], [ -4.748324265599216, 40.271550340252467 ], [ -4.746785461052541, 40.271550340252467 ], [ -4.746785461052541, 40.273089144799144 ], [ -4.746016058779204, 40.273089144799144 ], [ -4.746016058779204, 40.273858547072486 ], [ -4.744477254232528, 40.273858547072486 ], [ -4.744477254232528, 40.27462794934582 ], [ -4.743707851959191, 40.27462794934582 ], [ -4.743707851959191, 40.275397351619155 ], [ -4.742938449685854, 40.275397351619155 ], [ -4.742938449685854, 40.276166753892497 ], [ -4.742169047412515, 40.276166753892497 ], [ -4.742169047412515, 40.276936156165831 ], [ -4.741399645139178, 40.276936156165831 ], [ -4.741399645139178, 40.276166753892497 ], [ -4.740630242865841, 40.276166753892497 ], [ -4.740630242865841, 40.276936156165831 ], [ -4.739860840592502, 40.276936156165831 ], [ -4.739860840592502, 40.276166753892497 ], [ -4.738322036045828, 40.276166753892497 ], [ -4.738322036045828, 40.275397351619155 ], [ -4.736013829225815, 40.275397351619155 ], [ -4.736013829225815, 40.27462794934582 ], [ -4.734475024679139, 40.27462794934582 ], [ -4.734475024679139, 40.273858547072486 ], [ -4.733705622405802, 40.273858547072486 ], [ -4.733705622405802, 40.273089144799144 ], [ -4.729858611039114, 40.273089144799144 ], [ -4.729858611039114, 40.272319742525809 ], [ -4.729089208765776, 40.272319742525809 ], [ -4.729089208765776, 40.273858547072486 ], [ -4.728319806492439, 40.273858547072486 ], [ -4.728319806492439, 40.27462794934582 ], [ -4.725242197399089, 40.27462794934582 ], [ -4.725242197399089, 40.275397351619155 ], [ -4.720625783759063, 40.275397351619155 ], [ -4.720625783759063, 40.276166753892497 ], [ -4.717548174665712, 40.276166753892497 ], [ -4.717548174665712, 40.276936156165831 ], [ -4.712931761025686, 40.276936156165831 ], [ -4.712931761025686, 40.277705558439173 ], [ -4.713701163299024, 40.277705558439173 ], [ -4.713701163299024, 40.279244362985843 ], [ -4.715239967845699, 40.279244362985843 ], [ -4.715239967845699, 40.282321972079195 ], [ -4.710623554205674, 40.282321972079195 ], [ -4.710623554205674, 40.283091374352537 ], [ -4.696774313285597, 40.283091374352537 ], [ -4.696774313285597, 40.283860776625872 ], [ -4.695235508738921, 40.283860776625872 ], [ -4.695235508738921, 40.281552569805861 ], [ -4.694466106465584, 40.281552569805861 ], [ -4.694466106465584, 40.278474960712508 ], [ -4.693696704192247, 40.278474960712508 ], [ -4.693696704192247, 40.27462794934582 ], [ -4.692157899645572, 40.27462794934582 ], [ -4.692157899645572, 40.270780937979133 ], [ -4.691388497372234, 40.270780937979133 ], [ -4.691388497372234, 40.26770332888578 ], [ -4.690619095098897, 40.26770332888578 ], [ -4.690619095098897, 40.264625719792434 ], [ -4.692157899645572, 40.264625719792434 ], [ -4.692157899645572, 40.263856317519092 ], [ -4.693696704192247, 40.263856317519092 ], [ -4.693696704192247, 40.263086915245758 ], [ -4.695235508738921, 40.263086915245758 ], [ -4.695235508738921, 40.262317512972416 ], [ -4.698313117832273, 40.262317512972416 ], [ -4.698313117832273, 40.257701099332394 ], [ -4.69600491101226, 40.257701099332394 ], [ -4.69600491101226, 40.256931697059052 ], [ -4.694466106465584, 40.256931697059052 ], [ -4.694466106465584, 40.256162294785717 ], [ -4.691388497372234, 40.256162294785717 ], [ -4.691388497372234, 40.255392892512383 ], [ -4.690619095098897, 40.255392892512383 ], [ -4.690619095098897, 40.254623490239041 ], [ -4.689080290552221, 40.254623490239041 ], [ -4.689080290552221, 40.253854087965706 ], [ -4.688310888278884, 40.253854087965706 ], [ -4.688310888278884, 40.253084685692365 ], [ -4.686772083732208, 40.253084685692365 ], [ -4.686772083732208, 40.25231528341903 ], [ -4.685233279185534, 40.25231528341903 ], [ -4.685233279185534, 40.251545881145695 ], [ -4.684463876912195, 40.251545881145695 ], [ -4.684463876912195, 40.250776478872353 ], [ -4.682925072365521, 40.250776478872353 ], [ -4.682925072365521, 40.250007076599019 ], [ -4.682155670092182, 40.250007076599019 ], [ -4.682155670092182, 40.249237674325677 ], [ -4.682925072365521, 40.249237674325677 ], [ -4.682925072365521, 40.248468272052342 ], [ -4.683694474638858, 40.248468272052342 ], [ -4.683694474638858, 40.247698869779008 ], [ -4.685233279185534, 40.247698869779008 ], [ -4.685233279185534, 40.246160065232331 ], [ -4.686002681458871, 40.246160065232331 ], [ -4.686002681458871, 40.245390662958989 ], [ -4.686772083732208, 40.245390662958989 ], [ -4.686772083732208, 40.243851858412313 ], [ -4.688310888278884, 40.243851858412313 ], [ -4.688310888278884, 40.242313053865644 ], [ -4.689080290552221, 40.242313053865644 ], [ -4.689080290552221, 40.240774249318967 ], [ -4.688310888278884, 40.240774249318967 ], [ -4.688310888278884, 40.240004847045626 ], [ -4.687541486005546, 40.240004847045626 ], [ -4.687541486005546, 40.239235444772291 ], [ -4.685233279185534, 40.239235444772291 ], [ -4.685233279185534, 40.238466042498956 ], [ -4.684463876912195, 40.238466042498956 ], [ -4.684463876912195, 40.237696640225614 ], [ -4.683694474638858, 40.237696640225614 ], [ -4.683694474638858, 40.23692723795228 ], [ -4.682925072365521, 40.23692723795228 ], [ -4.682925072365521, 40.234619031132269 ], [ -4.683694474638858, 40.234619031132269 ], [ -4.683694474638858, 40.23231082431225 ], [ -4.684463876912195, 40.23231082431225 ], [ -4.684463876912195, 40.230772019765574 ], [ -4.685233279185534, 40.230772019765574 ], [ -4.685233279185534, 40.230002617492239 ], [ -4.686002681458871, 40.230002617492239 ], [ -4.686002681458871, 40.227694410672228 ], [ -4.685233279185534, 40.227694410672228 ], [ -4.685233279185534, 40.225386203852217 ], [ -4.684463876912195, 40.225386203852217 ], [ -4.684463876912195, 40.223077997032199 ], [ -4.683694474638858, 40.223077997032199 ], [ -4.683694474638858, 40.222308594758864 ], [ -4.682925072365521, 40.222308594758864 ], [ -4.682925072365521, 40.220769790212188 ], [ -4.682155670092182, 40.220769790212188 ], [ -4.682155670092182, 40.213845169752148 ], [ -4.682925072365521, 40.213845169752148 ], [ -4.682925072365521, 40.211536962932136 ], [ -4.681386267818845, 40.211536962932136 ], [ -4.681386267818845, 40.210767560658802 ], [ -4.680616865545508, 40.210767560658802 ], [ -4.680616865545508, 40.20999815838546 ], [ -4.676000451905482, 40.20999815838546 ], [ -4.676000451905482, 40.210767560658802 ], [ -4.673692245085469, 40.210767560658802 ], [ -4.673692245085469, 40.211536962932136 ], [ -4.669845233718782, 40.211536962932136 ], [ -4.669845233718782, 40.210767560658802 ], [ -4.669075831445443, 40.210767560658802 ], [ -4.669075831445443, 40.20999815838546 ], [ -4.668306429172106, 40.20999815838546 ], [ -4.668306429172106, 40.209228756112125 ], [ -4.667537026898769, 40.209228756112125 ], [ -4.667537026898769, 40.208459353838784 ], [ -4.66369001553208, 40.208459353838784 ], [ -4.66369001553208, 40.207689951565449 ], [ -4.659073601892055, 40.207689951565449 ], [ -4.659073601892055, 40.206920549292114 ], [ -4.658304199618717, 40.206920549292114 ], [ -4.658304199618717, 40.205381744745438 ], [ -4.656765395072043, 40.205381744745438 ], [ -4.656765395072043, 40.203842940198761 ], [ -4.655995992798704, 40.203842940198761 ], [ -4.655995992798704, 40.203073537925427 ], [ -4.655226590525367, 40.203073537925427 ], [ -4.655226590525367, 40.202304135652085 ], [ -4.65445718825203, 40.202304135652085 ], [ -4.65445718825203, 40.200765331105409 ], [ -4.652918383705354, 40.200765331105409 ], [ -4.652918383705354, 40.199995928832074 ], [ -4.652148981432017, 40.199995928832074 ], [ -4.652148981432017, 40.200765331105409 ], [ -4.649071372338666, 40.200765331105409 ], [ -4.649071372338666, 40.199995928832074 ], [ -4.64137734960529, 40.199995928832074 ], [ -4.64137734960529, 40.199226526558732 ], [ -4.639069142785278, 40.199226526558732 ], [ -4.639069142785278, 40.199995928832074 ], [ -4.63829974051194, 40.199995928832074 ], [ -4.63829974051194, 40.200765331105409 ], [ -4.637530338238602, 40.200765331105409 ], [ -4.637530338238602, 40.20153473337875 ], [ -4.636760935965265, 40.20153473337875 ], [ -4.636760935965265, 40.202304135652085 ], [ -4.632144522325239, 40.202304135652085 ], [ -4.632144522325239, 40.203073537925427 ], [ -4.617525879131825, 40.203073537925427 ], [ -4.617525879131825, 40.202304135652085 ], [ -4.614448270038475, 40.202304135652085 ], [ -4.614448270038475, 40.203073537925427 ], [ -4.613678867765136, 40.203073537925427 ], [ -4.613678867765136, 40.203842940198761 ], [ -4.612140063218462, 40.203842940198761 ], [ -4.612140063218462, 40.204612342472096 ], [ -4.610601258671786, 40.204612342472096 ], [ -4.610601258671786, 40.205381744745438 ], [ -4.609062454125111, 40.205381744745438 ], [ -4.609062454125111, 40.206151147018772 ], [ -4.605984845031761, 40.206151147018772 ], [ -4.605984845031761, 40.207689951565449 ], [ -4.605215442758423, 40.207689951565449 ], [ -4.605215442758423, 40.209228756112125 ], [ -4.604446040485086, 40.209228756112125 ], [ -4.604446040485086, 40.20999815838546 ], [ -4.599060224571723, 40.20999815838546 ], [ -4.599060224571723, 40.210767560658802 ], [ -4.595213213205034, 40.210767560658802 ], [ -4.595213213205034, 40.211536962932136 ], [ -4.593674408658359, 40.211536962932136 ], [ -4.593674408658359, 40.212306365205478 ], [ -4.592135604111684, 40.212306365205478 ], [ -4.592135604111684, 40.213075767478813 ], [ -4.591366201838346, 40.213075767478813 ], [ -4.591366201838346, 40.213845169752148 ], [ -4.590596799565009, 40.213845169752148 ], [ -4.590596799565009, 40.214614572025489 ], [ -4.589827397291671, 40.214614572025489 ], [ -4.589827397291671, 40.215383974298824 ], [ -4.588288592744997, 40.215383974298824 ], [ -4.588288592744997, 40.216153376572166 ], [ -4.587519190471658, 40.216153376572166 ], [ -4.587519190471658, 40.2169227788455 ], [ -4.585980385924984, 40.2169227788455 ], [ -4.585980385924984, 40.217692181118835 ], [ -4.583672179104971, 40.217692181118835 ], [ -4.583672179104971, 40.218461583392177 ], [ -4.58059457001162, 40.218461583392177 ], [ -4.58059457001162, 40.219230985665511 ], [ -4.57751696091827, 40.219230985665511 ], [ -4.57751696091827, 40.220000387938853 ], [ -4.575978156371594, 40.220000387938853 ], [ -4.575978156371594, 40.220769790212188 ], [ -4.575208754098257, 40.220769790212188 ], [ -4.575208754098257, 40.221539192485523 ], [ -4.567514731364881, 40.221539192485523 ], [ -4.567514731364881, 40.220769790212188 ], [ -4.564437122271531, 40.220769790212188 ], [ -4.564437122271531, 40.221539192485523 ], [ -4.563667719998193, 40.221539192485523 ], [ -4.563667719998193, 40.222308594758864 ], [ -4.562128915451518, 40.222308594758864 ], [ -4.562128915451518, 40.223077997032199 ], [ -4.560590110904842, 40.223077997032199 ], [ -4.560590110904842, 40.224616801578875 ], [ -4.559820708631505, 40.224616801578875 ], [ -4.559820708631505, 40.230002617492239 ], [ -4.559051306358167, 40.230002617492239 ], [ -4.559051306358167, 40.234619031132269 ], [ -4.560590110904842, 40.234619031132269 ], [ -4.560590110904842, 40.235388433405603 ], [ -4.56135951317818, 40.235388433405603 ], [ -4.56135951317818, 40.236157835678938 ], [ -4.562898317724855, 40.236157835678938 ], [ -4.562898317724855, 40.23692723795228 ], [ -4.563667719998193, 40.23692723795228 ], [ -4.563667719998193, 40.237696640225614 ], [ -4.564437122271531, 40.237696640225614 ], [ -4.564437122271531, 40.238466042498956 ], [ -4.566745329091543, 40.238466042498956 ], [ -4.566745329091543, 40.241543651592302 ], [ -4.567514731364881, 40.241543651592302 ], [ -4.567514731364881, 40.247698869779008 ], [ -4.568284133638219, 40.247698869779008 ], [ -4.568284133638219, 40.25231528341903 ], [ -4.569053535911556, 40.25231528341903 ], [ -4.569053535911556, 40.256162294785717 ], [ -4.569822938184894, 40.256162294785717 ], [ -4.569822938184894, 40.258470501605728 ], [ -4.568284133638219, 40.258470501605728 ], [ -4.568284133638219, 40.25923990387907 ], [ -4.566745329091543, 40.25923990387907 ], [ -4.566745329091543, 40.260009306152405 ], [ -4.565975926818206, 40.260009306152405 ], [ -4.565975926818206, 40.260778708425747 ], [ -4.565206524544868, 40.260778708425747 ], [ -4.565206524544868, 40.261548110699081 ], [ -4.562898317724855, 40.261548110699081 ], [ -4.562898317724855, 40.262317512972416 ], [ -4.562128915451518, 40.262317512972416 ], [ -4.562128915451518, 40.263086915245758 ], [ -4.56135951317818, 40.263086915245758 ], [ -4.56135951317818, 40.263856317519092 ], [ -4.559051306358167, 40.263856317519092 ], [ -4.559051306358167, 40.264625719792434 ], [ -4.558281904084829, 40.264625719792434 ], [ -4.558281904084829, 40.265395122065769 ], [ -4.557512501811492, 40.265395122065769 ], [ -4.557512501811492, 40.266164524339104 ], [ -4.555973697264817, 40.266164524339104 ], [ -4.555973697264817, 40.276166753892497 ], [ -4.555204294991479, 40.276166753892497 ], [ -4.555204294991479, 40.278474960712508 ], [ -4.554434892718142, 40.278474960712508 ], [ -4.554434892718142, 40.279244362985843 ], [ -4.552896088171467, 40.279244362985843 ], [ -4.552896088171467, 40.280013765259184 ], [ -4.549049076804779, 40.280013765259184 ], [ -4.549049076804779, 40.280783167532519 ], [ -4.545971467711428, 40.280783167532519 ], [ -4.545971467711428, 40.282321972079195 ], [ -4.54520206543809, 40.282321972079195 ], [ -4.54520206543809, 40.283860776625872 ], [ -4.544432663164753, 40.283860776625872 ], [ -4.544432663164753, 40.284630178899206 ], [ -4.543663260891416, 40.284630178899206 ], [ -4.543663260891416, 40.286168983445883 ], [ -4.542893858618077, 40.286168983445883 ], [ -4.542893858618077, 40.287707787992559 ], [ -4.54212445634474, 40.287707787992559 ], [ -4.54212445634474, 40.288477190265894 ], [ -4.541355054071403, 40.288477190265894 ], [ -4.541355054071403, 40.289246592539236 ], [ -4.53904684725139, 40.289246592539236 ], [ -4.53904684725139, 40.29001599481257 ], [ -4.533661031338027, 40.29001599481257 ], [ -4.533661031338027, 40.290785397085912 ], [ -4.532891629064689, 40.290785397085912 ], [ -4.532891629064689, 40.291554799359247 ], [ -4.532122226791351, 40.291554799359247 ], [ -4.532122226791351, 40.292324201632582 ], [ -4.530583422244677, 40.292324201632582 ], [ -4.530583422244677, 40.2946324084526 ], [ -4.531352824518014, 40.2946324084526 ], [ -4.531352824518014, 40.296940615272611 ], [ -4.532122226791351, 40.296940615272611 ], [ -4.532122226791351, 40.299248822092622 ], [ -4.532891629064689, 40.299248822092622 ], [ -4.532891629064689, 40.300018224365964 ], [ -4.533661031338027, 40.300018224365964 ], [ -4.533661031338027, 40.302326431185975 ], [ -4.534430433611364, 40.302326431185975 ], [ -4.534430433611364, 40.303865235732651 ], [ -4.53596923815804, 40.303865235732651 ], [ -4.53596923815804, 40.306173442552662 ], [ -4.536738640431377, 40.306173442552662 ], [ -4.536738640431377, 40.306942844825997 ], [ -4.537508042704714, 40.306942844825997 ], [ -4.537508042704714, 40.309251051646015 ], [ -4.538277444978053, 40.309251051646015 ], [ -4.538277444978053, 40.312328660739361 ], [ -4.53904684725139, 40.312328660739361 ], [ -4.53904684725139, 40.316175672106048 ], [ -4.539816249524727, 40.316175672106048 ], [ -4.539816249524727, 40.320022683472736 ], [ -4.540585651798065, 40.320022683472736 ], [ -4.540585651798065, 40.326947303932776 ], [ -4.541355054071403, 40.326947303932776 ], [ -4.541355054071403, 40.327716706206111 ], [ -4.542893858618077, 40.327716706206111 ], [ -4.542893858618077, 40.328486108479453 ], [ -4.544432663164753, 40.328486108479453 ], [ -4.544432663164753, 40.329255510752787 ], [ -4.54520206543809, 40.329255510752787 ], [ -4.54520206543809, 40.331563717572806 ], [ -4.544432663164753, 40.331563717572806 ], [ -4.544432663164753, 40.333871924392817 ], [ -4.54520206543809, 40.333871924392817 ], [ -4.54520206543809, 40.335410728939493 ], [ -4.545971467711428, 40.335410728939493 ], [ -4.545971467711428, 40.336180131212828 ], [ -4.546740869984766, 40.336180131212828 ], [ -4.546740869984766, 40.336949533486163 ], [ -4.547510272258103, 40.336949533486163 ], [ -4.547510272258103, 40.338488338032839 ], [ -4.548279674531441, 40.338488338032839 ], [ -4.548279674531441, 40.339257740306181 ], [ -4.549049076804779, 40.339257740306181 ], [ -4.549049076804779, 40.340027142579515 ], [ -4.547510272258103, 40.340027142579515 ], [ -4.547510272258103, 40.34079654485285 ], [ -4.549818479078116, 40.34079654485285 ], [ -4.549818479078116, 40.341565947126192 ], [ -4.559820708631505, 40.341565947126192 ], [ -4.559820708631505, 40.342335349399526 ], [ -4.571361742731569, 40.342335349399526 ], [ -4.571361742731569, 40.341565947126192 ], [ -4.572131145004906, 40.341565947126192 ], [ -4.572131145004906, 40.342335349399526 ], [ -4.583672179104971, 40.342335349399526 ], [ -4.583672179104971, 40.343104751672868 ], [ -4.594443810931697, 40.343104751672868 ], [ -4.594443810931697, 40.343874153946203 ], [ -4.59675201775171, 40.343874153946203 ], [ -4.59675201775171, 40.344643556219545 ], [ -4.598290822298384, 40.344643556219545 ], [ -4.598290822298384, 40.345412958492879 ], [ -4.599060224571723, 40.345412958492879 ], [ -4.599060224571723, 40.346182360766214 ], [ -4.601368431391736, 40.346182360766214 ], [ -4.601368431391736, 40.346951763039556 ], [ -4.603676638211748, 40.346951763039556 ], [ -4.603676638211748, 40.34772116531289 ], [ -4.605215442758423, 40.34772116531289 ], [ -4.605215442758423, 40.348490567586232 ], [ -4.606754247305099, 40.348490567586232 ], [ -4.606754247305099, 40.349259969859567 ], [ -4.608293051851773, 40.349259969859567 ], [ -4.608293051851773, 40.350029372132902 ], [ -4.609831856398449, 40.350029372132902 ], [ -4.609831856398449, 40.350798774406243 ], [ -4.612140063218462, 40.350798774406243 ], [ -4.612140063218462, 40.351568176679578 ], [ -4.613678867765136, 40.351568176679578 ], [ -4.613678867765136, 40.35233757895292 ], [ -4.614448270038475, 40.35233757895292 ], [ -4.614448270038475, 40.353106981226254 ], [ -4.615217672311812, 40.353106981226254 ], [ -4.615217672311812, 40.353876383499596 ], [ -4.617525879131825, 40.353876383499596 ], [ -4.617525879131825, 40.354645785772931 ], [ -4.618295281405162, 40.354645785772931 ], [ -4.618295281405162, 40.355415188046265 ], [ -4.6190646836785, 40.355415188046265 ], [ -4.6190646836785, 40.356184590319607 ], [ -4.620603488225175, 40.356184590319607 ], [ -4.620603488225175, 40.356953992592942 ], [ -4.622142292771851, 40.356953992592942 ], [ -4.622142292771851, 40.357723394866284 ], [ -4.623681097318525, 40.357723394866284 ], [ -4.623681097318525, 40.358492797139618 ], [ -4.624450499591863, 40.358492797139618 ], [ -4.624450499591863, 40.359262199412953 ], [ -4.625219901865201, 40.359262199412953 ], [ -4.625219901865201, 40.360031601686295 ], [ -4.626758706411875, 40.360031601686295 ], [ -4.626758706411875, 40.360801003959629 ], [ -4.628297510958551, 40.360801003959629 ], [ -4.628297510958551, 40.361570406232971 ], [ -4.629836315505226, 40.361570406232971 ], [ -4.629836315505226, 40.362339808506306 ], [ -4.630605717778564, 40.362339808506306 ], [ -4.630605717778564, 40.363109210779641 ], [ -4.631375120051901, 40.363109210779641 ], [ -4.631375120051901, 40.363878613052982 ], [ -4.633683326871914, 40.363878613052982 ], [ -4.633683326871914, 40.364648015326317 ], [ -4.634452729145252, 40.364648015326317 ], [ -4.634452729145252, 40.365417417599659 ], [ -4.63522213141859, 40.365417417599659 ] ] ] } },
{ "type": "Feature", "properties": { "fid": 16609, "DN": 94, "cuenca": "Tormes", "path": "Polygon?crs=EPSG:4326&uid={386c8eea-87e8-43c5-a697-1d817c945d98}" }, "geometry": { "type": "Polygon", "coordinates": [ [ [ -5.158415677288155, 40.858604274809053 ], [ -5.158415677288155, 40.857834872535719 ], [ -5.159185079561493, 40.857834872535719 ], [ -5.159185079561493, 40.857065470262384 ], [ -5.159954481834831, 40.857065470262384 ], [ -5.159954481834831, 40.853987861169031 ], [ -5.159185079561493, 40.853987861169031 ], [ -5.159185079561493, 40.850910252075678 ], [ -5.159954481834831, 40.850910252075678 ], [ -5.159954481834831, 40.848602045255667 ], [ -5.160723884108168, 40.848602045255667 ], [ -5.160723884108168, 40.845524436162314 ], [ -5.161493286381506, 40.845524436162314 ], [ -5.161493286381506, 40.843216229342303 ], [ -5.162262688654844, 40.843216229342303 ], [ -5.162262688654844, 40.84013862024895 ], [ -5.163801493201518, 40.84013862024895 ], [ -5.163801493201518, 40.839369217975616 ], [ -5.164570895474856, 40.839369217975616 ], [ -5.164570895474856, 40.835522206608928 ], [ -5.161493286381506, 40.835522206608928 ], [ -5.161493286381506, 40.836291608882263 ], [ -5.159954481834831, 40.836291608882263 ], [ -5.159954481834831, 40.830905792968906 ], [ -5.158415677288155, 40.830905792968906 ], [ -5.158415677288155, 40.830136390695564 ], [ -5.157646275014818, 40.830136390695564 ], [ -5.157646275014818, 40.827058781602211 ], [ -5.15687687274148, 40.827058781602211 ], [ -5.15687687274148, 40.826289379328877 ], [ -5.155338068194805, 40.826289379328877 ], [ -5.155338068194805, 40.825519977055542 ], [ -5.154568665921468, 40.825519977055542 ], [ -5.154568665921468, 40.8247505747822 ], [ -5.15379926364813, 40.8247505747822 ], [ -5.15379926364813, 40.821672965688855 ], [ -5.154568665921468, 40.821672965688855 ], [ -5.154568665921468, 40.819364758868836 ], [ -5.155338068194805, 40.819364758868836 ], [ -5.155338068194805, 40.817825954322167 ], [ -5.156107470468143, 40.817825954322167 ], [ -5.156107470468143, 40.817056552048825 ], [ -5.15687687274148, 40.817056552048825 ], [ -5.15687687274148, 40.816287149775491 ], [ -5.157646275014818, 40.816287149775491 ], [ -5.157646275014818, 40.810901333862127 ], [ -5.162262688654844, 40.810901333862127 ], [ -5.162262688654844, 40.810131931588785 ], [ -5.163032090928181, 40.810131931588785 ], [ -5.163032090928181, 40.80936252931545 ], [ -5.163801493201518, 40.80936252931545 ], [ -5.163801493201518, 40.808593127042116 ], [ -5.164570895474856, 40.808593127042116 ], [ -5.164570895474856, 40.807823724768774 ], [ -5.166109700021531, 40.807823724768774 ], [ -5.166109700021531, 40.807054322495439 ], [ -5.166879102294869, 40.807054322495439 ], [ -5.166879102294869, 40.806284920222097 ], [ -5.169187309114882, 40.806284920222097 ], [ -5.169187309114882, 40.805515517948763 ], [ -5.169956711388219, 40.805515517948763 ], [ -5.169956711388219, 40.804746115675421 ], [ -5.172264918208232, 40.804746115675421 ], [ -5.172264918208232, 40.803976713402086 ], [ -5.173803722754907, 40.803976713402086 ], [ -5.173803722754907, 40.803207311128752 ], [ -5.174573125028245, 40.803207311128752 ], [ -5.174573125028245, 40.800899104308733 ], [ -5.175342527301583, 40.800899104308733 ], [ -5.175342527301583, 40.799360299762064 ], [ -5.17611192957492, 40.799360299762064 ], [ -5.17611192957492, 40.797052092942046 ], [ -5.174573125028245, 40.797052092942046 ], [ -5.174573125028245, 40.796282690668711 ], [ -5.173803722754907, 40.796282690668711 ], [ -5.173803722754907, 40.795513288395377 ], [ -5.174573125028245, 40.795513288395377 ], [ -5.174573125028245, 40.794743886122035 ], [ -5.175342527301583, 40.794743886122035 ], [ -5.175342527301583, 40.793205081575358 ], [ -5.17611192957492, 40.793205081575358 ], [ -5.17611192957492, 40.791666277028682 ], [ -5.177650734121595, 40.791666277028682 ], [ -5.177650734121595, 40.790127472482013 ], [ -5.178420136394933, 40.790127472482013 ], [ -5.178420136394933, 40.789358070208671 ], [ -5.17918953866827, 40.789358070208671 ], [ -5.17918953866827, 40.787819265661994 ], [ -5.179958940941608, 40.787819265661994 ], [ -5.179958940941608, 40.78704986338866 ], [ -5.180728343214946, 40.78704986338866 ], [ -5.180728343214946, 40.786280461115325 ], [ -5.183036550034958, 40.786280461115325 ], [ -5.183036550034958, 40.785511058841983 ], [ -5.185344756854971, 40.785511058841983 ], [ -5.185344756854971, 40.784741656568649 ], [ -5.186883561401647, 40.784741656568649 ], [ -5.186883561401647, 40.783972254295307 ], [ -5.188422365948322, 40.783972254295307 ], [ -5.188422365948322, 40.783202852021972 ], [ -5.190730572768334, 40.783202852021972 ], [ -5.190730572768334, 40.782433449748638 ], [ -5.19226937731501, 40.782433449748638 ], [ -5.19226937731501, 40.781664047475296 ], [ -5.193808181861685, 40.781664047475296 ], [ -5.193808181861685, 40.780894645201961 ], [ -5.196885790955035, 40.780894645201961 ], [ -5.196885790955035, 40.780125242928619 ], [ -5.199193997775048, 40.780125242928619 ], [ -5.199193997775048, 40.779355840655285 ], [ -5.200732802321723, 40.779355840655285 ], [ -5.200732802321723, 40.778586438381943 ], [ -5.202271606868399, 40.778586438381943 ], [ -5.202271606868399, 40.777817036108608 ], [ -5.203810411415073, 40.777817036108608 ], [ -5.203810411415073, 40.777047633835274 ], [ -5.205349215961749, 40.777047633835274 ], [ -5.205349215961749, 40.776278231561932 ], [ -5.207657422781762, 40.776278231561932 ], [ -5.207657422781762, 40.775508829288597 ], [ -5.208426825055099, 40.775508829288597 ], [ -5.208426825055099, 40.774739427015255 ], [ -5.210735031875112, 40.774739427015255 ], [ -5.210735031875112, 40.773970024741921 ], [ -5.211504434148449, 40.773970024741921 ], [ -5.211504434148449, 40.773200622468586 ], [ -5.212273836421788, 40.773200622468586 ], [ -5.212273836421788, 40.772431220195244 ], [ -5.213812640968462, 40.772431220195244 ], [ -5.213812640968462, 40.770892415648568 ], [ -5.213043238695125, 40.770892415648568 ], [ -5.213043238695125, 40.765506599735204 ], [ -5.212273836421788, 40.765506599735204 ], [ -5.212273836421788, 40.758581979275171 ], [ -5.211504434148449, 40.758581979275171 ], [ -5.211504434148449, 40.757043174728494 ], [ -5.210735031875112, 40.757043174728494 ], [ -5.210735031875112, 40.756273772455152 ], [ -5.212273836421788, 40.756273772455152 ], [ -5.212273836421788, 40.755504370181818 ], [ -5.213812640968462, 40.755504370181818 ], [ -5.213812640968462, 40.754734967908483 ], [ -5.215351445515138, 40.754734967908483 ], [ -5.215351445515138, 40.753965565635141 ], [ -5.216890250061812, 40.753965565635141 ], [ -5.216890250061812, 40.753196163361807 ], [ -5.218429054608488, 40.753196163361807 ], [ -5.218429054608488, 40.752426761088465 ], [ -5.221506663701838, 40.752426761088465 ], [ -5.221506663701838, 40.75165735881513 ], [ -5.223045468248514, 40.75165735881513 ], [ -5.223045468248514, 40.750887956541796 ], [ -5.224584272795189, 40.750887956541796 ], [ -5.224584272795189, 40.750118554268454 ], [ -5.225353675068527, 40.750118554268454 ], [ -5.225353675068527, 40.749349151995119 ], [ -5.226123077341864, 40.749349151995119 ], [ -5.226123077341864, 40.748579749721777 ], [ -5.226892479615201, 40.748579749721777 ], [ -5.226892479615201, 40.747810347448443 ], [ -5.227661881888539, 40.747810347448443 ], [ -5.227661881888539, 40.747040945175108 ], [ -5.229970088708552, 40.747040945175108 ], [ -5.229970088708552, 40.746271542901766 ], [ -5.231508893255227, 40.746271542901766 ], [ -5.231508893255227, 40.745502140628432 ], [ -5.23381710007524, 40.745502140628432 ], [ -5.23381710007524, 40.74473273835509 ], [ -5.235355904621915, 40.74473273835509 ], [ -5.235355904621915, 40.743963336081755 ], [ -5.238433513715266, 40.743963336081755 ], [ -5.238433513715266, 40.743193933808413 ], [ -5.239972318261941, 40.743193933808413 ], [ -5.239972318261941, 40.742424531535079 ], [ -5.241511122808616, 40.742424531535079 ], [ -5.241511122808616, 40.741655129261744 ], [ -5.243819329628629, 40.741655129261744 ], [ -5.243819329628629, 40.740885726988402 ], [ -5.247666340995317, 40.740885726988402 ], [ -5.247666340995317, 40.740116324715068 ], [ -5.248435743268654, 40.740116324715068 ], [ -5.248435743268654, 40.739346922441726 ], [ -5.249205145541992, 40.739346922441726 ], [ -5.249205145541992, 40.738577520168391 ], [ -5.250743950088667, 40.738577520168391 ], [ -5.250743950088667, 40.733191704255027 ], [ -5.249974547815329, 40.733191704255027 ], [ -5.249974547815329, 40.730114095161674 ], [ -5.250743950088667, 40.730114095161674 ], [ -5.250743950088667, 40.730883497435016 ], [ -5.251513352362005, 40.730883497435016 ], [ -5.251513352362005, 40.731652899708351 ], [ -5.253821559182017, 40.731652899708351 ], [ -5.253821559182017, 40.732422301981693 ], [ -5.25612976600203, 40.732422301981693 ], [ -5.25612976600203, 40.731652899708351 ], [ -5.256899168275368, 40.731652899708351 ], [ -5.256899168275368, 40.730883497435016 ], [ -5.257668570548706, 40.730883497435016 ], [ -5.257668570548706, 40.730114095161674 ], [ -5.258437972822043, 40.730114095161674 ], [ -5.258437972822043, 40.72934469288834 ], [ -5.25920737509538, 40.72934469288834 ], [ -5.25920737509538, 40.728575290615005 ], [ -5.259976777368718, 40.728575290615005 ], [ -5.259976777368718, 40.727805888341663 ], [ -5.261515581915393, 40.727805888341663 ], [ -5.261515581915393, 40.727036486068329 ], [ -5.262284984188731, 40.727036486068329 ], [ -5.262284984188731, 40.726267083794987 ], [ -5.265362593282081, 40.726267083794987 ], [ -5.265362593282081, 40.725497681521652 ], [ -5.266901397828756, 40.725497681521652 ], [ -5.266901397828756, 40.724728279248318 ], [ -5.268440202375432, 40.724728279248318 ], [ -5.268440202375432, 40.723958876974976 ], [ -5.269979006922107, 40.723958876974976 ], [ -5.269979006922107, 40.723189474701641 ], [ -5.271517811468782, 40.723189474701641 ], [ -5.271517811468782, 40.722420072428299 ], [ -5.273056616015458, 40.722420072428299 ], [ -5.273056616015458, 40.721650670154965 ], [ -5.274595420562132, 40.721650670154965 ], [ -5.274595420562132, 40.720881267881623 ], [ -5.275364822835471, 40.720881267881623 ], [ -5.275364822835471, 40.720111865608288 ], [ -5.276134225108808, 40.720111865608288 ], [ -5.276134225108808, 40.718573061061612 ], [ -5.276903627382145, 40.718573061061612 ], [ -5.276903627382145, 40.717803658788277 ], [ -5.277673029655483, 40.717803658788277 ], [ -5.277673029655483, 40.717034256514935 ], [ -5.279211834202158, 40.717034256514935 ], [ -5.279211834202158, 40.716264854241601 ], [ -5.280750638748834, 40.716264854241601 ], [ -5.280750638748834, 40.715495451968266 ], [ -5.283058845568846, 40.715495451968266 ], [ -5.283058845568846, 40.714726049694924 ], [ -5.283828247842184, 40.714726049694924 ], [ -5.283828247842184, 40.71395664742159 ], [ -5.285367052388859, 40.71395664742159 ], [ -5.285367052388859, 40.713187245148248 ], [ -5.286136454662197, 40.713187245148248 ], [ -5.286136454662197, 40.712417842874913 ], [ -5.286905856935534, 40.712417842874913 ], [ -5.286905856935534, 40.711648440601579 ], [ -5.287675259208871, 40.711648440601579 ], [ -5.287675259208871, 40.710879038328237 ], [ -5.28844466148221, 40.710879038328237 ], [ -5.28844466148221, 40.710109636054902 ], [ -5.289214063755547, 40.710109636054902 ], [ -5.289214063755547, 40.708570831508226 ], [ -5.289983466028884, 40.708570831508226 ], [ -5.289983466028884, 40.707801429234884 ], [ -5.293061075122235, 40.707801429234884 ], [ -5.293061075122235, 40.707032026961549 ], [ -5.295369281942247, 40.707032026961549 ], [ -5.295369281942247, 40.706262624688215 ], [ -5.296908086488923, 40.706262624688215 ], [ -5.296908086488923, 40.705493222414873 ], [ -5.30075509785561, 40.705493222414873 ], [ -5.30075509785561, 40.704723820141538 ], [ -5.303832706948961, 40.704723820141538 ], [ -5.303832706948961, 40.703954417868196 ], [ -5.306140913768974, 40.703954417868196 ], [ -5.306140913768974, 40.703185015594862 ], [ -5.308449120588987, 40.703185015594862 ], [ -5.308449120588987, 40.702415613321527 ], [ -5.309987925135662, 40.702415613321527 ], [ -5.309987925135662, 40.701646211048185 ], [ -5.313065534229012, 40.701646211048185 ], [ -5.313065534229012, 40.700876808774851 ], [ -5.321528959235726, 40.700876808774851 ], [ -5.321528959235726, 40.700107406501509 ], [ -5.322298361509064, 40.700107406501509 ], [ -5.322298361509064, 40.702415613321527 ], [ -5.323067763782401, 40.702415613321527 ], [ -5.323067763782401, 40.703185015594862 ], [ -5.326145372875752, 40.703185015594862 ], [ -5.326145372875752, 40.702415613321527 ], [ -5.326914775149089, 40.702415613321527 ], [ -5.326914775149089, 40.699338004228174 ], [ -5.328453579695764, 40.699338004228174 ], [ -5.328453579695764, 40.698568601954833 ], [ -5.329222981969102, 40.698568601954833 ], [ -5.329222981969102, 40.694721590588145 ], [ -5.328453579695764, 40.694721590588145 ], [ -5.328453579695764, 40.693182786041476 ], [ -5.329222981969102, 40.693182786041476 ], [ -5.329222981969102, 40.692413383768134 ], [ -5.329992384242439, 40.692413383768134 ], [ -5.329992384242439, 40.691643981494799 ], [ -5.330761786515777, 40.691643981494799 ], [ -5.330761786515777, 40.690874579221457 ], [ -5.331531188789115, 40.690874579221457 ], [ -5.331531188789115, 40.690105176948123 ], [ -5.332300591062452, 40.690105176948123 ], [ -5.332300591062452, 40.689335774674788 ], [ -5.33306999333579, 40.689335774674788 ], [ -5.33306999333579, 40.688566372401446 ], [ -5.334608797882465, 40.688566372401446 ], [ -5.334608797882465, 40.687796970128112 ], [ -5.335378200155803, 40.687796970128112 ], [ -5.335378200155803, 40.68702756785477 ], [ -5.336917004702478, 40.68702756785477 ], [ -5.336917004702478, 40.686258165581435 ], [ -5.337686406975815, 40.686258165581435 ], [ -5.337686406975815, 40.685488763308093 ], [ -5.338455809249153, 40.685488763308093 ], [ -5.338455809249153, 40.684719361034759 ], [ -5.339225211522491, 40.684719361034759 ], [ -5.339225211522491, 40.683949958761424 ], [ -5.341533418342504, 40.683949958761424 ], [ -5.341533418342504, 40.684719361034759 ], [ -5.348458038802542, 40.684719361034759 ], [ -5.348458038802542, 40.683949958761424 ], [ -5.34922744107588, 40.683949958761424 ], [ -5.34922744107588, 40.683180556488082 ], [ -5.351535647895893, 40.683180556488082 ], [ -5.351535647895893, 40.682411154214748 ], [ -5.353843854715905, 40.682411154214748 ], [ -5.353843854715905, 40.681641751941406 ], [ -5.35538265926258, 40.681641751941406 ], [ -5.35538265926258, 40.680872349668071 ], [ -5.356152061535917, 40.680872349668071 ], [ -5.356152061535917, 40.680102947394737 ], [ -5.357690866082593, 40.680102947394737 ], [ -5.357690866082593, 40.679333545121395 ], [ -5.359999072902606, 40.679333545121395 ], [ -5.359999072902606, 40.67856414284806 ], [ -5.360768475175943, 40.67856414284806 ], [ -5.360768475175943, 40.677794740574718 ], [ -5.362307279722619, 40.677794740574718 ], [ -5.362307279722619, 40.677025338301384 ], [ -5.365384888815969, 40.677025338301384 ], [ -5.365384888815969, 40.677794740574718 ], [ -5.366923693362645, 40.677794740574718 ], [ -5.366923693362645, 40.67856414284806 ], [ -5.369231900182657, 40.67856414284806 ], [ -5.369231900182657, 40.677794740574718 ], [ -5.370770704729332, 40.677794740574718 ], [ -5.370770704729332, 40.677025338301384 ], [ -5.372309509276008, 40.677025338301384 ], [ -5.372309509276008, 40.676255936028049 ], [ -5.373848313822682, 40.676255936028049 ], [ -5.373848313822682, 40.675486533754707 ], [ -5.375387118369358, 40.675486533754707 ], [ -5.375387118369358, 40.673947729208031 ], [ -5.376156520642695, 40.673947729208031 ], [ -5.376156520642695, 40.67163952238802 ], [ -5.376925922916033, 40.67163952238802 ], [ -5.376925922916033, 40.670100717841343 ], [ -5.377695325189371, 40.670100717841343 ], [ -5.377695325189371, 40.669331315568009 ], [ -5.383081141102734, 40.669331315568009 ], [ -5.383081141102734, 40.664714901927979 ], [ -5.382311738829396, 40.664714901927979 ], [ -5.382311738829396, 40.663945499654645 ], [ -5.381542336556058, 40.663945499654645 ], [ -5.381542336556058, 40.66317609738131 ], [ -5.380772934282721, 40.66317609738131 ], [ -5.380772934282721, 40.662406695107968 ], [ -5.379234129736046, 40.662406695107968 ], [ -5.379234129736046, 40.661637292834634 ], [ -5.378464727462708, 40.661637292834634 ], [ -5.378464727462708, 40.660867890561292 ], [ -5.376925922916033, 40.660867890561292 ], [ -5.376925922916033, 40.660098488287957 ], [ -5.376156520642695, 40.660098488287957 ], [ -5.376156520642695, 40.659329086014615 ], [ -5.375387118369358, 40.659329086014615 ], [ -5.375387118369358, 40.658559683741281 ], [ -5.373848313822682, 40.658559683741281 ], [ -5.373848313822682, 40.657790281467946 ], [ -5.373078911549345, 40.657790281467946 ], [ -5.373078911549345, 40.657020879194604 ], [ -5.372309509276008, 40.657020879194604 ], [ -5.372309509276008, 40.65625147692127 ], [ -5.370770704729332, 40.65625147692127 ], [ -5.370770704729332, 40.655482074647928 ], [ -5.370001302455995, 40.655482074647928 ], [ -5.370001302455995, 40.654712672374593 ], [ -5.368462497909319, 40.654712672374593 ], [ -5.368462497909319, 40.653943270101259 ], [ -5.367693095635982, 40.653943270101259 ], [ -5.367693095635982, 40.653173867827917 ], [ -5.366923693362645, 40.653173867827917 ], [ -5.366923693362645, 40.652404465554582 ], [ -5.366154291089306, 40.652404465554582 ], [ -5.366154291089306, 40.65163506328124 ], [ -5.364615486542632, 40.65163506328124 ], [ -5.364615486542632, 40.650865661007906 ], [ -5.363076681995956, 40.650865661007906 ], [ -5.363076681995956, 40.650096258734564 ], [ -5.362307279722619, 40.650096258734564 ], [ -5.362307279722619, 40.649326856461229 ], [ -5.361537877449281, 40.649326856461229 ], [ -5.361537877449281, 40.647018649641218 ], [ -5.366154291089306, 40.647018649641218 ], [ -5.366154291089306, 40.646249247367876 ], [ -5.369231900182657, 40.646249247367876 ], [ -5.369231900182657, 40.645479845094542 ], [ -5.371540107002669, 40.645479845094542 ], [ -5.371540107002669, 40.644710442821207 ], [ -5.373848313822682, 40.644710442821207 ], [ -5.373848313822682, 40.643941040547865 ], [ -5.373078911549345, 40.643941040547865 ], [ -5.373078911549345, 40.642402236001189 ], [ -5.372309509276008, 40.642402236001189 ], [ -5.372309509276008, 40.641632833727854 ], [ -5.371540107002669, 40.641632833727854 ], [ -5.371540107002669, 40.64086343145452 ], [ -5.370770704729332, 40.64086343145452 ], [ -5.370770704729332, 40.639324626907843 ], [ -5.370001302455995, 40.639324626907843 ], [ -5.370001302455995, 40.638555224634501 ], [ -5.370770704729332, 40.638555224634501 ], [ -5.370770704729332, 40.637785822361167 ], [ -5.371540107002669, 40.637785822361167 ], [ -5.371540107002669, 40.637016420087825 ], [ -5.372309509276008, 40.637016420087825 ], [ -5.372309509276008, 40.63624701781449 ], [ -5.373078911549345, 40.63624701781449 ], [ -5.373078911549345, 40.634708213267814 ], [ -5.373848313822682, 40.634708213267814 ], [ -5.373848313822682, 40.633938810994479 ], [ -5.37461771609602, 40.633938810994479 ], [ -5.37461771609602, 40.633169408721137 ], [ -5.375387118369358, 40.633169408721137 ], [ -5.375387118369358, 40.632400006447803 ], [ -5.376156520642695, 40.632400006447803 ], [ -5.376156520642695, 40.631630604174468 ], [ -5.376925922916033, 40.631630604174468 ], [ -5.376925922916033, 40.630861201901126 ], [ -5.377695325189371, 40.630861201901126 ], [ -5.377695325189371, 40.630091799627792 ], [ -5.376925922916033, 40.630091799627792 ], [ -5.376925922916033, 40.628552995081115 ], [ -5.376156520642695, 40.628552995081115 ], [ -5.376156520642695, 40.626244788261104 ], [ -5.376925922916033, 40.626244788261104 ], [ -5.376925922916033, 40.624705983714428 ], [ -5.377695325189371, 40.624705983714428 ], [ -5.377695325189371, 40.623936581441086 ], [ -5.378464727462708, 40.623936581441086 ], [ -5.378464727462708, 40.621628374621075 ], [ -5.379234129736046, 40.621628374621075 ], [ -5.379234129736046, 40.620089570074398 ], [ -5.380003532009384, 40.620089570074398 ], [ -5.380003532009384, 40.619320167801064 ], [ -5.381542336556058, 40.619320167801064 ], [ -5.381542336556058, 40.618550765527729 ], [ -5.383081141102734, 40.618550765527729 ], [ -5.383081141102734, 40.619320167801064 ], [ -5.383850543376071, 40.619320167801064 ], [ -5.383850543376071, 40.618550765527729 ], [ -5.384619945649409, 40.618550765527729 ], [ -5.384619945649409, 40.617781363254387 ], [ -5.390005761562772, 40.617781363254387 ], [ -5.390005761562772, 40.617011960981053 ], [ -5.391544566109447, 40.617011960981053 ], [ -5.391544566109447, 40.616242558707711 ], [ -5.392313968382785, 40.616242558707711 ], [ -5.392313968382785, 40.615473156434376 ], [ -5.393083370656123, 40.615473156434376 ], [ -5.393083370656123, 40.6139343518877 ], [ -5.394622175202798, 40.6139343518877 ], [ -5.394622175202798, 40.613164949614365 ], [ -5.395391577476135, 40.613164949614365 ], [ -5.395391577476135, 40.612395547341023 ], [ -5.396160979749473, 40.612395547341023 ], [ -5.396160979749473, 40.611626145067689 ], [ -5.396930382022811, 40.611626145067689 ], [ -5.396930382022811, 40.610856742794347 ], [ -5.397699784296148, 40.610856742794347 ], [ -5.397699784296148, 40.609317938247678 ], [ -5.399238588842823, 40.609317938247678 ], [ -5.399238588842823, 40.608548535974336 ], [ -5.403855002482849, 40.608548535974336 ], [ -5.403855002482849, 40.607779133701001 ], [ -5.407702013849537, 40.607779133701001 ], [ -5.407702013849537, 40.607009731427659 ], [ -5.408471416122874, 40.607009731427659 ], [ -5.408471416122874, 40.607779133701001 ], [ -5.4130878297629, 40.607779133701001 ], [ -5.4130878297629, 40.607009731427659 ], [ -5.41616543885625, 40.607009731427659 ], [ -5.41616543885625, 40.606240329154325 ], [ -5.417704243402926, 40.606240329154325 ], [ -5.417704243402926, 40.60547092688099 ], [ -5.418473645676263, 40.60547092688099 ], [ -5.418473645676263, 40.604701524607648 ], [ -5.420012450222939, 40.604701524607648 ], [ -5.420012450222939, 40.602393317787637 ], [ -5.420781852496276, 40.602393317787637 ], [ -5.420781852496276, 40.599315708694284 ], [ -5.421551254769613, 40.599315708694284 ], [ -5.421551254769613, 40.596238099600939 ], [ -5.423090059316289, 40.596238099600939 ], [ -5.423090059316289, 40.595468697327597 ], [ -5.426167668409639, 40.595468697327597 ], [ -5.426167668409639, 40.594699295054262 ], [ -5.427706472956315, 40.594699295054262 ], [ -5.427706472956315, 40.59392989278092 ], [ -5.428475875229652, 40.59392989278092 ], [ -5.428475875229652, 40.592391088234251 ], [ -5.430014679776328, 40.592391088234251 ], [ -5.430014679776328, 40.590852283687575 ], [ -5.430784082049665, 40.590852283687575 ], [ -5.430784082049665, 40.590082881414233 ], [ -5.431553484323002, 40.590082881414233 ], [ -5.431553484323002, 40.589313479140898 ], [ -5.433092288869678, 40.589313479140898 ], [ -5.433092288869678, 40.588544076867556 ], [ -5.435400495689691, 40.588544076867556 ], [ -5.435400495689691, 40.587774674594222 ], [ -5.438478104783041, 40.587774674594222 ], [ -5.438478104783041, 40.587005272320887 ], [ -5.440016909329715, 40.587005272320887 ], [ -5.440016909329715, 40.586235870047545 ], [ -5.440786311603054, 40.586235870047545 ], [ -5.440786311603054, 40.585466467774211 ], [ -5.443094518423067, 40.585466467774211 ], [ -5.443094518423067, 40.584697065500869 ], [ -5.443863920696404, 40.584697065500869 ], [ -5.443863920696404, 40.582388858680858 ], [ -5.444633322969741, 40.582388858680858 ], [ -5.444633322969741, 40.579311249587505 ], [ -5.445402725243079, 40.579311249587505 ], [ -5.445402725243079, 40.577772445040836 ], [ -5.45155794342978, 40.577772445040836 ], [ -5.45155794342978, 40.577003042767494 ], [ -5.458482563889818, 40.577003042767494 ], [ -5.458482563889818, 40.576233640494159 ], [ -5.466176586623194, 40.576233640494159 ], [ -5.466176586623194, 40.57854184731417 ], [ -5.466945988896532, 40.57854184731417 ], [ -5.466945988896532, 40.579311249587505 ], [ -5.467715391169869, 40.579311249587505 ], [ -5.467715391169869, 40.580080651860847 ], [ -5.470023597989882, 40.580080651860847 ], [ -5.470023597989882, 40.579311249587505 ], [ -5.476948218449921, 40.579311249587505 ], [ -5.476948218449921, 40.580080651860847 ], [ -5.485411643456634, 40.580080651860847 ], [ -5.485411643456634, 40.580850054134181 ], [ -5.486950448003309, 40.580850054134181 ], [ -5.486950448003309, 40.581619456407523 ], [ -5.49310566619001, 40.581619456407523 ], [ -5.49310566619001, 40.580850054134181 ], [ -5.498491482103374, 40.580850054134181 ], [ -5.498491482103374, 40.580080651860847 ], [ -5.501569091196724, 40.580080651860847 ], [ -5.501569091196724, 40.584697065500869 ], [ -5.500799688923386, 40.584697065500869 ], [ -5.500799688923386, 40.590082881414233 ], [ -5.501569091196724, 40.590082881414233 ], [ -5.501569091196724, 40.592391088234251 ], [ -5.502338493470061, 40.592391088234251 ], [ -5.502338493470061, 40.590852283687575 ], [ -5.503107895743399, 40.590852283687575 ], [ -5.503107895743399, 40.589313479140898 ], [ -5.503877298016737, 40.589313479140898 ], [ -5.503877298016737, 40.588544076867556 ], [ -5.510032516203437, 40.588544076867556 ], [ -5.510032516203437, 40.587774674594222 ], [ -5.510801918476774, 40.587774674594222 ], [ -5.510801918476774, 40.587005272320887 ], [ -5.511571320750113, 40.587005272320887 ], [ -5.511571320750113, 40.586235870047545 ], [ -5.51234072302345, 40.586235870047545 ], [ -5.51234072302345, 40.585466467774211 ], [ -5.513110125296787, 40.585466467774211 ], [ -5.513110125296787, 40.584697065500869 ], [ -5.513879527570126, 40.584697065500869 ], [ -5.513879527570126, 40.57854184731417 ], [ -5.514648929843463, 40.57854184731417 ], [ -5.514648929843463, 40.573925433674148 ], [ -5.513879527570126, 40.573925433674148 ], [ -5.513879527570126, 40.57161722685413 ], [ -5.51234072302345, 40.57161722685413 ], [ -5.51234072302345, 40.570847824580795 ], [ -5.513110125296787, 40.570847824580795 ], [ -5.513110125296787, 40.568539617760784 ], [ -5.514648929843463, 40.568539617760784 ], [ -5.514648929843463, 40.567770215487442 ], [ -5.513879527570126, 40.567770215487442 ], [ -5.513879527570126, 40.566231410940766 ], [ -5.5154183321168, 40.566231410940766 ], [ -5.5154183321168, 40.564692606394097 ], [ -5.514648929843463, 40.564692606394097 ], [ -5.514648929843463, 40.563923204120755 ], [ -5.516187734390138, 40.563923204120755 ], [ -5.516187734390138, 40.562384399574078 ], [ -5.516957136663476, 40.562384399574078 ], [ -5.516957136663476, 40.561614997300744 ], [ -5.51849594121015, 40.561614997300744 ], [ -5.51849594121015, 40.560845595027409 ], [ -5.519265343483489, 40.560845595027409 ], [ -5.519265343483489, 40.560076192754067 ], [ -5.520034745756826, 40.560076192754067 ], [ -5.520034745756826, 40.559306790480733 ], [ -5.520804148030163, 40.559306790480733 ], [ -5.520804148030163, 40.558537388207391 ], [ -5.521573550303501, 40.558537388207391 ], [ -5.521573550303501, 40.556998583660722 ], [ -5.523112354850176, 40.556998583660722 ], [ -5.523112354850176, 40.55622918138738 ], [ -5.523881757123514, 40.55622918138738 ], [ -5.523881757123514, 40.555459779114045 ], [ -5.524651159396852, 40.555459779114045 ], [ -5.524651159396852, 40.554690376840703 ], [ -5.526189963943526, 40.554690376840703 ], [ -5.526189963943526, 40.553151572294027 ], [ -5.526959366216865, 40.553151572294027 ], [ -5.526959366216865, 40.552382170020692 ], [ -5.525420561670189, 40.552382170020692 ], [ -5.525420561670189, 40.551612767747358 ], [ -5.524651159396852, 40.551612767747358 ], [ -5.524651159396852, 40.550843365474016 ], [ -5.523881757123514, 40.550843365474016 ], [ -5.523881757123514, 40.550073963200681 ], [ -5.523112354850176, 40.550073963200681 ], [ -5.523112354850176, 40.546226951833994 ], [ -5.523881757123514, 40.546226951833994 ], [ -5.523881757123514, 40.544688147287317 ], [ -5.523112354850176, 40.544688147287317 ], [ -5.523112354850176, 40.545457549560652 ], [ -5.522342952576839, 40.545457549560652 ], [ -5.522342952576839, 40.546226951833994 ], [ -5.521573550303501, 40.546226951833994 ], [ -5.521573550303501, 40.546996354107328 ], [ -5.520034745756826, 40.546996354107328 ], [ -5.520034745756826, 40.54776575638067 ], [ -5.51849594121015, 40.54776575638067 ], [ -5.51849594121015, 40.548535158654005 ], [ -5.516957136663476, 40.548535158654005 ], [ -5.516957136663476, 40.549304560927339 ], [ -5.513110125296787, 40.549304560927339 ], [ -5.513110125296787, 40.550073963200681 ], [ -5.511571320750113, 40.550073963200681 ], [ -5.511571320750113, 40.550843365474016 ], [ -5.508493711656762, 40.550843365474016 ], [ -5.508493711656762, 40.551612767747358 ], [ -5.50618550483675, 40.551612767747358 ], [ -5.50618550483675, 40.552382170020692 ], [ -5.504646700290074, 40.552382170020692 ], [ -5.504646700290074, 40.553151572294027 ], [ -5.501569091196724, 40.553151572294027 ], [ -5.501569091196724, 40.553920974567369 ], [ -5.499260884376711, 40.553920974567369 ], [ -5.499260884376711, 40.554690376840703 ], [ -5.496952677556698, 40.554690376840703 ], [ -5.496952677556698, 40.555459779114045 ], [ -5.492336263916672, 40.555459779114045 ], [ -5.492336263916672, 40.55622918138738 ], [ -5.49002805709666, 40.55622918138738 ], [ -5.49002805709666, 40.556998583660722 ], [ -5.488489252549985, 40.556998583660722 ], [ -5.488489252549985, 40.557767985934056 ], [ -5.485411643456634, 40.557767985934056 ], [ -5.485411643456634, 40.558537388207391 ], [ -5.483103436636622, 40.558537388207391 ], [ -5.483103436636622, 40.559306790480733 ], [ -5.480025827543271, 40.559306790480733 ], [ -5.480025827543271, 40.560076192754067 ], [ -5.475409413903245, 40.560076192754067 ], [ -5.475409413903245, 40.560845595027409 ], [ -5.472331804809895, 40.560845595027409 ], [ -5.472331804809895, 40.561614997300744 ], [ -5.467715391169869, 40.561614997300744 ], [ -5.467715391169869, 40.562384399574078 ], [ -5.461560172983169, 40.562384399574078 ], [ -5.461560172983169, 40.561614997300744 ], [ -5.458482563889818, 40.561614997300744 ], [ -5.458482563889818, 40.562384399574078 ], [ -5.453866150249793, 40.562384399574078 ], [ -5.453866150249793, 40.56315380184742 ], [ -5.45155794342978, 40.56315380184742 ], [ -5.45155794342978, 40.563923204120755 ], [ -5.450019138883104, 40.563923204120755 ], [ -5.450019138883104, 40.564692606394097 ], [ -5.446172127516417, 40.564692606394097 ], [ -5.446172127516417, 40.565462008667431 ], [ -5.443863920696404, 40.565462008667431 ], [ -5.443863920696404, 40.566231410940766 ], [ -5.442325116149728, 40.566231410940766 ], [ -5.442325116149728, 40.567000813214108 ], [ -5.440786311603054, 40.567000813214108 ], [ -5.440786311603054, 40.567770215487442 ], [ -5.437708702509704, 40.567770215487442 ], [ -5.437708702509704, 40.568539617760784 ], [ -5.433861691143015, 40.568539617760784 ], [ -5.433861691143015, 40.569309020034119 ], [ -5.430014679776328, 40.569309020034119 ], [ -5.430014679776328, 40.567770215487442 ], [ -5.429245277502989, 40.567770215487442 ], [ -5.429245277502989, 40.567000813214108 ], [ -5.428475875229652, 40.567000813214108 ], [ -5.428475875229652, 40.565462008667431 ], [ -5.427706472956315, 40.565462008667431 ], [ -5.427706472956315, 40.563923204120755 ], [ -5.426937070682976, 40.563923204120755 ], [ -5.426937070682976, 40.562384399574078 ], [ -5.426167668409639, 40.562384399574078 ], [ -5.426167668409639, 40.560845595027409 ], [ -5.424628863862964, 40.560845595027409 ], [ -5.424628863862964, 40.559306790480733 ], [ -5.423859461589626, 40.559306790480733 ], [ -5.423859461589626, 40.558537388207391 ], [ -5.423090059316289, 40.558537388207391 ], [ -5.423090059316289, 40.55622918138738 ], [ -5.423859461589626, 40.55622918138738 ], [ -5.423859461589626, 40.554690376840703 ], [ -5.425398266136302, 40.554690376840703 ], [ -5.425398266136302, 40.553151572294027 ], [ -5.426167668409639, 40.553151572294027 ], [ -5.426167668409639, 40.552382170020692 ], [ -5.426937070682976, 40.552382170020692 ], [ -5.426937070682976, 40.551612767747358 ], [ -5.427706472956315, 40.551612767747358 ], [ -5.427706472956315, 40.546996354107328 ], [ -5.428475875229652, 40.546996354107328 ], [ -5.428475875229652, 40.543149342740641 ], [ -5.429245277502989, 40.543149342740641 ], [ -5.429245277502989, 40.538532929100619 ], [ -5.430014679776328, 40.538532929100619 ], [ -5.430014679776328, 40.534685917733931 ], [ -5.430784082049665, 40.534685917733931 ], [ -5.430784082049665, 40.532377710913913 ], [ -5.431553484323002, 40.532377710913913 ], [ -5.431553484323002, 40.531608308640578 ], [ -5.43232288659634, 40.531608308640578 ], [ -5.43232288659634, 40.530838906367237 ], [ -5.433861691143015, 40.530838906367237 ], [ -5.433861691143015, 40.530069504093902 ], [ -5.433092288869678, 40.530069504093902 ], [ -5.433092288869678, 40.529300101820567 ], [ -5.434631093416352, 40.529300101820567 ], [ -5.434631093416352, 40.528530699547225 ], [ -5.435400495689691, 40.528530699547225 ], [ -5.435400495689691, 40.527761297273891 ], [ -5.437708702509704, 40.527761297273891 ], [ -5.437708702509704, 40.526991895000549 ], [ -5.438478104783041, 40.526991895000549 ], [ -5.438478104783041, 40.526222492727214 ], [ -5.439247507056378, 40.526222492727214 ], [ -5.439247507056378, 40.52545309045388 ], [ -5.440016909329715, 40.52545309045388 ], [ -5.440016909329715, 40.524683688180538 ], [ -5.440786311603054, 40.524683688180538 ], [ -5.440786311603054, 40.523144883633861 ], [ -5.441555713876391, 40.523144883633861 ], [ -5.441555713876391, 40.522375481360527 ], [ -5.442325116149728, 40.522375481360527 ], [ -5.442325116149728, 40.521606079087192 ], [ -5.443863920696404, 40.521606079087192 ], [ -5.443863920696404, 40.52083667681385 ], [ -5.444633322969741, 40.52083667681385 ], [ -5.444633322969741, 40.519297872267174 ], [ -5.445402725243079, 40.519297872267174 ], [ -5.445402725243079, 40.515450860900486 ], [ -5.446172127516417, 40.515450860900486 ], [ -5.446172127516417, 40.511603849533799 ], [ -5.446941529789754, 40.511603849533799 ], [ -5.446941529789754, 40.507756838167111 ], [ -5.447710932063092, 40.507756838167111 ], [ -5.447710932063092, 40.504679229073759 ], [ -5.446941529789754, 40.504679229073759 ], [ -5.446941529789754, 40.503140424527089 ], [ -5.44848033433643, 40.503140424527089 ], [ -5.44848033433643, 40.501601619980413 ], [ -5.447710932063092, 40.501601619980413 ], [ -5.447710932063092, 40.499293413160402 ], [ -5.449249736609767, 40.499293413160402 ], [ -5.449249736609767, 40.49852401088706 ], [ -5.44848033433643, 40.49852401088706 ], [ -5.44848033433643, 40.496215804067049 ], [ -5.450019138883104, 40.496215804067049 ], [ -5.450019138883104, 40.495446401793707 ], [ -5.449249736609767, 40.495446401793707 ], [ -5.449249736609767, 40.494676999520372 ], [ -5.450788541156443, 40.494676999520372 ], [ -5.450788541156443, 40.493138194973696 ], [ -5.452327345703117, 40.493138194973696 ], [ -5.452327345703117, 40.492368792700361 ], [ -5.45463555252313, 40.492368792700361 ], [ -5.45463555252313, 40.49159939042702 ], [ -5.456943759343143, 40.49159939042702 ], [ -5.456943759343143, 40.490829988153685 ], [ -5.460021368436493, 40.490829988153685 ], [ -5.460021368436493, 40.486213574513663 ], [ -5.459251966163156, 40.486213574513663 ], [ -5.459251966163156, 40.476980747233611 ], [ -5.458482563889818, 40.476980747233611 ], [ -5.458482563889818, 40.473903138140258 ], [ -5.459251966163156, 40.473903138140258 ], [ -5.459251966163156, 40.473133735866924 ], [ -5.460021368436493, 40.473133735866924 ], [ -5.460021368436493, 40.472364333593582 ], [ -5.460790770709831, 40.472364333593582 ], [ -5.460790770709831, 40.471594931320247 ], [ -5.461560172983169, 40.471594931320247 ], [ -5.461560172983169, 40.470825529046905 ], [ -5.462329575256506, 40.470825529046905 ], [ -5.462329575256506, 40.469286724500229 ], [ -5.463868379803182, 40.469286724500229 ], [ -5.463868379803182, 40.468517322226894 ], [ -5.465407184349857, 40.468517322226894 ], [ -5.465407184349857, 40.46774791995356 ], [ -5.463868379803182, 40.46774791995356 ], [ -5.463868379803182, 40.466978517680218 ], [ -5.463098977529844, 40.466978517680218 ], [ -5.463098977529844, 40.465439713133541 ], [ -5.463868379803182, 40.465439713133541 ], [ -5.463868379803182, 40.464670310860207 ], [ -5.466176586623194, 40.464670310860207 ], [ -5.466176586623194, 40.46313150631353 ], [ -5.466945988896532, 40.46313150631353 ], [ -5.466945988896532, 40.462362104040196 ], [ -5.467715391169869, 40.462362104040196 ], [ -5.467715391169869, 40.461592701766854 ], [ -5.468484793443207, 40.461592701766854 ], [ -5.468484793443207, 40.460823299493519 ], [ -5.47079300026322, 40.460823299493519 ], [ -5.47079300026322, 40.460053897220178 ], [ -5.474640011629908, 40.460053897220178 ], [ -5.474640011629908, 40.459284494946843 ], [ -5.476948218449921, 40.459284494946843 ], [ -5.476948218449921, 40.458515092673508 ], [ -5.478487022996596, 40.458515092673508 ], [ -5.478487022996596, 40.457745690400166 ], [ -5.479256425269933, 40.457745690400166 ], [ -5.479256425269933, 40.456976288126832 ], [ -5.480025827543271, 40.456976288126832 ], [ -5.480025827543271, 40.45620688585349 ], [ -5.480795229816609, 40.45620688585349 ], [ -5.480795229816609, 40.455437483580155 ], [ -5.481564632089946, 40.455437483580155 ], [ -5.481564632089946, 40.454668081306821 ], [ -5.483872838909959, 40.454668081306821 ], [ -5.483872838909959, 40.455437483580155 ], [ -5.484642241183296, 40.455437483580155 ], [ -5.484642241183296, 40.45620688585349 ], [ -5.486181045729972, 40.45620688585349 ], [ -5.486181045729972, 40.456976288126832 ], [ -5.49310566619001, 40.456976288126832 ], [ -5.49310566619001, 40.457745690400166 ], [ -5.494644470736685, 40.457745690400166 ], [ -5.494644470736685, 40.458515092673508 ], [ -5.498491482103374, 40.458515092673508 ], [ -5.498491482103374, 40.457745690400166 ], [ -5.502338493470061, 40.457745690400166 ], [ -5.502338493470061, 40.458515092673508 ], [ -5.503107895743399, 40.458515092673508 ], [ -5.503107895743399, 40.459284494946843 ], [ -5.505416102563411, 40.459284494946843 ], [ -5.505416102563411, 40.460053897220178 ], [ -5.506954907110087, 40.460053897220178 ], [ -5.506954907110087, 40.460823299493519 ], [ -5.507724309383424, 40.460823299493519 ], [ -5.507724309383424, 40.460053897220178 ], [ -5.508493711656762, 40.460053897220178 ], [ -5.508493711656762, 40.458515092673508 ], [ -5.5092631139301, 40.458515092673508 ], [ -5.5092631139301, 40.457745690400166 ], [ -5.510032516203437, 40.457745690400166 ], [ -5.510032516203437, 40.456976288126832 ], [ -5.510801918476774, 40.456976288126832 ], [ -5.510801918476774, 40.45620688585349 ], [ -5.511571320750113, 40.45620688585349 ], [ -5.511571320750113, 40.455437483580155 ], [ -5.513110125296787, 40.455437483580155 ], [ -5.513110125296787, 40.454668081306821 ], [ -5.514648929843463, 40.454668081306821 ], [ -5.514648929843463, 40.453898679033479 ], [ -5.5154183321168, 40.453898679033479 ], [ -5.5154183321168, 40.453129276760144 ], [ -5.516187734390138, 40.453129276760144 ], [ -5.516187734390138, 40.452359874486802 ], [ -5.516957136663476, 40.452359874486802 ], [ -5.516957136663476, 40.450821069940133 ], [ -5.517726538936813, 40.450821069940133 ], [ -5.517726538936813, 40.449282265393457 ], [ -5.51849594121015, 40.449282265393457 ], [ -5.51849594121015, 40.448512863120115 ], [ -5.516957136663476, 40.448512863120115 ], [ -5.516957136663476, 40.44774346084678 ], [ -5.5154183321168, 40.44774346084678 ], [ -5.5154183321168, 40.446974058573439 ], [ -5.513879527570126, 40.446974058573439 ], [ -5.513879527570126, 40.446204656300104 ], [ -5.510801918476774, 40.446204656300104 ], [ -5.510801918476774, 40.444665851753427 ], [ -5.510032516203437, 40.444665851753427 ], [ -5.510032516203437, 40.442357644933416 ], [ -5.5092631139301, 40.442357644933416 ], [ -5.5092631139301, 40.440049438113405 ], [ -5.507724309383424, 40.440049438113405 ], [ -5.507724309383424, 40.438510633566729 ], [ -5.508493711656762, 40.438510633566729 ], [ -5.508493711656762, 40.4338942199267 ], [ -5.5092631139301, 40.4338942199267 ], [ -5.5092631139301, 40.429277806286677 ], [ -5.510032516203437, 40.429277806286677 ], [ -5.510032516203437, 40.426969599466666 ], [ -5.510801918476774, 40.426969599466666 ], [ -5.510801918476774, 40.42543079491999 ], [ -5.511571320750113, 40.42543079491999 ], [ -5.511571320750113, 40.424661392646655 ], [ -5.513110125296787, 40.424661392646655 ], [ -5.513110125296787, 40.423891990373313 ], [ -5.51234072302345, 40.423891990373313 ], [ -5.51234072302345, 40.423122588099979 ], [ -5.519265343483489, 40.423122588099979 ], [ -5.519265343483489, 40.422353185826637 ], [ -5.526189963943526, 40.422353185826637 ], [ -5.526189963943526, 40.421583783553302 ], [ -5.530036975310215, 40.421583783553302 ], [ -5.530036975310215, 40.422353185826637 ], [ -5.533114584403565, 40.422353185826637 ], [ -5.533114584403565, 40.423122588099979 ], [ -5.533883986676903, 40.423122588099979 ], [ -5.533883986676903, 40.422353185826637 ], [ -5.537730998043591, 40.422353185826637 ], [ -5.537730998043591, 40.423122588099979 ], [ -5.544655618503629, 40.423122588099979 ], [ -5.544655618503629, 40.422353185826637 ], [ -5.546963825323642, 40.422353185826637 ], [ -5.546963825323642, 40.423122588099979 ], [ -5.54773322759698, 40.423122588099979 ], [ -5.54773322759698, 40.424661392646655 ], [ -5.548502629870317, 40.424661392646655 ], [ -5.548502629870317, 40.42543079491999 ], [ -5.549272032143655, 40.42543079491999 ], [ -5.549272032143655, 40.426200197193324 ], [ -5.55081083669033, 40.426200197193324 ], [ -5.55081083669033, 40.426969599466666 ], [ -5.551580238963668, 40.426969599466666 ], [ -5.551580238963668, 40.428508404013343 ], [ -5.552349641237005, 40.428508404013343 ], [ -5.552349641237005, 40.429277806286677 ], [ -5.553119043510343, 40.429277806286677 ], [ -5.553119043510343, 40.430047208560012 ], [ -5.55388844578368, 40.430047208560012 ], [ -5.55388844578368, 40.430816610833354 ], [ -5.554657848057018, 40.430816610833354 ], [ -5.554657848057018, 40.43235541538003 ], [ -5.556196652603693, 40.43235541538003 ], [ -5.556196652603693, 40.433124817653365 ], [ -5.556966054877031, 40.433124817653365 ], [ -5.556966054877031, 40.4338942199267 ], [ -5.557735457150368, 40.4338942199267 ], [ -5.557735457150368, 40.434663622200041 ], [ -5.558504859423706, 40.434663622200041 ], [ -5.558504859423706, 40.435433024473376 ], [ -5.559274261697044, 40.435433024473376 ], [ -5.559274261697044, 40.436202426746718 ], [ -5.560043663970381, 40.436202426746718 ], [ -5.560043663970381, 40.436971829020052 ], [ -5.561582468517056, 40.436971829020052 ], [ -5.561582468517056, 40.437741231293394 ], [ -5.563121273063731, 40.437741231293394 ], [ -5.563121273063731, 40.438510633566729 ], [ -5.563890675337069, 40.438510633566729 ], [ -5.563890675337069, 40.439280035840063 ], [ -5.564660077610407, 40.439280035840063 ], [ -5.564660077610407, 40.440049438113405 ], [ -5.565429479883744, 40.440049438113405 ], [ -5.565429479883744, 40.44081884038674 ], [ -5.569276491250432, 40.44081884038674 ], [ -5.569276491250432, 40.441588242660082 ], [ -5.570815295797107, 40.441588242660082 ], [ -5.570815295797107, 40.442357644933416 ], [ -5.572354100343783, 40.442357644933416 ], [ -5.572354100343783, 40.443127047206751 ], [ -5.573892904890458, 40.443127047206751 ], [ -5.573892904890458, 40.443896449480093 ], [ -5.578509318530483, 40.443896449480093 ], [ -5.578509318530483, 40.444665851753427 ], [ -5.580048123077159, 40.444665851753427 ], [ -5.580048123077159, 40.445435254026769 ], [ -5.579278720803821, 40.445435254026769 ], [ -5.579278720803821, 40.446974058573439 ], [ -5.578509318530483, 40.446974058573439 ], [ -5.578509318530483, 40.44774346084678 ], [ -5.577739916257146, 40.44774346084678 ], [ -5.577739916257146, 40.448512863120115 ], [ -5.576970513983808, 40.448512863120115 ], [ -5.576970513983808, 40.450051667666791 ], [ -5.57620111171047, 40.450051667666791 ], [ -5.57620111171047, 40.452359874486802 ], [ -5.575431709437133, 40.452359874486802 ], [ -5.575431709437133, 40.454668081306821 ], [ -5.574662307163796, 40.454668081306821 ], [ -5.574662307163796, 40.457745690400166 ], [ -5.573892904890458, 40.457745690400166 ], [ -5.573892904890458, 40.459284494946843 ], [ -5.570815295797107, 40.459284494946843 ], [ -5.570815295797107, 40.460053897220178 ], [ -5.567737686703757, 40.460053897220178 ], [ -5.567737686703757, 40.460823299493519 ], [ -5.56696828443042, 40.460823299493519 ], [ -5.56696828443042, 40.461592701766854 ], [ -5.566198882157082, 40.461592701766854 ], [ -5.566198882157082, 40.462362104040196 ], [ -5.564660077610407, 40.462362104040196 ], [ -5.564660077610407, 40.463900908586872 ], [ -5.563890675337069, 40.463900908586872 ], [ -5.563890675337069, 40.46774791995356 ], [ -5.564660077610407, 40.46774791995356 ], [ -5.564660077610407, 40.470056126773571 ], [ -5.565429479883744, 40.470056126773571 ], [ -5.565429479883744, 40.470825529046905 ], [ -5.566198882157082, 40.470825529046905 ], [ -5.566198882157082, 40.472364333593582 ], [ -5.56696828443042, 40.472364333593582 ], [ -5.56696828443042, 40.474672540413593 ], [ -5.566198882157082, 40.474672540413593 ], [ -5.566198882157082, 40.475441942686935 ], [ -5.565429479883744, 40.475441942686935 ], [ -5.565429479883744, 40.476211344960269 ], [ -5.575431709437133, 40.476211344960269 ], [ -5.575431709437133, 40.475441942686935 ], [ -5.57620111171047, 40.475441942686935 ], [ -5.57620111171047, 40.474672540413593 ], [ -5.576970513983808, 40.474672540413593 ], [ -5.576970513983808, 40.473903138140258 ], [ -5.579278720803821, 40.473903138140258 ], [ -5.579278720803821, 40.473133735866924 ], [ -5.580048123077159, 40.473133735866924 ], [ -5.580048123077159, 40.472364333593582 ], [ -5.581586927623833, 40.472364333593582 ], [ -5.581586927623833, 40.471594931320247 ], [ -5.582356329897172, 40.471594931320247 ], [ -5.582356329897172, 40.470825529046905 ], [ -5.583125732170509, 40.470825529046905 ], [ -5.583125732170509, 40.470056126773571 ], [ -5.585433938990522, 40.470056126773571 ], [ -5.585433938990522, 40.469286724500229 ], [ -5.586203341263859, 40.469286724500229 ], [ -5.586203341263859, 40.468517322226894 ], [ -5.587742145810535, 40.468517322226894 ], [ -5.587742145810535, 40.46774791995356 ], [ -5.589280950357209, 40.46774791995356 ], [ -5.589280950357209, 40.466978517680218 ], [ -5.606207800370637, 40.466978517680218 ], [ -5.606207800370637, 40.46774791995356 ], [ -5.611593616284, 40.46774791995356 ], [ -5.611593616284, 40.466978517680218 ], [ -5.616210029924026, 40.466978517680218 ], [ -5.616210029924026, 40.466209115406883 ], [ -5.620057041290714, 40.466209115406883 ], [ -5.620057041290714, 40.465439713133541 ], [ -5.622365248110726, 40.465439713133541 ], [ -5.622365248110726, 40.464670310860207 ], [ -5.624673454930739, 40.464670310860207 ], [ -5.624673454930739, 40.463900908586872 ], [ -5.625442857204077, 40.463900908586872 ], [ -5.625442857204077, 40.46313150631353 ], [ -5.626212259477414, 40.46313150631353 ], [ -5.626212259477414, 40.462362104040196 ], [ -5.628520466297427, 40.462362104040196 ], [ -5.628520466297427, 40.461592701766854 ], [ -5.63082867311744, 40.461592701766854 ], [ -5.63082867311744, 40.460823299493519 ], [ -5.63390628221079, 40.460823299493519 ], [ -5.63390628221079, 40.459284494946843 ], [ -5.634675684484128, 40.459284494946843 ], [ -5.634675684484128, 40.458515092673508 ], [ -5.635445086757466, 40.458515092673508 ], [ -5.635445086757466, 40.457745690400166 ], [ -5.636214489030803, 40.457745690400166 ], [ -5.636214489030803, 40.45620688585349 ], [ -5.636983891304141, 40.45620688585349 ], [ -5.636983891304141, 40.455437483580155 ], [ -5.637753293577479, 40.455437483580155 ], [ -5.637753293577479, 40.454668081306821 ], [ -5.638522695850816, 40.454668081306821 ], [ -5.638522695850816, 40.453129276760144 ], [ -5.639292098124153, 40.453129276760144 ], [ -5.639292098124153, 40.452359874486802 ], [ -5.640061500397491, 40.452359874486802 ], [ -5.640061500397491, 40.450051667666791 ], [ -5.640830902670829, 40.450051667666791 ], [ -5.640830902670829, 40.448512863120115 ], [ -5.641600304944166, 40.448512863120115 ], [ -5.641600304944166, 40.446974058573439 ], [ -5.643139109490842, 40.446974058573439 ], [ -5.643139109490842, 40.445435254026769 ], [ -5.645447316310855, 40.445435254026769 ], [ -5.645447316310855, 40.444665851753427 ], [ -5.646216718584192, 40.444665851753427 ], [ -5.646216718584192, 40.443896449480093 ], [ -5.646986120857529, 40.443896449480093 ], [ -5.646986120857529, 40.443127047206751 ], [ -5.647755523130867, 40.443127047206751 ], [ -5.647755523130867, 40.442357644933416 ], [ -5.648524925404205, 40.442357644933416 ], [ -5.648524925404205, 40.441588242660082 ], [ -5.65006372995088, 40.441588242660082 ], [ -5.65006372995088, 40.44081884038674 ], [ -5.650833132224218, 40.44081884038674 ], [ -5.650833132224218, 40.440049438113405 ], [ -5.653141339044231, 40.440049438113405 ], [ -5.653141339044231, 40.439280035840063 ], [ -5.653910741317568, 40.439280035840063 ], [ -5.653910741317568, 40.438510633566729 ], [ -5.654680143590905, 40.438510633566729 ], [ -5.654680143590905, 40.437741231293394 ], [ -5.655449545864243, 40.437741231293394 ], [ -5.655449545864243, 40.436971829020052 ], [ -5.656988350410918, 40.436971829020052 ], [ -5.656988350410918, 40.436202426746718 ], [ -5.659296557230931, 40.436202426746718 ], [ -5.659296557230931, 40.435433024473376 ], [ -5.661604764050944, 40.435433024473376 ], [ -5.661604764050944, 40.434663622200041 ], [ -5.665451775417631, 40.434663622200041 ], [ -5.665451775417631, 40.4338942199267 ], [ -5.66929878678432, 40.4338942199267 ], [ -5.66929878678432, 40.433124817653365 ], [ -5.670837591330995, 40.433124817653365 ], [ -5.670837591330995, 40.43235541538003 ], [ -5.671606993604333, 40.43235541538003 ], [ -5.671606993604333, 40.430816610833354 ], [ -5.67237639587767, 40.430816610833354 ], [ -5.67237639587767, 40.430047208560012 ], [ -5.673145798151007, 40.430047208560012 ], [ -5.673145798151007, 40.429277806286677 ], [ -5.673915200424346, 40.429277806286677 ], [ -5.673915200424346, 40.428508404013343 ], [ -5.674684602697683, 40.428508404013343 ], [ -5.674684602697683, 40.427739001740001 ], [ -5.676223407244358, 40.427739001740001 ], [ -5.676223407244358, 40.426969599466666 ], [ -5.678531614064371, 40.426969599466666 ], [ -5.678531614064371, 40.426200197193324 ], [ -5.680839820884383, 40.426200197193324 ], [ -5.680839820884383, 40.42543079491999 ], [ -5.682378625431059, 40.42543079491999 ], [ -5.682378625431059, 40.424661392646655 ], [ -5.684686832251072, 40.424661392646655 ], [ -5.684686832251072, 40.423891990373313 ], [ -5.687764441344422, 40.423891990373313 ], [ -5.687764441344422, 40.423122588099979 ], [ -5.690842050437772, 40.423122588099979 ], [ -5.690842050437772, 40.422353185826637 ], [ -5.690072648164435, 40.422353185826637 ], [ -5.690072648164435, 40.421583783553302 ], [ -5.689303245891097, 40.421583783553302 ], [ -5.689303245891097, 40.420814381279961 ], [ -5.68853384361776, 40.420814381279961 ], [ -5.68853384361776, 40.420044979006626 ], [ -5.687764441344422, 40.420044979006626 ], [ -5.687764441344422, 40.419275576733291 ], [ -5.686225636797747, 40.419275576733291 ], [ -5.686225636797747, 40.414659163093262 ], [ -5.685456234524409, 40.414659163093262 ], [ -5.685456234524409, 40.404656933539876 ], [ -5.684686832251072, 40.404656933539876 ], [ -5.684686832251072, 40.400040519899846 ], [ -5.683917429977734, 40.400040519899846 ], [ -5.683917429977734, 40.397732313079835 ], [ -5.683148027704396, 40.397732313079835 ], [ -5.683148027704396, 40.396962910806501 ], [ -5.682378625431059, 40.396962910806501 ], [ -5.682378625431059, 40.395424106259824 ], [ -5.681609223157722, 40.395424106259824 ], [ -5.681609223157722, 40.393885301713148 ], [ -5.680839820884383, 40.393885301713148 ], [ -5.680839820884383, 40.393115899439813 ], [ -5.680070418611046, 40.393115899439813 ], [ -5.680070418611046, 40.391577094893137 ], [ -5.678531614064371, 40.391577094893137 ], [ -5.678531614064371, 40.39003829034646 ], [ -5.677762211791033, 40.39003829034646 ], [ -5.677762211791033, 40.389268888073119 ], [ -5.676992809517696, 40.389268888073119 ], [ -5.676992809517696, 40.387730083526449 ], [ -5.677762211791033, 40.387730083526449 ], [ -5.677762211791033, 40.386960681253107 ], [ -5.678531614064371, 40.386960681253107 ], [ -5.678531614064371, 40.385421876706431 ], [ -5.680070418611046, 40.385421876706431 ], [ -5.680070418611046, 40.383883072159762 ], [ -5.681609223157722, 40.383883072159762 ], [ -5.681609223157722, 40.38311366988642 ], [ -5.682378625431059, 40.38311366988642 ], [ -5.682378625431059, 40.381574865339743 ], [ -5.683148027704396, 40.381574865339743 ], [ -5.683148027704396, 40.380805463066409 ], [ -5.683917429977734, 40.380805463066409 ], [ -5.683917429977734, 40.380036060793074 ], [ -5.684686832251072, 40.380036060793074 ], [ -5.684686832251072, 40.379266658519732 ], [ -5.685456234524409, 40.379266658519732 ], [ -5.685456234524409, 40.377727853973056 ], [ -5.686225636797747, 40.377727853973056 ], [ -5.686225636797747, 40.370803233513023 ], [ -5.686995039071085, 40.370803233513023 ], [ -5.686995039071085, 40.363109210779641 ], [ -5.685456234524409, 40.363109210779641 ], [ -5.685456234524409, 40.360801003959629 ], [ -5.684686832251072, 40.360801003959629 ], [ -5.684686832251072, 40.357723394866284 ], [ -5.683917429977734, 40.357723394866284 ], [ -5.683917429977734, 40.356953992592942 ], [ -5.682378625431059, 40.356953992592942 ], [ -5.682378625431059, 40.356184590319607 ], [ -5.681609223157722, 40.356184590319607 ], [ -5.681609223157722, 40.355415188046265 ], [ -5.678531614064371, 40.355415188046265 ], [ -5.678531614064371, 40.354645785772931 ], [ -5.676992809517696, 40.354645785772931 ], [ -5.676992809517696, 40.353876383499596 ], [ -5.676223407244358, 40.353876383499596 ], [ -5.676223407244358, 40.353106981226254 ], [ -5.674684602697683, 40.353106981226254 ], [ -5.674684602697683, 40.35233757895292 ], [ -5.671606993604333, 40.35233757895292 ], [ -5.671606993604333, 40.351568176679578 ], [ -5.670837591330995, 40.351568176679578 ], [ -5.670837591330995, 40.350029372132902 ], [ -5.673145798151007, 40.350029372132902 ], [ -5.673145798151007, 40.349259969859567 ], [ -5.67545400497102, 40.349259969859567 ], [ -5.67545400497102, 40.348490567586232 ], [ -5.676992809517696, 40.348490567586232 ], [ -5.676992809517696, 40.34772116531289 ], [ -5.678531614064371, 40.34772116531289 ], [ -5.678531614064371, 40.346951763039556 ], [ -5.681609223157722, 40.346951763039556 ], [ -5.681609223157722, 40.346182360766214 ], [ -5.683917429977734, 40.346182360766214 ], [ -5.683917429977734, 40.345412958492879 ], [ -5.686225636797747, 40.345412958492879 ], [ -5.686225636797747, 40.344643556219545 ], [ -5.686995039071085, 40.344643556219545 ], [ -5.686995039071085, 40.343104751672868 ], [ -5.687764441344422, 40.343104751672868 ], [ -5.687764441344422, 40.341565947126192 ], [ -5.68853384361776, 40.341565947126192 ], [ -5.68853384361776, 40.340027142579515 ], [ -5.689303245891097, 40.340027142579515 ], [ -5.689303245891097, 40.338488338032839 ], [ -5.690072648164435, 40.338488338032839 ], [ -5.690072648164435, 40.337718935759504 ], [ -5.69161145271111, 40.337718935759504 ], [ -5.69161145271111, 40.336949533486163 ], [ -5.695458464077798, 40.336949533486163 ], [ -5.695458464077798, 40.336180131212828 ], [ -5.696997268624473, 40.336180131212828 ], [ -5.696997268624473, 40.335410728939493 ], [ -5.698536073171148, 40.335410728939493 ], [ -5.698536073171148, 40.334641326666151 ], [ -5.700074877717824, 40.334641326666151 ], [ -5.700074877717824, 40.333871924392817 ], [ -5.703152486811174, 40.333871924392817 ], [ -5.703152486811174, 40.333102522119475 ], [ -5.704691291357849, 40.333102522119475 ], [ -5.704691291357849, 40.33233311984614 ], [ -5.706230095904525, 40.33233311984614 ], [ -5.706230095904525, 40.331563717572806 ], [ -5.7077689004512, 40.331563717572806 ], [ -5.7077689004512, 40.330794315299464 ], [ -5.71084650954455, 40.330794315299464 ], [ -5.71084650954455, 40.330024913026129 ], [ -5.711615911817888, 40.330024913026129 ], [ -5.711615911817888, 40.329255510752787 ], [ -5.712385314091225, 40.329255510752787 ], [ -5.712385314091225, 40.328486108479453 ], [ -5.713154716364563, 40.328486108479453 ], [ -5.713154716364563, 40.327716706206111 ], [ -5.713924118637901, 40.327716706206111 ], [ -5.713924118637901, 40.326947303932776 ], [ -5.714693520911238, 40.326947303932776 ], [ -5.714693520911238, 40.326177901659442 ], [ -5.715462923184575, 40.326177901659442 ], [ -5.715462923184575, 40.3254084993861 ], [ -5.716232325457913, 40.3254084993861 ], [ -5.716232325457913, 40.324639097112765 ], [ -5.717001727731251, 40.324639097112765 ], [ -5.717001727731251, 40.323869694839424 ], [ -5.717771130004588, 40.323869694839424 ], [ -5.717771130004588, 40.323100292566089 ], [ -5.719309934551264, 40.323100292566089 ], [ -5.719309934551264, 40.321561488019412 ], [ -5.720079336824601, 40.321561488019412 ], [ -5.720079336824601, 40.320792085746078 ], [ -5.721618141371277, 40.320792085746078 ], [ -5.721618141371277, 40.320022683472736 ], [ -5.722387543644614, 40.320022683472736 ], [ -5.722387543644614, 40.318483878926067 ], [ -5.723156945917951, 40.318483878926067 ], [ -5.723156945917951, 40.317714476652725 ], [ -5.72392634819129, 40.317714476652725 ], [ -5.72392634819129, 40.31694507437939 ], [ -5.724695750464627, 40.31694507437939 ], [ -5.724695750464627, 40.316175672106048 ], [ -5.726234555011302, 40.316175672106048 ], [ -5.726234555011302, 40.314636867559372 ], [ -5.72700395728464, 40.314636867559372 ], [ -5.72700395728464, 40.313867465286037 ], [ -5.727773359557977, 40.313867465286037 ], [ -5.727773359557977, 40.313098063012703 ], [ -5.729312164104653, 40.313098063012703 ], [ -5.729312164104653, 40.312328660739361 ], [ -5.73008156637799, 40.312328660739361 ], [ -5.73008156637799, 40.308481649372673 ], [ -5.729312164104653, 40.308481649372673 ], [ -5.729312164104653, 40.305404040279321 ], [ -5.73008156637799, 40.305404040279321 ], [ -5.73008156637799, 40.303865235732651 ], [ -5.731620370924666, 40.303865235732651 ], [ -5.731620370924666, 40.303095833459309 ], [ -5.732389773198003, 40.303095833459309 ], [ -5.732389773198003, 40.302326431185975 ], [ -5.73315917547134, 40.302326431185975 ], [ -5.73315917547134, 40.301557028912633 ], [ -5.733928577744678, 40.301557028912633 ], [ -5.733928577744678, 40.300787626639298 ], [ -5.734697980018016, 40.300787626639298 ], [ -5.734697980018016, 40.299248822092622 ], [ -5.735467382291353, 40.299248822092622 ], [ -5.735467382291353, 40.298479419819287 ], [ -5.73623678456469, 40.298479419819287 ], [ -5.73623678456469, 40.297710017545946 ], [ -5.737006186838029, 40.297710017545946 ], [ -5.737006186838029, 40.296940615272611 ], [ -5.734697980018016, 40.296940615272611 ], [ -5.734697980018016, 40.297710017545946 ], [ -5.729312164104653, 40.297710017545946 ], [ -5.729312164104653, 40.296940615272611 ], [ -5.726234555011302, 40.296940615272611 ], [ -5.726234555011302, 40.296171212999276 ], [ -5.722387543644614, 40.296171212999276 ], [ -5.722387543644614, 40.295401810725934 ], [ -5.706999498177862, 40.295401810725934 ], [ -5.706999498177862, 40.2946324084526 ], [ -5.705460693631187, 40.2946324084526 ], [ -5.705460693631187, 40.293863006179258 ], [ -5.703921889084512, 40.293863006179258 ], [ -5.703921889084512, 40.293093603905923 ], [ -5.701613682264499, 40.293093603905923 ], [ -5.701613682264499, 40.293863006179258 ], [ -5.700074877717824, 40.293863006179258 ], [ -5.700074877717824, 40.2946324084526 ], [ -5.698536073171148, 40.2946324084526 ], [ -5.698536073171148, 40.295401810725934 ], [ -5.696997268624473, 40.295401810725934 ], [ -5.696997268624473, 40.296171212999276 ], [ -5.693150257257785, 40.296171212999276 ], [ -5.693150257257785, 40.2946324084526 ], [ -5.692380854984448, 40.2946324084526 ], [ -5.692380854984448, 40.293863006179258 ], [ -5.690842050437772, 40.293863006179258 ], [ -5.690842050437772, 40.293093603905923 ], [ -5.690072648164435, 40.293093603905923 ], [ -5.690072648164435, 40.291554799359247 ], [ -5.68853384361776, 40.291554799359247 ], [ -5.68853384361776, 40.290785397085912 ], [ -5.686995039071085, 40.290785397085912 ], [ -5.686995039071085, 40.29001599481257 ], [ -5.686225636797747, 40.29001599481257 ], [ -5.686225636797747, 40.289246592539236 ], [ -5.685456234524409, 40.289246592539236 ], [ -5.685456234524409, 40.287707787992559 ], [ -5.684686832251072, 40.287707787992559 ], [ -5.684686832251072, 40.286938385719225 ], [ -5.681609223157722, 40.286938385719225 ], [ -5.681609223157722, 40.286168983445883 ], [ -5.680839820884383, 40.286168983445883 ], [ -5.680839820884383, 40.285399581172548 ], [ -5.679301016337709, 40.285399581172548 ], [ -5.679301016337709, 40.284630178899206 ], [ -5.678531614064371, 40.284630178899206 ], [ -5.678531614064371, 40.283860776625872 ], [ -5.676992809517696, 40.283860776625872 ], [ -5.676992809517696, 40.283091374352537 ], [ -5.674684602697683, 40.283091374352537 ], [ -5.674684602697683, 40.282321972079195 ], [ -5.673145798151007, 40.282321972079195 ], [ -5.673145798151007, 40.281552569805861 ], [ -5.67237639587767, 40.281552569805861 ], [ -5.67237639587767, 40.280783167532519 ], [ -5.671606993604333, 40.280783167532519 ], [ -5.671606993604333, 40.280013765259184 ], [ -5.670068189057657, 40.280013765259184 ], [ -5.670068189057657, 40.279244362985843 ], [ -5.666990579964307, 40.279244362985843 ], [ -5.666990579964307, 40.278474960712508 ], [ -5.66622117769097, 40.278474960712508 ], [ -5.66622117769097, 40.277705558439173 ], [ -5.665451775417631, 40.277705558439173 ], [ -5.665451775417631, 40.276936156165831 ], [ -5.663912970870957, 40.276936156165831 ], [ -5.663912970870957, 40.276166753892497 ], [ -5.661604764050944, 40.276166753892497 ], [ -5.661604764050944, 40.275397351619155 ], [ -5.660065959504268, 40.275397351619155 ], [ -5.660065959504268, 40.27462794934582 ], [ -5.659296557230931, 40.27462794934582 ], [ -5.659296557230931, 40.273858547072486 ], [ -5.657757752684256, 40.273858547072486 ], [ -5.657757752684256, 40.273089144799144 ], [ -5.656988350410918, 40.273089144799144 ], [ -5.656988350410918, 40.271550340252467 ], [ -5.657757752684256, 40.271550340252467 ], [ -5.657757752684256, 40.268472731159122 ], [ -5.658527154957594, 40.268472731159122 ], [ -5.658527154957594, 40.266164524339104 ], [ -5.659296557230931, 40.266164524339104 ], [ -5.659296557230931, 40.263086915245758 ], [ -5.660065959504268, 40.263086915245758 ], [ -5.660065959504268, 40.25923990387907 ], [ -5.657757752684256, 40.25923990387907 ], [ -5.657757752684256, 40.258470501605728 ], [ -5.656988350410918, 40.258470501605728 ], [ -5.656988350410918, 40.257701099332394 ], [ -5.656218948137581, 40.257701099332394 ], [ -5.656218948137581, 40.256931697059052 ], [ -5.655449545864243, 40.256931697059052 ], [ -5.655449545864243, 40.256162294785717 ], [ -5.654680143590905, 40.256162294785717 ], [ -5.654680143590905, 40.255392892512383 ], [ -5.652371936770892, 40.255392892512383 ], [ -5.652371936770892, 40.254623490239041 ], [ -5.651602534497555, 40.254623490239041 ], [ -5.651602534497555, 40.253854087965706 ], [ -5.650833132224218, 40.253854087965706 ], [ -5.650833132224218, 40.253084685692365 ], [ -5.645447316310855, 40.253084685692365 ], [ -5.645447316310855, 40.25231528341903 ], [ -5.639292098124153, 40.25231528341903 ], [ -5.639292098124153, 40.253084685692365 ], [ -5.637753293577479, 40.253084685692365 ], [ -5.637753293577479, 40.25231528341903 ], [ -5.630059270844102, 40.25231528341903 ], [ -5.630059270844102, 40.251545881145695 ], [ -5.626981661750752, 40.251545881145695 ], [ -5.626981661750752, 40.250776478872353 ], [ -5.626212259477414, 40.250776478872353 ], [ -5.626212259477414, 40.250007076599019 ], [ -5.623134650384064, 40.250007076599019 ], [ -5.623134650384064, 40.248468272052342 ], [ -5.622365248110726, 40.248468272052342 ], [ -5.622365248110726, 40.243851858412313 ], [ -5.621595845837389, 40.243851858412313 ], [ -5.621595845837389, 40.243082456138978 ], [ -5.620826443564051, 40.243082456138978 ], [ -5.620826443564051, 40.241543651592302 ], [ -5.619287639017376, 40.241543651592302 ], [ -5.619287639017376, 40.240774249318967 ], [ -5.617748834470701, 40.240774249318967 ], [ -5.617748834470701, 40.240004847045626 ], [ -5.616979432197363, 40.240004847045626 ], [ -5.616979432197363, 40.239235444772291 ], [ -5.615440627650688, 40.239235444772291 ], [ -5.615440627650688, 40.23692723795228 ], [ -5.61467122537735, 40.23692723795228 ], [ -5.61467122537735, 40.233849628858927 ], [ -5.615440627650688, 40.233849628858927 ], [ -5.615440627650688, 40.23231082431225 ], [ -5.616210029924026, 40.23231082431225 ], [ -5.616210029924026, 40.230772019765574 ], [ -5.616979432197363, 40.230772019765574 ], [ -5.616979432197363, 40.229233215218905 ], [ -5.617748834470701, 40.229233215218905 ], [ -5.617748834470701, 40.228463812945563 ], [ -5.618518236744038, 40.228463812945563 ], [ -5.618518236744038, 40.226925008398887 ], [ -5.619287639017376, 40.226925008398887 ], [ -5.619287639017376, 40.226155606125552 ], [ -5.618518236744038, 40.226155606125552 ], [ -5.618518236744038, 40.224616801578875 ], [ -5.616979432197363, 40.224616801578875 ], [ -5.616979432197363, 40.223077997032199 ], [ -5.615440627650688, 40.223077997032199 ], [ -5.615440627650688, 40.222308594758864 ], [ -5.61467122537735, 40.222308594758864 ], [ -5.61467122537735, 40.220769790212188 ], [ -5.613132420830675, 40.220769790212188 ], [ -5.613132420830675, 40.219230985665511 ], [ -5.60851600719065, 40.219230985665511 ], [ -5.60851600719065, 40.220000387938853 ], [ -5.603130191277287, 40.220000387938853 ], [ -5.603130191277287, 40.220769790212188 ], [ -5.600821984457274, 40.220769790212188 ], [ -5.600821984457274, 40.220000387938853 ], [ -5.598513777637261, 40.220000387938853 ], [ -5.598513777637261, 40.219230985665511 ], [ -5.596205570817248, 40.219230985665511 ], [ -5.596205570817248, 40.218461583392177 ], [ -5.595436168543911, 40.218461583392177 ], [ -5.595436168543911, 40.219230985665511 ], [ -5.594666766270572, 40.219230985665511 ], [ -5.594666766270572, 40.218461583392177 ], [ -5.591589157177222, 40.218461583392177 ], [ -5.591589157177222, 40.217692181118835 ], [ -5.590819754903885, 40.217692181118835 ], [ -5.590819754903885, 40.2169227788455 ], [ -5.589280950357209, 40.2169227788455 ], [ -5.589280950357209, 40.216153376572166 ], [ -5.586972743537197, 40.216153376572166 ], [ -5.586972743537197, 40.215383974298824 ], [ -5.583895134443846, 40.215383974298824 ], [ -5.583895134443846, 40.214614572025489 ], [ -5.582356329897172, 40.214614572025489 ], [ -5.582356329897172, 40.213845169752148 ], [ -5.580048123077159, 40.213845169752148 ], [ -5.580048123077159, 40.213075767478813 ], [ -5.578509318530483, 40.213075767478813 ], [ -5.578509318530483, 40.212306365205478 ], [ -5.575431709437133, 40.212306365205478 ], [ -5.575431709437133, 40.211536962932136 ], [ -5.57312350261712, 40.211536962932136 ], [ -5.57312350261712, 40.210767560658802 ], [ -5.571584698070445, 40.210767560658802 ], [ -5.571584698070445, 40.20999815838546 ], [ -5.57004589352377, 40.20999815838546 ], [ -5.57004589352377, 40.209228756112125 ], [ -5.569276491250432, 40.209228756112125 ], [ -5.569276491250432, 40.208459353838784 ], [ -5.568507088977094, 40.208459353838784 ], [ -5.568507088977094, 40.207689951565449 ], [ -5.567737686703757, 40.207689951565449 ], [ -5.567737686703757, 40.206920549292114 ], [ -5.566198882157082, 40.206920549292114 ], [ -5.566198882157082, 40.206151147018772 ], [ -5.565429479883744, 40.206151147018772 ], [ -5.565429479883744, 40.205381744745438 ], [ -5.558504859423706, 40.205381744745438 ], [ -5.558504859423706, 40.204612342472096 ], [ -5.555427250330355, 40.204612342472096 ], [ -5.555427250330355, 40.203842940198761 ], [ -5.55388844578368, 40.203842940198761 ], [ -5.55388844578368, 40.203073537925427 ], [ -5.552349641237005, 40.203073537925427 ], [ -5.552349641237005, 40.202304135652085 ], [ -5.55081083669033, 40.202304135652085 ], [ -5.55081083669033, 40.200765331105409 ], [ -5.549272032143655, 40.200765331105409 ], [ -5.549272032143655, 40.199995928832074 ], [ -5.54773322759698, 40.199995928832074 ], [ -5.54773322759698, 40.199226526558732 ], [ -5.544655618503629, 40.199226526558732 ], [ -5.544655618503629, 40.198457124285397 ], [ -5.542347411683616, 40.198457124285397 ], [ -5.542347411683616, 40.199226526558732 ], [ -5.536192193496915, 40.199226526558732 ], [ -5.536192193496915, 40.198457124285397 ], [ -5.534653388950241, 40.198457124285397 ], [ -5.534653388950241, 40.197687722012063 ], [ -5.533114584403565, 40.197687722012063 ], [ -5.533114584403565, 40.198457124285397 ], [ -5.528498170763539, 40.198457124285397 ], [ -5.528498170763539, 40.199226526558732 ], [ -5.524651159396852, 40.199226526558732 ], [ -5.524651159396852, 40.199995928832074 ], [ -5.522342952576839, 40.199995928832074 ], [ -5.522342952576839, 40.200765331105409 ], [ -5.520804148030163, 40.200765331105409 ], [ -5.520804148030163, 40.20153473337875 ], [ -5.51849594121015, 40.20153473337875 ], [ -5.51849594121015, 40.202304135652085 ], [ -5.517726538936813, 40.202304135652085 ], [ -5.517726538936813, 40.203073537925427 ], [ -5.516187734390138, 40.203073537925427 ], [ -5.516187734390138, 40.203842940198761 ], [ -5.514648929843463, 40.203842940198761 ], [ -5.514648929843463, 40.204612342472096 ], [ -5.508493711656762, 40.204612342472096 ], [ -5.508493711656762, 40.203842940198761 ], [ -5.503877298016737, 40.203842940198761 ], [ -5.503877298016737, 40.203073537925427 ], [ -5.499260884376711, 40.203073537925427 ], [ -5.499260884376711, 40.203842940198761 ], [ -5.497722079830035, 40.203842940198761 ], [ -5.497722079830035, 40.204612342472096 ], [ -5.496952677556698, 40.204612342472096 ], [ -5.496952677556698, 40.205381744745438 ], [ -5.495413873010023, 40.205381744745438 ], [ -5.495413873010023, 40.206151147018772 ], [ -5.494644470736685, 40.206151147018772 ], [ -5.494644470736685, 40.206920549292114 ], [ -5.49310566619001, 40.206920549292114 ], [ -5.49310566619001, 40.207689951565449 ], [ -5.490797459369997, 40.207689951565449 ], [ -5.490797459369997, 40.208459353838784 ], [ -5.487719850276647, 40.208459353838784 ], [ -5.487719850276647, 40.209228756112125 ], [ -5.482334034363284, 40.209228756112125 ], [ -5.482334034363284, 40.20999815838546 ], [ -5.475409413903245, 40.20999815838546 ], [ -5.475409413903245, 40.210767560658802 ], [ -5.474640011629908, 40.210767560658802 ], [ -5.474640011629908, 40.214614572025489 ], [ -5.47387060935657, 40.214614572025489 ], [ -5.47387060935657, 40.217692181118835 ], [ -5.474640011629908, 40.217692181118835 ], [ -5.474640011629908, 40.218461583392177 ], [ -5.473101207083232, 40.218461583392177 ], [ -5.473101207083232, 40.220769790212188 ], [ -5.47387060935657, 40.220769790212188 ], [ -5.47387060935657, 40.222308594758864 ], [ -5.472331804809895, 40.222308594758864 ], [ -5.472331804809895, 40.223847399305541 ], [ -5.473101207083232, 40.223847399305541 ], [ -5.473101207083232, 40.226155606125552 ], [ -5.471562402536557, 40.226155606125552 ], [ -5.471562402536557, 40.226925008398887 ], [ -5.469254195716545, 40.226925008398887 ], [ -5.469254195716545, 40.227694410672228 ], [ -5.466176586623194, 40.227694410672228 ], [ -5.466176586623194, 40.228463812945563 ], [ -5.461560172983169, 40.228463812945563 ], [ -5.461560172983169, 40.229233215218905 ], [ -5.455404954796468, 40.229233215218905 ], [ -5.455404954796468, 40.230002617492239 ], [ -5.453866150249793, 40.230002617492239 ], [ -5.453866150249793, 40.230772019765574 ], [ -5.452327345703117, 40.230772019765574 ], [ -5.452327345703117, 40.231541422038916 ], [ -5.45155794342978, 40.231541422038916 ], [ -5.45155794342978, 40.23231082431225 ], [ -5.450019138883104, 40.23231082431225 ], [ -5.450019138883104, 40.233080226585592 ], [ -5.44848033433643, 40.233080226585592 ], [ -5.44848033433643, 40.233849628858927 ], [ -5.446941529789754, 40.233849628858927 ], [ -5.446941529789754, 40.234619031132269 ], [ -5.445402725243079, 40.234619031132269 ], [ -5.445402725243079, 40.235388433405603 ], [ -5.443094518423067, 40.235388433405603 ], [ -5.443094518423067, 40.237696640225614 ], [ -5.442325116149728, 40.237696640225614 ], [ -5.442325116149728, 40.239235444772291 ], [ -5.441555713876391, 40.239235444772291 ], [ -5.441555713876391, 40.240004847045626 ], [ -5.440786311603054, 40.240004847045626 ], [ -5.440786311603054, 40.242313053865644 ], [ -5.440016909329715, 40.242313053865644 ], [ -5.440016909329715, 40.243851858412313 ], [ -5.439247507056378, 40.243851858412313 ], [ -5.439247507056378, 40.245390662958989 ], [ -5.438478104783041, 40.245390662958989 ], [ -5.438478104783041, 40.246929467505666 ], [ -5.437708702509704, 40.246929467505666 ], [ -5.437708702509704, 40.248468272052342 ], [ -5.436939300236365, 40.248468272052342 ], [ -5.436939300236365, 40.250007076599019 ], [ -5.435400495689691, 40.250007076599019 ], [ -5.435400495689691, 40.250776478872353 ], [ -5.436169897963028, 40.250776478872353 ], [ -5.436169897963028, 40.25231528341903 ], [ -5.434631093416352, 40.25231528341903 ], [ -5.434631093416352, 40.253084685692365 ], [ -5.433861691143015, 40.253084685692365 ], [ -5.433861691143015, 40.254623490239041 ], [ -5.431553484323002, 40.254623490239041 ], [ -5.431553484323002, 40.255392892512383 ], [ -5.427706472956315, 40.255392892512383 ], [ -5.427706472956315, 40.256162294785717 ], [ -5.423090059316289, 40.256162294785717 ], [ -5.423090059316289, 40.256931697059052 ], [ -5.418473645676263, 40.256931697059052 ], [ -5.418473645676263, 40.257701099332394 ], [ -5.414626634309575, 40.257701099332394 ], [ -5.414626634309575, 40.258470501605728 ], [ -5.413857232036237, 40.258470501605728 ], [ -5.413857232036237, 40.257701099332394 ], [ -5.412318427489563, 40.257701099332394 ], [ -5.412318427489563, 40.256931697059052 ], [ -5.409240818396212, 40.256931697059052 ], [ -5.409240818396212, 40.256162294785717 ], [ -5.405393807029524, 40.256162294785717 ], [ -5.405393807029524, 40.255392892512383 ], [ -5.403085600209511, 40.255392892512383 ], [ -5.403085600209511, 40.254623490239041 ], [ -5.401546795662836, 40.254623490239041 ], [ -5.401546795662836, 40.253854087965706 ], [ -5.399238588842823, 40.253854087965706 ], [ -5.399238588842823, 40.253084685692365 ], [ -5.395391577476135, 40.253084685692365 ], [ -5.395391577476135, 40.253854087965706 ], [ -5.394622175202798, 40.253854087965706 ], [ -5.394622175202798, 40.254623490239041 ], [ -5.393083370656123, 40.254623490239041 ], [ -5.393083370656123, 40.255392892512383 ], [ -5.391544566109447, 40.255392892512383 ], [ -5.391544566109447, 40.256162294785717 ], [ -5.39077516383611, 40.256162294785717 ], [ -5.39077516383611, 40.256931697059052 ], [ -5.388466957016097, 40.256931697059052 ], [ -5.388466957016097, 40.257701099332394 ], [ -5.386928152469421, 40.257701099332394 ], [ -5.386928152469421, 40.258470501605728 ], [ -5.384619945649409, 40.258470501605728 ], [ -5.384619945649409, 40.25923990387907 ], [ -5.383081141102734, 40.25923990387907 ], [ -5.383081141102734, 40.260009306152405 ], [ -5.382311738829396, 40.260009306152405 ], [ -5.382311738829396, 40.260778708425747 ], [ -5.379234129736046, 40.260778708425747 ], [ -5.379234129736046, 40.260009306152405 ], [ -5.366154291089306, 40.260009306152405 ], [ -5.366154291089306, 40.260778708425747 ], [ -5.364615486542632, 40.260778708425747 ], [ -5.364615486542632, 40.261548110699081 ], [ -5.363846084269293, 40.261548110699081 ], [ -5.363846084269293, 40.262317512972416 ], [ -5.363076681995956, 40.262317512972416 ], [ -5.363076681995956, 40.263086915245758 ], [ -5.362307279722619, 40.263086915245758 ], [ -5.362307279722619, 40.263856317519092 ], [ -5.361537877449281, 40.263856317519092 ], [ -5.361537877449281, 40.264625719792434 ], [ -5.360768475175943, 40.264625719792434 ], [ -5.360768475175943, 40.265395122065769 ], [ -5.35846026835593, 40.265395122065769 ], [ -5.35846026835593, 40.266164524339104 ], [ -5.35230505016923, 40.266164524339104 ], [ -5.35230505016923, 40.266933926612445 ], [ -5.345380429709191, 40.266933926612445 ], [ -5.345380429709191, 40.266164524339104 ], [ -5.343841625162517, 40.266164524339104 ], [ -5.343841625162517, 40.265395122065769 ], [ -5.341533418342504, 40.265395122065769 ], [ -5.341533418342504, 40.264625719792434 ], [ -5.339225211522491, 40.264625719792434 ], [ -5.339225211522491, 40.263856317519092 ], [ -5.330761786515777, 40.263856317519092 ], [ -5.330761786515777, 40.263086915245758 ], [ -5.324606568329076, 40.263086915245758 ], [ -5.324606568329076, 40.263856317519092 ], [ -5.323067763782401, 40.263856317519092 ], [ -5.323067763782401, 40.264625719792434 ], [ -5.322298361509064, 40.264625719792434 ], [ -5.322298361509064, 40.265395122065769 ], [ -5.319990154689051, 40.265395122065769 ], [ -5.319990154689051, 40.266164524339104 ], [ -5.317681947869038, 40.266164524339104 ], [ -5.317681947869038, 40.266933926612445 ], [ -5.316143143322363, 40.266933926612445 ], [ -5.316143143322363, 40.266164524339104 ], [ -5.314604338775688, 40.266164524339104 ], [ -5.314604338775688, 40.265395122065769 ], [ -5.31383493650235, 40.265395122065769 ], [ -5.31383493650235, 40.264625719792434 ], [ -5.313065534229012, 40.264625719792434 ], [ -5.313065534229012, 40.263856317519092 ], [ -5.311526729682337, 40.263856317519092 ], [ -5.311526729682337, 40.263086915245758 ], [ -5.310757327409, 40.263086915245758 ], [ -5.310757327409, 40.262317512972416 ], [ -5.309218522862325, 40.262317512972416 ], [ -5.309218522862325, 40.261548110699081 ], [ -5.308449120588987, 40.261548110699081 ], [ -5.308449120588987, 40.260778708425747 ], [ -5.306910316042312, 40.260778708425747 ], [ -5.306910316042312, 40.260009306152405 ], [ -5.304602109222299, 40.260009306152405 ], [ -5.304602109222299, 40.25923990387907 ], [ -5.299985695582273, 40.25923990387907 ], [ -5.299985695582273, 40.257701099332394 ], [ -5.299216293308936, 40.257701099332394 ], [ -5.299216293308936, 40.256931697059052 ], [ -5.298446891035598, 40.256931697059052 ], [ -5.298446891035598, 40.253854087965706 ], [ -5.29767748876226, 40.253854087965706 ], [ -5.29767748876226, 40.250007076599019 ], [ -5.296908086488923, 40.250007076599019 ], [ -5.296908086488923, 40.247698869779008 ], [ -5.296138684215586, 40.247698869779008 ], [ -5.296138684215586, 40.246929467505666 ], [ -5.29459987966891, 40.246929467505666 ], [ -5.29459987966891, 40.246160065232331 ], [ -5.293061075122235, 40.246160065232331 ], [ -5.293061075122235, 40.245390662958989 ], [ -5.290752868302222, 40.245390662958989 ], [ -5.290752868302222, 40.244621260685655 ], [ -5.289214063755547, 40.244621260685655 ], [ -5.289214063755547, 40.243851858412313 ], [ -5.284597650115521, 40.243851858412313 ], [ -5.284597650115521, 40.244621260685655 ], [ -5.283828247842184, 40.244621260685655 ], [ -5.283828247842184, 40.245390662958989 ], [ -5.283058845568846, 40.245390662958989 ], [ -5.283058845568846, 40.246160065232331 ], [ -5.282289443295508, 40.246160065232331 ], [ -5.282289443295508, 40.246929467505666 ], [ -5.281520041022171, 40.246929467505666 ], [ -5.281520041022171, 40.247698869779008 ], [ -5.280750638748834, 40.247698869779008 ], [ -5.280750638748834, 40.248468272052342 ], [ -5.279211834202158, 40.248468272052342 ], [ -5.279211834202158, 40.249237674325677 ], [ -5.277673029655483, 40.249237674325677 ], [ -5.277673029655483, 40.250007076599019 ], [ -5.275364822835471, 40.250007076599019 ], [ -5.275364822835471, 40.250776478872353 ], [ -5.273826018288795, 40.250776478872353 ], [ -5.273826018288795, 40.251545881145695 ], [ -5.273056616015458, 40.251545881145695 ], [ -5.273056616015458, 40.253084685692365 ], [ -5.27228721374212, 40.253084685692365 ], [ -5.27228721374212, 40.253854087965706 ], [ -5.266901397828756, 40.253854087965706 ], [ -5.266901397828756, 40.253084685692365 ], [ -5.256899168275368, 40.253084685692365 ], [ -5.256899168275368, 40.25231528341903 ], [ -5.25612976600203, 40.25231528341903 ], [ -5.25612976600203, 40.251545881145695 ], [ -5.25305215690868, 40.251545881145695 ], [ -5.25305215690868, 40.250776478872353 ], [ -5.252282754635342, 40.250776478872353 ], [ -5.252282754635342, 40.250007076599019 ], [ -5.251513352362005, 40.250007076599019 ], [ -5.251513352362005, 40.249237674325677 ], [ -5.250743950088667, 40.249237674325677 ], [ -5.250743950088667, 40.248468272052342 ], [ -5.249974547815329, 40.248468272052342 ], [ -5.249974547815329, 40.247698869779008 ], [ -5.246896938721979, 40.247698869779008 ], [ -5.246896938721979, 40.248468272052342 ], [ -5.245358134175304, 40.248468272052342 ], [ -5.245358134175304, 40.249237674325677 ], [ -5.244588731901966, 40.249237674325677 ], [ -5.244588731901966, 40.250007076599019 ], [ -5.243819329628629, 40.250007076599019 ], [ -5.243819329628629, 40.250776478872353 ], [ -5.241511122808616, 40.250776478872353 ], [ -5.241511122808616, 40.251545881145695 ], [ -5.239202915988603, 40.251545881145695 ], [ -5.239202915988603, 40.25231528341903 ], [ -5.23689470916859, 40.25231528341903 ], [ -5.23689470916859, 40.253084685692365 ], [ -5.23381710007524, 40.253084685692365 ], [ -5.23381710007524, 40.253854087965706 ], [ -5.229970088708552, 40.253854087965706 ], [ -5.229970088708552, 40.254623490239041 ], [ -5.228431284161877, 40.254623490239041 ], [ -5.228431284161877, 40.256162294785717 ], [ -5.227661881888539, 40.256162294785717 ], [ -5.227661881888539, 40.257701099332394 ], [ -5.226892479615201, 40.257701099332394 ], [ -5.226892479615201, 40.258470501605728 ], [ -5.226123077341864, 40.258470501605728 ], [ -5.226123077341864, 40.260009306152405 ], [ -5.225353675068527, 40.260009306152405 ], [ -5.225353675068527, 40.260778708425747 ], [ -5.223045468248514, 40.260778708425747 ], [ -5.223045468248514, 40.261548110699081 ], [ -5.219967859155163, 40.261548110699081 ], [ -5.219967859155163, 40.262317512972416 ], [ -5.217659652335151, 40.262317512972416 ], [ -5.217659652335151, 40.263086915245758 ], [ -5.215351445515138, 40.263086915245758 ], [ -5.215351445515138, 40.263856317519092 ], [ -5.212273836421788, 40.263856317519092 ], [ -5.212273836421788, 40.264625719792434 ], [ -5.209196227328436, 40.264625719792434 ], [ -5.209196227328436, 40.265395122065769 ], [ -5.208426825055099, 40.265395122065769 ], [ -5.208426825055099, 40.266164524339104 ], [ -5.206888020508424, 40.266164524339104 ], [ -5.206888020508424, 40.266933926612445 ], [ -5.205349215961749, 40.266933926612445 ], [ -5.205349215961749, 40.26770332888578 ], [ -5.204579813688412, 40.26770332888578 ], [ -5.204579813688412, 40.268472731159122 ], [ -5.203810411415073, 40.268472731159122 ], [ -5.203810411415073, 40.269242133432456 ], [ -5.202271606868399, 40.269242133432456 ], [ -5.202271606868399, 40.270011535705791 ], [ -5.19842459550171, 40.270011535705791 ], [ -5.19842459550171, 40.269242133432456 ], [ -5.196116388681697, 40.269242133432456 ], [ -5.196116388681697, 40.268472731159122 ], [ -5.19534698640836, 40.268472731159122 ], [ -5.19534698640836, 40.26770332888578 ], [ -5.193808181861685, 40.26770332888578 ], [ -5.193808181861685, 40.266933926612445 ], [ -5.193038779588347, 40.266933926612445 ], [ -5.193038779588347, 40.266164524339104 ], [ -5.19226937731501, 40.266164524339104 ], [ -5.19226937731501, 40.266933926612445 ], [ -5.190730572768334, 40.266933926612445 ], [ -5.190730572768334, 40.266164524339104 ], [ -5.189961170494997, 40.266164524339104 ], [ -5.189961170494997, 40.265395122065769 ], [ -5.188422365948322, 40.265395122065769 ], [ -5.188422365948322, 40.264625719792434 ], [ -5.187652963674984, 40.264625719792434 ], [ -5.187652963674984, 40.263856317519092 ], [ -5.186114159128309, 40.263856317519092 ], [ -5.186114159128309, 40.263086915245758 ], [ -5.185344756854971, 40.263086915245758 ], [ -5.185344756854971, 40.265395122065769 ], [ -5.184575354581634, 40.265395122065769 ], [ -5.184575354581634, 40.26770332888578 ], [ -5.183805952308296, 40.26770332888578 ], [ -5.183805952308296, 40.270011535705791 ], [ -5.182267147761621, 40.270011535705791 ], [ -5.182267147761621, 40.270780937979133 ], [ -5.180728343214946, 40.270780937979133 ], [ -5.180728343214946, 40.270011535705791 ], [ -5.178420136394933, 40.270011535705791 ], [ -5.178420136394933, 40.271550340252467 ], [ -5.177650734121595, 40.271550340252467 ], [ -5.177650734121595, 40.272319742525809 ], [ -5.174573125028245, 40.272319742525809 ], [ -5.174573125028245, 40.273089144799144 ], [ -5.172264918208232, 40.273089144799144 ], [ -5.172264918208232, 40.273858547072486 ], [ -5.170726113661557, 40.273858547072486 ], [ -5.170726113661557, 40.27462794934582 ], [ -5.169187309114882, 40.27462794934582 ], [ -5.169187309114882, 40.275397351619155 ], [ -5.167648504568207, 40.275397351619155 ], [ -5.167648504568207, 40.276166753892497 ], [ -5.165340297748194, 40.276166753892497 ], [ -5.165340297748194, 40.276936156165831 ], [ -5.163801493201518, 40.276936156165831 ], [ -5.163801493201518, 40.277705558439173 ], [ -5.162262688654844, 40.277705558439173 ], [ -5.162262688654844, 40.278474960712508 ], [ -5.159185079561493, 40.278474960712508 ], [ -5.159185079561493, 40.279244362985843 ], [ -5.15687687274148, 40.279244362985843 ], [ -5.15687687274148, 40.280013765259184 ], [ -5.155338068194805, 40.280013765259184 ], [ -5.155338068194805, 40.280783167532519 ], [ -5.15379926364813, 40.280783167532519 ], [ -5.15379926364813, 40.281552569805861 ], [ -5.152260459101455, 40.281552569805861 ], [ -5.152260459101455, 40.282321972079195 ], [ -5.150721654554779, 40.282321972079195 ], [ -5.150721654554779, 40.283091374352537 ], [ -5.148413447734766, 40.283091374352537 ], [ -5.148413447734766, 40.283860776625872 ], [ -5.146874643188092, 40.283860776625872 ], [ -5.146874643188092, 40.284630178899206 ], [ -5.143027631821403, 40.284630178899206 ], [ -5.143027631821403, 40.285399581172548 ], [ -5.14071942500139, 40.285399581172548 ], [ -5.14071942500139, 40.286168983445883 ], [ -5.139180620454716, 40.286168983445883 ], [ -5.139180620454716, 40.286938385719225 ], [ -5.136872413634703, 40.286938385719225 ], [ -5.136872413634703, 40.287707787992559 ], [ -5.135333609088027, 40.287707787992559 ], [ -5.135333609088027, 40.288477190265894 ], [ -5.133794804541353, 40.288477190265894 ], [ -5.133794804541353, 40.289246592539236 ], [ -5.130717195448002, 40.289246592539236 ], [ -5.130717195448002, 40.29001599481257 ], [ -5.129178390901327, 40.29001599481257 ], [ -5.129178390901327, 40.290785397085912 ], [ -5.125331379534638, 40.290785397085912 ], [ -5.125331379534638, 40.291554799359247 ], [ -5.123023172714626, 40.291554799359247 ], [ -5.123023172714626, 40.292324201632582 ], [ -5.121484368167951, 40.292324201632582 ], [ -5.121484368167951, 40.293093603905923 ], [ -5.119945563621275, 40.293093603905923 ], [ -5.119945563621275, 40.293863006179258 ], [ -5.119176161347938, 40.293863006179258 ], [ -5.119176161347938, 40.296171212999276 ], [ -5.118406759074601, 40.296171212999276 ], [ -5.118406759074601, 40.296940615272611 ], [ -5.117637356801263, 40.296940615272611 ], [ -5.117637356801263, 40.298479419819287 ], [ -5.116867954527925, 40.298479419819287 ], [ -5.116867954527925, 40.300018224365964 ], [ -5.116098552254588, 40.300018224365964 ], [ -5.116098552254588, 40.301557028912633 ], [ -5.11532914998125, 40.301557028912633 ], [ -5.11532914998125, 40.303095833459309 ], [ -5.113790345434575, 40.303095833459309 ], [ -5.113790345434575, 40.303865235732651 ], [ -5.114559747707912, 40.303865235732651 ], [ -5.114559747707912, 40.304634638005986 ], [ -5.113020943161237, 40.304634638005986 ], [ -5.113020943161237, 40.305404040279321 ], [ -5.112251540887899, 40.305404040279321 ], [ -5.112251540887899, 40.307712247099339 ], [ -5.111482138614562, 40.307712247099339 ], [ -5.111482138614562, 40.309251051646015 ], [ -5.110712736341224, 40.309251051646015 ], [ -5.110712736341224, 40.31002045391935 ], [ -5.109943334067887, 40.31002045391935 ], [ -5.109943334067887, 40.311559258466026 ], [ -5.109173931794549, 40.311559258466026 ], [ -5.109173931794549, 40.313867465286037 ], [ -5.108404529521212, 40.313867465286037 ], [ -5.108404529521212, 40.314636867559372 ], [ -5.107635127247874, 40.314636867559372 ], [ -5.107635127247874, 40.316175672106048 ], [ -5.106865724974536, 40.316175672106048 ], [ -5.106865724974536, 40.317714476652725 ], [ -5.106096322701199, 40.317714476652725 ], [ -5.106096322701199, 40.319253281199401 ], [ -5.105326920427861, 40.319253281199401 ], [ -5.105326920427861, 40.320792085746078 ], [ -5.104557518154524, 40.320792085746078 ], [ -5.104557518154524, 40.322330890292754 ], [ -5.103788115881186, 40.322330890292754 ], [ -5.103788115881186, 40.323100292566089 ], [ -5.103018713607849, 40.323100292566089 ], [ -5.103018713607849, 40.3254084993861 ], [ -5.102249311334511, 40.3254084993861 ], [ -5.102249311334511, 40.326947303932776 ], [ -5.101479909061173, 40.326947303932776 ], [ -5.101479909061173, 40.327716706206111 ], [ -5.099941104514498, 40.327716706206111 ], [ -5.099941104514498, 40.328486108479453 ], [ -5.100710506787836, 40.328486108479453 ], [ -5.100710506787836, 40.329255510752787 ], [ -5.09917170224116, 40.329255510752787 ], [ -5.09917170224116, 40.331563717572806 ], [ -5.098402299967823, 40.331563717572806 ], [ -5.098402299967823, 40.33233311984614 ], [ -5.097632897694485, 40.33233311984614 ], [ -5.097632897694485, 40.333871924392817 ], [ -5.096863495421148, 40.333871924392817 ], [ -5.096863495421148, 40.335410728939493 ], [ -5.09609409314781, 40.335410728939493 ], [ -5.09609409314781, 40.338488338032839 ], [ -5.096863495421148, 40.338488338032839 ], [ -5.096863495421148, 40.340027142579515 ], [ -5.098402299967823, 40.340027142579515 ], [ -5.098402299967823, 40.34079654485285 ], [ -5.09917170224116, 40.34079654485285 ], [ -5.09917170224116, 40.342335349399526 ], [ -5.099941104514498, 40.342335349399526 ], [ -5.099941104514498, 40.343874153946203 ], [ -5.100710506787836, 40.343874153946203 ], [ -5.100710506787836, 40.344643556219545 ], [ -5.101479909061173, 40.344643556219545 ], [ -5.101479909061173, 40.346182360766214 ], [ -5.102249311334511, 40.346182360766214 ], [ -5.102249311334511, 40.34772116531289 ], [ -5.103788115881186, 40.34772116531289 ], [ -5.103788115881186, 40.348490567586232 ], [ -5.104557518154524, 40.348490567586232 ], [ -5.104557518154524, 40.349259969859567 ], [ -5.105326920427861, 40.349259969859567 ], [ -5.105326920427861, 40.350798774406243 ], [ -5.106096322701199, 40.350798774406243 ], [ -5.106096322701199, 40.35233757895292 ], [ -5.106865724974536, 40.35233757895292 ], [ -5.106865724974536, 40.353106981226254 ], [ -5.107635127247874, 40.353106981226254 ], [ -5.107635127247874, 40.354645785772931 ], [ -5.108404529521212, 40.354645785772931 ], [ -5.108404529521212, 40.355415188046265 ], [ -5.109173931794549, 40.355415188046265 ], [ -5.109173931794549, 40.356184590319607 ], [ -5.109943334067887, 40.356184590319607 ], [ -5.109943334067887, 40.356953992592942 ], [ -5.110712736341224, 40.356953992592942 ], [ -5.110712736341224, 40.358492797139618 ], [ -5.111482138614562, 40.358492797139618 ], [ -5.111482138614562, 40.360031601686295 ], [ -5.112251540887899, 40.360031601686295 ], [ -5.112251540887899, 40.360801003959629 ], [ -5.113020943161237, 40.360801003959629 ], [ -5.113020943161237, 40.362339808506306 ], [ -5.113790345434575, 40.362339808506306 ], [ -5.113790345434575, 40.363878613052982 ], [ -5.11532914998125, 40.363878613052982 ], [ -5.11532914998125, 40.364648015326317 ], [ -5.116098552254588, 40.364648015326317 ], [ -5.116098552254588, 40.366186819872993 ], [ -5.116867954527925, 40.366186819872993 ], [ -5.116867954527925, 40.36772562441967 ], [ -5.117637356801263, 40.36772562441967 ], [ -5.117637356801263, 40.369264428966346 ], [ -5.118406759074601, 40.369264428966346 ], [ -5.118406759074601, 40.370033831239681 ], [ -5.119176161347938, 40.370033831239681 ], [ -5.119176161347938, 40.371572635786357 ], [ -5.120714965894614, 40.371572635786357 ], [ -5.120714965894614, 40.373111440333034 ], [ -5.121484368167951, 40.373111440333034 ], [ -5.121484368167951, 40.373880842606368 ], [ -5.122253770441288, 40.373880842606368 ], [ -5.122253770441288, 40.37465024487971 ], [ -5.123023172714626, 40.37465024487971 ], [ -5.123023172714626, 40.37618904942638 ], [ -5.123792574987964, 40.37618904942638 ], [ -5.123792574987964, 40.376958451699721 ], [ -5.124561977261301, 40.376958451699721 ], [ -5.124561977261301, 40.377727853973056 ], [ -5.126870184081314, 40.377727853973056 ], [ -5.126870184081314, 40.378497256246398 ], [ -5.128408988627989, 40.378497256246398 ], [ -5.128408988627989, 40.379266658519732 ], [ -5.129947793174664, 40.379266658519732 ], [ -5.129947793174664, 40.380036060793074 ], [ -5.133025402268014, 40.380036060793074 ], [ -5.133025402268014, 40.380805463066409 ], [ -5.13456420681469, 40.380805463066409 ], [ -5.13456420681469, 40.381574865339743 ], [ -5.136103011361365, 40.381574865339743 ], [ -5.136103011361365, 40.382344267613085 ], [ -5.136872413634703, 40.382344267613085 ], [ -5.136872413634703, 40.38311366988642 ], [ -5.138411218181378, 40.38311366988642 ], [ -5.138411218181378, 40.383883072159762 ], [ -5.142258229548066, 40.383883072159762 ], [ -5.142258229548066, 40.384652474433096 ], [ -5.143027631821403, 40.384652474433096 ], [ -5.143027631821403, 40.385421876706431 ], [ -5.144566436368079, 40.385421876706431 ], [ -5.144566436368079, 40.386191278979773 ], [ -5.146874643188092, 40.386191278979773 ], [ -5.146874643188092, 40.386960681253107 ], [ -5.149952252281442, 40.386960681253107 ], [ -5.149952252281442, 40.387730083526449 ], [ -5.150721654554779, 40.387730083526449 ], [ -5.150721654554779, 40.388499485799784 ], [ -5.152260459101455, 40.388499485799784 ], [ -5.152260459101455, 40.389268888073119 ], [ -5.154568665921468, 40.389268888073119 ], [ -5.154568665921468, 40.39003829034646 ], [ -5.156107470468143, 40.39003829034646 ], [ -5.156107470468143, 40.390807692619795 ], [ -5.158415677288155, 40.390807692619795 ], [ -5.158415677288155, 40.391577094893137 ], [ -5.160723884108168, 40.391577094893137 ], [ -5.160723884108168, 40.392346497166471 ], [ -5.162262688654844, 40.392346497166471 ], [ -5.162262688654844, 40.393115899439813 ], [ -5.163032090928181, 40.393115899439813 ], [ -5.163032090928181, 40.393885301713148 ], [ -5.166109700021531, 40.393885301713148 ], [ -5.166109700021531, 40.394654703986483 ], [ -5.168417906841544, 40.394654703986483 ], [ -5.168417906841544, 40.395424106259824 ], [ -5.169187309114882, 40.395424106259824 ], [ -5.169187309114882, 40.396193508533159 ], [ -5.170726113661557, 40.396193508533159 ], [ -5.170726113661557, 40.396962910806501 ], [ -5.174573125028245, 40.396962910806501 ], [ -5.174573125028245, 40.397732313079835 ], [ -5.17611192957492, 40.397732313079835 ], [ -5.17611192957492, 40.39850171535317 ], [ -5.176881331848258, 40.39850171535317 ], [ -5.176881331848258, 40.396962910806501 ], [ -5.17611192957492, 40.396962910806501 ], [ -5.17611192957492, 40.393115899439813 ], [ -5.175342527301583, 40.393115899439813 ], [ -5.175342527301583, 40.391577094893137 ], [ -5.174573125028245, 40.391577094893137 ], [ -5.174573125028245, 40.389268888073119 ], [ -5.173803722754907, 40.389268888073119 ], [ -5.173803722754907, 40.385421876706431 ], [ -5.17303432048157, 40.385421876706431 ], [ -5.17303432048157, 40.384652474433096 ], [ -5.174573125028245, 40.384652474433096 ], [ -5.174573125028245, 40.385421876706431 ], [ -5.175342527301583, 40.385421876706431 ], [ -5.175342527301583, 40.386191278979773 ], [ -5.177650734121595, 40.386191278979773 ], [ -5.177650734121595, 40.386960681253107 ], [ -5.178420136394933, 40.386960681253107 ], [ -5.178420136394933, 40.387730083526449 ], [ -5.180728343214946, 40.387730083526449 ], [ -5.180728343214946, 40.388499485799784 ], [ -5.182267147761621, 40.388499485799784 ], [ -5.182267147761621, 40.389268888073119 ], [ -5.183805952308296, 40.389268888073119 ], [ -5.183805952308296, 40.39003829034646 ], [ -5.185344756854971, 40.39003829034646 ], [ -5.185344756854971, 40.390807692619795 ], [ -5.186114159128309, 40.390807692619795 ], [ -5.186114159128309, 40.391577094893137 ], [ -5.188422365948322, 40.391577094893137 ], [ -5.188422365948322, 40.392346497166471 ], [ -5.18919176822166, 40.392346497166471 ], [ -5.18919176822166, 40.393115899439813 ], [ -5.191499975041672, 40.393115899439813 ], [ -5.191499975041672, 40.393885301713148 ], [ -5.19226937731501, 40.393885301713148 ], [ -5.19226937731501, 40.394654703986483 ], [ -5.194577584135023, 40.394654703986483 ], [ -5.194577584135023, 40.395424106259824 ], [ -5.196885790955035, 40.395424106259824 ], [ -5.196885790955035, 40.396193508533159 ], [ -5.197655193228373, 40.396193508533159 ], [ -5.197655193228373, 40.396962910806501 ], [ -5.199193997775048, 40.396962910806501 ], [ -5.199193997775048, 40.397732313079835 ], [ -5.199963400048386, 40.397732313079835 ], [ -5.199963400048386, 40.39850171535317 ], [ -5.202271606868399, 40.39850171535317 ], [ -5.202271606868399, 40.399271117626512 ], [ -5.204579813688412, 40.399271117626512 ], [ -5.204579813688412, 40.400040519899846 ], [ -5.205349215961749, 40.400040519899846 ], [ -5.205349215961749, 40.400809922173188 ], [ -5.206888020508424, 40.400809922173188 ], [ -5.206888020508424, 40.401579324446523 ], [ -5.208426825055099, 40.401579324446523 ], [ -5.208426825055099, 40.402348726719865 ], [ -5.209196227328436, 40.402348726719865 ], [ -5.209196227328436, 40.401579324446523 ], [ -5.210735031875112, 40.401579324446523 ], [ -5.210735031875112, 40.402348726719865 ], [ -5.212273836421788, 40.402348726719865 ], [ -5.212273836421788, 40.403118128993199 ], [ -5.213043238695125, 40.403118128993199 ], [ -5.213043238695125, 40.403887531266534 ], [ -5.2145820432418, 40.403887531266534 ], [ -5.2145820432418, 40.404656933539876 ], [ -5.216120847788475, 40.404656933539876 ], [ -5.216120847788475, 40.40542633581321 ], [ -5.219967859155163, 40.40542633581321 ], [ -5.219967859155163, 40.406195738086552 ], [ -5.220737261428501, 40.406195738086552 ], [ -5.220737261428501, 40.406965140359887 ], [ -5.222276065975176, 40.406965140359887 ], [ -5.222276065975176, 40.407734542633222 ], [ -5.224584272795189, 40.407734542633222 ], [ -5.224584272795189, 40.408503944906563 ], [ -5.227661881888539, 40.408503944906563 ], [ -5.227661881888539, 40.419275576733291 ], [ -5.228431284161877, 40.419275576733291 ], [ -5.228431284161877, 40.445435254026769 ], [ -5.227661881888539, 40.445435254026769 ], [ -5.227661881888539, 40.446204656300104 ], [ -5.226123077341864, 40.446204656300104 ], [ -5.226123077341864, 40.446974058573439 ], [ -5.225353675068527, 40.446974058573439 ], [ -5.225353675068527, 40.44774346084678 ], [ -5.222276065975176, 40.44774346084678 ], [ -5.222276065975176, 40.448512863120115 ], [ -5.221506663701838, 40.448512863120115 ], [ -5.221506663701838, 40.449282265393457 ], [ -5.219198456881825, 40.449282265393457 ], [ -5.219198456881825, 40.450051667666791 ], [ -5.217659652335151, 40.450051667666791 ], [ -5.217659652335151, 40.450821069940133 ], [ -5.216890250061812, 40.450821069940133 ], [ -5.216890250061812, 40.451590472213468 ], [ -5.215351445515138, 40.451590472213468 ], [ -5.215351445515138, 40.452359874486802 ], [ -5.2145820432418, 40.452359874486802 ], [ -5.2145820432418, 40.453129276760144 ], [ -5.210735031875112, 40.453129276760144 ], [ -5.210735031875112, 40.453898679033479 ], [ -5.209965629601775, 40.453898679033479 ], [ -5.209965629601775, 40.454668081306821 ], [ -5.208426825055099, 40.454668081306821 ], [ -5.208426825055099, 40.455437483580155 ], [ -5.207657422781762, 40.455437483580155 ], [ -5.207657422781762, 40.45620688585349 ], [ -5.206118618235086, 40.45620688585349 ], [ -5.206118618235086, 40.456976288126832 ], [ -5.204579813688412, 40.456976288126832 ], [ -5.204579813688412, 40.457745690400166 ], [ -5.203810411415073, 40.457745690400166 ], [ -5.203810411415073, 40.458515092673508 ], [ -5.199963400048386, 40.458515092673508 ], [ -5.199963400048386, 40.459284494946843 ], [ -5.190730572768334, 40.459284494946843 ], [ -5.190730572768334, 40.460053897220178 ], [ -5.183805952308296, 40.460053897220178 ], [ -5.183805952308296, 40.460823299493519 ], [ -5.169187309114882, 40.460823299493519 ], [ -5.169187309114882, 40.461592701766854 ], [ -5.15379926364813, 40.461592701766854 ], [ -5.15379926364813, 40.462362104040196 ], [ -5.153029861374792, 40.462362104040196 ], [ -5.153029861374792, 40.46313150631353 ], [ -5.152260459101455, 40.46313150631353 ], [ -5.152260459101455, 40.463900908586872 ], [ -5.149952252281442, 40.463900908586872 ], [ -5.149952252281442, 40.464670310860207 ], [ -5.148413447734766, 40.464670310860207 ], [ -5.148413447734766, 40.465439713133541 ], [ -5.147644045461429, 40.465439713133541 ], [ -5.147644045461429, 40.466209115406883 ], [ -5.146874643188092, 40.466209115406883 ], [ -5.146874643188092, 40.466978517680218 ], [ -5.146105240914753, 40.466978517680218 ], [ -5.146105240914753, 40.46774791995356 ], [ -5.145335838641416, 40.46774791995356 ], [ -5.145335838641416, 40.468517322226894 ], [ -5.143797034094741, 40.468517322226894 ], [ -5.143797034094741, 40.469286724500229 ], [ -5.142258229548066, 40.469286724500229 ], [ -5.142258229548066, 40.470056126773571 ], [ -5.141488827274729, 40.470056126773571 ], [ -5.141488827274729, 40.470825529046905 ], [ -5.14071942500139, 40.470825529046905 ], [ -5.14071942500139, 40.471594931320247 ], [ -5.139180620454716, 40.471594931320247 ], [ -5.139180620454716, 40.472364333593582 ], [ -5.138411218181378, 40.472364333593582 ], [ -5.138411218181378, 40.473133735866924 ], [ -5.136872413634703, 40.473133735866924 ], [ -5.136872413634703, 40.473903138140258 ], [ -5.135333609088027, 40.473903138140258 ], [ -5.135333609088027, 40.474672540413593 ], [ -5.13456420681469, 40.474672540413593 ], [ -5.13456420681469, 40.475441942686935 ], [ -5.133794804541353, 40.475441942686935 ], [ -5.133794804541353, 40.476211344960269 ], [ -5.133025402268014, 40.476211344960269 ], [ -5.133025402268014, 40.476980747233611 ], [ -5.13148659772134, 40.476980747233611 ], [ -5.13148659772134, 40.477750149506946 ], [ -5.129947793174664, 40.477750149506946 ], [ -5.129947793174664, 40.47851955178028 ], [ -5.129178390901327, 40.47851955178028 ], [ -5.129178390901327, 40.479288954053622 ], [ -5.118406759074601, 40.479288954053622 ], [ -5.118406759074601, 40.47851955178028 ], [ -5.110712736341224, 40.47851955178028 ], [ -5.110712736341224, 40.477750149506946 ], [ -5.096863495421148, 40.477750149506946 ], [ -5.096863495421148, 40.476980747233611 ], [ -5.089169472687772, 40.476980747233611 ], [ -5.089169472687772, 40.476211344960269 ], [ -5.082244852227733, 40.476211344960269 ], [ -5.082244852227733, 40.475441942686935 ], [ -5.080706047681058, 40.475441942686935 ], [ -5.080706047681058, 40.476211344960269 ], [ -5.075320231767695, 40.476211344960269 ], [ -5.075320231767695, 40.47851955178028 ], [ -5.074550829494357, 40.47851955178028 ], [ -5.074550829494357, 40.480058356326957 ], [ -5.07378142722102, 40.480058356326957 ], [ -5.07378142722102, 40.481597160873633 ], [ -5.073012024947682, 40.481597160873633 ], [ -5.073012024947682, 40.492368792700361 ], [ -5.075320231767695, 40.492368792700361 ], [ -5.075320231767695, 40.493138194973696 ], [ -5.07993664540772, 40.493138194973696 ], [ -5.07993664540772, 40.493907597247038 ], [ -5.083014254501071, 40.493907597247038 ], [ -5.083014254501071, 40.494676999520372 ], [ -5.085322461321084, 40.494676999520372 ], [ -5.085322461321084, 40.495446401793707 ], [ -5.087630668141096, 40.495446401793707 ], [ -5.087630668141096, 40.496215804067049 ], [ -5.093016484054459, 40.496215804067049 ], [ -5.093016484054459, 40.496985206340383 ], [ -5.09609409314781, 40.496985206340383 ], [ -5.09609409314781, 40.497754608613725 ], [ -5.098402299967823, 40.497754608613725 ], [ -5.098402299967823, 40.49852401088706 ], [ -5.100710506787836, 40.49852401088706 ], [ -5.100710506787836, 40.499293413160402 ], [ -5.102249311334511, 40.499293413160402 ], [ -5.102249311334511, 40.500062815433736 ], [ -5.103788115881186, 40.500062815433736 ], [ -5.103788115881186, 40.501601619980413 ], [ -5.104557518154524, 40.501601619980413 ], [ -5.104557518154524, 40.503140424527089 ], [ -5.106096322701199, 40.503140424527089 ], [ -5.106096322701199, 40.504679229073759 ], [ -5.106865724974536, 40.504679229073759 ], [ -5.106865724974536, 40.506218033620435 ], [ -5.107635127247874, 40.506218033620435 ], [ -5.107635127247874, 40.506987435893777 ], [ -5.109173931794549, 40.506987435893777 ], [ -5.109173931794549, 40.507756838167111 ], [ -5.109943334067887, 40.507756838167111 ], [ -5.109943334067887, 40.509295642713788 ], [ -5.110712736341224, 40.509295642713788 ], [ -5.110712736341224, 40.510065044987122 ], [ -5.111482138614562, 40.510065044987122 ], [ -5.111482138614562, 40.510834447260464 ], [ -5.112251540887899, 40.510834447260464 ], [ -5.112251540887899, 40.512373251807141 ], [ -5.113020943161237, 40.512373251807141 ], [ -5.113020943161237, 40.513142654080475 ], [ -5.113790345434575, 40.513142654080475 ], [ -5.113790345434575, 40.51391205635381 ], [ -5.114559747707912, 40.51391205635381 ], [ -5.114559747707912, 40.514681458627152 ], [ -5.11532914998125, 40.514681458627152 ], [ -5.11532914998125, 40.515450860900486 ], [ -5.116098552254588, 40.515450860900486 ], [ -5.116098552254588, 40.516220263173828 ], [ -5.116867954527925, 40.516220263173828 ], [ -5.116867954527925, 40.517759067720498 ], [ -5.117637356801263, 40.517759067720498 ], [ -5.117637356801263, 40.519297872267174 ], [ -5.119176161347938, 40.519297872267174 ], [ -5.119176161347938, 40.52083667681385 ], [ -5.120714965894614, 40.52083667681385 ], [ -5.120714965894614, 40.522375481360527 ], [ -5.121484368167951, 40.522375481360527 ], [ -5.121484368167951, 40.523144883633861 ], [ -5.123023172714626, 40.523144883633861 ], [ -5.123023172714626, 40.522375481360527 ], [ -5.139180620454716, 40.522375481360527 ], [ -5.139180620454716, 40.521606079087192 ], [ -5.162262688654844, 40.521606079087192 ], [ -5.162262688654844, 40.522375481360527 ], [ -5.165340297748194, 40.522375481360527 ], [ -5.165340297748194, 40.523144883633861 ], [ -5.166109700021531, 40.523144883633861 ], [ -5.166109700021531, 40.523914285907203 ], [ -5.167648504568207, 40.523914285907203 ], [ -5.167648504568207, 40.524683688180538 ], [ -5.168417906841544, 40.524683688180538 ], [ -5.168417906841544, 40.52545309045388 ], [ -5.169187309114882, 40.52545309045388 ], [ -5.169187309114882, 40.526222492727214 ], [ -5.172264918208232, 40.526222492727214 ], [ -5.172264918208232, 40.526991895000549 ], [ -5.17303432048157, 40.526991895000549 ], [ -5.17303432048157, 40.528530699547225 ], [ -5.172264918208232, 40.528530699547225 ], [ -5.172264918208232, 40.529300101820567 ], [ -5.171495515934895, 40.529300101820567 ], [ -5.171495515934895, 40.530069504093902 ], [ -5.170726113661557, 40.530069504093902 ], [ -5.170726113661557, 40.530838906367237 ], [ -5.168417906841544, 40.530838906367237 ], [ -5.168417906841544, 40.531608308640578 ], [ -5.167648504568207, 40.531608308640578 ], [ -5.167648504568207, 40.532377710913913 ], [ -5.166879102294869, 40.532377710913913 ], [ -5.166879102294869, 40.533916515460589 ], [ -5.166109700021531, 40.533916515460589 ], [ -5.166109700021531, 40.534685917733931 ], [ -5.165340297748194, 40.534685917733931 ], [ -5.165340297748194, 40.535455320007266 ], [ -5.163801493201518, 40.535455320007266 ], [ -5.163801493201518, 40.5362247222806 ], [ -5.163032090928181, 40.5362247222806 ], [ -5.163032090928181, 40.536994124553942 ], [ -5.162262688654844, 40.536994124553942 ], [ -5.162262688654844, 40.549304560927339 ], [ -5.161493286381506, 40.549304560927339 ], [ -5.161493286381506, 40.550073963200681 ], [ -5.160723884108168, 40.550073963200681 ], [ -5.160723884108168, 40.550843365474016 ], [ -5.159954481834831, 40.550843365474016 ], [ -5.159954481834831, 40.551612767747358 ], [ -5.159185079561493, 40.551612767747358 ], [ -5.159185079561493, 40.553151572294027 ], [ -5.157646275014818, 40.553151572294027 ], [ -5.157646275014818, 40.553920974567369 ], [ -5.156107470468143, 40.553920974567369 ], [ -5.156107470468143, 40.554690376840703 ], [ -5.155338068194805, 40.554690376840703 ], [ -5.155338068194805, 40.55622918138738 ], [ -5.154568665921468, 40.55622918138738 ], [ -5.154568665921468, 40.556998583660722 ], [ -5.15379926364813, 40.556998583660722 ], [ -5.15379926364813, 40.557767985934056 ], [ -5.153029861374792, 40.557767985934056 ], [ -5.153029861374792, 40.558537388207391 ], [ -5.152260459101455, 40.558537388207391 ], [ -5.152260459101455, 40.559306790480733 ], [ -5.151491056828117, 40.559306790480733 ], [ -5.151491056828117, 40.560076192754067 ], [ -5.150721654554779, 40.560076192754067 ], [ -5.150721654554779, 40.560845595027409 ], [ -5.149952252281442, 40.560845595027409 ], [ -5.149952252281442, 40.562384399574078 ], [ -5.149182850008104, 40.562384399574078 ], [ -5.149182850008104, 40.56315380184742 ], [ -5.147644045461429, 40.56315380184742 ], [ -5.147644045461429, 40.563923204120755 ], [ -5.146105240914753, 40.563923204120755 ], [ -5.146105240914753, 40.564692606394097 ], [ -5.146874643188092, 40.564692606394097 ], [ -5.146874643188092, 40.565462008667431 ], [ -5.145335838641416, 40.565462008667431 ], [ -5.145335838641416, 40.566231410940766 ], [ -5.144566436368079, 40.566231410940766 ], [ -5.144566436368079, 40.567000813214108 ], [ -5.143797034094741, 40.567000813214108 ], [ -5.143797034094741, 40.567770215487442 ], [ -5.143027631821403, 40.567770215487442 ], [ -5.143027631821403, 40.568539617760784 ], [ -5.142258229548066, 40.568539617760784 ], [ -5.142258229548066, 40.569309020034119 ], [ -5.141488827274729, 40.569309020034119 ], [ -5.141488827274729, 40.570078422307461 ], [ -5.14071942500139, 40.570078422307461 ], [ -5.14071942500139, 40.570847824580795 ], [ -5.139950022728053, 40.570847824580795 ], [ -5.139950022728053, 40.572386629127472 ], [ -5.138411218181378, 40.572386629127472 ], [ -5.138411218181378, 40.573156031400806 ], [ -5.13764181590804, 40.573156031400806 ], [ -5.13764181590804, 40.573925433674148 ], [ -5.136103011361365, 40.573925433674148 ], [ -5.136103011361365, 40.574694835947483 ], [ -5.136872413634703, 40.574694835947483 ], [ -5.136872413634703, 40.575464238220817 ], [ -5.135333609088027, 40.575464238220817 ], [ -5.135333609088027, 40.576233640494159 ], [ -5.13456420681469, 40.576233640494159 ], [ -5.13456420681469, 40.577003042767494 ], [ -5.133025402268014, 40.577003042767494 ], [ -5.133025402268014, 40.57854184731417 ], [ -5.13148659772134, 40.57854184731417 ], [ -5.13148659772134, 40.579311249587505 ], [ -5.130717195448002, 40.579311249587505 ], [ -5.130717195448002, 40.580080651860847 ], [ -5.129947793174664, 40.580080651860847 ], [ -5.129947793174664, 40.580850054134181 ], [ -5.128408988627989, 40.580850054134181 ], [ -5.128408988627989, 40.581619456407523 ], [ -5.127639586354651, 40.581619456407523 ], [ -5.127639586354651, 40.582388858680858 ], [ -5.124561977261301, 40.582388858680858 ], [ -5.124561977261301, 40.5831582609542 ], [ -5.123792574987964, 40.5831582609542 ], [ -5.123792574987964, 40.583927663227534 ], [ -5.123023172714626, 40.583927663227534 ], [ -5.123023172714626, 40.584697065500869 ], [ -5.122253770441288, 40.584697065500869 ], [ -5.122253770441288, 40.585466467774211 ], [ -5.120714965894614, 40.585466467774211 ], [ -5.120714965894614, 40.586235870047545 ], [ -5.119945563621275, 40.586235870047545 ], [ -5.119945563621275, 40.587005272320887 ], [ -5.119176161347938, 40.587005272320887 ], [ -5.119176161347938, 40.587774674594222 ], [ -5.116098552254588, 40.587774674594222 ], [ -5.116098552254588, 40.588544076867556 ], [ -5.11532914998125, 40.588544076867556 ], [ -5.11532914998125, 40.589313479140898 ], [ -5.113790345434575, 40.589313479140898 ], [ -5.113790345434575, 40.590082881414233 ], [ -5.113020943161237, 40.590082881414233 ], [ -5.113020943161237, 40.590852283687575 ], [ -5.112251540887899, 40.590852283687575 ], [ -5.112251540887899, 40.591621685960909 ], [ -5.111482138614562, 40.591621685960909 ], [ -5.111482138614562, 40.592391088234251 ], [ -5.109943334067887, 40.592391088234251 ], [ -5.109943334067887, 40.593160490507586 ], [ -5.107635127247874, 40.593160490507586 ], [ -5.107635127247874, 40.59392989278092 ], [ -5.106096322701199, 40.59392989278092 ], [ -5.106096322701199, 40.594699295054262 ], [ -5.105326920427861, 40.594699295054262 ], [ -5.105326920427861, 40.595468697327597 ], [ -5.104557518154524, 40.595468697327597 ], [ -5.104557518154524, 40.596238099600939 ], [ -5.103018713607849, 40.596238099600939 ], [ -5.103018713607849, 40.597007501874273 ], [ -5.102249311334511, 40.597007501874273 ], [ -5.102249311334511, 40.597776904147608 ], [ -5.099941104514498, 40.597776904147608 ], [ -5.099941104514498, 40.59854630642095 ], [ -5.098402299967823, 40.59854630642095 ], [ -5.098402299967823, 40.599315708694284 ], [ -5.097632897694485, 40.599315708694284 ], [ -5.097632897694485, 40.600085110967626 ], [ -5.096863495421148, 40.600085110967626 ], [ -5.096863495421148, 40.600854513240961 ], [ -5.095324690874472, 40.600854513240961 ], [ -5.095324690874472, 40.601623915514296 ], [ -5.094555288601135, 40.601623915514296 ], [ -5.094555288601135, 40.602393317787637 ], [ -5.093016484054459, 40.602393317787637 ], [ -5.093016484054459, 40.603162720060972 ], [ -5.089938874961109, 40.603162720060972 ], [ -5.089938874961109, 40.603932122334314 ], [ -5.088400070414434, 40.603932122334314 ], [ -5.088400070414434, 40.604701524607648 ], [ -5.087630668141096, 40.604701524607648 ], [ -5.087630668141096, 40.60547092688099 ], [ -5.086091863594421, 40.60547092688099 ], [ -5.086091863594421, 40.606240329154325 ], [ -5.085322461321084, 40.606240329154325 ], [ -5.085322461321084, 40.607009731427659 ], [ -5.083783656774409, 40.607009731427659 ], [ -5.083783656774409, 40.607779133701001 ], [ -5.081475449954396, 40.607779133701001 ], [ -5.081475449954396, 40.608548535974336 ], [ -5.079167243134383, 40.608548535974336 ], [ -5.079167243134383, 40.609317938247678 ], [ -5.077628438587707, 40.609317938247678 ], [ -5.077628438587707, 40.610087340521012 ], [ -5.076089634041033, 40.610087340521012 ], [ -5.076089634041033, 40.610856742794347 ], [ -5.075320231767695, 40.610856742794347 ], [ -5.075320231767695, 40.611626145067689 ], [ -5.073012024947682, 40.611626145067689 ], [ -5.073012024947682, 40.612395547341023 ], [ -5.071473220401007, 40.612395547341023 ], [ -5.071473220401007, 40.613164949614365 ], [ -5.069934415854332, 40.613164949614365 ], [ -5.069934415854332, 40.6139343518877 ], [ -5.069165013580994, 40.6139343518877 ], [ -5.069165013580994, 40.614703754161042 ], [ -5.065318002214307, 40.614703754161042 ], [ -5.065318002214307, 40.615473156434376 ], [ -5.063779197667631, 40.615473156434376 ], [ -5.063779197667631, 40.616242558707711 ], [ -5.062240393120955, 40.616242558707711 ], [ -5.062240393120955, 40.617011960981053 ], [ -5.060701588574281, 40.617011960981053 ], [ -5.060701588574281, 40.617781363254387 ], [ -5.059162784027605, 40.617781363254387 ], [ -5.059162784027605, 40.618550765527729 ], [ -5.056085174934255, 40.618550765527729 ], [ -5.056085174934255, 40.619320167801064 ], [ -5.053776968114242, 40.619320167801064 ], [ -5.053776968114242, 40.620089570074398 ], [ -5.050699359020892, 40.620089570074398 ], [ -5.050699359020892, 40.62085897234774 ], [ -5.045313543107529, 40.62085897234774 ], [ -5.045313543107529, 40.621628374621075 ], [ -5.043774738560853, 40.621628374621075 ], [ -5.043774738560853, 40.622397776894417 ], [ -5.042235934014178, 40.622397776894417 ], [ -5.042235934014178, 40.623167179167751 ], [ -5.039927727194166, 40.623167179167751 ], [ -5.039927727194166, 40.623936581441086 ], [ -5.039158324920828, 40.623936581441086 ], [ -5.039158324920828, 40.624705983714428 ], [ -5.037619520374153, 40.624705983714428 ], [ -5.037619520374153, 40.625475385987762 ], [ -5.036080715827477, 40.625475385987762 ], [ -5.036080715827477, 40.626244788261104 ], [ -5.034541911280803, 40.626244788261104 ], [ -5.034541911280803, 40.627014190534439 ], [ -5.03223370446079, 40.627014190534439 ], [ -5.03223370446079, 40.627783592807781 ], [ -5.030694899914114, 40.627783592807781 ], [ -5.030694899914114, 40.628552995081115 ], [ -5.029925497640777, 40.628552995081115 ], [ -5.029925497640777, 40.62932239735445 ], [ -5.028386693094101, 40.62932239735445 ], [ -5.028386693094101, 40.630091799627792 ], [ -5.027617290820764, 40.630091799627792 ], [ -5.027617290820764, 40.630861201901126 ], [ -5.026078486274089, 40.630861201901126 ], [ -5.026078486274089, 40.631630604174468 ], [ -5.023770279454076, 40.631630604174468 ], [ -5.023770279454076, 40.632400006447803 ], [ -5.022231474907401, 40.632400006447803 ], [ -5.022231474907401, 40.633169408721137 ], [ -5.021462072634063, 40.633169408721137 ], [ -5.021462072634063, 40.633938810994479 ], [ -5.019923268087388, 40.633938810994479 ], [ -5.019923268087388, 40.634708213267814 ], [ -5.01915386581405, 40.634708213267814 ], [ -5.01915386581405, 40.635477615541156 ], [ -5.017615061267375, 40.635477615541156 ], [ -5.017615061267375, 40.63624701781449 ], [ -5.016845658994038, 40.63624701781449 ], [ -5.016845658994038, 40.637016420087825 ], [ -5.013768049900687, 40.637016420087825 ], [ -5.013768049900687, 40.637785822361167 ], [ -5.01299864762735, 40.637785822361167 ], [ -5.01299864762735, 40.638555224634501 ], [ -5.012229245354012, 40.638555224634501 ], [ -5.012229245354012, 40.639324626907843 ], [ -5.010690440807337, 40.639324626907843 ], [ -5.010690440807337, 40.640094029181178 ], [ -5.009921038533999, 40.640094029181178 ], [ -5.009921038533999, 40.64086343145452 ], [ -5.009151636260661, 40.64086343145452 ], [ -5.009151636260661, 40.641632833727854 ], [ -5.007612831713987, 40.641632833727854 ], [ -5.007612831713987, 40.642402236001189 ], [ -5.005304624893974, 40.642402236001189 ], [ -5.005304624893974, 40.643171638274531 ], [ -5.003765820347298, 40.643171638274531 ], [ -5.003765820347298, 40.643941040547865 ], [ -5.002996418073961, 40.643941040547865 ], [ -5.002996418073961, 40.644710442821207 ], [ -5.001457613527285, 40.644710442821207 ], [ -5.001457613527285, 40.645479845094542 ], [ -4.999149406707273, 40.645479845094542 ], [ -4.999149406707273, 40.646249247367876 ], [ -4.996071797613922, 40.646249247367876 ], [ -4.996071797613922, 40.647018649641218 ], [ -4.994532993067248, 40.647018649641218 ], [ -4.994532993067248, 40.647788051914553 ], [ -4.992224786247235, 40.647788051914553 ], [ -4.992224786247235, 40.648557454187895 ], [ -4.987608372607209, 40.648557454187895 ], [ -4.987608372607209, 40.649326856461229 ], [ -4.985300165787196, 40.649326856461229 ], [ -4.985300165787196, 40.650096258734564 ], [ -4.982991958967183, 40.650096258734564 ], [ -4.982991958967183, 40.650865661007906 ], [ -4.98068375214717, 40.650865661007906 ], [ -4.98068375214717, 40.65163506328124 ], [ -4.978375545327157, 40.65163506328124 ], [ -4.978375545327157, 40.652404465554582 ], [ -4.976067338507145, 40.652404465554582 ], [ -4.976067338507145, 40.653173867827917 ], [ -4.97452853396047, 40.653173867827917 ], [ -4.97452853396047, 40.653943270101259 ], [ -4.97145092486712, 40.653943270101259 ], [ -4.97145092486712, 40.654712672374593 ], [ -4.969142718047107, 40.654712672374593 ], [ -4.969142718047107, 40.655482074647928 ], [ -4.964526304407081, 40.655482074647928 ], [ -4.964526304407081, 40.65625147692127 ], [ -4.962987499860406, 40.65625147692127 ], [ -4.962987499860406, 40.657020879194604 ], [ -4.960679293040393, 40.657020879194604 ], [ -4.960679293040393, 40.657790281467946 ], [ -4.95837108622038, 40.657790281467946 ], [ -4.95837108622038, 40.658559683741281 ], [ -4.956062879400367, 40.658559683741281 ], [ -4.956062879400367, 40.659329086014615 ], [ -4.953754672580355, 40.659329086014615 ], [ -4.953754672580355, 40.660098488287957 ], [ -4.951446465760342, 40.660098488287957 ], [ -4.951446465760342, 40.660867890561292 ], [ -4.949907661213667, 40.660867890561292 ], [ -4.949907661213667, 40.661637292834634 ], [ -4.944521845300303, 40.661637292834634 ], [ -4.944521845300303, 40.662406695107968 ], [ -4.942983040753628, 40.662406695107968 ], [ -4.942983040753628, 40.66317609738131 ], [ -4.939905431660278, 40.66317609738131 ], [ -4.939905431660278, 40.663945499654645 ], [ -4.937597224840265, 40.663945499654645 ], [ -4.937597224840265, 40.664714901927979 ], [ -4.929903202106889, 40.664714901927979 ], [ -4.929903202106889, 40.677025338301384 ], [ -4.930672604380227, 40.677025338301384 ], [ -4.930672604380227, 40.683949958761424 ], [ -4.943752443026966, 40.683949958761424 ], [ -4.943752443026966, 40.683180556488082 ], [ -4.944521845300303, 40.683180556488082 ], [ -4.944521845300303, 40.683949958761424 ], [ -4.949907661213667, 40.683949958761424 ], [ -4.949907661213667, 40.684719361034759 ], [ -4.952215868033679, 40.684719361034759 ], [ -4.952215868033679, 40.685488763308093 ], [ -4.952985270307017, 40.685488763308093 ], [ -4.952985270307017, 40.686258165581435 ], [ -4.956062879400367, 40.686258165581435 ], [ -4.956062879400367, 40.68702756785477 ], [ -4.95837108622038, 40.68702756785477 ], [ -4.95837108622038, 40.687796970128112 ], [ -4.959909890767055, 40.687796970128112 ], [ -4.959909890767055, 40.688566372401446 ], [ -4.961448695313731, 40.688566372401446 ], [ -4.961448695313731, 40.689335774674788 ], [ -4.962987499860406, 40.689335774674788 ], [ -4.962987499860406, 40.690105176948123 ], [ -4.966065108953757, 40.690105176948123 ], [ -4.966065108953757, 40.690874579221457 ], [ -4.967603913500431, 40.690874579221457 ], [ -4.967603913500431, 40.691643981494799 ], [ -4.969142718047107, 40.691643981494799 ], [ -4.969142718047107, 40.692413383768134 ], [ -4.970681522593781, 40.692413383768134 ], [ -4.970681522593781, 40.693182786041476 ], [ -4.97452853396047, 40.693182786041476 ], [ -4.97452853396047, 40.69395218831481 ], [ -4.976067338507145, 40.69395218831481 ], [ -4.976067338507145, 40.694721590588145 ], [ -4.97760614305382, 40.694721590588145 ], [ -4.97760614305382, 40.695490992861487 ], [ -4.979914349873833, 40.695490992861487 ], [ -4.979914349873833, 40.696260395134821 ], [ -4.98068375214717, 40.696260395134821 ], [ -4.98068375214717, 40.697029797408163 ], [ -4.981453154420509, 40.697029797408163 ], [ -4.981453154420509, 40.696260395134821 ], [ -4.982222556693846, 40.696260395134821 ], [ -4.982222556693846, 40.697029797408163 ], [ -4.983761361240521, 40.697029797408163 ], [ -4.983761361240521, 40.697799199681498 ], [ -4.986069568060533, 40.697799199681498 ], [ -4.986069568060533, 40.698568601954833 ], [ -4.987608372607209, 40.698568601954833 ], [ -4.987608372607209, 40.699338004228174 ], [ -4.989147177153884, 40.699338004228174 ], [ -4.989147177153884, 40.700107406501509 ], [ -4.992994188520572, 40.700107406501509 ], [ -4.992994188520572, 40.700876808774851 ], [ -4.993763590793909, 40.700876808774851 ], [ -4.993763590793909, 40.701646211048185 ], [ -4.995302395340585, 40.701646211048185 ], [ -4.995302395340585, 40.702415613321527 ], [ -4.99684119988726, 40.702415613321527 ], [ -4.99684119988726, 40.703185015594862 ], [ -5.000688211253948, 40.703185015594862 ], [ -5.000688211253948, 40.703954417868196 ], [ -5.002227015800623, 40.703954417868196 ], [ -5.002227015800623, 40.704723820141538 ], [ -5.002996418073961, 40.704723820141538 ], [ -5.002996418073961, 40.705493222414873 ], [ -5.004535222620636, 40.705493222414873 ], [ -5.004535222620636, 40.706262624688215 ], [ -5.006843429440648, 40.706262624688215 ], [ -5.006843429440648, 40.707032026961549 ], [ -5.009151636260661, 40.707032026961549 ], [ -5.009151636260661, 40.707801429234884 ], [ -5.010690440807337, 40.707801429234884 ], [ -5.010690440807337, 40.708570831508226 ], [ -5.01299864762735, 40.708570831508226 ], [ -5.01299864762735, 40.70934023378156 ], [ -5.014537452174025, 40.70934023378156 ], [ -5.014537452174025, 40.710109636054902 ], [ -5.016845658994038, 40.710109636054902 ], [ -5.016845658994038, 40.710879038328237 ], [ -5.018384463540713, 40.710879038328237 ], [ -5.018384463540713, 40.711648440601579 ], [ -5.019923268087388, 40.711648440601579 ], [ -5.019923268087388, 40.712417842874913 ], [ -5.021462072634063, 40.712417842874913 ], [ -5.021462072634063, 40.713187245148248 ], [ -5.024539681727413, 40.713187245148248 ], [ -5.024539681727413, 40.71395664742159 ], [ -5.025309084000751, 40.71395664742159 ], [ -5.025309084000751, 40.714726049694924 ], [ -5.027617290820764, 40.714726049694924 ], [ -5.027617290820764, 40.715495451968266 ], [ -5.029156095367439, 40.715495451968266 ], [ -5.029156095367439, 40.716264854241601 ], [ -5.029925497640777, 40.716264854241601 ], [ -5.029925497640777, 40.717034256514935 ], [ -5.030694899914114, 40.717034256514935 ], [ -5.030694899914114, 40.718573061061612 ], [ -5.031464302187452, 40.718573061061612 ], [ -5.031464302187452, 40.719342463334954 ], [ -5.033003106734127, 40.719342463334954 ], [ -5.033003106734127, 40.720881267881623 ], [ -5.034541911280803, 40.720881267881623 ], [ -5.034541911280803, 40.722420072428299 ], [ -5.03531131355414, 40.722420072428299 ], [ -5.03531131355414, 40.723958876974976 ], [ -5.036080715827477, 40.723958876974976 ], [ -5.036080715827477, 40.724728279248318 ], [ -5.036850118100815, 40.724728279248318 ], [ -5.036850118100815, 40.725497681521652 ], [ -5.037619520374153, 40.725497681521652 ], [ -5.037619520374153, 40.727036486068329 ], [ -5.039158324920828, 40.727036486068329 ], [ -5.039158324920828, 40.727805888341663 ], [ -5.039927727194166, 40.727805888341663 ], [ -5.039927727194166, 40.728575290615005 ], [ -5.040697129467503, 40.728575290615005 ], [ -5.040697129467503, 40.72934469288834 ], [ -5.04146653174084, 40.72934469288834 ], [ -5.04146653174084, 40.730883497435016 ], [ -5.042235934014178, 40.730883497435016 ], [ -5.042235934014178, 40.732422301981693 ], [ -5.043005336287516, 40.732422301981693 ], [ -5.043005336287516, 40.733191704255027 ], [ -5.044544140834191, 40.733191704255027 ], [ -5.044544140834191, 40.733961106528369 ], [ -5.045313543107529, 40.733961106528369 ], [ -5.045313543107529, 40.735499911075038 ], [ -5.046082945380866, 40.735499911075038 ], [ -5.046082945380866, 40.73626931334838 ], [ -5.046852347654204, 40.73626931334838 ], [ -5.046852347654204, 40.737038715621715 ], [ -5.047621749927542, 40.737038715621715 ], [ -5.047621749927542, 40.737808117895057 ], [ -5.048391152200879, 40.737808117895057 ], [ -5.048391152200879, 40.739346922441726 ], [ -5.049160554474216, 40.739346922441726 ], [ -5.049160554474216, 40.740885726988402 ], [ -5.051468761294229, 40.740885726988402 ], [ -5.051468761294229, 40.743193933808413 ], [ -5.050699359020892, 40.743193933808413 ], [ -5.050699359020892, 40.746271542901766 ], [ -5.049929956747555, 40.746271542901766 ], [ -5.049929956747555, 40.749349151995119 ], [ -5.049160554474216, 40.749349151995119 ], [ -5.049160554474216, 40.753196163361807 ], [ -5.048391152200879, 40.753196163361807 ], [ -5.048391152200879, 40.755504370181818 ], [ -5.047621749927542, 40.755504370181818 ], [ -5.047621749927542, 40.757043174728494 ], [ -5.046852347654204, 40.757043174728494 ], [ -5.046852347654204, 40.757812577001829 ], [ -5.046082945380866, 40.757812577001829 ], [ -5.046082945380866, 40.758581979275171 ], [ -5.044544140834191, 40.758581979275171 ], [ -5.044544140834191, 40.760120783821847 ], [ -5.045313543107529, 40.760120783821847 ], [ -5.045313543107529, 40.768584208828557 ], [ -5.046082945380866, 40.768584208828557 ], [ -5.046082945380866, 40.770123013375233 ], [ -5.046852347654204, 40.770123013375233 ], [ -5.046852347654204, 40.770892415648568 ], [ -5.047621749927542, 40.770892415648568 ], [ -5.047621749927542, 40.772431220195244 ], [ -5.048391152200879, 40.772431220195244 ], [ -5.048391152200879, 40.774739427015255 ], [ -5.049929956747555, 40.774739427015255 ], [ -5.049929956747555, 40.775508829288597 ], [ -5.050699359020892, 40.775508829288597 ], [ -5.050699359020892, 40.777047633835274 ], [ -5.051468761294229, 40.777047633835274 ], [ -5.051468761294229, 40.778586438381943 ], [ -5.052238163567567, 40.778586438381943 ], [ -5.052238163567567, 40.779355840655285 ], [ -5.053007565840905, 40.779355840655285 ], [ -5.053007565840905, 40.781664047475296 ], [ -5.053776968114242, 40.781664047475296 ], [ -5.053776968114242, 40.783202852021972 ], [ -5.055315772660918, 40.783202852021972 ], [ -5.055315772660918, 40.783972254295307 ], [ -5.056085174934255, 40.783972254295307 ], [ -5.056085174934255, 40.785511058841983 ], [ -5.056854577207592, 40.785511058841983 ], [ -5.056854577207592, 40.78704986338866 ], [ -5.057623979480931, 40.78704986338866 ], [ -5.057623979480931, 40.790127472482013 ], [ -5.058393381754268, 40.790127472482013 ], [ -5.058393381754268, 40.791666277028682 ], [ -5.059932186300943, 40.791666277028682 ], [ -5.059932186300943, 40.7939744838487 ], [ -5.060701588574281, 40.7939744838487 ], [ -5.060701588574281, 40.795513288395377 ], [ -5.061470990847618, 40.795513288395377 ], [ -5.061470990847618, 40.797821495215388 ], [ -5.062240393120955, 40.797821495215388 ], [ -5.062240393120955, 40.799360299762064 ], [ -5.063009795394294, 40.799360299762064 ], [ -5.063009795394294, 40.801668506582075 ], [ -5.063779197667631, 40.801668506582075 ], [ -5.063779197667631, 40.803207311128752 ], [ -5.065318002214307, 40.803207311128752 ], [ -5.065318002214307, 40.805515517948763 ], [ -5.066087404487644, 40.805515517948763 ], [ -5.066087404487644, 40.806284920222097 ], [ -5.067626209034319, 40.806284920222097 ], [ -5.067626209034319, 40.807054322495439 ], [ -5.069934415854332, 40.807054322495439 ], [ -5.069934415854332, 40.807823724768774 ], [ -5.072242622674344, 40.807823724768774 ], [ -5.072242622674344, 40.808593127042116 ], [ -5.07378142722102, 40.808593127042116 ], [ -5.07378142722102, 40.80936252931545 ], [ -5.075320231767695, 40.80936252931545 ], [ -5.075320231767695, 40.810131931588785 ], [ -5.076089634041033, 40.810131931588785 ], [ -5.076089634041033, 40.810901333862127 ], [ -5.07993664540772, 40.810901333862127 ], [ -5.07993664540772, 40.811670736135461 ], [ -5.081475449954396, 40.811670736135461 ], [ -5.081475449954396, 40.812440138408803 ], [ -5.082244852227733, 40.812440138408803 ], [ -5.082244852227733, 40.813209540682138 ], [ -5.084553059047746, 40.813209540682138 ], [ -5.084553059047746, 40.813978942955472 ], [ -5.086861265867759, 40.813978942955472 ], [ -5.086861265867759, 40.814748345228814 ], [ -5.088400070414434, 40.814748345228814 ], [ -5.088400070414434, 40.815517747502149 ], [ -5.089938874961109, 40.815517747502149 ], [ -5.089938874961109, 40.816287149775491 ], [ -5.092247081781122, 40.816287149775491 ], [ -5.092247081781122, 40.817056552048825 ], [ -5.093016484054459, 40.817056552048825 ], [ -5.093016484054459, 40.817825954322167 ], [ -5.094555288601135, 40.817825954322167 ], [ -5.094555288601135, 40.821672965688855 ], [ -5.095324690874472, 40.821672965688855 ], [ -5.095324690874472, 40.8247505747822 ], [ -5.096863495421148, 40.8247505747822 ], [ -5.096863495421148, 40.827058781602211 ], [ -5.097632897694485, 40.827058781602211 ], [ -5.097632897694485, 40.830136390695564 ], [ -5.098402299967823, 40.830136390695564 ], [ -5.098402299967823, 40.833983402062252 ], [ -5.09917170224116, 40.833983402062252 ], [ -5.09917170224116, 40.836291608882263 ], [ -5.099941104514498, 40.836291608882263 ], [ -5.099941104514498, 40.838599815702281 ], [ -5.100710506787836, 40.838599815702281 ], [ -5.100710506787836, 40.839369217975616 ], [ -5.101479909061173, 40.839369217975616 ], [ -5.101479909061173, 40.84013862024895 ], [ -5.113020943161237, 40.84013862024895 ], [ -5.113020943161237, 40.840908022522292 ], [ -5.117637356801263, 40.840908022522292 ], [ -5.117637356801263, 40.841677424795627 ], [ -5.119176161347938, 40.841677424795627 ], [ -5.119176161347938, 40.842446827068969 ], [ -5.119945563621275, 40.842446827068969 ], [ -5.119945563621275, 40.843216229342303 ], [ -5.122253770441288, 40.843216229342303 ], [ -5.122253770441288, 40.843985631615645 ], [ -5.124561977261301, 40.843985631615645 ], [ -5.124561977261301, 40.84475503388898 ], [ -5.126100781807977, 40.84475503388898 ], [ -5.126100781807977, 40.845524436162314 ], [ -5.127639586354651, 40.845524436162314 ], [ -5.127639586354651, 40.846293838435656 ], [ -5.129178390901327, 40.846293838435656 ], [ -5.129178390901327, 40.847063240708991 ], [ -5.130717195448002, 40.847063240708991 ], [ -5.130717195448002, 40.847832642982333 ], [ -5.133025402268014, 40.847832642982333 ], [ -5.133025402268014, 40.848602045255667 ], [ -5.13456420681469, 40.848602045255667 ], [ -5.13456420681469, 40.849371447529002 ], [ -5.136872413634703, 40.849371447529002 ], [ -5.136872413634703, 40.850140849802344 ], [ -5.138411218181378, 40.850140849802344 ], [ -5.138411218181378, 40.850910252075678 ], [ -5.14071942500139, 40.850910252075678 ], [ -5.14071942500139, 40.85167965434902 ], [ -5.143027631821403, 40.85167965434902 ], [ -5.143027631821403, 40.852449056622355 ], [ -5.143797034094741, 40.852449056622355 ], [ -5.143797034094741, 40.853218458895697 ], [ -5.145335838641416, 40.853218458895697 ], [ -5.145335838641416, 40.853987861169031 ], [ -5.146874643188092, 40.853987861169031 ], [ -5.146874643188092, 40.854757263442366 ], [ -5.149952252281442, 40.854757263442366 ], [ -5.149952252281442, 40.855526665715708 ], [ -5.151491056828117, 40.855526665715708 ], [ -5.151491056828117, 40.856296067989042 ], [ -5.152260459101455, 40.856296067989042 ], [ -5.152260459101455, 40.857065470262384 ], [ -5.15379926364813, 40.857065470262384 ], [ -5.15379926364813, 40.857834872535719 ], [ -5.15687687274148, 40.857834872535719 ], [ -5.15687687274148, 40.858604274809053 ], [ -5.158415677288155, 40.858604274809053 ] ] ] } },
{ "type": "Feature", "properties": { "fid": 4677, "DN": 71, "cuenca": "Trabancos", "path": "Polygon?crs=EPSG:4326&uid={5624703f-a301-4d5d-9106-a0487a1171f8}" }, "geometry": { "type": "Polygon", "coordinates": [ [ [ -5.106865724974536, 41.13328088639058 ], [ -5.106865724974536, 41.132511484117238 ], [ -5.107635127247874, 41.132511484117238 ], [ -5.107635127247874, 41.131742081843903 ], [ -5.108404529521212, 41.131742081843903 ], [ -5.108404529521212, 41.130972679570569 ], [ -5.109173931794549, 41.130972679570569 ], [ -5.109173931794549, 41.130203277297227 ], [ -5.110712736341224, 41.130203277297227 ], [ -5.110712736341224, 41.130972679570569 ], [ -5.111482138614562, 41.130972679570569 ], [ -5.111482138614562, 41.132511484117238 ], [ -5.119176161347938, 41.132511484117238 ], [ -5.119176161347938, 41.131742081843903 ], [ -5.120714965894614, 41.131742081843903 ], [ -5.120714965894614, 41.12866447275055 ], [ -5.121484368167951, 41.12866447275055 ], [ -5.121484368167951, 41.124048059110528 ], [ -5.122253770441288, 41.124048059110528 ], [ -5.122253770441288, 41.118662243197164 ], [ -5.123023172714626, 41.118662243197164 ], [ -5.123023172714626, 41.114045829557142 ], [ -5.123792574987964, 41.114045829557142 ], [ -5.123792574987964, 41.108660013643778 ], [ -5.124561977261301, 41.108660013643778 ], [ -5.124561977261301, 41.104043600003749 ], [ -5.123792574987964, 41.104043600003749 ], [ -5.123792574987964, 41.103274197730414 ], [ -5.125331379534638, 41.103274197730414 ], [ -5.125331379534638, 41.101735393183738 ], [ -5.126100781807977, 41.101735393183738 ], [ -5.126100781807977, 41.100965990910396 ], [ -5.128408988627989, 41.100965990910396 ], [ -5.128408988627989, 41.100196588637061 ], [ -5.129947793174664, 41.100196588637061 ], [ -5.129947793174664, 41.099427186363727 ], [ -5.130717195448002, 41.099427186363727 ], [ -5.130717195448002, 41.098657784090385 ], [ -5.132255999994677, 41.098657784090385 ], [ -5.132255999994677, 41.09788838181705 ], [ -5.133794804541353, 41.09788838181705 ], [ -5.133794804541353, 41.097118979543708 ], [ -5.135333609088027, 41.097118979543708 ], [ -5.135333609088027, 41.096349577270374 ], [ -5.136103011361365, 41.096349577270374 ], [ -5.136103011361365, 41.094041370450363 ], [ -5.136872413634703, 41.094041370450363 ], [ -5.136872413634703, 41.092502565903686 ], [ -5.13764181590804, 41.092502565903686 ], [ -5.13764181590804, 41.093271968177021 ], [ -5.14071942500139, 41.093271968177021 ], [ -5.14071942500139, 41.092502565903686 ], [ -5.141488827274729, 41.092502565903686 ], [ -5.141488827274729, 41.091733163630352 ], [ -5.143027631821403, 41.091733163630352 ], [ -5.143027631821403, 41.09096376135701 ], [ -5.143797034094741, 41.09096376135701 ], [ -5.143797034094741, 41.090194359083675 ], [ -5.144566436368079, 41.090194359083675 ], [ -5.144566436368079, 41.088655554536999 ], [ -5.145335838641416, 41.088655554536999 ], [ -5.145335838641416, 41.086347347716988 ], [ -5.146105240914753, 41.086347347716988 ], [ -5.146105240914753, 41.080961531803624 ], [ -5.146874643188092, 41.080961531803624 ], [ -5.146874643188092, 41.079422727256947 ], [ -5.146105240914753, 41.079422727256947 ], [ -5.146105240914753, 41.077883922710271 ], [ -5.145335838641416, 41.077883922710271 ], [ -5.145335838641416, 41.074806313616918 ], [ -5.146105240914753, 41.074806313616918 ], [ -5.146105240914753, 41.07095930225023 ], [ -5.146874643188092, 41.07095930225023 ], [ -5.146874643188092, 41.067112290883543 ], [ -5.147644045461429, 41.067112290883543 ], [ -5.147644045461429, 41.064034681790197 ], [ -5.148413447734766, 41.064034681790197 ], [ -5.148413447734766, 41.061726474970179 ], [ -5.147644045461429, 41.061726474970179 ], [ -5.147644045461429, 41.060957072696844 ], [ -5.146874643188092, 41.060957072696844 ], [ -5.146874643188092, 41.06018767042351 ], [ -5.146105240914753, 41.06018767042351 ], [ -5.146105240914753, 41.059418268150168 ], [ -5.145335838641416, 41.059418268150168 ], [ -5.145335838641416, 41.054801854510146 ], [ -5.144566436368079, 41.054801854510146 ], [ -5.144566436368079, 41.054032452236804 ], [ -5.143027631821403, 41.054032452236804 ], [ -5.143027631821403, 41.053263049963469 ], [ -5.141488827274729, 41.053263049963469 ], [ -5.141488827274729, 41.052493647690127 ], [ -5.142258229548066, 41.052493647690127 ], [ -5.142258229548066, 41.049416038596782 ], [ -5.143027631821403, 41.049416038596782 ], [ -5.143027631821403, 41.047107831776771 ], [ -5.142258229548066, 41.047107831776771 ], [ -5.142258229548066, 41.046338429503429 ], [ -5.141488827274729, 41.046338429503429 ], [ -5.141488827274729, 41.045569027230094 ], [ -5.14071942500139, 41.045569027230094 ], [ -5.14071942500139, 41.044799624956752 ], [ -5.141488827274729, 41.044799624956752 ], [ -5.141488827274729, 41.042491418136741 ], [ -5.14071942500139, 41.042491418136741 ], [ -5.14071942500139, 41.041722015863407 ], [ -5.139180620454716, 41.041722015863407 ], [ -5.139180620454716, 41.040952613590065 ], [ -5.138411218181378, 41.040952613590065 ], [ -5.138411218181378, 41.04018321131673 ], [ -5.13456420681469, 41.04018321131673 ], [ -5.13456420681469, 41.039413809043388 ], [ -5.133794804541353, 41.039413809043388 ], [ -5.133794804541353, 41.038644406770054 ], [ -5.13148659772134, 41.038644406770054 ], [ -5.13148659772134, 41.037875004496719 ], [ -5.130717195448002, 41.037875004496719 ], [ -5.130717195448002, 41.037105602223377 ], [ -5.129178390901327, 41.037105602223377 ], [ -5.129178390901327, 41.036336199950043 ], [ -5.126870184081314, 41.036336199950043 ], [ -5.126870184081314, 41.035566797676701 ], [ -5.123792574987964, 41.035566797676701 ], [ -5.123792574987964, 41.034797395403366 ], [ -5.122253770441288, 41.034797395403366 ], [ -5.122253770441288, 41.034027993130032 ], [ -5.119945563621275, 41.034027993130032 ], [ -5.119945563621275, 41.03325859085669 ], [ -5.116098552254588, 41.03325859085669 ], [ -5.116098552254588, 41.032489188583355 ], [ -5.113790345434575, 41.032489188583355 ], [ -5.113790345434575, 41.031719786310013 ], [ -5.111482138614562, 41.031719786310013 ], [ -5.111482138614562, 41.030950384036679 ], [ -5.109173931794549, 41.030950384036679 ], [ -5.109173931794549, 41.030180981763337 ], [ -5.104557518154524, 41.030180981763337 ], [ -5.104557518154524, 41.029411579490002 ], [ -5.103018713607849, 41.029411579490002 ], [ -5.103018713607849, 41.028642177216668 ], [ -5.101479909061173, 41.028642177216668 ], [ -5.101479909061173, 41.027872774943326 ], [ -5.102249311334511, 41.027872774943326 ], [ -5.102249311334511, 41.027103372669991 ], [ -5.099941104514498, 41.027103372669991 ], [ -5.099941104514498, 41.026333970396649 ], [ -5.09917170224116, 41.026333970396649 ], [ -5.09917170224116, 41.025564568123315 ], [ -5.099941104514498, 41.025564568123315 ], [ -5.099941104514498, 41.024025763576638 ], [ -5.100710506787836, 41.024025763576638 ], [ -5.100710506787836, 41.022486959029962 ], [ -5.099941104514498, 41.022486959029962 ], [ -5.099941104514498, 41.021717556756627 ], [ -5.097632897694485, 41.021717556756627 ], [ -5.097632897694485, 41.018639947663274 ], [ -5.098402299967823, 41.018639947663274 ], [ -5.098402299967823, 41.017101143116598 ], [ -5.095324690874472, 41.017101143116598 ], [ -5.095324690874472, 41.015562338569929 ], [ -5.09609409314781, 41.015562338569929 ], [ -5.09609409314781, 41.014023534023252 ], [ -5.096863495421148, 41.014023534023252 ], [ -5.096863495421148, 41.01325413174991 ], [ -5.09609409314781, 41.01325413174991 ], [ -5.09609409314781, 41.011715327203241 ], [ -5.095324690874472, 41.011715327203241 ], [ -5.095324690874472, 41.010945924929899 ], [ -5.093785886327797, 41.010945924929899 ], [ -5.093785886327797, 41.010176522656565 ], [ -5.092247081781122, 41.010176522656565 ], [ -5.092247081781122, 41.009407120383223 ], [ -5.091477679507785, 41.009407120383223 ], [ -5.091477679507785, 41.007868315836554 ], [ -5.090708277234447, 41.007868315836554 ], [ -5.090708277234447, 41.007098913563212 ], [ -5.089938874961109, 41.007098913563212 ], [ -5.089938874961109, 41.006329511289877 ], [ -5.089169472687772, 41.006329511289877 ], [ -5.089169472687772, 41.004790706743201 ], [ -5.088400070414434, 41.004790706743201 ], [ -5.088400070414434, 40.99786608628316 ], [ -5.087630668141096, 40.99786608628316 ], [ -5.087630668141096, 40.996327281736484 ], [ -5.086861265867759, 40.996327281736484 ], [ -5.086861265867759, 40.995557879463149 ], [ -5.086091863594421, 40.995557879463149 ], [ -5.086091863594421, 40.994019074916473 ], [ -5.087630668141096, 40.994019074916473 ], [ -5.087630668141096, 40.993249672643138 ], [ -5.088400070414434, 40.993249672643138 ], [ -5.088400070414434, 40.992480270369796 ], [ -5.089169472687772, 40.992480270369796 ], [ -5.089169472687772, 40.991710868096462 ], [ -5.089938874961109, 40.991710868096462 ], [ -5.089938874961109, 40.99094146582312 ], [ -5.090708277234447, 40.99094146582312 ], [ -5.090708277234447, 40.990172063549785 ], [ -5.091477679507785, 40.990172063549785 ], [ -5.091477679507785, 40.989402661276451 ], [ -5.093785886327797, 40.989402661276451 ], [ -5.093785886327797, 40.988633259003109 ], [ -5.094555288601135, 40.988633259003109 ], [ -5.094555288601135, 40.987863856729774 ], [ -5.095324690874472, 40.987863856729774 ], [ -5.095324690874472, 40.987094454456432 ], [ -5.094555288601135, 40.987094454456432 ], [ -5.094555288601135, 40.985555649909763 ], [ -5.093016484054459, 40.985555649909763 ], [ -5.093016484054459, 40.984786247636421 ], [ -5.092247081781122, 40.984786247636421 ], [ -5.092247081781122, 40.978631029449723 ], [ -5.093016484054459, 40.978631029449723 ], [ -5.093016484054459, 40.97555342035637 ], [ -5.093785886327797, 40.97555342035637 ], [ -5.093785886327797, 40.974014615809693 ], [ -5.094555288601135, 40.974014615809693 ], [ -5.094555288601135, 40.972475811263024 ], [ -5.095324690874472, 40.972475811263024 ], [ -5.095324690874472, 40.971706408989682 ], [ -5.09609409314781, 40.971706408989682 ], [ -5.09609409314781, 40.970167604443006 ], [ -5.096863495421148, 40.970167604443006 ], [ -5.096863495421148, 40.968628799896329 ], [ -5.098402299967823, 40.968628799896329 ], [ -5.098402299967823, 40.967859397622995 ], [ -5.097632897694485, 40.967859397622995 ], [ -5.097632897694485, 40.96708999534966 ], [ -5.09917170224116, 40.96708999534966 ], [ -5.09917170224116, 40.966320593076318 ], [ -5.099941104514498, 40.966320593076318 ], [ -5.099941104514498, 40.964781788529642 ], [ -5.100710506787836, 40.964781788529642 ], [ -5.100710506787836, 40.963242983982973 ], [ -5.101479909061173, 40.963242983982973 ], [ -5.101479909061173, 40.962473581709631 ], [ -5.102249311334511, 40.962473581709631 ], [ -5.102249311334511, 40.960934777162954 ], [ -5.101479909061173, 40.960934777162954 ], [ -5.101479909061173, 40.959395972616278 ], [ -5.100710506787836, 40.959395972616278 ], [ -5.100710506787836, 40.958626570342943 ], [ -5.09917170224116, 40.958626570342943 ], [ -5.09917170224116, 40.957087765796267 ], [ -5.105326920427861, 40.957087765796267 ], [ -5.105326920427861, 40.95554896124959 ], [ -5.106096322701199, 40.95554896124959 ], [ -5.106096322701199, 40.954779558976256 ], [ -5.106865724974536, 40.954779558976256 ], [ -5.106865724974536, 40.954010156702921 ], [ -5.108404529521212, 40.954010156702921 ], [ -5.108404529521212, 40.953240754429579 ], [ -5.110712736341224, 40.953240754429579 ], [ -5.110712736341224, 40.952471352156245 ], [ -5.112251540887899, 40.952471352156245 ], [ -5.112251540887899, 40.951701949882903 ], [ -5.113790345434575, 40.951701949882903 ], [ -5.113790345434575, 40.950932547609568 ], [ -5.114559747707912, 40.950932547609568 ], [ -5.114559747707912, 40.950163145336234 ], [ -5.11532914998125, 40.950163145336234 ], [ -5.11532914998125, 40.950932547609568 ], [ -5.116867954527925, 40.950932547609568 ], [ -5.116867954527925, 40.951701949882903 ], [ -5.119945563621275, 40.951701949882903 ], [ -5.119945563621275, 40.952471352156245 ], [ -5.120714965894614, 40.952471352156245 ], [ -5.120714965894614, 40.951701949882903 ], [ -5.123792574987964, 40.951701949882903 ], [ -5.123792574987964, 40.948624340789557 ], [ -5.119176161347938, 40.948624340789557 ], [ -5.119176161347938, 40.945546731696204 ], [ -5.118406759074601, 40.945546731696204 ], [ -5.118406759074601, 40.943238524876193 ], [ -5.119945563621275, 40.943238524876193 ], [ -5.119945563621275, 40.942469122602851 ], [ -5.120714965894614, 40.942469122602851 ], [ -5.120714965894614, 40.940930318056182 ], [ -5.119176161347938, 40.940930318056182 ], [ -5.119176161347938, 40.939391513509506 ], [ -5.118406759074601, 40.939391513509506 ], [ -5.118406759074601, 40.938622111236164 ], [ -5.117637356801263, 40.938622111236164 ], [ -5.117637356801263, 40.937083306689495 ], [ -5.116867954527925, 40.937083306689495 ], [ -5.116867954527925, 40.935544502142818 ], [ -5.116098552254588, 40.935544502142818 ], [ -5.116098552254588, 40.934775099869476 ], [ -5.11532914998125, 40.934775099869476 ], [ -5.11532914998125, 40.932466893049465 ], [ -5.113790345434575, 40.932466893049465 ], [ -5.113790345434575, 40.930928088502789 ], [ -5.113020943161237, 40.930928088502789 ], [ -5.113020943161237, 40.930158686229454 ], [ -5.112251540887899, 40.930158686229454 ], [ -5.112251540887899, 40.928619881682778 ], [ -5.111482138614562, 40.928619881682778 ], [ -5.111482138614562, 40.927081077136101 ], [ -5.112251540887899, 40.927081077136101 ], [ -5.112251540887899, 40.926311674862767 ], [ -5.111482138614562, 40.926311674862767 ], [ -5.111482138614562, 40.925542272589425 ], [ -5.110712736341224, 40.925542272589425 ], [ -5.110712736341224, 40.92477287031609 ], [ -5.111482138614562, 40.92477287031609 ], [ -5.111482138614562, 40.924003468042756 ], [ -5.112251540887899, 40.924003468042756 ], [ -5.112251540887899, 40.922464663496079 ], [ -5.111482138614562, 40.922464663496079 ], [ -5.111482138614562, 40.920925858949403 ], [ -5.110712736341224, 40.920925858949403 ], [ -5.110712736341224, 40.919387054402726 ], [ -5.109173931794549, 40.919387054402726 ], [ -5.109173931794549, 40.918617652129392 ], [ -5.108404529521212, 40.918617652129392 ], [ -5.108404529521212, 40.914770640762704 ], [ -5.107635127247874, 40.914770640762704 ], [ -5.107635127247874, 40.914001238489362 ], [ -5.106865724974536, 40.914001238489362 ], [ -5.106865724974536, 40.912462433942686 ], [ -5.107635127247874, 40.912462433942686 ], [ -5.107635127247874, 40.911693031669351 ], [ -5.109173931794549, 40.911693031669351 ], [ -5.109173931794549, 40.90938482484934 ], [ -5.109943334067887, 40.90938482484934 ], [ -5.109943334067887, 40.907846020302664 ], [ -5.110712736341224, 40.907846020302664 ], [ -5.110712736341224, 40.906307215755987 ], [ -5.111482138614562, 40.906307215755987 ], [ -5.111482138614562, 40.905537813482653 ], [ -5.112251540887899, 40.905537813482653 ], [ -5.112251540887899, 40.901690802115965 ], [ -5.110712736341224, 40.901690802115965 ], [ -5.110712736341224, 40.900151997569289 ], [ -5.111482138614562, 40.900151997569289 ], [ -5.111482138614562, 40.899382595295947 ], [ -5.113790345434575, 40.899382595295947 ], [ -5.113790345434575, 40.898613193022612 ], [ -5.117637356801263, 40.898613193022612 ], [ -5.117637356801263, 40.89784379074927 ], [ -5.121484368167951, 40.89784379074927 ], [ -5.121484368167951, 40.898613193022612 ], [ -5.122253770441288, 40.898613193022612 ], [ -5.122253770441288, 40.89784379074927 ], [ -5.123792574987964, 40.89784379074927 ], [ -5.123792574987964, 40.897074388475936 ], [ -5.127639586354651, 40.897074388475936 ], [ -5.127639586354651, 40.896304986202601 ], [ -5.128408988627989, 40.896304986202601 ], [ -5.128408988627989, 40.895535583929259 ], [ -5.129178390901327, 40.895535583929259 ], [ -5.129178390901327, 40.894766181655925 ], [ -5.129947793174664, 40.894766181655925 ], [ -5.129947793174664, 40.893227377109248 ], [ -5.129178390901327, 40.893227377109248 ], [ -5.129178390901327, 40.892457974835914 ], [ -5.13148659772134, 40.892457974835914 ], [ -5.13148659772134, 40.891688572562572 ], [ -5.133794804541353, 40.891688572562572 ], [ -5.133794804541353, 40.890149768015895 ], [ -5.132255999994677, 40.890149768015895 ], [ -5.132255999994677, 40.888610963469226 ], [ -5.133794804541353, 40.888610963469226 ], [ -5.133794804541353, 40.887841561195884 ], [ -5.13456420681469, 40.887841561195884 ], [ -5.13456420681469, 40.88707215892255 ], [ -5.135333609088027, 40.88707215892255 ], [ -5.135333609088027, 40.886302756649208 ], [ -5.136103011361365, 40.886302756649208 ], [ -5.136103011361365, 40.885533354375873 ], [ -5.136872413634703, 40.885533354375873 ], [ -5.136872413634703, 40.884763952102531 ], [ -5.13764181590804, 40.884763952102531 ], [ -5.13764181590804, 40.883994549829197 ], [ -5.139180620454716, 40.883994549829197 ], [ -5.139180620454716, 40.883225147555862 ], [ -5.139950022728053, 40.883225147555862 ], [ -5.139950022728053, 40.88245574528252 ], [ -5.14071942500139, 40.88245574528252 ], [ -5.14071942500139, 40.881686343009186 ], [ -5.141488827274729, 40.881686343009186 ], [ -5.141488827274729, 40.880916940735844 ], [ -5.144566436368079, 40.880916940735844 ], [ -5.144566436368079, 40.880147538462509 ], [ -5.145335838641416, 40.880147538462509 ], [ -5.145335838641416, 40.87553112482248 ], [ -5.146105240914753, 40.87553112482248 ], [ -5.146105240914753, 40.874761722549145 ], [ -5.146874643188092, 40.874761722549145 ], [ -5.146874643188092, 40.873992320275811 ], [ -5.148413447734766, 40.873992320275811 ], [ -5.148413447734766, 40.871684113455792 ], [ -5.149952252281442, 40.871684113455792 ], [ -5.149952252281442, 40.870914711182458 ], [ -5.150721654554779, 40.870914711182458 ], [ -5.150721654554779, 40.869375906635781 ], [ -5.151491056828117, 40.869375906635781 ], [ -5.151491056828117, 40.868606504362447 ], [ -5.152260459101455, 40.868606504362447 ], [ -5.152260459101455, 40.867837102089105 ], [ -5.15379926364813, 40.867837102089105 ], [ -5.15379926364813, 40.86706769981577 ], [ -5.154568665921468, 40.86706769981577 ], [ -5.154568665921468, 40.866298297542436 ], [ -5.159185079561493, 40.866298297542436 ], [ -5.159185079561493, 40.863990090722417 ], [ -5.158415677288155, 40.863990090722417 ], [ -5.158415677288155, 40.863220688449083 ], [ -5.157646275014818, 40.863220688449083 ], [ -5.157646275014818, 40.862451286175741 ], [ -5.155338068194805, 40.862451286175741 ], [ -5.155338068194805, 40.861681883902406 ], [ -5.153029861374792, 40.861681883902406 ], [ -5.153029861374792, 40.860912481629072 ], [ -5.151491056828117, 40.860912481629072 ], [ -5.151491056828117, 40.86014307935573 ], [ -5.150721654554779, 40.86014307935573 ], [ -5.150721654554779, 40.859373677082395 ], [ -5.149182850008104, 40.859373677082395 ], [ -5.149182850008104, 40.858604274809053 ], [ -5.146105240914753, 40.858604274809053 ], [ -5.146105240914753, 40.857834872535719 ], [ -5.144566436368079, 40.857834872535719 ], [ -5.144566436368079, 40.857065470262384 ], [ -5.143027631821403, 40.857065470262384 ], [ -5.143027631821403, 40.856296067989042 ], [ -5.142258229548066, 40.856296067989042 ], [ -5.142258229548066, 40.855526665715708 ], [ -5.138411218181378, 40.855526665715708 ], [ -5.138411218181378, 40.854757263442366 ], [ -5.13764181590804, 40.854757263442366 ], [ -5.13764181590804, 40.853987861169031 ], [ -5.136103011361365, 40.853987861169031 ], [ -5.136103011361365, 40.853218458895697 ], [ -5.133794804541353, 40.853218458895697 ], [ -5.133794804541353, 40.852449056622355 ], [ -5.133025402268014, 40.852449056622355 ], [ -5.133025402268014, 40.85167965434902 ], [ -5.129947793174664, 40.85167965434902 ], [ -5.129947793174664, 40.850910252075678 ], [ -5.129178390901327, 40.850910252075678 ], [ -5.129178390901327, 40.850140849802344 ], [ -5.126870184081314, 40.850140849802344 ], [ -5.126870184081314, 40.849371447529002 ], [ -5.125331379534638, 40.849371447529002 ], [ -5.125331379534638, 40.848602045255667 ], [ -5.123023172714626, 40.848602045255667 ], [ -5.123023172714626, 40.847832642982333 ], [ -5.121484368167951, 40.847832642982333 ], [ -5.121484368167951, 40.847063240708991 ], [ -5.119176161347938, 40.847063240708991 ], [ -5.119176161347938, 40.846293838435656 ], [ -5.118406759074601, 40.846293838435656 ], [ -5.118406759074601, 40.845524436162314 ], [ -5.116867954527925, 40.845524436162314 ], [ -5.116867954527925, 40.84475503388898 ], [ -5.116098552254588, 40.84475503388898 ], [ -5.116098552254588, 40.845524436162314 ], [ -5.11532914998125, 40.845524436162314 ], [ -5.11532914998125, 40.84475503388898 ], [ -5.114559747707912, 40.84475503388898 ], [ -5.114559747707912, 40.843985631615645 ], [ -5.108404529521212, 40.843985631615645 ], [ -5.108404529521212, 40.843216229342303 ], [ -5.096863495421148, 40.843216229342303 ], [ -5.096863495421148, 40.841677424795627 ], [ -5.09609409314781, 40.841677424795627 ], [ -5.09609409314781, 40.838599815702281 ], [ -5.095324690874472, 40.838599815702281 ], [ -5.095324690874472, 40.835522206608928 ], [ -5.094555288601135, 40.835522206608928 ], [ -5.094555288601135, 40.833213999788917 ], [ -5.093785886327797, 40.833213999788917 ], [ -5.093785886327797, 40.832444597515575 ], [ -5.093016484054459, 40.832444597515575 ], [ -5.093016484054459, 40.82936698842223 ], [ -5.092247081781122, 40.82936698842223 ], [ -5.092247081781122, 40.826289379328877 ], [ -5.091477679507785, 40.826289379328877 ], [ -5.091477679507785, 40.823211770235524 ], [ -5.090708277234447, 40.823211770235524 ], [ -5.090708277234447, 40.820134161142178 ], [ -5.089169472687772, 40.820134161142178 ], [ -5.089169472687772, 40.819364758868836 ], [ -5.087630668141096, 40.819364758868836 ], [ -5.087630668141096, 40.818595356595502 ], [ -5.085322461321084, 40.818595356595502 ], [ -5.085322461321084, 40.817825954322167 ], [ -5.083783656774409, 40.817825954322167 ], [ -5.083783656774409, 40.817056552048825 ], [ -5.081475449954396, 40.817056552048825 ], [ -5.081475449954396, 40.816287149775491 ], [ -5.080706047681058, 40.816287149775491 ], [ -5.080706047681058, 40.815517747502149 ], [ -5.079167243134383, 40.815517747502149 ], [ -5.079167243134383, 40.814748345228814 ], [ -5.075320231767695, 40.814748345228814 ], [ -5.075320231767695, 40.813978942955472 ], [ -5.074550829494357, 40.813978942955472 ], [ -5.074550829494357, 40.813209540682138 ], [ -5.073012024947682, 40.813209540682138 ], [ -5.073012024947682, 40.812440138408803 ], [ -5.071473220401007, 40.812440138408803 ], [ -5.071473220401007, 40.811670736135461 ], [ -5.068395611307657, 40.811670736135461 ], [ -5.068395611307657, 40.810901333862127 ], [ -5.066856806760981, 40.810901333862127 ], [ -5.066856806760981, 40.810131931588785 ], [ -5.065318002214307, 40.810131931588785 ], [ -5.065318002214307, 40.80936252931545 ], [ -5.064548599940968, 40.80936252931545 ], [ -5.064548599940968, 40.808593127042116 ], [ -5.062240393120955, 40.808593127042116 ], [ -5.062240393120955, 40.807823724768774 ], [ -5.060701588574281, 40.807823724768774 ], [ -5.060701588574281, 40.805515517948763 ], [ -5.059932186300943, 40.805515517948763 ], [ -5.059932186300943, 40.803976713402086 ], [ -5.059162784027605, 40.803976713402086 ], [ -5.059162784027605, 40.801668506582075 ], [ -5.058393381754268, 40.801668506582075 ], [ -5.058393381754268, 40.799360299762064 ], [ -5.056854577207592, 40.799360299762064 ], [ -5.056854577207592, 40.797052092942046 ], [ -5.056085174934255, 40.797052092942046 ], [ -5.056085174934255, 40.795513288395377 ], [ -5.055315772660918, 40.795513288395377 ], [ -5.055315772660918, 40.793205081575358 ], [ -5.054546370387579, 40.793205081575358 ], [ -5.054546370387579, 40.791666277028682 ], [ -5.053776968114242, 40.791666277028682 ], [ -5.053776968114242, 40.789358070208671 ], [ -5.052238163567567, 40.789358070208671 ], [ -5.052238163567567, 40.787819265661994 ], [ -5.051468761294229, 40.787819265661994 ], [ -5.051468761294229, 40.786280461115325 ], [ -5.050699359020892, 40.786280461115325 ], [ -5.050699359020892, 40.783972254295307 ], [ -5.049929956747555, 40.783972254295307 ], [ -5.049929956747555, 40.783202852021972 ], [ -5.049160554474216, 40.783202852021972 ], [ -5.049160554474216, 40.781664047475296 ], [ -5.048391152200879, 40.781664047475296 ], [ -5.048391152200879, 40.780125242928619 ], [ -5.046852347654204, 40.780125242928619 ], [ -5.046852347654204, 40.778586438381943 ], [ -5.046082945380866, 40.778586438381943 ], [ -5.046082945380866, 40.777047633835274 ], [ -5.045313543107529, 40.777047633835274 ], [ -5.045313543107529, 40.775508829288597 ], [ -5.044544140834191, 40.775508829288597 ], [ -5.044544140834191, 40.774739427015255 ], [ -5.043774738560853, 40.774739427015255 ], [ -5.043774738560853, 40.773200622468586 ], [ -5.043005336287516, 40.773200622468586 ], [ -5.043005336287516, 40.77166181792191 ], [ -5.04146653174084, 40.77166181792191 ], [ -5.04146653174084, 40.770123013375233 ], [ -5.040697129467503, 40.770123013375233 ], [ -5.040697129467503, 40.770892415648568 ], [ -5.039158324920828, 40.770892415648568 ], [ -5.039158324920828, 40.77166181792191 ], [ -5.036850118100815, 40.77166181792191 ], [ -5.036850118100815, 40.772431220195244 ], [ -5.03223370446079, 40.772431220195244 ], [ -5.03223370446079, 40.773200622468586 ], [ -5.030694899914114, 40.773200622468586 ], [ -5.030694899914114, 40.773970024741921 ], [ -5.028386693094101, 40.773970024741921 ], [ -5.028386693094101, 40.774739427015255 ], [ -5.026847888547426, 40.774739427015255 ], [ -5.026847888547426, 40.775508829288597 ], [ -5.023770279454076, 40.775508829288597 ], [ -5.023770279454076, 40.776278231561932 ], [ -5.022231474907401, 40.776278231561932 ], [ -5.022231474907401, 40.777047633835274 ], [ -5.019923268087388, 40.777047633835274 ], [ -5.019923268087388, 40.777817036108608 ], [ -5.018384463540713, 40.777817036108608 ], [ -5.018384463540713, 40.778586438381943 ], [ -5.0160762567207, 40.778586438381943 ], [ -5.0160762567207, 40.781664047475296 ], [ -5.017615061267375, 40.781664047475296 ], [ -5.017615061267375, 40.78704986338866 ], [ -5.018384463540713, 40.78704986338866 ], [ -5.018384463540713, 40.792435679302024 ], [ -5.01915386581405, 40.792435679302024 ], [ -5.01915386581405, 40.798590897488722 ], [ -5.020692670360726, 40.798590897488722 ], [ -5.020692670360726, 40.803976713402086 ], [ -5.021462072634063, 40.803976713402086 ], [ -5.021462072634063, 40.80936252931545 ], [ -5.022231474907401, 40.80936252931545 ], [ -5.022231474907401, 40.818595356595502 ], [ -5.023000877180738, 40.818595356595502 ], [ -5.023000877180738, 40.827828183875553 ], [ -5.022231474907401, 40.827828183875553 ], [ -5.022231474907401, 40.84013862024895 ], [ -5.021462072634063, 40.84013862024895 ], [ -5.021462072634063, 40.846293838435656 ], [ -5.023770279454076, 40.846293838435656 ], [ -5.023770279454076, 40.847832642982333 ], [ -5.024539681727413, 40.847832642982333 ], [ -5.024539681727413, 40.849371447529002 ], [ -5.025309084000751, 40.849371447529002 ], [ -5.025309084000751, 40.850140849802344 ], [ -5.026078486274089, 40.850140849802344 ], [ -5.026078486274089, 40.850910252075678 ], [ -5.026847888547426, 40.850910252075678 ], [ -5.026847888547426, 40.852449056622355 ], [ -5.027617290820764, 40.852449056622355 ], [ -5.027617290820764, 40.853218458895697 ], [ -5.028386693094101, 40.853218458895697 ], [ -5.028386693094101, 40.853987861169031 ], [ -5.029156095367439, 40.853987861169031 ], [ -5.029156095367439, 40.854757263442366 ], [ -5.030694899914114, 40.854757263442366 ], [ -5.030694899914114, 40.856296067989042 ], [ -5.031464302187452, 40.856296067989042 ], [ -5.031464302187452, 40.857834872535719 ], [ -5.03223370446079, 40.857834872535719 ], [ -5.03223370446079, 40.858604274809053 ], [ -5.033003106734127, 40.858604274809053 ], [ -5.033003106734127, 40.859373677082395 ], [ -5.033772509007465, 40.859373677082395 ], [ -5.033772509007465, 40.86014307935573 ], [ -5.03531131355414, 40.86014307935573 ], [ -5.03531131355414, 40.861681883902406 ], [ -5.036080715827477, 40.861681883902406 ], [ -5.036080715827477, 40.862451286175741 ], [ -5.036850118100815, 40.862451286175741 ], [ -5.036850118100815, 40.863220688449083 ], [ -5.037619520374153, 40.863220688449083 ], [ -5.037619520374153, 40.864759492995759 ], [ -5.03838892264749, 40.864759492995759 ], [ -5.03838892264749, 40.866298297542436 ], [ -5.039158324920828, 40.866298297542436 ], [ -5.039158324920828, 40.869375906635781 ], [ -5.040697129467503, 40.869375906635781 ], [ -5.040697129467503, 40.870914711182458 ], [ -5.04146653174084, 40.870914711182458 ], [ -5.04146653174084, 40.873992320275811 ], [ -5.042235934014178, 40.873992320275811 ], [ -5.042235934014178, 40.87553112482248 ], [ -5.043005336287516, 40.87553112482248 ], [ -5.043005336287516, 40.878608733915833 ], [ -5.043774738560853, 40.878608733915833 ], [ -5.043774738560853, 40.880147538462509 ], [ -5.045313543107529, 40.880147538462509 ], [ -5.045313543107529, 40.88245574528252 ], [ -5.046082945380866, 40.88245574528252 ], [ -5.046082945380866, 40.884763952102531 ], [ -5.046852347654204, 40.884763952102531 ], [ -5.046852347654204, 40.88707215892255 ], [ -5.047621749927542, 40.88707215892255 ], [ -5.047621749927542, 40.889380365742561 ], [ -5.048391152200879, 40.889380365742561 ], [ -5.048391152200879, 40.891688572562572 ], [ -5.049929956747555, 40.891688572562572 ], [ -5.049929956747555, 40.893996779382583 ], [ -5.050699359020892, 40.893996779382583 ], [ -5.050699359020892, 40.896304986202601 ], [ -5.051468761294229, 40.896304986202601 ], [ -5.051468761294229, 40.89784379074927 ], [ -5.052238163567567, 40.89784379074927 ], [ -5.052238163567567, 40.899382595295947 ], [ -5.053007565840905, 40.899382595295947 ], [ -5.053007565840905, 40.900151997569289 ], [ -5.053776968114242, 40.900151997569289 ], [ -5.053776968114242, 40.901690802115965 ], [ -5.055315772660918, 40.901690802115965 ], [ -5.055315772660918, 40.903229606662634 ], [ -5.056085174934255, 40.903229606662634 ], [ -5.056085174934255, 40.903999008935976 ], [ -5.056854577207592, 40.903999008935976 ], [ -5.056854577207592, 40.905537813482653 ], [ -5.057623979480931, 40.905537813482653 ], [ -5.057623979480931, 40.907076618029322 ], [ -5.058393381754268, 40.907076618029322 ], [ -5.058393381754268, 40.907846020302664 ], [ -5.059162784027605, 40.907846020302664 ], [ -5.059162784027605, 40.90938482484934 ], [ -5.060701588574281, 40.90938482484934 ], [ -5.060701588574281, 40.910923629396009 ], [ -5.061470990847618, 40.910923629396009 ], [ -5.061470990847618, 40.911693031669351 ], [ -5.062240393120955, 40.911693031669351 ], [ -5.062240393120955, 40.913231836216028 ], [ -5.063009795394294, 40.913231836216028 ], [ -5.063009795394294, 40.914770640762704 ], [ -5.063779197667631, 40.914770640762704 ], [ -5.063779197667631, 40.915540043036039 ], [ -5.064548599940968, 40.915540043036039 ], [ -5.064548599940968, 40.917078847582715 ], [ -5.066087404487644, 40.917078847582715 ], [ -5.066087404487644, 40.919387054402726 ], [ -5.064548599940968, 40.919387054402726 ], [ -5.064548599940968, 40.920156456676061 ], [ -5.063779197667631, 40.920156456676061 ], [ -5.063779197667631, 40.920925858949403 ], [ -5.063009795394294, 40.920925858949403 ], [ -5.063009795394294, 40.921695261222737 ], [ -5.062240393120955, 40.921695261222737 ], [ -5.062240393120955, 40.922464663496079 ], [ -5.061470990847618, 40.922464663496079 ], [ -5.061470990847618, 40.923234065769414 ], [ -5.060701588574281, 40.923234065769414 ], [ -5.060701588574281, 40.924003468042756 ], [ -5.059162784027605, 40.924003468042756 ], [ -5.059162784027605, 40.92477287031609 ], [ -5.058393381754268, 40.92477287031609 ], [ -5.058393381754268, 40.925542272589425 ], [ -5.057623979480931, 40.925542272589425 ], [ -5.057623979480931, 40.926311674862767 ], [ -5.056854577207592, 40.926311674862767 ], [ -5.056854577207592, 40.927081077136101 ], [ -5.056085174934255, 40.927081077136101 ], [ -5.056085174934255, 40.927850479409443 ], [ -5.054546370387579, 40.927850479409443 ], [ -5.054546370387579, 40.928619881682778 ], [ -5.053776968114242, 40.928619881682778 ], [ -5.053776968114242, 40.929389283956112 ], [ -5.052238163567567, 40.929389283956112 ], [ -5.052238163567567, 40.930158686229454 ], [ -5.051468761294229, 40.930158686229454 ], [ -5.051468761294229, 40.930928088502789 ], [ -5.050699359020892, 40.930928088502789 ], [ -5.050699359020892, 40.931697490776131 ], [ -5.049929956747555, 40.931697490776131 ], [ -5.049929956747555, 40.9332362953228 ], [ -5.049160554474216, 40.9332362953228 ], [ -5.049160554474216, 40.934005697596142 ], [ -5.047621749927542, 40.934005697596142 ], [ -5.047621749927542, 40.934775099869476 ], [ -5.046852347654204, 40.934775099869476 ], [ -5.046852347654204, 40.935544502142818 ], [ -5.045313543107529, 40.935544502142818 ], [ -5.045313543107529, 40.936313904416153 ], [ -5.044544140834191, 40.936313904416153 ], [ -5.044544140834191, 40.937083306689495 ], [ -5.043774738560853, 40.937083306689495 ], [ -5.043774738560853, 40.937852708962829 ], [ -5.043005336287516, 40.937852708962829 ], [ -5.043005336287516, 40.938622111236164 ], [ -5.04146653174084, 40.938622111236164 ], [ -5.04146653174084, 40.939391513509506 ], [ -5.040697129467503, 40.939391513509506 ], [ -5.040697129467503, 40.94016091578284 ], [ -5.039927727194166, 40.94016091578284 ], [ -5.039927727194166, 40.940930318056182 ], [ -5.039158324920828, 40.940930318056182 ], [ -5.039158324920828, 40.941699720329517 ], [ -5.039927727194166, 40.941699720329517 ], [ -5.039927727194166, 40.943238524876193 ], [ -5.040697129467503, 40.943238524876193 ], [ -5.040697129467503, 40.944007927149528 ], [ -5.04146653174084, 40.944007927149528 ], [ -5.04146653174084, 40.945546731696204 ], [ -5.042235934014178, 40.945546731696204 ], [ -5.042235934014178, 40.947085536242881 ], [ -5.043774738560853, 40.947085536242881 ], [ -5.043774738560853, 40.947854938516215 ], [ -5.044544140834191, 40.947854938516215 ], [ -5.044544140834191, 40.949393743062892 ], [ -5.045313543107529, 40.949393743062892 ], [ -5.045313543107529, 40.950932547609568 ], [ -5.046082945380866, 40.950932547609568 ], [ -5.046082945380866, 40.951701949882903 ], [ -5.046852347654204, 40.951701949882903 ], [ -5.046852347654204, 40.953240754429579 ], [ -5.047621749927542, 40.953240754429579 ], [ -5.047621749927542, 40.954010156702921 ], [ -5.048391152200879, 40.954010156702921 ], [ -5.048391152200879, 40.954779558976256 ], [ -5.049160554474216, 40.954779558976256 ], [ -5.049160554474216, 40.95554896124959 ], [ -5.049929956747555, 40.95554896124959 ], [ -5.049929956747555, 40.956318363522932 ], [ -5.050699359020892, 40.956318363522932 ], [ -5.050699359020892, 40.957857168069609 ], [ -5.051468761294229, 40.957857168069609 ], [ -5.051468761294229, 40.959395972616278 ], [ -5.052238163567567, 40.959395972616278 ], [ -5.052238163567567, 40.96016537488962 ], [ -5.053007565840905, 40.96016537488962 ], [ -5.053007565840905, 40.962473581709631 ], [ -5.052238163567567, 40.962473581709631 ], [ -5.052238163567567, 40.963242983982973 ], [ -5.051468761294229, 40.963242983982973 ], [ -5.051468761294229, 40.964012386256307 ], [ -5.050699359020892, 40.964012386256307 ], [ -5.050699359020892, 40.965551190802984 ], [ -5.049929956747555, 40.965551190802984 ], [ -5.049929956747555, 40.966320593076318 ], [ -5.049160554474216, 40.966320593076318 ], [ -5.049160554474216, 40.967859397622995 ], [ -5.047621749927542, 40.967859397622995 ], [ -5.047621749927542, 40.969398202169671 ], [ -5.046852347654204, 40.969398202169671 ], [ -5.046852347654204, 40.970937006716348 ], [ -5.046082945380866, 40.970937006716348 ], [ -5.046082945380866, 40.971706408989682 ], [ -5.045313543107529, 40.971706408989682 ], [ -5.045313543107529, 40.973245213536359 ], [ -5.046082945380866, 40.973245213536359 ], [ -5.046082945380866, 40.976322822629712 ], [ -5.046852347654204, 40.976322822629712 ], [ -5.046852347654204, 40.977861627176381 ], [ -5.047621749927542, 40.977861627176381 ], [ -5.047621749927542, 40.980939236269734 ], [ -5.048391152200879, 40.980939236269734 ], [ -5.048391152200879, 40.983247443089745 ], [ -5.049929956747555, 40.983247443089745 ], [ -5.049929956747555, 40.984786247636421 ], [ -5.050699359020892, 40.984786247636421 ], [ -5.050699359020892, 40.987863856729774 ], [ -5.051468761294229, 40.987863856729774 ], [ -5.051468761294229, 40.990172063549785 ], [ -5.052238163567567, 40.990172063549785 ], [ -5.052238163567567, 40.992480270369796 ], [ -5.053007565840905, 40.992480270369796 ], [ -5.053007565840905, 40.994788477189807 ], [ -5.054546370387579, 40.994788477189807 ], [ -5.054546370387579, 40.997096684009826 ], [ -5.053776968114242, 40.997096684009826 ], [ -5.053776968114242, 40.99786608628316 ], [ -5.051468761294229, 40.99786608628316 ], [ -5.051468761294229, 40.998635488556502 ], [ -5.050699359020892, 40.998635488556502 ], [ -5.050699359020892, 41.000174293103171 ], [ -5.049929956747555, 41.000174293103171 ], [ -5.049929956747555, 41.000943695376513 ], [ -5.049160554474216, 41.000943695376513 ], [ -5.049160554474216, 41.001713097649848 ], [ -5.048391152200879, 41.001713097649848 ], [ -5.048391152200879, 41.00248249992319 ], [ -5.047621749927542, 41.00248249992319 ], [ -5.047621749927542, 41.003251902196524 ], [ -5.046852347654204, 41.003251902196524 ], [ -5.046852347654204, 41.004021304469859 ], [ -5.046082945380866, 41.004021304469859 ], [ -5.046082945380866, 41.005560109016535 ], [ -5.045313543107529, 41.005560109016535 ], [ -5.045313543107529, 41.006329511289877 ], [ -5.044544140834191, 41.006329511289877 ], [ -5.044544140834191, 41.007098913563212 ], [ -5.043774738560853, 41.007098913563212 ], [ -5.043774738560853, 41.007868315836554 ], [ -5.042235934014178, 41.007868315836554 ], [ -5.042235934014178, 41.008637718109888 ], [ -5.04146653174084, 41.008637718109888 ], [ -5.04146653174084, 41.009407120383223 ], [ -5.040697129467503, 41.009407120383223 ], [ -5.040697129467503, 41.010176522656565 ], [ -5.039927727194166, 41.010176522656565 ], [ -5.039927727194166, 41.011715327203241 ], [ -5.03838892264749, 41.011715327203241 ], [ -5.03838892264749, 41.012484729476576 ], [ -5.037619520374153, 41.012484729476576 ], [ -5.037619520374153, 41.014023534023252 ], [ -5.036850118100815, 41.014023534023252 ], [ -5.036850118100815, 41.014792936296587 ], [ -5.036080715827477, 41.014792936296587 ], [ -5.036080715827477, 41.015562338569929 ], [ -5.03531131355414, 41.015562338569929 ], [ -5.03531131355414, 41.017101143116598 ], [ -5.033772509007465, 41.017101143116598 ], [ -5.033772509007465, 41.01787054538994 ], [ -5.03223370446079, 41.01787054538994 ], [ -5.03223370446079, 41.019409349936616 ], [ -5.031464302187452, 41.019409349936616 ], [ -5.031464302187452, 41.020178752209951 ], [ -5.030694899914114, 41.020178752209951 ], [ -5.030694899914114, 41.020948154483293 ], [ -5.029925497640777, 41.020948154483293 ], [ -5.029925497640777, 41.021717556756627 ], [ -5.029156095367439, 41.021717556756627 ], [ -5.029156095367439, 41.022486959029962 ], [ -5.028386693094101, 41.022486959029962 ], [ -5.028386693094101, 41.023256361303304 ], [ -5.027617290820764, 41.023256361303304 ], [ -5.027617290820764, 41.024025763576638 ], [ -5.026847888547426, 41.024025763576638 ], [ -5.026847888547426, 41.025564568123315 ], [ -5.026078486274089, 41.025564568123315 ], [ -5.026078486274089, 41.026333970396649 ], [ -5.024539681727413, 41.026333970396649 ], [ -5.024539681727413, 41.027872774943326 ], [ -5.025309084000751, 41.027872774943326 ], [ -5.025309084000751, 41.029411579490002 ], [ -5.026078486274089, 41.029411579490002 ], [ -5.026078486274089, 41.030950384036679 ], [ -5.027617290820764, 41.030950384036679 ], [ -5.027617290820764, 41.032489188583355 ], [ -5.028386693094101, 41.032489188583355 ], [ -5.028386693094101, 41.034027993130032 ], [ -5.029925497640777, 41.034027993130032 ], [ -5.029925497640777, 41.034797395403366 ], [ -5.030694899914114, 41.034797395403366 ], [ -5.030694899914114, 41.035566797676701 ], [ -5.031464302187452, 41.035566797676701 ], [ -5.031464302187452, 41.037105602223377 ], [ -5.03223370446079, 41.037105602223377 ], [ -5.03223370446079, 41.038644406770054 ], [ -5.033772509007465, 41.038644406770054 ], [ -5.033772509007465, 41.04018321131673 ], [ -5.03531131355414, 41.04018321131673 ], [ -5.03531131355414, 41.041722015863407 ], [ -5.036080715827477, 41.041722015863407 ], [ -5.036080715827477, 41.042491418136741 ], [ -5.036850118100815, 41.042491418136741 ], [ -5.036850118100815, 41.043260820410083 ], [ -5.037619520374153, 41.043260820410083 ], [ -5.037619520374153, 41.044799624956752 ], [ -5.03838892264749, 41.044799624956752 ], [ -5.03838892264749, 41.046338429503429 ], [ -5.039927727194166, 41.046338429503429 ], [ -5.039927727194166, 41.047877234050105 ], [ -5.04146653174084, 41.047877234050105 ], [ -5.04146653174084, 41.049416038596782 ], [ -5.042235934014178, 41.049416038596782 ], [ -5.042235934014178, 41.050185440870116 ], [ -5.043005336287516, 41.050185440870116 ], [ -5.043005336287516, 41.050954843143458 ], [ -5.043774738560853, 41.050954843143458 ], [ -5.043774738560853, 41.052493647690127 ], [ -5.044544140834191, 41.052493647690127 ], [ -5.044544140834191, 41.053263049963469 ], [ -5.045313543107529, 41.053263049963469 ], [ -5.045313543107529, 41.054032452236804 ], [ -5.046852347654204, 41.054032452236804 ], [ -5.046852347654204, 41.05557125678348 ], [ -5.047621749927542, 41.05557125678348 ], [ -5.047621749927542, 41.056340659056822 ], [ -5.048391152200879, 41.056340659056822 ], [ -5.048391152200879, 41.057879463603491 ], [ -5.049929956747555, 41.057879463603491 ], [ -5.049929956747555, 41.059418268150168 ], [ -5.050699359020892, 41.059418268150168 ], [ -5.050699359020892, 41.06018767042351 ], [ -5.051468761294229, 41.06018767042351 ], [ -5.051468761294229, 41.061726474970179 ], [ -5.053776968114242, 41.061726474970179 ], [ -5.053776968114242, 41.063265279516855 ], [ -5.054546370387579, 41.063265279516855 ], [ -5.054546370387579, 41.064034681790197 ], [ -5.055315772660918, 41.064034681790197 ], [ -5.055315772660918, 41.065573486336866 ], [ -5.056085174934255, 41.065573486336866 ], [ -5.056085174934255, 41.066342888610208 ], [ -5.056854577207592, 41.066342888610208 ], [ -5.056854577207592, 41.067112290883543 ], [ -5.057623979480931, 41.067112290883543 ], [ -5.057623979480931, 41.067881693156885 ], [ -5.059162784027605, 41.067881693156885 ], [ -5.059162784027605, 41.069420497703561 ], [ -5.059932186300943, 41.069420497703561 ], [ -5.059932186300943, 41.070189899976896 ], [ -5.060701588574281, 41.070189899976896 ], [ -5.060701588574281, 41.07095930225023 ], [ -5.061470990847618, 41.07095930225023 ], [ -5.061470990847618, 41.071728704523572 ], [ -5.062240393120955, 41.071728704523572 ], [ -5.062240393120955, 41.072498106796907 ], [ -5.063009795394294, 41.072498106796907 ], [ -5.063009795394294, 41.074036911343583 ], [ -5.065318002214307, 41.074036911343583 ], [ -5.065318002214307, 41.074806313616918 ], [ -5.066087404487644, 41.074806313616918 ], [ -5.066087404487644, 41.076345118163594 ], [ -5.066856806760981, 41.076345118163594 ], [ -5.066856806760981, 41.077114520436936 ], [ -5.067626209034319, 41.077114520436936 ], [ -5.067626209034319, 41.077883922710271 ], [ -5.068395611307657, 41.077883922710271 ], [ -5.068395611307657, 41.078653324983613 ], [ -5.069165013580994, 41.078653324983613 ], [ -5.069165013580994, 41.079422727256947 ], [ -5.07070381812767, 41.079422727256947 ], [ -5.07070381812767, 41.080192129530282 ], [ -5.071473220401007, 41.080192129530282 ], [ -5.071473220401007, 41.081730934076958 ], [ -5.073012024947682, 41.081730934076958 ], [ -5.073012024947682, 41.0825003363503 ], [ -5.07378142722102, 41.0825003363503 ], [ -5.07378142722102, 41.084039140896969 ], [ -5.074550829494357, 41.084039140896969 ], [ -5.074550829494357, 41.084808543170311 ], [ -5.075320231767695, 41.084808543170311 ], [ -5.075320231767695, 41.085577945443646 ], [ -5.07685903631437, 41.085577945443646 ], [ -5.07685903631437, 41.086347347716988 ], [ -5.077628438587707, 41.086347347716988 ], [ -5.077628438587707, 41.087116749990322 ], [ -5.078397840861046, 41.087116749990322 ], [ -5.078397840861046, 41.087886152263657 ], [ -5.079167243134383, 41.087886152263657 ], [ -5.079167243134383, 41.089424956810333 ], [ -5.080706047681058, 41.089424956810333 ], [ -5.080706047681058, 41.090194359083675 ], [ -5.081475449954396, 41.090194359083675 ], [ -5.081475449954396, 41.091733163630352 ], [ -5.083014254501071, 41.091733163630352 ], [ -5.083014254501071, 41.092502565903686 ], [ -5.083783656774409, 41.092502565903686 ], [ -5.083783656774409, 41.093271968177021 ], [ -5.084553059047746, 41.093271968177021 ], [ -5.084553059047746, 41.094041370450363 ], [ -5.085322461321084, 41.094041370450363 ], [ -5.085322461321084, 41.094810772723697 ], [ -5.086091863594421, 41.094810772723697 ], [ -5.086091863594421, 41.096349577270374 ], [ -5.086861265867759, 41.096349577270374 ], [ -5.086861265867759, 41.097118979543708 ], [ -5.089169472687772, 41.097118979543708 ], [ -5.089169472687772, 41.098657784090385 ], [ -5.089938874961109, 41.098657784090385 ], [ -5.089938874961109, 41.099427186363727 ], [ -5.090708277234447, 41.099427186363727 ], [ -5.090708277234447, 41.100196588637061 ], [ -5.091477679507785, 41.100196588637061 ], [ -5.091477679507785, 41.100965990910396 ], [ -5.092247081781122, 41.100965990910396 ], [ -5.092247081781122, 41.101735393183738 ], [ -5.093016484054459, 41.101735393183738 ], [ -5.093016484054459, 41.102504795457072 ], [ -5.093785886327797, 41.102504795457072 ], [ -5.093785886327797, 41.103274197730414 ], [ -5.094555288601135, 41.103274197730414 ], [ -5.094555288601135, 41.104043600003749 ], [ -5.095324690874472, 41.104043600003749 ], [ -5.095324690874472, 41.104813002277091 ], [ -5.096863495421148, 41.104813002277091 ], [ -5.096863495421148, 41.10635180682376 ], [ -5.097632897694485, 41.10635180682376 ], [ -5.097632897694485, 41.107121209097102 ], [ -5.098402299967823, 41.107121209097102 ], [ -5.098402299967823, 41.107890611370436 ], [ -5.09917170224116, 41.107890611370436 ], [ -5.09917170224116, 41.108660013643778 ], [ -5.100710506787836, 41.108660013643778 ], [ -5.100710506787836, 41.109429415917113 ], [ -5.101479909061173, 41.109429415917113 ], [ -5.101479909061173, 41.110198818190447 ], [ -5.102249311334511, 41.110198818190447 ], [ -5.102249311334511, 41.111737622737124 ], [ -5.103018713607849, 41.111737622737124 ], [ -5.103018713607849, 41.112507025010466 ], [ -5.103788115881186, 41.112507025010466 ], [ -5.103788115881186, 41.1132764272838 ], [ -5.104557518154524, 41.1132764272838 ], [ -5.104557518154524, 41.114045829557142 ], [ -5.105326920427861, 41.114045829557142 ], [ -5.105326920427861, 41.11789284092383 ], [ -5.106096322701199, 41.11789284092383 ], [ -5.106096322701199, 41.13328088639058 ], [ -5.106865724974536, 41.13328088639058 ] ], [ [ -5.132255999994677, 40.890919170289237 ], [ -5.13148659772134, 40.890919170289237 ], [ -5.13148659772134, 40.890149768015895 ], [ -5.132255999994677, 40.890149768015895 ], [ -5.132255999994677, 40.890919170289237 ] ] ] } },
{ "type": "Feature", "properties": { "fid": 18410, "DN": 0, "cuenca": "Zapardiel", "path": "Polygon?crs=EPSG:4326&field=fid:long(0,0)&field=DN:integer(0,0)&uid={b0f984e9-dfdd-4529-b6a6-c7d06cb50e8c}" }, "geometry": { "type": "Polygon", "coordinates": [ [ [ -5.104557518154524, 41.139436104577278 ], [ -5.104557518154524, 41.14020550685062 ], [ -5.103788115881186, 41.14020550685062 ], [ -5.103788115881186, 41.140974909123955 ], [ -5.103018713607849, 41.140974909123955 ], [ -5.103018713607849, 41.141744311397289 ], [ -5.102249311334511, 41.141744311397289 ], [ -5.102249311334511, 41.142513713670631 ], [ -5.101479909061173, 41.142513713670631 ], [ -5.101479909061173, 41.144821920490642 ], [ -5.100710506787836, 41.144821920490642 ], [ -5.100710506787836, 41.147130127310653 ], [ -5.09609409314781, 41.147130127310653 ], [ -5.09609409314781, 41.146360725037319 ], [ -5.093785886327797, 41.146360725037319 ], [ -5.093785886327797, 41.145591322763977 ], [ -5.092247081781122, 41.145591322763977 ], [ -5.092247081781122, 41.144821920490642 ], [ -5.089169472687772, 41.144821920490642 ], [ -5.089169472687772, 41.144052518217308 ], [ -5.085322461321084, 41.144052518217308 ], [ -5.085322461321084, 41.143283115943966 ], [ -5.082244852227733, 41.143283115943966 ], [ -5.082244852227733, 41.142513713670631 ], [ -5.080706047681058, 41.142513713670631 ], [ -5.080706047681058, 41.141744311397289 ], [ -5.079167243134383, 41.141744311397289 ], [ -5.079167243134383, 41.140974909123955 ], [ -5.076089634041033, 41.140974909123955 ], [ -5.076089634041033, 41.14020550685062 ], [ -5.074550829494357, 41.14020550685062 ], [ -5.074550829494357, 41.139436104577278 ], [ -5.073012024947682, 41.139436104577278 ], [ -5.073012024947682, 41.138666702303944 ], [ -5.057623979480931, 41.138666702303944 ], [ -5.057623979480931, 41.139436104577278 ], [ -5.056085174934255, 41.139436104577278 ], [ -5.056085174934255, 41.14020550685062 ], [ -5.053007565840905, 41.14020550685062 ], [ -5.053007565840905, 41.140974909123955 ], [ -5.051468761294229, 41.140974909123955 ], [ -5.051468761294229, 41.141744311397289 ], [ -5.049929956747555, 41.141744311397289 ], [ -5.049929956747555, 41.142513713670631 ], [ -5.048391152200879, 41.142513713670631 ], [ -5.048391152200879, 41.143283115943966 ], [ -5.046082945380866, 41.143283115943966 ], [ -5.046082945380866, 41.144052518217308 ], [ -5.044544140834191, 41.144052518217308 ], [ -5.044544140834191, 41.144821920490642 ], [ -5.04146653174084, 41.144821920490642 ], [ -5.04146653174084, 41.145591322763977 ], [ -5.039927727194166, 41.145591322763977 ], [ -5.039927727194166, 41.146360725037319 ], [ -5.037619520374153, 41.146360725037319 ], [ -5.037619520374153, 41.147130127310653 ], [ -5.036080715827477, 41.147130127310653 ], [ -5.036080715827477, 41.147899529583995 ], [ -5.034541911280803, 41.147899529583995 ], [ -5.034541911280803, 41.14866893185733 ], [ -5.033003106734127, 41.14866893185733 ], [ -5.033003106734127, 41.149438334130664 ], [ -5.031464302187452, 41.149438334130664 ], [ -5.031464302187452, 41.150207736404006 ], [ -5.026847888547426, 41.150207736404006 ], [ -5.026847888547426, 41.150977138677341 ], [ -5.025309084000751, 41.150977138677341 ], [ -5.025309084000751, 41.151746540950683 ], [ -5.024539681727413, 41.151746540950683 ], [ -5.024539681727413, 41.154054747770694 ], [ -5.025309084000751, 41.154054747770694 ], [ -5.025309084000751, 41.15559355231737 ], [ -5.024539681727413, 41.15559355231737 ], [ -5.024539681727413, 41.156362954590705 ], [ -5.023000877180738, 41.156362954590705 ], [ -5.023000877180738, 41.157132356864047 ], [ -5.022231474907401, 41.157132356864047 ], [ -5.022231474907401, 41.157901759137381 ], [ -5.021462072634063, 41.157901759137381 ], [ -5.021462072634063, 41.158671161410716 ], [ -5.01915386581405, 41.158671161410716 ], [ -5.01915386581405, 41.159440563684058 ], [ -5.018384463540713, 41.159440563684058 ], [ -5.018384463540713, 41.160209965957392 ], [ -5.0160762567207, 41.160209965957392 ], [ -5.0160762567207, 41.160979368230734 ], [ -5.015306854447362, 41.160979368230734 ], [ -5.015306854447362, 41.161748770504069 ], [ -5.014537452174025, 41.161748770504069 ], [ -5.014537452174025, 41.16405697732408 ], [ -5.013768049900687, 41.16405697732408 ], [ -5.013768049900687, 41.165595781870756 ], [ -5.012229245354012, 41.165595781870756 ], [ -5.012229245354012, 41.164826379597422 ], [ -5.010690440807337, 41.164826379597422 ], [ -5.010690440807337, 41.16405697732408 ], [ -5.009921038533999, 41.16405697732408 ], [ -5.009921038533999, 41.163287575050745 ], [ -5.009151636260661, 41.163287575050745 ], [ -5.009151636260661, 41.161748770504069 ], [ -5.008382233987324, 41.161748770504069 ], [ -5.008382233987324, 41.160979368230734 ], [ -5.006843429440648, 41.160979368230734 ], [ -5.006843429440648, 41.161748770504069 ], [ -5.005304624893974, 41.161748770504069 ], [ -5.005304624893974, 41.160979368230734 ], [ -5.003765820347298, 41.160979368230734 ], [ -5.003765820347298, 41.160209965957392 ], [ -5.002996418073961, 41.160209965957392 ], [ -5.002996418073961, 41.159440563684058 ], [ -5.002227015800623, 41.159440563684058 ], [ -5.002227015800623, 41.158671161410716 ], [ -5.000688211253948, 41.158671161410716 ], [ -5.000688211253948, 41.159440563684058 ], [ -4.992994188520572, 41.159440563684058 ], [ -4.992994188520572, 41.160209965957392 ], [ -4.986838970333872, 41.160209965957392 ], [ -4.986838970333872, 41.159440563684058 ], [ -4.986069568060533, 41.159440563684058 ], [ -4.986069568060533, 41.157132356864047 ], [ -4.985300165787196, 41.157132356864047 ], [ -4.985300165787196, 41.154824150044028 ], [ -4.983761361240521, 41.154824150044028 ], [ -4.983761361240521, 41.15559355231737 ], [ -4.982222556693846, 41.15559355231737 ], [ -4.982222556693846, 41.154824150044028 ], [ -4.979914349873833, 41.154824150044028 ], [ -4.979914349873833, 41.154054747770694 ], [ -4.97760614305382, 41.154054747770694 ], [ -4.97760614305382, 41.152515943224017 ], [ -4.978375545327157, 41.152515943224017 ], [ -4.978375545327157, 41.151746540950683 ], [ -4.964526304407081, 41.151746540950683 ], [ -4.964526304407081, 41.150207736404006 ], [ -4.963756902133744, 41.150207736404006 ], [ -4.963756902133744, 41.149438334130664 ], [ -4.962987499860406, 41.149438334130664 ], [ -4.962987499860406, 41.14866893185733 ], [ -4.961448695313731, 41.14866893185733 ], [ -4.961448695313731, 41.146360725037319 ], [ -4.960679293040393, 41.146360725037319 ], [ -4.960679293040393, 41.141744311397289 ], [ -4.959909890767055, 41.141744311397289 ], [ -4.959909890767055, 41.139436104577278 ], [ -4.953754672580355, 41.139436104577278 ], [ -4.953754672580355, 41.14020550685062 ], [ -4.951446465760342, 41.14020550685062 ], [ -4.951446465760342, 41.140974909123955 ], [ -4.948368856666992, 41.140974909123955 ], [ -4.948368856666992, 41.14020550685062 ], [ -4.947599454393654, 41.14020550685062 ], [ -4.947599454393654, 41.139436104577278 ], [ -4.946830052120316, 41.139436104577278 ], [ -4.946830052120316, 41.138666702303944 ], [ -4.946060649846979, 41.138666702303944 ], [ -4.946060649846979, 41.137897300030602 ], [ -4.945291247573641, 41.137897300030602 ], [ -4.945291247573641, 41.137127897757267 ], [ -4.944521845300303, 41.137127897757267 ], [ -4.944521845300303, 41.136358495483925 ], [ -4.943752443026966, 41.136358495483925 ], [ -4.943752443026966, 41.135589093210591 ], [ -4.942213638480291, 41.135589093210591 ], [ -4.942213638480291, 41.134819690937256 ], [ -4.941444236206953, 41.134819690937256 ], [ -4.941444236206953, 41.134050288663914 ], [ -4.939905431660278, 41.134050288663914 ], [ -4.939905431660278, 41.13328088639058 ], [ -4.93913602938694, 41.13328088639058 ], [ -4.93913602938694, 41.132511484117238 ], [ -4.938366627113602, 41.132511484117238 ], [ -4.938366627113602, 41.131742081843903 ], [ -4.937597224840265, 41.131742081843903 ], [ -4.937597224840265, 41.130972679570569 ], [ -4.935289018020252, 41.130972679570569 ], [ -4.935289018020252, 41.130203277297227 ], [ -4.932211408926902, 41.130203277297227 ], [ -4.932211408926902, 41.129433875023892 ], [ -4.930672604380227, 41.129433875023892 ], [ -4.930672604380227, 41.12866447275055 ], [ -4.928364397560214, 41.12866447275055 ], [ -4.928364397560214, 41.127895070477216 ], [ -4.927594995286876, 41.127895070477216 ], [ -4.927594995286876, 41.127125668203881 ], [ -4.926056190740201, 41.127125668203881 ], [ -4.926056190740201, 41.126356265930539 ], [ -4.925286788466863, 41.126356265930539 ], [ -4.925286788466863, 41.125586863657205 ], [ -4.924517386193526, 41.125586863657205 ], [ -4.924517386193526, 41.124817461383863 ], [ -4.92297858164685, 41.124817461383863 ], [ -4.92297858164685, 41.124048059110528 ], [ -4.922209179373513, 41.124048059110528 ], [ -4.922209179373513, 41.123278656837186 ], [ -4.919131570280163, 41.123278656837186 ], [ -4.919131570280163, 41.122509254563852 ], [ -4.917592765733487, 41.122509254563852 ], [ -4.917592765733487, 41.121739852290517 ], [ -4.915284558913474, 41.121739852290517 ], [ -4.915284558913474, 41.120970450017175 ], [ -4.9137457543668, 41.120970450017175 ], [ -4.9137457543668, 41.120201047743841 ], [ -4.91066814527345, 41.120201047743841 ], [ -4.91066814527345, 41.119431645470499 ], [ -4.908359938453437, 41.119431645470499 ], [ -4.908359938453437, 41.118662243197164 ], [ -4.902974122540074, 41.118662243197164 ], [ -4.902974122540074, 41.11789284092383 ], [ -4.902204720266735, 41.11789284092383 ], [ -4.902204720266735, 41.117123438650488 ], [ -4.901435317993398, 41.117123438650488 ], [ -4.901435317993398, 41.116354036377153 ], [ -4.900665915720061, 41.116354036377153 ], [ -4.900665915720061, 41.114815231830477 ], [ -4.899896513446723, 41.114815231830477 ], [ -4.899896513446723, 41.114045829557142 ], [ -4.898357708900048, 41.114045829557142 ], [ -4.898357708900048, 41.1132764272838 ], [ -4.892202490713347, 41.1132764272838 ], [ -4.892202490713347, 41.112507025010466 ], [ -4.891433088440009, 41.112507025010466 ], [ -4.891433088440009, 41.111737622737124 ], [ -4.890663686166672, 41.111737622737124 ], [ -4.890663686166672, 41.110968220463789 ], [ -4.889894283893334, 41.110968220463789 ], [ -4.889894283893334, 41.110198818190447 ], [ -4.886816674799983, 41.110198818190447 ], [ -4.886816674799983, 41.109429415917113 ], [ -4.886047272526646, 41.109429415917113 ], [ -4.886047272526646, 41.108660013643778 ], [ -4.885277870253309, 41.108660013643778 ], [ -4.885277870253309, 41.107890611370436 ], [ -4.884508467979971, 41.107890611370436 ], [ -4.884508467979971, 41.107121209097102 ], [ -4.883739065706633, 41.107121209097102 ], [ -4.883739065706633, 41.10635180682376 ], [ -4.880661456613283, 41.10635180682376 ], [ -4.880661456613283, 41.105582404550425 ], [ -4.877583847519933, 41.105582404550425 ], [ -4.877583847519933, 41.104813002277091 ], [ -4.876814445246595, 41.104813002277091 ], [ -4.876814445246595, 41.104043600003749 ], [ -4.874506238426582, 41.104043600003749 ], [ -4.874506238426582, 41.103274197730414 ], [ -4.873736836153244, 41.103274197730414 ], [ -4.873736836153244, 41.102504795457072 ], [ -4.872198031606569, 41.102504795457072 ], [ -4.872198031606569, 41.101735393183738 ], [ -4.871428629333232, 41.101735393183738 ], [ -4.871428629333232, 41.100965990910396 ], [ -4.870659227059894, 41.100965990910396 ], [ -4.870659227059894, 41.100196588637061 ], [ -4.869889824786556, 41.100196588637061 ], [ -4.869889824786556, 41.099427186363727 ], [ -4.867581617966544, 41.099427186363727 ], [ -4.867581617966544, 41.098657784090385 ], [ -4.866812215693206, 41.098657784090385 ], [ -4.866812215693206, 41.09788838181705 ], [ -4.866042813419869, 41.09788838181705 ], [ -4.866042813419869, 41.097118979543708 ], [ -4.867581617966544, 41.097118979543708 ], [ -4.867581617966544, 41.096349577270374 ], [ -4.866812215693206, 41.096349577270374 ], [ -4.866812215693206, 41.095580174997039 ], [ -4.866042813419869, 41.095580174997039 ], [ -4.866042813419869, 41.094810772723697 ], [ -4.864504008873193, 41.094810772723697 ], [ -4.864504008873193, 41.095580174997039 ], [ -4.862195802053181, 41.095580174997039 ], [ -4.862195802053181, 41.096349577270374 ], [ -4.861426399779843, 41.096349577270374 ], [ -4.861426399779843, 41.097118979543708 ], [ -4.860656997506505, 41.097118979543708 ], [ -4.860656997506505, 41.09788838181705 ], [ -4.859887595233168, 41.09788838181705 ], [ -4.859887595233168, 41.098657784090385 ], [ -4.85911819295983, 41.098657784090385 ], [ -4.85911819295983, 41.099427186363727 ], [ -4.858348790686493, 41.099427186363727 ], [ -4.858348790686493, 41.100196588637061 ], [ -4.854501779319804, 41.100196588637061 ], [ -4.854501779319804, 41.100965990910396 ], [ -4.848346561133104, 41.100965990910396 ], [ -4.848346561133104, 41.100196588637061 ], [ -4.839883136126391, 41.100196588637061 ], [ -4.839883136126391, 41.099427186363727 ], [ -4.830650308846339, 41.099427186363727 ], [ -4.830650308846339, 41.098657784090385 ], [ -4.828342102026326, 41.098657784090385 ], [ -4.828342102026326, 41.099427186363727 ], [ -4.826033895206313, 41.099427186363727 ], [ -4.826033895206313, 41.100196588637061 ], [ -4.8237256883863, 41.100196588637061 ], [ -4.8237256883863, 41.100965990910396 ], [ -4.822186883839626, 41.100965990910396 ], [ -4.822186883839626, 41.101735393183738 ], [ -4.819878677019613, 41.101735393183738 ], [ -4.819878677019613, 41.102504795457072 ], [ -4.819109274746275, 41.102504795457072 ], [ -4.819109274746275, 41.103274197730414 ], [ -4.819878677019613, 41.103274197730414 ], [ -4.819878677019613, 41.104043600003749 ], [ -4.82064807929295, 41.104043600003749 ], [ -4.82064807929295, 41.104813002277091 ], [ -4.821417481566288, 41.104813002277091 ], [ -4.821417481566288, 41.107121209097102 ], [ -4.82064807929295, 41.107121209097102 ], [ -4.82064807929295, 41.111737622737124 ], [ -4.819878677019613, 41.111737622737124 ], [ -4.819878677019613, 41.115584634103811 ], [ -4.819109274746275, 41.115584634103811 ], [ -4.819109274746275, 41.117123438650488 ], [ -4.818339872472937, 41.117123438650488 ], [ -4.818339872472937, 41.118662243197164 ], [ -4.8175704701996, 41.118662243197164 ], [ -4.8175704701996, 41.120201047743841 ], [ -4.816801067926263, 41.120201047743841 ], [ -4.816801067926263, 41.121739852290517 ], [ -4.816031665652925, 41.121739852290517 ], [ -4.816031665652925, 41.123278656837186 ], [ -4.815262263379587, 41.123278656837186 ], [ -4.815262263379587, 41.125586863657205 ], [ -4.816031665652925, 41.125586863657205 ], [ -4.816031665652925, 41.12581331345212 ], [ -4.8114152520129, 41.124619413372798 ], [ -4.8114152520129, 41.122509254563852 ], [ -4.810645849739561, 41.122509254563852 ], [ -4.810645849739561, 41.121739852290517 ], [ -4.809876447466224, 41.121739852290517 ], [ -4.809876447466224, 41.120201047743841 ], [ -4.809107045192887, 41.120201047743841 ], [ -4.809107045192887, 41.119431645470499 ], [ -4.808337642919549, 41.119431645470499 ], [ -4.808337642919549, 41.118662243197164 ], [ -4.807568240646211, 41.118662243197164 ], [ -4.807568240646211, 41.117123438650488 ], [ -4.806798838372874, 41.117123438650488 ], [ -4.806798838372874, 41.116354036377153 ], [ -4.806029436099536, 41.116354036377153 ], [ -4.806029436099536, 41.114815231830477 ], [ -4.803721229279523, 41.114815231830477 ], [ -4.803721229279523, 41.1132764272838 ], [ -4.802951827006186, 41.1132764272838 ], [ -4.802951827006186, 41.111737622737124 ], [ -4.802182424732848, 41.111737622737124 ], [ -4.802182424732848, 41.110968220463789 ], [ -4.80141302245951, 41.110968220463789 ], [ -4.80141302245951, 41.110198818190447 ], [ -4.800643620186173, 41.110198818190447 ], [ -4.800643620186173, 41.108660013643778 ], [ -4.799104815639498, 41.108660013643778 ], [ -4.799104815639498, 41.107890611370436 ], [ -4.79833541336616, 41.107890611370436 ], [ -4.79833541336616, 41.10635180682376 ], [ -4.797566011092822, 41.10635180682376 ], [ -4.797566011092822, 41.105582404550425 ], [ -4.796796608819485, 41.105582404550425 ], [ -4.796796608819485, 41.104813002277091 ], [ -4.796027206546147, 41.104813002277091 ], [ -4.796027206546147, 41.103274197730414 ], [ -4.79525780427281, 41.103274197730414 ], [ -4.79525780427281, 41.102504795457072 ], [ -4.794488401999472, 41.102504795457072 ], [ -4.794488401999472, 41.100965990910396 ], [ -4.792949597452797, 41.100965990910396 ], [ -4.792949597452797, 41.099427186363727 ], [ -4.792180195179459, 41.099427186363727 ], [ -4.792180195179459, 41.098657784090385 ], [ -4.791410792906122, 41.098657784090385 ], [ -4.791410792906122, 41.097118979543708 ], [ -4.790641390632784, 41.097118979543708 ], [ -4.790641390632784, 41.095580174997039 ], [ -4.789871988359446, 41.095580174997039 ], [ -4.789871988359446, 41.094810772723697 ], [ -4.789102586086109, 41.094810772723697 ], [ -4.789102586086109, 41.093271968177021 ], [ -4.787563781539434, 41.093271968177021 ], [ -4.787563781539434, 41.091733163630352 ], [ -4.786794379266096, 41.091733163630352 ], [ -4.786794379266096, 41.09096376135701 ], [ -4.786024976992758, 41.09096376135701 ], [ -4.786024976992758, 41.089424956810333 ], [ -4.785255574719421, 41.089424956810333 ], [ -4.785255574719421, 41.087886152263657 ], [ -4.784486172446083, 41.087886152263657 ], [ -4.784486172446083, 41.086347347716988 ], [ -4.783716770172745, 41.086347347716988 ], [ -4.783716770172745, 41.085577945443646 ], [ -4.782177965626071, 41.085577945443646 ], [ -4.782177965626071, 41.083269738623635 ], [ -4.781408563352732, 41.083269738623635 ], [ -4.781408563352732, 41.081730934076958 ], [ -4.780639161079395, 41.081730934076958 ], [ -4.780639161079395, 41.078653324983613 ], [ -4.779869758806058, 41.078653324983613 ], [ -4.779869758806058, 41.076345118163594 ], [ -4.77910035653272, 41.076345118163594 ], [ -4.77910035653272, 41.074036911343583 ], [ -4.777561551986045, 41.074036911343583 ], [ -4.777561551986045, 41.07095930225023 ], [ -4.776792149712707, 41.07095930225023 ], [ -4.776792149712707, 41.068651095430219 ], [ -4.77602274743937, 41.068651095430219 ], [ -4.77602274743937, 41.065573486336866 ], [ -4.775253345166032, 41.065573486336866 ], [ -4.775253345166032, 41.062495877243521 ], [ -4.774483942892695, 41.062495877243521 ], [ -4.774483942892695, 41.06018767042351 ], [ -4.772945138346019, 41.06018767042351 ], [ -4.772945138346019, 41.057879463603491 ], [ -4.772175736072682, 41.057879463603491 ], [ -4.772175736072682, 41.054801854510146 ], [ -4.771406333799344, 41.054801854510146 ], [ -4.771406333799344, 41.052493647690127 ], [ -4.770636931526006, 41.052493647690127 ], [ -4.770636931526006, 41.049416038596782 ], [ -4.769867529252669, 41.049416038596782 ], [ -4.769867529252669, 41.04864663632344 ], [ -4.769098126979332, 41.04864663632344 ], [ -4.769098126979332, 41.047107831776771 ], [ -4.768328724705993, 41.047107831776771 ], [ -4.768328724705993, 41.044799624956752 ], [ -4.767559322432656, 41.044799624956752 ], [ -4.767559322432656, 41.041722015863407 ], [ -4.766789920159319, 41.041722015863407 ], [ -4.766789920159319, 41.039413809043388 ], [ -4.767559322432656, 41.039413809043388 ], [ -4.767559322432656, 41.038644406770054 ], [ -4.768328724705993, 41.038644406770054 ], [ -4.768328724705993, 41.037875004496719 ], [ -4.769098126979332, 41.037875004496719 ], [ -4.769098126979332, 41.037105602223377 ], [ -4.769867529252669, 41.037105602223377 ], [ -4.769867529252669, 41.036336199950043 ], [ -4.770636931526006, 41.036336199950043 ], [ -4.770636931526006, 41.035566797676701 ], [ -4.771406333799344, 41.035566797676701 ], [ -4.771406333799344, 41.034797395403366 ], [ -4.772175736072682, 41.034797395403366 ], [ -4.772175736072682, 41.034027993130032 ], [ -4.773714540619357, 41.034027993130032 ], [ -4.773714540619357, 41.03325859085669 ], [ -4.774483942892695, 41.03325859085669 ], [ -4.774483942892695, 41.032489188583355 ], [ -4.775253345166032, 41.032489188583355 ], [ -4.775253345166032, 41.031719786310013 ], [ -4.77602274743937, 41.031719786310013 ], [ -4.77602274743937, 41.030950384036679 ], [ -4.776792149712707, 41.030950384036679 ], [ -4.776792149712707, 41.030180981763337 ], [ -4.777561551986045, 41.030180981763337 ], [ -4.777561551986045, 41.029411579490002 ], [ -4.778330954259383, 41.029411579490002 ], [ -4.778330954259383, 41.028642177216668 ], [ -4.77910035653272, 41.028642177216668 ], [ -4.77910035653272, 41.027872774943326 ], [ -4.779869758806058, 41.027872774943326 ], [ -4.779869758806058, 41.027103372669991 ], [ -4.780639161079395, 41.027103372669991 ], [ -4.780639161079395, 41.026333970396649 ], [ -4.781408563352732, 41.026333970396649 ], [ -4.781408563352732, 41.025564568123315 ], [ -4.782177965626071, 41.025564568123315 ], [ -4.782177965626071, 41.02479516584998 ], [ -4.783716770172745, 41.02479516584998 ], [ -4.783716770172745, 41.024025763576638 ], [ -4.784486172446083, 41.024025763576638 ], [ -4.784486172446083, 41.023256361303304 ], [ -4.785255574719421, 41.023256361303304 ], [ -4.785255574719421, 41.022486959029962 ], [ -4.786794379266096, 41.022486959029962 ], [ -4.786794379266096, 41.021717556756627 ], [ -4.790641390632784, 41.021717556756627 ], [ -4.790641390632784, 41.020948154483293 ], [ -4.794488401999472, 41.020948154483293 ], [ -4.794488401999472, 41.020178752209951 ], [ -4.796796608819485, 41.020178752209951 ], [ -4.796796608819485, 41.019409349936616 ], [ -4.799874217912835, 41.019409349936616 ], [ -4.799874217912835, 41.018639947663274 ], [ -4.802182424732848, 41.018639947663274 ], [ -4.802182424732848, 41.01787054538994 ], [ -4.805260033826198, 41.01787054538994 ], [ -4.805260033826198, 41.017101143116598 ], [ -4.808337642919549, 41.017101143116598 ], [ -4.808337642919549, 41.016331740843263 ], [ -4.809107045192887, 41.016331740843263 ], [ -4.809107045192887, 41.015562338569929 ], [ -4.809876447466224, 41.015562338569929 ], [ -4.809876447466224, 41.014023534023252 ], [ -4.810645849739561, 41.014023534023252 ], [ -4.810645849739561, 41.011715327203241 ], [ -4.8114152520129, 41.011715327203241 ], [ -4.8114152520129, 41.010176522656565 ], [ -4.812184654286237, 41.010176522656565 ], [ -4.812184654286237, 41.007868315836554 ], [ -4.812954056559574, 41.007868315836554 ], [ -4.812954056559574, 41.006329511289877 ], [ -4.813723458832912, 41.006329511289877 ], [ -4.813723458832912, 41.004790706743201 ], [ -4.81449286110625, 41.004790706743201 ], [ -4.81449286110625, 41.00248249992319 ], [ -4.815262263379587, 41.00248249992319 ], [ -4.815262263379587, 41.000943695376513 ], [ -4.816031665652925, 41.000943695376513 ], [ -4.816031665652925, 40.998635488556502 ], [ -4.816801067926263, 40.998635488556502 ], [ -4.816801067926263, 40.997096684009826 ], [ -4.8175704701996, 40.997096684009826 ], [ -4.8175704701996, 40.994788477189807 ], [ -4.818339872472937, 40.994788477189807 ], [ -4.818339872472937, 40.993249672643138 ], [ -4.819109274746275, 40.993249672643138 ], [ -4.819109274746275, 40.991710868096462 ], [ -4.819878677019613, 40.991710868096462 ], [ -4.819878677019613, 40.989402661276451 ], [ -4.82064807929295, 40.989402661276451 ], [ -4.82064807929295, 40.988633259003109 ], [ -4.822186883839626, 40.988633259003109 ], [ -4.822186883839626, 40.987863856729774 ], [ -4.8237256883863, 40.987863856729774 ], [ -4.8237256883863, 40.987094454456432 ], [ -4.824495090659639, 40.987094454456432 ], [ -4.824495090659639, 40.986325052183098 ], [ -4.825264492932976, 40.986325052183098 ], [ -4.825264492932976, 40.985555649909763 ], [ -4.826033895206313, 40.985555649909763 ], [ -4.826033895206313, 40.984786247636421 ], [ -4.826803297479652, 40.984786247636421 ], [ -4.826803297479652, 40.984016845363087 ], [ -4.827572699752989, 40.984016845363087 ], [ -4.827572699752989, 40.983247443089745 ], [ -4.829111504299664, 40.983247443089745 ], [ -4.829111504299664, 40.98247804081641 ], [ -4.829880906573002, 40.98247804081641 ], [ -4.829880906573002, 40.981708638543068 ], [ -4.830650308846339, 40.981708638543068 ], [ -4.830650308846339, 40.980939236269734 ], [ -4.832189113393015, 40.980939236269734 ], [ -4.832189113393015, 40.980169833996399 ], [ -4.831419711119676, 40.980169833996399 ], [ -4.831419711119676, 40.979400431723057 ], [ -4.832958515666352, 40.979400431723057 ], [ -4.832958515666352, 40.978631029449723 ], [ -4.834497320213027, 40.978631029449723 ], [ -4.834497320213027, 40.977861627176381 ], [ -4.835266722486365, 40.977861627176381 ], [ -4.835266722486365, 40.977092224903046 ], [ -4.836036124759702, 40.977092224903046 ], [ -4.836036124759702, 40.976322822629712 ], [ -4.836805527033039, 40.976322822629712 ], [ -4.836805527033039, 40.97555342035637 ], [ -4.837574929306378, 40.97555342035637 ], [ -4.837574929306378, 40.974784018083035 ], [ -4.838344331579715, 40.974784018083035 ], [ -4.838344331579715, 40.974014615809693 ], [ -4.839113733853052, 40.974014615809693 ], [ -4.839113733853052, 40.973245213536359 ], [ -4.840652538399728, 40.973245213536359 ], [ -4.840652538399728, 40.972475811263024 ], [ -4.842191342946403, 40.972475811263024 ], [ -4.842191342946403, 40.971706408989682 ], [ -4.842960745219741, 40.971706408989682 ], [ -4.842960745219741, 40.970937006716348 ], [ -4.843730147493078, 40.970937006716348 ], [ -4.843730147493078, 40.970167604443006 ], [ -4.844499549766416, 40.970167604443006 ], [ -4.844499549766416, 40.969398202169671 ], [ -4.845268952039754, 40.969398202169671 ], [ -4.845268952039754, 40.968628799896329 ], [ -4.846038354313091, 40.968628799896329 ], [ -4.846038354313091, 40.967859397622995 ], [ -4.846807756586428, 40.967859397622995 ], [ -4.846807756586428, 40.96708999534966 ], [ -4.847577158859766, 40.96708999534966 ], [ -4.847577158859766, 40.966320593076318 ], [ -4.848346561133104, 40.966320593076318 ], [ -4.848346561133104, 40.965551190802984 ], [ -4.849115963406441, 40.965551190802984 ], [ -4.849115963406441, 40.964781788529642 ], [ -4.849885365679779, 40.964781788529642 ], [ -4.849885365679779, 40.964012386256307 ], [ -4.851424170226454, 40.964012386256307 ], [ -4.851424170226454, 40.963242983982973 ], [ -4.85296297477313, 40.963242983982973 ], [ -4.85296297477313, 40.962473581709631 ], [ -4.853732377046467, 40.962473581709631 ], [ -4.853732377046467, 40.961704179436296 ], [ -4.854501779319804, 40.961704179436296 ], [ -4.854501779319804, 40.960934777162954 ], [ -4.855271181593142, 40.960934777162954 ], [ -4.855271181593142, 40.96016537488962 ], [ -4.85604058386648, 40.96016537488962 ], [ -4.85604058386648, 40.959395972616278 ], [ -4.856809986139817, 40.959395972616278 ], [ -4.856809986139817, 40.958626570342943 ], [ -4.858348790686493, 40.958626570342943 ], [ -4.858348790686493, 40.957857168069609 ], [ -4.85911819295983, 40.957857168069609 ], [ -4.85911819295983, 40.957087765796267 ], [ -4.860656997506505, 40.957087765796267 ], [ -4.860656997506505, 40.956318363522932 ], [ -4.861426399779843, 40.956318363522932 ], [ -4.861426399779843, 40.954779558976256 ], [ -4.862195802053181, 40.954779558976256 ], [ -4.862195802053181, 40.954010156702921 ], [ -4.863734606599856, 40.954010156702921 ], [ -4.863734606599856, 40.953240754429579 ], [ -4.864504008873193, 40.953240754429579 ], [ -4.864504008873193, 40.952471352156245 ], [ -4.865273411146531, 40.952471352156245 ], [ -4.865273411146531, 40.951701949882903 ], [ -4.866042813419869, 40.951701949882903 ], [ -4.866042813419869, 40.950932547609568 ], [ -4.866812215693206, 40.950932547609568 ], [ -4.866812215693206, 40.950163145336234 ], [ -4.867581617966544, 40.950163145336234 ], [ -4.867581617966544, 40.949393743062892 ], [ -4.868351020239881, 40.949393743062892 ], [ -4.868351020239881, 40.948624340789557 ], [ -4.870659227059894, 40.948624340789557 ], [ -4.870659227059894, 40.947854938516215 ], [ -4.871428629333232, 40.947854938516215 ], [ -4.871428629333232, 40.947085536242881 ], [ -4.872198031606569, 40.947085536242881 ], [ -4.872198031606569, 40.946316133969539 ], [ -4.872967433879907, 40.946316133969539 ], [ -4.872967433879907, 40.945546731696204 ], [ -4.873736836153244, 40.945546731696204 ], [ -4.873736836153244, 40.94477732942287 ], [ -4.874506238426582, 40.94477732942287 ], [ -4.874506238426582, 40.944007927149528 ], [ -4.87527564069992, 40.944007927149528 ], [ -4.87527564069992, 40.943238524876193 ], [ -4.876045042973257, 40.943238524876193 ], [ -4.876045042973257, 40.942469122602851 ], [ -4.876814445246595, 40.942469122602851 ], [ -4.876814445246595, 40.941699720329517 ], [ -4.877583847519933, 40.941699720329517 ], [ -4.877583847519933, 40.940930318056182 ], [ -4.87835324979327, 40.940930318056182 ], [ -4.87835324979327, 40.94016091578284 ], [ -4.879892054339946, 40.94016091578284 ], [ -4.879892054339946, 40.939391513509506 ], [ -4.88143085888662, 40.939391513509506 ], [ -4.88143085888662, 40.938622111236164 ], [ -4.882200261159958, 40.938622111236164 ], [ -4.882200261159958, 40.937852708962829 ], [ -4.882969663433296, 40.937852708962829 ], [ -4.882969663433296, 40.937083306689495 ], [ -4.883739065706633, 40.937083306689495 ], [ -4.883739065706633, 40.936313904416153 ], [ -4.884508467979971, 40.936313904416153 ], [ -4.884508467979971, 40.935544502142818 ], [ -4.885277870253309, 40.935544502142818 ], [ -4.885277870253309, 40.934775099869476 ], [ -4.886047272526646, 40.934775099869476 ], [ -4.886047272526646, 40.925542272589425 ], [ -4.886816674799983, 40.925542272589425 ], [ -4.886816674799983, 40.915540043036039 ], [ -4.887586077073321, 40.915540043036039 ], [ -4.887586077073321, 40.908615422575998 ], [ -4.886816674799983, 40.908615422575998 ], [ -4.886816674799983, 40.905537813482653 ], [ -4.887586077073321, 40.905537813482653 ], [ -4.887586077073321, 40.896304986202601 ], [ -4.888355479346659, 40.896304986202601 ], [ -4.888355479346659, 40.88707215892255 ], [ -4.889124881619996, 40.88707215892255 ], [ -4.889124881619996, 40.884763952102531 ], [ -4.890663686166672, 40.884763952102531 ], [ -4.890663686166672, 40.883994549829197 ], [ -4.891433088440009, 40.883994549829197 ], [ -4.891433088440009, 40.883225147555862 ], [ -4.892202490713347, 40.883225147555862 ], [ -4.892202490713347, 40.88245574528252 ], [ -4.892971892986685, 40.88245574528252 ], [ -4.892971892986685, 40.881686343009186 ], [ -4.895280099806698, 40.881686343009186 ], [ -4.895280099806698, 40.880916940735844 ], [ -4.896818904353372, 40.880916940735844 ], [ -4.896818904353372, 40.880147538462509 ], [ -4.897588306626711, 40.880147538462509 ], [ -4.897588306626711, 40.879378136189175 ], [ -4.898357708900048, 40.879378136189175 ], [ -4.898357708900048, 40.878608733915833 ], [ -4.899127111173385, 40.878608733915833 ], [ -4.899127111173385, 40.877839331642498 ], [ -4.899896513446723, 40.877839331642498 ], [ -4.899896513446723, 40.877069929369156 ], [ -4.902204720266735, 40.877069929369156 ], [ -4.902204720266735, 40.876300527095822 ], [ -4.903743524813411, 40.876300527095822 ], [ -4.903743524813411, 40.87553112482248 ], [ -4.904512927086748, 40.87553112482248 ], [ -4.904512927086748, 40.874761722549145 ], [ -4.905282329360086, 40.874761722549145 ], [ -4.905282329360086, 40.873992320275811 ], [ -4.906051731633424, 40.873992320275811 ], [ -4.906051731633424, 40.873222918002469 ], [ -4.906821133906761, 40.873222918002469 ], [ -4.906821133906761, 40.872453515729134 ], [ -4.908359938453437, 40.872453515729134 ], [ -4.908359938453437, 40.871684113455792 ], [ -4.909898743000111, 40.871684113455792 ], [ -4.909898743000111, 40.870914711182458 ], [ -4.91066814527345, 40.870914711182458 ], [ -4.91066814527345, 40.870145308909123 ], [ -4.911437547546787, 40.870145308909123 ], [ -4.911437547546787, 40.869375906635781 ], [ -4.912976352093462, 40.869375906635781 ], [ -4.912976352093462, 40.868606504362447 ], [ -4.914515156640137, 40.868606504362447 ], [ -4.914515156640137, 40.867837102089105 ], [ -4.915284558913474, 40.867837102089105 ], [ -4.915284558913474, 40.86706769981577 ], [ -4.916053961186813, 40.86706769981577 ], [ -4.916053961186813, 40.866298297542436 ], [ -4.917592765733487, 40.866298297542436 ], [ -4.917592765733487, 40.865528895269094 ], [ -4.9199009725535, 40.865528895269094 ], [ -4.9199009725535, 40.864759492995759 ], [ -4.922209179373513, 40.864759492995759 ], [ -4.922209179373513, 40.863990090722417 ], [ -4.923747983920189, 40.863990090722417 ], [ -4.923747983920189, 40.863220688449083 ], [ -4.926056190740201, 40.863220688449083 ], [ -4.926056190740201, 40.862451286175741 ], [ -4.927594995286876, 40.862451286175741 ], [ -4.927594995286876, 40.861681883902406 ], [ -4.929903202106889, 40.861681883902406 ], [ -4.929903202106889, 40.860912481629072 ], [ -4.932980811200239, 40.860912481629072 ], [ -4.932980811200239, 40.86014307935573 ], [ -4.935289018020252, 40.86014307935573 ], [ -4.935289018020252, 40.859373677082395 ], [ -4.938366627113602, 40.859373677082395 ], [ -4.938366627113602, 40.858604274809053 ], [ -4.939905431660278, 40.858604274809053 ], [ -4.939905431660278, 40.854757263442366 ], [ -4.93913602938694, 40.854757263442366 ], [ -4.93913602938694, 40.853218458895697 ], [ -4.938366627113602, 40.853218458895697 ], [ -4.938366627113602, 40.843985631615645 ], [ -4.937597224840265, 40.843985631615645 ], [ -4.937597224840265, 40.833983402062252 ], [ -4.936827822566928, 40.833983402062252 ], [ -4.936827822566928, 40.832444597515575 ], [ -4.93605842029359, 40.832444597515575 ], [ -4.93605842029359, 40.830905792968906 ], [ -4.937597224840265, 40.830905792968906 ], [ -4.937597224840265, 40.82936698842223 ], [ -4.936827822566928, 40.82936698842223 ], [ -4.936827822566928, 40.826289379328877 ], [ -4.937597224840265, 40.826289379328877 ], [ -4.937597224840265, 40.821672965688855 ], [ -4.938366627113602, 40.821672965688855 ], [ -4.938366627113602, 40.817056552048825 ], [ -4.93913602938694, 40.817056552048825 ], [ -4.93913602938694, 40.813209540682138 ], [ -4.939905431660278, 40.813209540682138 ], [ -4.939905431660278, 40.808593127042116 ], [ -4.940674833933615, 40.808593127042116 ], [ -4.940674833933615, 40.803976713402086 ], [ -4.941444236206953, 40.803976713402086 ], [ -4.941444236206953, 40.803207311128752 ], [ -4.942213638480291, 40.803207311128752 ], [ -4.942213638480291, 40.80243790885541 ], [ -4.942983040753628, 40.80243790885541 ], [ -4.942983040753628, 40.801668506582075 ], [ -4.945291247573641, 40.801668506582075 ], [ -4.945291247573641, 40.800899104308733 ], [ -4.946060649846979, 40.800899104308733 ], [ -4.946060649846979, 40.800129702035399 ], [ -4.946830052120316, 40.800129702035399 ], [ -4.946830052120316, 40.799360299762064 ], [ -4.947599454393654, 40.799360299762064 ], [ -4.947599454393654, 40.798590897488722 ], [ -4.949907661213667, 40.798590897488722 ], [ -4.949907661213667, 40.797821495215388 ], [ -4.950677063487004, 40.797821495215388 ], [ -4.950677063487004, 40.797052092942046 ], [ -4.951446465760342, 40.797052092942046 ], [ -4.951446465760342, 40.796282690668711 ], [ -4.953754672580355, 40.796282690668711 ], [ -4.953754672580355, 40.795513288395377 ], [ -4.954524074853692, 40.795513288395377 ], [ -4.954524074853692, 40.794743886122035 ], [ -4.95529347712703, 40.794743886122035 ], [ -4.95529347712703, 40.7939744838487 ], [ -4.957601683947042, 40.7939744838487 ], [ -4.957601683947042, 40.793205081575358 ], [ -4.95837108622038, 40.793205081575358 ], [ -4.95837108622038, 40.792435679302024 ], [ -4.959140488493718, 40.792435679302024 ], [ -4.959140488493718, 40.791666277028682 ], [ -4.959909890767055, 40.791666277028682 ], [ -4.959909890767055, 40.790896874755347 ], [ -4.961448695313731, 40.790896874755347 ], [ -4.961448695313731, 40.790127472482013 ], [ -4.962987499860406, 40.790127472482013 ], [ -4.962987499860406, 40.789358070208671 ], [ -4.963756902133744, 40.789358070208671 ], [ -4.963756902133744, 40.788588667935336 ], [ -4.964526304407081, 40.788588667935336 ], [ -4.964526304407081, 40.78704986338866 ], [ -4.965295706680418, 40.78704986338866 ], [ -4.965295706680418, 40.785511058841983 ], [ -4.966065108953757, 40.785511058841983 ], [ -4.966065108953757, 40.784741656568649 ], [ -4.966834511227094, 40.784741656568649 ], [ -4.966834511227094, 40.783972254295307 ], [ -4.967603913500431, 40.783972254295307 ], [ -4.967603913500431, 40.782433449748638 ], [ -4.968373315773769, 40.782433449748638 ], [ -4.968373315773769, 40.780894645201961 ], [ -4.969142718047107, 40.780894645201961 ], [ -4.969142718047107, 40.780125242928619 ], [ -4.969912120320444, 40.780125242928619 ], [ -4.969912120320444, 40.779355840655285 ], [ -4.970681522593781, 40.779355840655285 ], [ -4.970681522593781, 40.777817036108608 ], [ -4.97145092486712, 40.777817036108608 ], [ -4.97145092486712, 40.776278231561932 ], [ -4.973759131687132, 40.776278231561932 ], [ -4.973759131687132, 40.775508829288597 ], [ -4.982222556693846, 40.775508829288597 ], [ -4.982222556693846, 40.774739427015255 ], [ -4.990685981700559, 40.774739427015255 ], [ -4.990685981700559, 40.773970024741921 ], [ -4.997610602160598, 40.773970024741921 ], [ -4.997610602160598, 40.774739427015255 ], [ -5.000688211253948, 40.774739427015255 ], [ -5.000688211253948, 40.775508829288597 ], [ -5.006843429440648, 40.775508829288597 ], [ -5.006843429440648, 40.776278231561932 ], [ -5.009151636260661, 40.776278231561932 ], [ -5.009151636260661, 40.777047633835274 ], [ -5.012229245354012, 40.777047633835274 ], [ -5.012229245354012, 40.776932877502169 ], [ -5.015479125637155, 40.777817036108608 ], [ -5.015306854447362, 40.777817036108608 ], [ -5.015306854447362, 40.780894645201961 ], [ -5.0160762567207, 40.780894645201961 ], [ -5.0160762567207, 40.783202852021972 ], [ -5.016845658994038, 40.783202852021972 ], [ -5.016845658994038, 40.78704986338866 ], [ -5.017615061267375, 40.78704986338866 ], [ -5.017615061267375, 40.791666277028682 ], [ -5.018384463540713, 40.791666277028682 ], [ -5.018384463540713, 40.797821495215388 ], [ -5.01915386581405, 40.797821495215388 ], [ -5.01915386581405, 40.800899104308733 ], [ -5.019923268087388, 40.800899104308733 ], [ -5.019923268087388, 40.803976713402086 ], [ -5.020692670360726, 40.803976713402086 ], [ -5.020692670360726, 40.80936252931545 ], [ -5.021462072634063, 40.80936252931545 ], [ -5.021462072634063, 40.815517747502149 ], [ -5.022231474907401, 40.815517747502149 ], [ -5.022231474907401, 40.816287149775491 ], [ -5.021462072634063, 40.816287149775491 ], [ -5.021462072634063, 40.821672965688855 ], [ -5.022231474907401, 40.821672965688855 ], [ -5.022231474907401, 40.82936698842223 ], [ -5.021462072634063, 40.82936698842223 ], [ -5.021462072634063, 40.841677424795627 ], [ -5.020692670360726, 40.841677424795627 ], [ -5.020692670360726, 40.846293838435656 ], [ -5.021462072634063, 40.846293838435656 ], [ -5.021462072634063, 40.847063240708991 ], [ -5.022231474907401, 40.847063240708991 ], [ -5.022231474907401, 40.847832642982333 ], [ -5.023770279454076, 40.847832642982333 ], [ -5.023770279454076, 40.849371447529002 ], [ -5.024539681727413, 40.849371447529002 ], [ -5.024539681727413, 40.850910252075678 ], [ -5.026078486274089, 40.850910252075678 ], [ -5.026078486274089, 40.852449056622355 ], [ -5.026847888547426, 40.852449056622355 ], [ -5.026847888547426, 40.853218458895697 ], [ -5.027617290820764, 40.853218458895697 ], [ -5.027617290820764, 40.854757263442366 ], [ -5.029156095367439, 40.854757263442366 ], [ -5.029156095367439, 40.855526665715708 ], [ -5.029925497640777, 40.855526665715708 ], [ -5.029925497640777, 40.856296067989042 ], [ -5.030694899914114, 40.856296067989042 ], [ -5.030694899914114, 40.857834872535719 ], [ -5.031464302187452, 40.857834872535719 ], [ -5.031464302187452, 40.858604274809053 ], [ -5.03223370446079, 40.858604274809053 ], [ -5.03223370446079, 40.859373677082395 ], [ -5.033003106734127, 40.859373677082395 ], [ -5.033003106734127, 40.860912481629072 ], [ -5.033772509007465, 40.860912481629072 ], [ -5.033772509007465, 40.861681883902406 ], [ -5.03531131355414, 40.861681883902406 ], [ -5.03531131355414, 40.862451286175741 ], [ -5.036080715827477, 40.862451286175741 ], [ -5.036080715827477, 40.863990090722417 ], [ -5.036850118100815, 40.863990090722417 ], [ -5.036850118100815, 40.864759492995759 ], [ -5.037619520374153, 40.864759492995759 ], [ -5.037619520374153, 40.866298297542436 ], [ -5.03838892264749, 40.866298297542436 ], [ -5.03838892264749, 40.869375906635781 ], [ -5.039158324920828, 40.869375906635781 ], [ -5.039158324920828, 40.870914711182458 ], [ -5.040697129467503, 40.870914711182458 ], [ -5.040697129467503, 40.873992320275811 ], [ -5.04146653174084, 40.873992320275811 ], [ -5.04146653174084, 40.87553112482248 ], [ -5.042235934014178, 40.87553112482248 ], [ -5.042235934014178, 40.878608733915833 ], [ -5.043005336287516, 40.878608733915833 ], [ -5.043005336287516, 40.880147538462509 ], [ -5.043774738560853, 40.880147538462509 ], [ -5.043774738560853, 40.883225147555862 ], [ -5.044544140834191, 40.883225147555862 ], [ -5.044544140834191, 40.88245574528252 ], [ -5.045313543107529, 40.88245574528252 ], [ -5.045313543107529, 40.884763952102531 ], [ -5.046082945380866, 40.884763952102531 ], [ -5.046082945380866, 40.88707215892255 ], [ -5.046852347654204, 40.88707215892255 ], [ -5.046852347654204, 40.889380365742561 ], [ -5.047621749927542, 40.889380365742561 ], [ -5.047621749927542, 40.891688572562572 ], [ -5.048391152200879, 40.891688572562572 ], [ -5.048391152200879, 40.894766181655925 ], [ -5.049929956747555, 40.894766181655925 ], [ -5.049929956747555, 40.896304986202601 ], [ -5.050699359020892, 40.896304986202601 ], [ -5.050699359020892, 40.89784379074927 ], [ -5.051468761294229, 40.89784379074927 ], [ -5.051468761294229, 40.899382595295947 ], [ -5.052238163567567, 40.899382595295947 ], [ -5.052238163567567, 40.900151997569289 ], [ -5.053007565840905, 40.900151997569289 ], [ -5.053007565840905, 40.901690802115965 ], [ -5.053776968114242, 40.901690802115965 ], [ -5.053776968114242, 40.903229606662634 ], [ -5.055315772660918, 40.903229606662634 ], [ -5.055315772660918, 40.903999008935976 ], [ -5.056085174934255, 40.903999008935976 ], [ -5.056085174934255, 40.905537813482653 ], [ -5.056854577207592, 40.905537813482653 ], [ -5.056854577207592, 40.907076618029322 ], [ -5.057623979480931, 40.907076618029322 ], [ -5.057623979480931, 40.907846020302664 ], [ -5.058393381754268, 40.907846020302664 ], [ -5.058393381754268, 40.90938482484934 ], [ -5.059162784027605, 40.90938482484934 ], [ -5.059162784027605, 40.910923629396009 ], [ -5.060701588574281, 40.910923629396009 ], [ -5.060701588574281, 40.911693031669351 ], [ -5.061470990847618, 40.911693031669351 ], [ -5.061470990847618, 40.913231836216028 ], [ -5.062240393120955, 40.913231836216028 ], [ -5.062240393120955, 40.914770640762704 ], [ -5.063009795394294, 40.914770640762704 ], [ -5.063009795394294, 40.915540043036039 ], [ -5.063779197667631, 40.915540043036039 ], [ -5.063779197667631, 40.917078847582715 ], [ -5.064548599940968, 40.917078847582715 ], [ -5.064548599940968, 40.919387054402726 ], [ -5.063009795394294, 40.919387054402726 ], [ -5.063009795394294, 40.920156456676061 ], [ -5.062240393120955, 40.920156456676061 ], [ -5.062240393120955, 40.920925858949403 ], [ -5.061470990847618, 40.920925858949403 ], [ -5.061470990847618, 40.921695261222737 ], [ -5.060701588574281, 40.921695261222737 ], [ -5.060701588574281, 40.922464663496079 ], [ -5.059932186300943, 40.922464663496079 ], [ -5.059932186300943, 40.923234065769414 ], [ -5.059162784027605, 40.923234065769414 ], [ -5.059162784027605, 40.924003468042756 ], [ -5.058393381754268, 40.924003468042756 ], [ -5.058393381754268, 40.92477287031609 ], [ -5.057623979480931, 40.92477287031609 ], [ -5.057623979480931, 40.925542272589425 ], [ -5.056854577207592, 40.925542272589425 ], [ -5.056854577207592, 40.926311674862767 ], [ -5.055315772660918, 40.926311674862767 ], [ -5.055315772660918, 40.927081077136101 ], [ -5.054546370387579, 40.927081077136101 ], [ -5.054546370387579, 40.927850479409443 ], [ -5.053776968114242, 40.927850479409443 ], [ -5.053776968114242, 40.928619881682778 ], [ -5.053007565840905, 40.928619881682778 ], [ -5.053007565840905, 40.929389283956112 ], [ -5.051468761294229, 40.929389283956112 ], [ -5.051468761294229, 40.930158686229454 ], [ -5.050699359020892, 40.930158686229454 ], [ -5.050699359020892, 40.930928088502789 ], [ -5.049929956747555, 40.930928088502789 ], [ -5.049929956747555, 40.931697490776131 ], [ -5.049160554474216, 40.931697490776131 ], [ -5.049160554474216, 40.932466893049465 ], [ -5.048391152200879, 40.932466893049465 ], [ -5.048391152200879, 40.9332362953228 ], [ -5.047621749927542, 40.9332362953228 ], [ -5.047621749927542, 40.934005697596142 ], [ -5.045313543107529, 40.934005697596142 ], [ -5.045313543107529, 40.934775099869476 ], [ -5.044544140834191, 40.934775099869476 ], [ -5.044544140834191, 40.935544502142818 ], [ -5.043774738560853, 40.935544502142818 ], [ -5.043774738560853, 40.936313904416153 ], [ -5.043005336287516, 40.936313904416153 ], [ -5.043005336287516, 40.937083306689495 ], [ -5.042235934014178, 40.937083306689495 ], [ -5.042235934014178, 40.937852708962829 ], [ -5.04146653174084, 40.937852708962829 ], [ -5.04146653174084, 40.938622111236164 ], [ -5.040697129467503, 40.938622111236164 ], [ -5.040697129467503, 40.939391513509506 ], [ -5.039158324920828, 40.939391513509506 ], [ -5.039158324920828, 40.940930318056182 ], [ -5.03838892264749, 40.940930318056182 ], [ -5.03838892264749, 40.942469122602851 ], [ -5.039158324920828, 40.942469122602851 ], [ -5.039158324920828, 40.943238524876193 ], [ -5.039927727194166, 40.943238524876193 ], [ -5.039927727194166, 40.944007927149528 ], [ -5.040697129467503, 40.944007927149528 ], [ -5.040697129467503, 40.945546731696204 ], [ -5.04146653174084, 40.945546731696204 ], [ -5.04146653174084, 40.947085536242881 ], [ -5.042235934014178, 40.947085536242881 ], [ -5.042235934014178, 40.947854938516215 ], [ -5.043774738560853, 40.947854938516215 ], [ -5.043774738560853, 40.949393743062892 ], [ -5.044544140834191, 40.949393743062892 ], [ -5.044544140834191, 40.950932547609568 ], [ -5.045313543107529, 40.950932547609568 ], [ -5.045313543107529, 40.951701949882903 ], [ -5.046082945380866, 40.951701949882903 ], [ -5.046082945380866, 40.953240754429579 ], [ -5.046852347654204, 40.953240754429579 ], [ -5.046852347654204, 40.954779558976256 ], [ -5.047621749927542, 40.954779558976256 ], [ -5.047621749927542, 40.95554896124959 ], [ -5.049160554474216, 40.95554896124959 ], [ -5.049160554474216, 40.957087765796267 ], [ -5.049929956747555, 40.957087765796267 ], [ -5.049929956747555, 40.958626570342943 ], [ -5.050699359020892, 40.958626570342943 ], [ -5.050699359020892, 40.959395972616278 ], [ -5.051468761294229, 40.959395972616278 ], [ -5.051468761294229, 40.96016537488962 ], [ -5.052238163567567, 40.96016537488962 ], [ -5.052238163567567, 40.961704179436296 ], [ -5.051468761294229, 40.961704179436296 ], [ -5.051468761294229, 40.963242983982973 ], [ -5.050699359020892, 40.963242983982973 ], [ -5.050699359020892, 40.964012386256307 ], [ -5.049929956747555, 40.964012386256307 ], [ -5.049929956747555, 40.964781788529642 ], [ -5.049160554474216, 40.964781788529642 ], [ -5.049160554474216, 40.966320593076318 ], [ -5.048391152200879, 40.966320593076318 ], [ -5.048391152200879, 40.96708999534966 ], [ -5.047621749927542, 40.96708999534966 ], [ -5.047621749927542, 40.968628799896329 ], [ -5.046852347654204, 40.968628799896329 ], [ -5.046852347654204, 40.969398202169671 ], [ -5.046082945380866, 40.969398202169671 ], [ -5.046082945380866, 40.970167604443006 ], [ -5.045313543107529, 40.970167604443006 ], [ -5.045313543107529, 40.971706408989682 ], [ -5.043774738560853, 40.971706408989682 ], [ -5.043774738560853, 40.973245213536359 ], [ -5.045313543107529, 40.973245213536359 ], [ -5.045313543107529, 40.976322822629712 ], [ -5.046082945380866, 40.976322822629712 ], [ -5.046082945380866, 40.977861627176381 ], [ -5.046852347654204, 40.977861627176381 ], [ -5.046852347654204, 40.980939236269734 ], [ -5.047621749927542, 40.980939236269734 ], [ -5.047621749927542, 40.983247443089745 ], [ -5.048391152200879, 40.983247443089745 ], [ -5.048391152200879, 40.984786247636421 ], [ -5.049160554474216, 40.984786247636421 ], [ -5.049160554474216, 40.985555649909763 ], [ -5.049929956747555, 40.985555649909763 ], [ -5.049929956747555, 40.987863856729774 ], [ -5.050699359020892, 40.987863856729774 ], [ -5.050699359020892, 40.990172063549785 ], [ -5.051468761294229, 40.990172063549785 ], [ -5.051468761294229, 40.992480270369796 ], [ -5.052238163567567, 40.992480270369796 ], [ -5.052238163567567, 40.994788477189807 ], [ -5.053007565840905, 40.994788477189807 ], [ -5.053007565840905, 40.996327281736484 ], [ -5.052238163567567, 40.996327281736484 ], [ -5.052238163567567, 40.997096684009826 ], [ -5.051468761294229, 40.997096684009826 ], [ -5.051468761294229, 40.99786608628316 ], [ -5.050699359020892, 40.99786608628316 ], [ -5.050699359020892, 40.998635488556502 ], [ -5.049929956747555, 40.998635488556502 ], [ -5.049929956747555, 40.999404890829837 ], [ -5.049160554474216, 40.999404890829837 ], [ -5.049160554474216, 41.000943695376513 ], [ -5.048391152200879, 41.000943695376513 ], [ -5.048391152200879, 41.001713097649848 ], [ -5.047621749927542, 41.001713097649848 ], [ -5.047621749927542, 41.00248249992319 ], [ -5.046852347654204, 41.00248249992319 ], [ -5.046852347654204, 41.003251902196524 ], [ -5.046082945380866, 41.003251902196524 ], [ -5.046082945380866, 41.004021304469859 ], [ -5.045313543107529, 41.004021304469859 ], [ -5.045313543107529, 41.004790706743201 ], [ -5.044544140834191, 41.004790706743201 ], [ -5.044544140834191, 41.005560109016535 ], [ -5.043005336287516, 41.005560109016535 ], [ -5.043005336287516, 41.006329511289877 ], [ -5.043774738560853, 41.006329511289877 ], [ -5.043774738560853, 41.007098913563212 ], [ -5.04146653174084, 41.007098913563212 ], [ -5.04146653174084, 41.007868315836554 ], [ -5.040697129467503, 41.007868315836554 ], [ -5.040697129467503, 41.009407120383223 ], [ -5.039927727194166, 41.009407120383223 ], [ -5.039927727194166, 41.010176522656565 ], [ -5.039158324920828, 41.010176522656565 ], [ -5.039158324920828, 41.010945924929899 ], [ -5.03838892264749, 41.010945924929899 ], [ -5.03838892264749, 41.012484729476576 ], [ -5.036850118100815, 41.012484729476576 ], [ -5.036850118100815, 41.01325413174991 ], [ -5.036080715827477, 41.01325413174991 ], [ -5.036080715827477, 41.014792936296587 ], [ -5.03531131355414, 41.014792936296587 ], [ -5.03531131355414, 41.015562338569929 ], [ -5.034541911280803, 41.015562338569929 ], [ -5.034541911280803, 41.016331740843263 ], [ -5.033772509007465, 41.016331740843263 ], [ -5.033772509007465, 41.017101143116598 ], [ -5.03223370446079, 41.017101143116598 ], [ -5.03223370446079, 41.01787054538994 ], [ -5.031464302187452, 41.01787054538994 ], [ -5.031464302187452, 41.018639947663274 ], [ -5.030694899914114, 41.018639947663274 ], [ -5.030694899914114, 41.019409349936616 ], [ -5.029925497640777, 41.019409349936616 ], [ -5.029925497640777, 41.020948154483293 ], [ -5.029156095367439, 41.020948154483293 ], [ -5.029156095367439, 41.021717556756627 ], [ -5.027617290820764, 41.021717556756627 ], [ -5.027617290820764, 41.023256361303304 ], [ -5.026847888547426, 41.023256361303304 ], [ -5.026847888547426, 41.024025763576638 ], [ -5.026078486274089, 41.024025763576638 ], [ -5.026078486274089, 41.02479516584998 ], [ -5.025309084000751, 41.02479516584998 ], [ -5.025309084000751, 41.026333970396649 ], [ -5.023770279454076, 41.026333970396649 ], [ -5.023770279454076, 41.028642177216668 ], [ -5.024539681727413, 41.028642177216668 ], [ -5.024539681727413, 41.029411579490002 ], [ -5.025309084000751, 41.029411579490002 ], [ -5.025309084000751, 41.030950384036679 ], [ -5.026078486274089, 41.030950384036679 ], [ -5.026078486274089, 41.031719786310013 ], [ -5.026847888547426, 41.031719786310013 ], [ -5.026847888547426, 41.032489188583355 ], [ -5.027617290820764, 41.032489188583355 ], [ -5.027617290820764, 41.034027993130032 ], [ -5.029156095367439, 41.034027993130032 ], [ -5.029156095367439, 41.034797395403366 ], [ -5.029925497640777, 41.034797395403366 ], [ -5.029925497640777, 41.036336199950043 ], [ -5.030694899914114, 41.036336199950043 ], [ -5.030694899914114, 41.037105602223377 ], [ -5.031464302187452, 41.037105602223377 ], [ -5.031464302187452, 41.038644406770054 ], [ -5.03223370446079, 41.038644406770054 ], [ -5.03223370446079, 41.039413809043388 ], [ -5.033003106734127, 41.039413809043388 ], [ -5.033003106734127, 41.04018321131673 ], [ -5.033772509007465, 41.04018321131673 ], [ -5.033772509007465, 41.041722015863407 ], [ -5.03531131355414, 41.041722015863407 ], [ -5.03531131355414, 41.042491418136741 ], [ -5.036080715827477, 41.042491418136741 ], [ -5.036080715827477, 41.044030222683418 ], [ -5.036850118100815, 41.044030222683418 ], [ -5.036850118100815, 41.044799624956752 ], [ -5.037619520374153, 41.044799624956752 ], [ -5.037619520374153, 41.046338429503429 ], [ -5.03838892264749, 41.046338429503429 ], [ -5.03838892264749, 41.047107831776771 ], [ -5.039158324920828, 41.047107831776771 ], [ -5.039158324920828, 41.047877234050105 ], [ -5.039927727194166, 41.047877234050105 ], [ -5.039927727194166, 41.04864663632344 ], [ -5.040697129467503, 41.04864663632344 ], [ -5.040697129467503, 41.049416038596782 ], [ -5.04146653174084, 41.049416038596782 ], [ -5.04146653174084, 41.050185440870116 ], [ -5.042235934014178, 41.050185440870116 ], [ -5.042235934014178, 41.051724245416793 ], [ -5.043005336287516, 41.051724245416793 ], [ -5.043005336287516, 41.052493647690127 ], [ -5.043774738560853, 41.052493647690127 ], [ -5.043774738560853, 41.054032452236804 ], [ -5.045313543107529, 41.054032452236804 ], [ -5.045313543107529, 41.05557125678348 ], [ -5.046852347654204, 41.05557125678348 ], [ -5.046852347654204, 41.056340659056822 ], [ -5.047621749927542, 41.056340659056822 ], [ -5.047621749927542, 41.057879463603491 ], [ -5.048391152200879, 41.057879463603491 ], [ -5.048391152200879, 41.058648865876833 ], [ -5.049160554474216, 41.058648865876833 ], [ -5.049160554474216, 41.059418268150168 ], [ -5.049929956747555, 41.059418268150168 ], [ -5.049929956747555, 41.060957072696844 ], [ -5.050699359020892, 41.060957072696844 ], [ -5.050699359020892, 41.061726474970179 ], [ -5.051468761294229, 41.061726474970179 ], [ -5.051468761294229, 41.062495877243521 ], [ -5.053007565840905, 41.062495877243521 ], [ -5.053007565840905, 41.063265279516855 ], [ -5.053776968114242, 41.063265279516855 ], [ -5.053776968114242, 41.064804084063532 ], [ -5.054546370387579, 41.064804084063532 ], [ -5.054546370387579, 41.065573486336866 ], [ -5.055315772660918, 41.065573486336866 ], [ -5.055315772660918, 41.066342888610208 ], [ -5.056085174934255, 41.066342888610208 ], [ -5.056085174934255, 41.067112290883543 ], [ -5.056854577207592, 41.067112290883543 ], [ -5.056854577207592, 41.068651095430219 ], [ -5.058393381754268, 41.068651095430219 ], [ -5.058393381754268, 41.069420497703561 ], [ -5.059162784027605, 41.069420497703561 ], [ -5.059162784027605, 41.070189899976896 ], [ -5.059932186300943, 41.070189899976896 ], [ -5.059932186300943, 41.07095930225023 ], [ -5.060701588574281, 41.07095930225023 ], [ -5.060701588574281, 41.071728704523572 ], [ -5.061470990847618, 41.071728704523572 ], [ -5.061470990847618, 41.073267509070249 ], [ -5.062240393120955, 41.073267509070249 ], [ -5.062240393120955, 41.074036911343583 ], [ -5.064548599940968, 41.074036911343583 ], [ -5.064548599940968, 41.07557571589026 ], [ -5.065318002214307, 41.07557571589026 ], [ -5.065318002214307, 41.076345118163594 ], [ -5.066087404487644, 41.076345118163594 ], [ -5.066087404487644, 41.077114520436936 ], [ -5.066856806760981, 41.077114520436936 ], [ -5.066856806760981, 41.077883922710271 ], [ -5.067626209034319, 41.077883922710271 ], [ -5.067626209034319, 41.078653324983613 ], [ -5.068395611307657, 41.078653324983613 ], [ -5.068395611307657, 41.079422727256947 ], [ -5.069165013580994, 41.079422727256947 ], [ -5.069165013580994, 41.080961531803624 ], [ -5.07070381812767, 41.080961531803624 ], [ -5.07070381812767, 41.081730934076958 ], [ -5.072242622674344, 41.081730934076958 ], [ -5.072242622674344, 41.083269738623635 ], [ -5.073012024947682, 41.083269738623635 ], [ -5.073012024947682, 41.084039140896969 ], [ -5.07378142722102, 41.084039140896969 ], [ -5.07378142722102, 41.084808543170311 ], [ -5.074550829494357, 41.084808543170311 ], [ -5.074550829494357, 41.085577945443646 ], [ -5.075320231767695, 41.085577945443646 ], [ -5.075320231767695, 41.086347347716988 ], [ -5.07685903631437, 41.086347347716988 ], [ -5.07685903631437, 41.087886152263657 ], [ -5.077628438587707, 41.087886152263657 ], [ -5.077628438587707, 41.088655554536999 ], [ -5.078397840861046, 41.088655554536999 ], [ -5.078397840861046, 41.089424956810333 ], [ -5.079167243134383, 41.089424956810333 ], [ -5.079167243134383, 41.090194359083675 ], [ -5.07993664540772, 41.090194359083675 ], [ -5.07993664540772, 41.09096376135701 ], [ -5.080706047681058, 41.09096376135701 ], [ -5.080706047681058, 41.091733163630352 ], [ -5.081475449954396, 41.091733163630352 ], [ -5.081475449954396, 41.092502565903686 ], [ -5.082244852227733, 41.092502565903686 ], [ -5.082244852227733, 41.093271968177021 ], [ -5.083783656774409, 41.093271968177021 ], [ -5.083783656774409, 41.094041370450363 ], [ -5.084553059047746, 41.094041370450363 ], [ -5.084553059047746, 41.095580174997039 ], [ -5.085322461321084, 41.095580174997039 ], [ -5.085322461321084, 41.096349577270374 ], [ -5.086091863594421, 41.096349577270374 ], [ -5.086091863594421, 41.097118979543708 ], [ -5.086861265867759, 41.097118979543708 ], [ -5.086861265867759, 41.09788838181705 ], [ -5.088400070414434, 41.09788838181705 ], [ -5.088400070414434, 41.098657784090385 ], [ -5.089169472687772, 41.098657784090385 ], [ -5.089169472687772, 41.099427186363727 ], [ -5.089938874961109, 41.099427186363727 ], [ -5.089938874961109, 41.100965990910396 ], [ -5.091477679507785, 41.100965990910396 ], [ -5.091477679507785, 41.101735393183738 ], [ -5.092247081781122, 41.101735393183738 ], [ -5.092247081781122, 41.103274197730414 ], [ -5.093016484054459, 41.103274197730414 ], [ -5.093016484054459, 41.104043600003749 ], [ -5.094555288601135, 41.104043600003749 ], [ -5.094555288601135, 41.104813002277091 ], [ -5.095324690874472, 41.104813002277091 ], [ -5.095324690874472, 41.105582404550425 ], [ -5.09609409314781, 41.105582404550425 ], [ -5.09609409314781, 41.10635180682376 ], [ -5.096863495421148, 41.10635180682376 ], [ -5.096863495421148, 41.107890611370436 ], [ -5.097632897694485, 41.107890611370436 ], [ -5.097632897694485, 41.108660013643778 ], [ -5.09917170224116, 41.108660013643778 ], [ -5.09917170224116, 41.110198818190447 ], [ -5.100710506787836, 41.110198818190447 ], [ -5.100710506787836, 41.110968220463789 ], [ -5.101479909061173, 41.110968220463789 ], [ -5.101479909061173, 41.111737622737124 ], [ -5.102249311334511, 41.111737622737124 ], [ -5.102249311334511, 41.112507025010466 ], [ -5.103018713607849, 41.112507025010466 ], [ -5.103018713607849, 41.1132764272838 ], [ -5.103788115881186, 41.1132764272838 ], [ -5.103788115881186, 41.114045829557142 ], [ -5.104557518154524, 41.114045829557142 ], [ -5.104557518154524, 41.120970450017175 ], [ -5.105326920427861, 41.120970450017175 ], [ -5.105326920427861, 41.134050288663914 ], [ -5.105849372453542, 41.134050288663914 ], [ -5.104802130470388, 41.139436104577278 ], [ -5.104557518154524, 41.139436104577278 ] ] ] } }
]
}
