{
"type": "FeatureCollection",
"name": "embalses",
"crs": { "type": "name", "properties": { "name": "urn:ogc:def:crs:OGC:1.3:CRS84" } },
"features": [
{ "type": "Feature", "properties": { "INFORME": "https://sig.mapama.gob.es/WebServices/clientews/snczi/Default.aspx?nombre=EGISPE_EMBALSE&claves=ID_EMBALSE&valores=1522", "ID_EMBALSE": 1522.0, "CODIGO": 1522, "NOMBRE": "NAVATEJARES (BALSA)", "NMN_SUP": 6250.0, "NMN_CAPAC": 0.02, "NMN_COTA": 0.0, "NAE_COTA": null, "ADMON_COMP": "Administración Autonómica", "DEMARC": "DUERO", "PROVINCIA": "Ávila", "SUP_CUENCA": null, "AP_M_ANUAL": null, "TIPO_EMBAL": "Embalse de balsa", "DTOR_EXPLO": null, "TIPO_TITUL": "Ayuntamientos y/o Diputaciones", "USO": "Abastecimiento", "ID_0": 215, "ISO": "ESP", "NAME_0": "Spain", "ID_1": 11, "NAME_1": "Castilla y León", "ID_2": 18, "NAME_2": "Ávila", "TYPE_2": "Provincia", "ENGTYPE_2": "Province", "area": 6434.677, "cuenca": "Tormes", "Tipo": "Embalse" }, "geometry": { "type": "MultiPolygon", "coordinates": [ [ [ [ -5.519359208999959, 40.323781559000054 ], [ -5.519373484999959, 40.323805354000058 ], [ -5.519378244999928, 40.323851040000086 ], [ -5.519367773999932, 40.323912906000032 ], [ -5.519280210999965, 40.324030927000088 ], [ -5.519181224999954, 40.324102311000033 ], [ -5.519047022999927, 40.324153708000033 ], [ -5.518918532999977, 40.324168936000035 ], [ -5.518739596999978, 40.324157515000024 ], [ -5.51854067399995, 40.32409374500002 ], [ -5.518288450999933, 40.323969062000067 ], [ -5.518051456999956, 40.323826294000071 ], [ -5.517951518999952, 40.323748248000058 ], [ -5.517886798999938, 40.323672105000071 ], [ -5.51785919699995, 40.323628323000037 ], [ -5.517857292999964, 40.323562650000049 ], [ -5.517874425999935, 40.323512205000043 ], [ -5.517907737999963, 40.323473181000047 ], [ -5.517946760999961, 40.323450339000026 ], [ -5.517979120999938, 40.323435110000048 ], [ -5.518071444999975, 40.323442724000088 ], [ -5.518263704999981, 40.323478893000058 ], [ -5.518595876999939, 40.323554083000026 ], [ -5.518912821999947, 40.323627371000057 ], [ -5.519083190999937, 40.323665442000056 ], [ -5.51924499399996, 40.323713983000061 ], [ -5.519328751999978, 40.32374729500004 ], [ -5.519359208999959, 40.323781559000054 ] ] ] ] } },
{ "type": "Feature", "properties": { "INFORME": "https://sig.mapama.gob.es/WebServices/clientews/snczi/Default.aspx?nombre=EGISPE_EMBALSE&claves=ID_EMBALSE&valores=1578", "ID_EMBALSE": 1578.0, "CODIGO": 1578, "NOMBRE": "PAJARERO, EL", "NMN_SUP": 41100.0, "NMN_CAPAC": 0.54, "NMN_COTA": null, "NAE_COTA": null, "ADMON_COMP": "Estado", "DEMARC": "TAJO", "PROVINCIA": "Ávila", "SUP_CUENCA": null, "AP_M_ANUAL": null, "TIPO_EMBAL": "Embalse de presa", "DTOR_EXPLO": null, "TIPO_TITUL": "Estado", "USO": "Abastecimiento", "ID_0": 215, "ISO": "ESP", "NAME_0": "Spain", "ID_1": 5, "NAME_1": "Castilla y León", "ID_2": 18, "NAME_2": "Ávila", "TYPE_2": "Provincia", "ENGTYPE_2": "Province", "area": 39358.285, "cuenca": "Tietar", "Tipo": "Embalse" }, "geometry": { "type": "MultiPolygon", "coordinates": [ [ [ [ -4.561931778999963, 40.310636692000053 ], [ -4.562060033999955, 40.310840361000032 ], [ -4.562281523999957, 40.311259883000048 ], [ -4.562415770999962, 40.311314825000061 ], [ -4.562654193999947, 40.311447638000047 ], [ -4.56298615199995, 40.312013410000077 ], [ -4.563068863999944, 40.31223210700005 ], [ -4.563084035999963, 40.312685945000055 ], [ -4.56328448599993, 40.313111154000069 ], [ -4.563394828999947, 40.313558301000057 ], [ -4.563313315999949, 40.313645854000072 ], [ -4.563313292999964, 40.31364588700005 ], [ -4.56324025999993, 40.313591920000071 ], [ -4.562760636999941, 40.313053368000055 ], [ -4.562549841999952, 40.312894057000044 ], [ -4.561828677999927, 40.312495697000031 ], [ -4.56131742699995, 40.312269269000069 ], [ -4.561049327999966, 40.312176493000038 ], [ -4.560805168999934, 40.312050060000047 ], [ -4.560577106999972, 40.311907194000071 ], [ -4.56019148699994, 40.311565557000044 ], [ -4.560031533999961, 40.311365016000018 ], [ -4.560758238999938, 40.310982412000051 ], [ -4.561724439999979, 40.310473729000073 ], [ -4.561931778999963, 40.310636692000053 ] ] ] ] } },
{ "type": "Feature", "properties": { "INFORME": "https://sig.mapama.gob.es/WebServices/clientews/snczi/Default.aspx?nombre=EGISPE_EMBALSE&claves=ID_EMBALSE&valores=2128", "ID_EMBALSE": 2128.0, "CODIGO": 2128, "NOMBRE": "SERONES", "NMN_SUP": 1810000.0, "NMN_CAPAC": 6.3, "NMN_COTA": null, "NAE_COTA": null, "ADMON_COMP": "Estado", "DEMARC": "DUERO", "PROVINCIA": "Ávila", "SUP_CUENCA": null, "AP_M_ANUAL": null, "TIPO_EMBAL": "Embalse de presa", "DTOR_EXPLO": "RAFAEL BITTINI COPANO", "TIPO_TITUL": "Ayuntamientos y/o Diputaciones", "USO": "Abastecimiento", "ID_0": 215, "ISO": "ESP", "NAME_0": "Spain", "ID_1": 5, "NAME_1": "Castilla y León", "ID_2": 18, "NAME_2": "Ávila", "TYPE_2": "Provincia", "ENGTYPE_2": "Province", "area": 1973994.131, "cuenca": "Adaja", "Tipo": "Embalse" }, "geometry": { "type": "MultiPolygon", "coordinates": [ [ [ [ -4.474165438999933, 40.686442126000017 ], [ -4.474183221999965, 40.68671214700003 ], [ -4.474199019999958, 40.686892111000077 ], [ -4.474228036999933, 40.687134963000069 ], [ -4.474232796999957, 40.687351101000047 ], [ -4.474178603999974, 40.687576999000036 ], [ -4.474160098999959, 40.687811450000027 ], [ -4.474140601999978, 40.688000873000078 ], [ -4.474133730999937, 40.688226167000039 ], [ -4.474161757999981, 40.688423991000036 ], [ -4.474155480999968, 40.688676302000033 ], [ -4.474148609999928, 40.688901596000051 ], [ -4.474165597999956, 40.689135594000042 ], [ -4.474243330999968, 40.689440882000042 ], [ -4.474308041999961, 40.689692287000078 ], [ -4.474131168999974, 40.689721570000074 ], [ -4.473895139999968, 40.689751609000041 ], [ -4.473694603999944, 40.689781193000037 ], [ -4.473435109999969, 40.689820538000063 ], [ -4.473410058999946, 40.689757800000052 ], [ -4.473397236999972, 40.689712923000059 ], [ -4.473360751999962, 40.689668347000065 ], [ -4.473288772999979, 40.689624224000049 ], [ -4.472979376999944, 40.689547098000041 ], [ -4.472682408999958, 40.689496837000029 ], [ -4.47259919399994, 40.689479882000057 ], [ -4.472527612999954, 40.689453770000064 ], [ -4.472358209999925, 40.689284773000061 ], [ -4.472165742999948, 40.689143096000073 ], [ -4.471926148999955, 40.689011027000042 ], [ -4.471723039999972, 40.688923533000036 ], [ -4.471494684999925, 40.688764295000055 ], [ -4.471348949999935, 40.688594996000063 ], [ -4.471179553999946, 40.688425997000024 ], [ -4.470952191999971, 40.688311787000032 ], [ -4.470688743999972, 40.688171011000065 ], [ -4.470450540999934, 40.688101979000066 ], [ -4.470188083999972, 40.688006231000031 ], [ -4.469961911999973, 40.687946053000076 ], [ -4.469866868999929, 40.687929246000067 ], [ -4.469594559999962, 40.68792370400007 ], [ -4.469499714999927, 40.687915903000032 ], [ -4.469404671999939, 40.687899096000081 ], [ -4.46933269699997, 40.687854971000043 ], [ -4.469283989999951, 40.687792533000042 ], [ -4.469270774999926, 40.687729644000065 ], [ -4.469316911999954, 40.68767500700006 ], [ -4.46951566399997, 40.687564378000047 ], [ -4.469772976999934, 40.687425979000061 ], [ -4.46986584299998, 40.68734372200003 ], [ -4.469968561999963, 40.687171257000045 ], [ -4.469979205999948, 40.687117072000028 ], [ -4.469950994999977, 40.686910241000078 ], [ -4.469804279999948, 40.686695911000065 ], [ -4.469611032999977, 40.686518205000027 ], [ -4.469418973999949, 40.686394534000051 ], [ -4.469167762999973, 40.686271616000042 ], [ -4.468905117999953, 40.686166858000043 ], [ -4.468677765999928, 40.686052643000032 ], [ -4.468497540999976, 40.685928820000058 ], [ -4.468340582999929, 40.685786684000043 ], [ -4.468171397999924, 40.685626687000074 ], [ -4.46796672399995, 40.685467140000071 ], [ -4.467774670999973, 40.685343466000056 ], [ -4.467511438999964, 40.68521168900002 ], [ -4.46727403999995, 40.685178673000053 ], [ -4.467013966999957, 40.685190986000073 ], [ -4.466729443999951, 40.685167576000026 ], [ -4.466610546999959, 40.685142062000061 ], [ -4.466526550999959, 40.685089079000086 ], [ -4.466379652999933, 40.684865738000035 ], [ -4.46634258399996, 40.684794143000026 ], [ -4.466282049999961, 40.684731854000049 ], [ -4.466210080999928, 40.68468772600005 ], [ -4.465899532999969, 40.684556545000078 ], [ -4.465613829999938, 40.684479098000054 ], [ -4.465376039999966, 40.684428067000063 ], [ -4.465031974999931, 40.684387392000069 ], [ -4.46474745699993, 40.684363977000032 ], [ -4.464463527999953, 40.684367579000025 ], [ -4.464155151999933, 40.684335457000032 ], [ -4.463822720999929, 40.684285622000061 ], [ -4.463538005999966, 40.684253199000068 ], [ -4.463194138999938, 40.684221524000058 ], [ -4.46301570099996, 40.68417874400005 ], [ -4.462752481999928, 40.684046955000035 ], [ -4.462465603999931, 40.683915465000041 ], [ -4.462227030999941, 40.683828404000053 ], [ -4.462012315999971, 40.683750049000011 ], [ -4.461749100999953, 40.683618258000081 ], [ -4.461460653999951, 40.683414719000041 ], [ -4.46138829599994, 40.683352577000043 ], [ -4.460002442999951, 40.682748541000073 ], [ -4.459658191999949, 40.682698844000072 ], [ -4.459504794999929, 40.682718800000025 ], [ -4.45928198699994, 40.682811699000062 ], [ -4.459013820999928, 40.682995254000041 ], [ -4.458828267999934, 40.683168756000043 ], [ -4.458641733999968, 40.683297228000065 ], [ -4.458384609999939, 40.683444609000055 ], [ -4.458314412999925, 40.683481529000069 ], [ -4.45823179799993, 40.683491581000048 ], [ -4.458172253999975, 40.683474316000058 ], [ -4.458086501999958, 40.683340275000035 ], [ -4.457999373999939, 40.683143194000017 ], [ -4.457914208999966, 40.683036170000037 ], [ -4.457805775999931, 40.682947456000072 ], [ -4.457590872999958, 40.682860087000059 ], [ -4.457340283999939, 40.682764159000037 ], [ -4.45712459799995, 40.682640766000077 ], [ -4.456812900999978, 40.682455526000062 ], [ -4.456800874999942, 40.682446669000058 ], [ -4.456595452999976, 40.682251079000025 ], [ -4.456449769999949, 40.68208175900002 ], [ -4.45626918499994, 40.681939905000029 ], [ -4.455980956999952, 40.68174535800005 ], [ -4.455824034999979, 40.681603204000048 ], [ -4.455690380999953, 40.681442741000062 ], [ -4.455520453999952, 40.681246701000077 ], [ -4.455422291999979, 40.681085789000058 ], [ -4.455310536999945, 40.680843975000073 ], [ -4.455176689999972, 40.680674504000073 ], [ -4.455031992999976, 40.680550212000078 ], [ -4.454995916999962, 40.680523642000018 ], [ -4.45478024199997, 40.680400244000054 ], [ -4.454553129999964, 40.680295006000044 ], [ -4.454326605999937, 40.68021678500002 ], [ -4.454100862999951, 40.680174587000067 ], [ -4.453970542999968, 40.680167220000037 ], [ -4.453852637999944, 40.680186722000037 ], [ -4.453747735999968, 40.680260109000073 ], [ -4.453737469999965, 40.680332304000054 ], [ -4.453730530999962, 40.680557599000053 ], [ -4.453546925999945, 40.680821151000025 ], [ -4.453360581999959, 40.680958621000059 ], [ -4.453126918999942, 40.681096686000039 ], [ -4.452881033999972, 40.681216888000051 ], [ -4.452647173999934, 40.681345947000061 ], [ -4.452461802999949, 40.681528445000026 ], [ -4.452357093999978, 40.681610837000058 ], [ -4.452298335999955, 40.681629593000025 ], [ -4.45223938099997, 40.68163934200004 ], [ -4.452144155999974, 40.681613515000038 ], [ -4.451963581999962, 40.681471654000063 ], [ -4.451783203999981, 40.681338798000063 ], [ -4.451566750999974, 40.681179371000049 ], [ -4.451302394999971, 40.680993520000072 ], [ -4.451086138999925, 40.680843098000018 ], [ -4.450858445999927, 40.68071083500007 ], [ -4.450632118999977, 40.680641613000034 ], [ -4.450417623999955, 40.68057224100005 ], [ -4.450201175999951, 40.680412811000053 ], [ -4.450153076999926, 40.680377382000081 ], [ -4.450043682999934, 40.680243632000042 ], [ -4.450014951999947, 40.680009777000059 ], [ -4.450021124999977, 40.679748460000042 ], [ -4.449993368999969, 40.679559634000029 ], [ -4.44987019699994, 40.679335974000026 ], [ -4.449759245999928, 40.67913017700004 ], [ -4.449613002999968, 40.678933831000045 ], [ -4.449444269999957, 40.678791816000057 ], [ -4.449180904999935, 40.678650990000058 ], [ -4.448883219999971, 40.678564643000072 ], [ -4.448573901999964, 40.678487450000041 ], [ -4.448335950999933, 40.678427377000048 ], [ -4.448074145999954, 40.678358595000077 ], [ -4.447836584999948, 40.678316533000036 ], [ -4.44774175599997, 40.678308714000011 ], [ -4.447647510999956, 40.67832791200005 ], [ -4.447377771999925, 40.678439394000044 ], [ -4.447283915999947, 40.678476603000043 ], [ -4.44718947599995, 40.678486795000026 ], [ -4.446951524999974, 40.678426720000054 ], [ -4.446675751999975, 40.678259018000055 ], [ -4.446494809999933, 40.678099136000071 ], [ -4.446230478999951, 40.677913273000051 ], [ -4.446026268999958, 40.677771699000061 ], [ -4.44572781499994, 40.677649320000057 ], [ -4.44550169799993, 40.677589093000059 ], [ -4.445240289999958, 40.677538316000039 ], [ -4.444954832999941, 40.677469823000081 ], [ -4.444658131999971, 40.677428494000019 ], [ -4.444409133999955, 40.677404585000033 ], [ -4.44416091599993, 40.677416698000044 ], [ -4.443868097999939, 40.677555485000028 ], [ -4.443693767999945, 40.677701798000037 ], [ -4.443495970999947, 40.677857412000037 ], [ -4.443298367999944, 40.678022032000058 ], [ -4.443091846999948, 40.678321887000031 ], [ -4.443013117999953, 40.678512045000048 ], [ -4.442991205999931, 40.678593393000028 ], [ -4.442979570999967, 40.678602547000018 ], [ -4.442910533999964, 40.678693493000019 ], [ -4.442653586999938, 40.678849845000052 ], [ -4.442526761999943, 40.679004570000068 ], [ -4.442402458999936, 40.679276372000061 ], [ -4.442347773999927, 40.679484246000065 ], [ -4.44230569399997, 40.679727995000064 ], [ -4.442286303999936, 40.679926420000065 ], [ -4.442264196999929, 40.679998763000064 ], [ -4.442181582999979, 40.680008803000071 ], [ -4.441953908999949, 40.679876522000022 ], [ -4.441905426999938, 40.679823078000027 ], [ -4.441819709999948, 40.67968902400002 ], [ -4.441767734999927, 40.679473474000062 ], [ -4.44175125199996, 40.679257481000029 ], [ -4.441781890999948, 40.679031891000072 ], [ -4.441836965999927, 40.678842029000059 ], [ -4.441891069999939, 40.678607138000075 ], [ -4.441908908999949, 40.67833666700006 ], [ -4.441927137999926, 40.67808420700004 ], [ -4.441970574999972, 40.677903498000035 ], [ -4.442084598999941, 40.677703892000061 ], [ -4.442211423999934, 40.677549167000031 ], [ -4.442349492999938, 40.677367276000048 ], [ -4.442450717999975, 40.67712278700003 ], [ -4.442505012999958, 40.676896902000053 ], [ -4.44248910899995, 40.676707926000063 ], [ -4.442412701999957, 40.676456649000038 ], [ -4.442302747999975, 40.676295873000072 ], [ -4.442121432999954, 40.676117972000036 ], [ -4.44195252999998, 40.675966941000055 ], [ -4.441724482999973, 40.67581664800008 ], [ -4.441530758999932, 40.675611876000069 ], [ -4.441384935999962, 40.675433530000078 ], [ -4.441324627999961, 40.675380233000055 ], [ -4.441252491999933, 40.67532708400006 ], [ -4.441180936999955, 40.675300952000036 ], [ -4.441086693999978, 40.675320145000057 ], [ -4.441005248999943, 40.675384220000062 ], [ -4.44096316699995, 40.675627969000054 ], [ -4.44098914999995, 40.675735745000061 ], [ -4.440990312999929, 40.675789780000052 ], [ -4.440955795999969, 40.675835252000063 ], [ -4.440662591999967, 40.675956019000061 ], [ -4.440391687999977, 40.676013449000031 ], [ -4.440049034999958, 40.676035740000025 ], [ -4.439977673999977, 40.676018613000046 ], [ -4.439871405999952, 40.676028947000077 ], [ -4.439743804999978, 40.676147646000061 ], [ -4.439617752999936, 40.676338392000055 ], [ -4.43958323399994, 40.676383864000059 ], [ -4.439525251999953, 40.676438637000054 ], [ -4.439314650999962, 40.676549362000053 ], [ -4.43917502499994, 40.676659202000046 ], [ -4.43902550599995, 40.676859248000028 ], [ -4.438839141999948, 40.676996695000057 ], [ -4.43867643699997, 40.677133847000043 ], [ -4.43856220899994, 40.677324445000075 ], [ -4.438471831999948, 40.677523753000067 ], [ -4.438357796999981, 40.677723357000048 ], [ -4.438255588999936, 40.677922812000077 ], [ -4.43814116599998, 40.678104404000067 ], [ -4.438083565999931, 40.678177187000074 ], [ -4.438025192999931, 40.678213948000064 ], [ -4.437963144999969, 40.678079596000025 ], [ -4.437923400999978, 40.677881909000064 ], [ -4.437812488999953, 40.677676099000053 ], [ -4.437784187999966, 40.67746025200006 ], [ -4.437802044999955, 40.677189781000038 ], [ -4.437847038999961, 40.677081121000064 ], [ -4.438078013999927, 40.67681700400005 ], [ -4.438228696999944, 40.676670994000062 ], [ -4.438437170999976, 40.676461206000056 ], [ -4.438587851999956, 40.676315196000068 ], [ -4.438773053999967, 40.676123714000035 ], [ -4.438899880999941, 40.675968993000019 ], [ -4.439085079999927, 40.675777510000046 ], [ -4.439256318999981, 40.675487110000056 ], [ -4.43936976699996, 40.675260488000042 ], [ -4.439424458999951, 40.675052616000073 ], [ -4.439453361999937, 40.674745973000029 ], [ -4.43946112499998, 40.674556702000075 ], [ -4.439421572999947, 40.674368021000078 ], [ -4.439334512999949, 40.674170924000066 ], [ -4.439260248999971, 40.674018708000062 ], [ -4.439102413999932, 40.673831502000048 ], [ -4.438909671999965, 40.673671754000047 ], [ -4.438717124999926, 40.67352101300002 ], [ -4.438477264999961, 40.673370860000041 ], [ -4.438214328999947, 40.673248020000067 ], [ -4.438035934999959, 40.673205200000034 ], [ -4.437787343999958, 40.673199288000035 ], [ -4.437514706999934, 40.673175658000041 ], [ -4.437229470999966, 40.673116151000038 ], [ -4.437014431999954, 40.673019736000064 ], [ -4.436846900999966, 40.672931738000031 ], [ -4.436642338999945, 40.67277213400007 ], [ -4.436499431999947, 40.672728871000054 ], [ -4.436191313999927, 40.672705679000046 ], [ -4.435919066999929, 40.672700057000036 ], [ -4.435682305999933, 40.67269399300006 ], [ -4.435326680999935, 40.672662381000066 ], [ -4.435042412999962, 40.672647898000037 ], [ -4.43479420999995, 40.672659991000039 ], [ -4.434487249999961, 40.672690831000075 ], [ -4.434192695999969, 40.67274854000005 ], [ -4.433969112999931, 40.672805367000073 ], [ -4.43366311699998, 40.672881233000055 ], [ -4.433368176999976, 40.672920928000046 ], [ -4.433107756999958, 40.672915153000076 ], [ -4.432835894999926, 40.672927535000042 ], [ -4.432765116999974, 40.672937422000068 ], [ -4.432635197999957, 40.67294804200003 ], [ -4.432493446999956, 40.672958809000065 ], [ -4.43143936499996, 40.67290882500005 ], [ -4.430387399999973, 40.672957895000025 ], [ -4.430140155999936, 40.67301500800005 ], [ -4.430045913999947, 40.673034192000031 ], [ -4.430407593999973, 40.672795496000049 ], [ -4.430652718999965, 40.672639317000055 ], [ -4.430259496999952, 40.672509065000042 ], [ -4.429927531999965, 40.672477143000044 ], [ -4.429782513999953, 40.672334806000038 ], [ -4.429781166999931, 40.672271765000055 ], [ -4.430050141999969, 40.672124301000046 ], [ -4.430639442999961, 40.672017909000033 ], [ -4.432194039999956, 40.67168334400003 ], [ -4.433097297999949, 40.671320813000072 ], [ -4.433999003999929, 40.67088622600005 ], [ -4.434773675999963, 40.67059734500004 ], [ -4.435692594999977, 40.67041476400005 ], [ -4.436425158999953, 40.670369619000027 ], [ -4.436793372999944, 40.670437104000023 ], [ -4.437531155999977, 40.670635112000063 ], [ -4.437852059999954, 40.670703182000068 ], [ -4.437982942999952, 40.670737585000033 ], [ -4.438253439999926, 40.670662150000048 ], [ -4.438583850999976, 40.670622 ], [ -4.438984454999968, 40.670544941000053 ], [ -4.439264069999979, 40.670343273000078 ], [ -4.439603596999973, 40.670176891000025 ], [ -4.439708305999943, 40.670094511000059 ], [ -4.439788777999979, 40.66998540700007 ], [ -4.439799830999959, 40.669949236000029 ], [ -4.440034258999958, 40.669847221000062 ], [ -4.440243674999977, 40.669682460000054 ], [ -4.440430401999947, 40.669563022000041 ], [ -4.440722997999956, 40.669415239000045 ], [ -4.440969055999971, 40.669304069000077 ], [ -4.441039441999976, 40.669276165000035 ], [ -4.441204642999935, 40.669256087000065 ], [ -4.441454382999949, 40.669316027000029 ], [ -4.441526125999928, 40.66935116500008 ], [ -4.441586233999942, 40.669395456000061 ], [ -4.441720992999932, 40.669609972000046 ], [ -4.44176035399994, 40.669789647000073 ], [ -4.44183655699993, 40.670031919000053 ], [ -4.44193486499995, 40.670201850000062 ], [ -4.442128183999955, 40.670388609000049 ], [ -4.442308513999934, 40.670521481000044 ], [ -4.442537125999934, 40.670698791000063 ], [ -4.442730061999952, 40.670867538000032 ], [ -4.442970308999976, 40.671035694000054 ], [ -4.443210363999981, 40.671194843000087 ], [ -4.443390503999979, 40.671318707000069 ], [ -4.443607680999947, 40.671514175000027 ], [ -4.443837076999954, 40.671727505000035 ], [ -4.444041651999952, 40.671887096000034 ], [ -4.444151794999925, 40.672056876000056 ], [ -4.444176811999967, 40.672119622000025 ], [ -4.445642835999933, 40.673713760000041 ], [ -4.445930415999953, 40.673881316000056 ], [ -4.446181344999957, 40.673995281000025 ], [ -4.446515853999927, 40.674144232000053 ], [ -4.44685016699998, 40.674284176000064 ], [ -4.447148023999944, 40.674379534000018 ], [ -4.447575802999949, 40.674464254000036 ], [ -4.447920586999942, 40.674541005000037 ], [ -4.448194204999936, 40.674609640000021 ], [ -4.448599107999939, 40.674730677000063 ], [ -4.448944478999977, 40.674834442000069 ], [ -4.449194051999938, 40.674885360000076 ], [ -4.449395334999962, 40.674891841000047 ], [ -4.449489963999952, 40.674890653000034 ], [ -4.449572180999951, 40.674862596000025 ], [ -4.449841121999953, 40.674715087000038 ], [ -4.450049941999964, 40.674523290000025 ], [ -4.450188569999966, 40.674368408000099 ], [ -4.450326612999959, 40.674186508000048 ], [ -4.450439435999954, 40.673932858000043 ], [ -4.450433192999981, 40.673644671000027 ], [ -4.45043955899996, 40.673392359000047 ], [ -4.450411416999941, 40.67318552200004 ], [ -4.450409854999975, 40.673113475000029 ], [ -4.450454631999946, 40.672995805000028 ], [ -4.45050116599998, 40.67295918700006 ], [ -4.450607035999951, 40.672930832000084 ], [ -4.45071427299996, 40.672965518000069 ], [ -4.450786802999971, 40.67303667300007 ], [ -4.450885332999973, 40.673215601000031 ], [ -4.451054443999966, 40.673375625000055 ], [ -4.451281331999951, 40.673471864000085 ], [ -4.451352692999933, 40.673488984000059 ], [ -4.451496586999951, 40.673577258000073 ], [ -4.451486514999941, 40.673658459000073 ], [ -4.451396182999929, 40.673857777000073 ], [ -4.451353162999964, 40.674056500000063 ], [ -4.451333604999944, 40.674245920000025 ], [ -4.451338679999934, 40.674480072000051 ], [ -4.451366827999948, 40.67468690900008 ], [ -4.451443265999956, 40.674938180000026 ], [ -4.451508266999952, 40.675207612000079 ], [ -4.451582948999942, 40.675377830000052 ], [ -4.451705726999933, 40.675583477000025 ], [ -4.45181609399998, 40.675762255000052 ], [ -4.451926459999924, 40.675941033000072 ], [ -4.452084727999932, 40.676146233000047 ], [ -4.452277701999947, 40.676314964000028 ], [ -4.452601576999939, 40.676518080000044 ], [ -4.452816845999961, 40.676623471000035 ], [ -4.453090867999947, 40.676710105000041 ], [ -4.453352474999974, 40.676769870000037 ], [ -4.45357839899998, 40.676821076000067 ], [ -4.453911568999955, 40.676906964000068 ], [ -4.454126447999954, 40.676994340000071 ], [ -4.454389620999962, 40.677126150000049 ], [ -4.454700505999938, 40.677275374000025 ], [ -4.455023414999972, 40.677433454000038 ], [ -4.455238883999926, 40.677547846000039 ], [ -4.455502650999961, 40.677706670000077 ], [ -4.455753804999972, 40.677829620000061 ], [ -4.456112402999963, 40.677996255000039 ], [ -4.456423293999933, 40.678145474000068 ], [ -4.456829407999975, 40.678320516000035 ], [ -4.457138733999955, 40.678397687000036 ], [ -4.457424010999943, 40.678457144000056 ], [ -4.457459693999965, 40.67846570200004 ], [ -4.457733532999952, 40.678543320000067 ], [ -4.457995346999951, 40.678612080000036 ], [ -4.458221870999978, 40.678690293000045 ], [ -4.458580478999977, 40.678856921000026 ], [ -4.45883301799995, 40.679042904000021 ], [ -4.459037257999967, 40.679184456000037 ], [ -4.459180388999926, 40.679236696000039 ], [ -4.45928685399997, 40.679235351000045 ], [ -4.459307764999949, 40.679108971000069 ], [ -4.459316845999979, 40.678982740000038 ], [ -4.45937461699998, 40.67891895200006 ], [ -4.459444219999966, 40.678855014000078 ], [ -4.459538069999952, 40.678817794000061 ], [ -4.459620482999981, 40.678798736000033 ], [ -4.459939089999978, 40.678758674000044 ], [ -4.460161686999925, 40.678656768000053 ], [ -4.460323761999974, 40.67849256900007 ], [ -4.460485245999962, 40.678301352000062 ], [ -4.46065737999993, 40.678055951000026 ], [ -4.460783571999968, 40.677874189000072 ], [ -4.460932044999937, 40.677629087000064 ], [ -4.460975823999945, 40.677466384000056 ], [ -4.460986866999974, 40.677430211000051 ], [ -4.461026321999952, 40.677069380000034 ], [ -4.461045853999963, 40.676879959000082 ], [ -4.461064007999937, 40.676627497000027 ], [ -4.461058111999932, 40.676357323000055 ], [ -4.461054181999941, 40.676177207000087 ], [ -4.461060506999957, 40.675924895000044 ], [ -4.46106663699993, 40.675663578000069 ], [ -4.461050287999967, 40.675456594000025 ], [ -4.461056220999978, 40.67518627000004 ], [ -4.461075554999979, 40.674987843000046 ], [ -4.461117759999979, 40.674753094000025 ], [ -4.461180870999954, 40.674391963000069 ], [ -4.461197844999958, 40.674085467000062 ], [ -4.461204170999963, 40.673833155000061 ], [ -4.461221538999951, 40.673544670000069 ], [ -4.46128621899993, 40.673255586000039 ], [ -4.461352078999936, 40.67302053700007 ], [ -4.461405128999957, 40.672740608000026 ], [ -4.461447919999956, 40.672532876000055 ], [ -4.461502343999939, 40.672315988000037 ], [ -4.461615122999945, 40.672062328000031 ], [ -4.461729472999933, 40.67188071500005 ], [ -4.461890347999941, 40.671662479000076 ], [ -4.462064031999944, 40.671489122000033 ], [ -4.462110558999938, 40.671452500000044 ], [ -4.462216027999943, 40.671406123000047 ], [ -4.462322086999961, 40.671386763000037 ], [ -4.462511925999934, 40.671411383000077 ], [ -4.462618771999927, 40.671428046000067 ], [ -4.462665886999957, 40.671418441000078 ], [ -4.46272404399997, 40.671372663000064 ], [ -4.462805462999938, 40.671308574000065 ], [ -4.462900283999943, 40.671316380000064 ], [ -4.462973416999944, 40.671414545000061 ], [ -4.462988785999926, 40.671576500000064 ], [ -4.462989769999979, 40.671621529000042 ], [ -4.463041017999956, 40.671801045000052 ], [ -4.463055403999932, 40.671917970000038 ], [ -4.463071757999955, 40.672124954000026 ], [ -4.463076479999927, 40.67234109300005 ], [ -4.463071145999947, 40.672638434000085 ], [ -4.463087302999952, 40.672836412000031 ], [ -4.463091828999949, 40.673043545000034 ], [ -4.463097927999968, 40.673322725000048 ], [ -4.463102848999937, 40.673547870000043 ], [ -4.46309593999996, 40.673773164000067 ], [ -4.463124122999943, 40.673979998000043 ], [ -4.46316374099996, 40.674168670000036 ], [ -4.46322859099996, 40.674429088000061 ], [ -4.46326860399995, 40.674635772000052 ], [ -4.463285746999929, 40.674878778000043 ], [ -4.463290469999946, 40.675094917000081 ], [ -4.463271536999968, 40.675311356000066 ], [ -4.463228747999948, 40.675519089000026 ], [ -4.463186943999973, 40.675771851000036 ], [ -4.463168993999942, 40.676033318000073 ], [ -4.463196981999943, 40.67623114600007 ], [ -4.463236405999965, 40.676410812000022 ], [ -4.463299682999947, 40.676599184000061 ], [ -4.463328063999939, 40.676815023000074 ], [ -4.463344814999972, 40.677040018000071 ], [ -4.463360580999961, 40.67721998400004 ], [ -4.463390341999967, 40.677498863000025 ], [ -4.463390537999942, 40.677507869000074 ], [ -4.463418133999937, 40.677687685000073 ], [ -4.463469584999928, 40.677876206000064 ], [ -4.463533454999947, 40.678091596000058 ], [ -4.46353404599995, 40.678118613000038 ], [ -4.46357366799998, 40.678307285000074 ], [ -4.463661198999944, 40.67852237400006 ], [ -4.463795455999956, 40.678709846000061 ], [ -4.463843560999976, 40.678745269000046 ], [ -4.464129434999961, 40.678831727000045 ], [ -4.464259950999975, 40.678848088000045 ], [ -4.464343347999943, 40.678874055000051 ], [ -4.464560413999948, 40.679060476000075 ], [ -4.46475441299998, 40.679274214000024 ], [ -4.464911742999959, 40.679434367000063 ], [ -4.465069269999958, 40.679603525000068 ], [ -4.465178297999956, 40.67971924900008 ], [ -4.46521536299997, 40.67979084500007 ], [ -4.46518204299997, 40.679890359000062 ], [ -4.46513570999997, 40.679935988000075 ], [ -4.465065322999976, 40.679963906000069 ], [ -4.464794032999976, 40.680003382000038 ], [ -4.464523135999968, 40.680060868000048 ], [ -4.464265051999973, 40.680163232000034 ], [ -4.46419466499998, 40.680191150000027 ], [ -4.464136698999937, 40.680245934000034 ], [ -4.464136895999957, 40.680254940000047 ], [ -4.464126248999946, 40.680309125000072 ], [ -4.464127232999942, 40.680354154000042 ], [ -4.464139062999948, 40.680354004000037 ], [ -4.464422776999925, 40.680341397000056 ], [ -4.464682042999924, 40.680293067000022 ], [ -4.464870921999932, 40.680272654000078 ], [ -4.46514280599996, 40.680260196000056 ], [ -4.465403253999965, 40.680265899000055 ], [ -4.465687558999946, 40.680280307000032 ], [ -4.466055656999969, 40.680338691000024 ], [ -4.46633956599993, 40.680335086000085 ], [ -4.46671949499995, 40.680393318000029 ], [ -4.466957666999973, 40.680462359000046 ], [ -4.467231722999941, 40.680548959000078 ], [ -4.467470090999939, 40.680627004000037 ], [ -4.467767609999953, 40.680704297000034 ], [ -4.468053101999942, 40.680772733000019 ], [ -4.468279247999931, 40.680832915000053 ], [ -4.468481339999926, 40.680875386000025 ], [ -4.468599635999965, 40.680873882000064 ], [ -4.468705511999929, 40.68084551000004 ], [ -4.468822424999928, 40.680780965000054 ], [ -4.468856727999935, 40.68072647900005 ], [ -4.468867569999929, 40.680681300000053 ], [ -4.468865792999964, 40.680600248000069 ], [ -4.468899700999941, 40.68052775000006 ], [ -4.468946029999928, 40.68048211900004 ], [ -4.469028046999938, 40.680445043000084 ], [ -4.469122287999936, 40.680425827000072 ], [ -4.469228556999951, 40.680415467000039 ], [ -4.469359077999968, 40.68043182200006 ], [ -4.469633334999968, 40.680527423000044 ], [ -4.469848243999934, 40.680614770000027 ], [ -4.470110671999976, 40.680710519000051 ], [ -4.47037310099995, 40.680806269000072 ], [ -4.470445264999967, 40.680859399000042 ], [ -4.470542472999967, 40.680975269000044 ], [ -4.470568902999958, 40.68110104800008 ], [ -4.470551178999926, 40.68137152200007 ], [ -4.470577212999956, 40.681479289000038 ], [ -4.470665362999966, 40.681721390000057 ], [ -4.470752128999947, 40.68190045000005 ], [ -4.470862357999978, 40.68207020300008 ], [ -4.471044159999963, 40.682266069000043 ], [ -4.471202303999974, 40.682462236000049 ], [ -4.471336391999955, 40.682640692000071 ], [ -4.471458651999967, 40.682819300000062 ], [ -4.471592345999966, 40.682979745000075 ], [ -4.471773557999938, 40.683148592000066 ], [ -4.471954771999947, 40.683317439000064 ], [ -4.472038770999972, 40.683370417000049 ], [ -4.472098317999951, 40.683387675000056 ], [ -4.472157269999968, 40.683377915000051 ], [ -4.472215825999967, 40.683350143000034 ], [ -4.472389315999975, 40.683167766000047 ], [ -4.472447475999957, 40.683121983000028 ], [ -4.472506031999955, 40.683094211000018 ], [ -4.47257641899995, 40.683066288000063 ], [ -4.472670859999936, 40.683056076000064 ], [ -4.472765698999979, 40.68306387400002 ], [ -4.472829802999968, 40.683288263000058 ], [ -4.472811294999928, 40.683522714000048 ], [ -4.472803823999926, 40.68372099100003 ], [ -4.472784522999972, 40.683919419000055 ], [ -4.472789476999936, 40.684144563000082 ], [ -4.472829524999952, 40.684351242000055 ], [ -4.472916301999931, 40.684530300000056 ], [ -4.473061832999974, 40.684690592000052 ], [ -4.473231818999976, 40.684886605000017 ], [ -4.473342256999956, 40.685065361000056 ], [ -4.473487987999931, 40.685234659000059 ], [ -4.473669211999947, 40.685403503000025 ], [ -4.473982356999954, 40.685651737000057 ], [ -4.474104430999944, 40.685821335000071 ], [ -4.474156513999959, 40.686036868000024 ], [ -4.474161472999981, 40.686262012000043 ], [ -4.474165438999933, 40.686442126000017 ] ] ] ] } },
{ "type": "Feature", "properties": { "INFORME": "https://sig.mapama.gob.es/WebServices/clientews/snczi/Default.aspx?nombre=EGISPE_EMBALSE&claves=ID_EMBALSE&valores=967", "ID_EMBALSE": 967.0, "CODIGO": 967, "NOMBRE": "FUENTES CLARAS (DIQUE DE COLA)", "NMN_SUP": 184000.0, "NMN_CAPAC": 0.92, "NMN_COTA": null, "NAE_COTA": null, "ADMON_COMP": "Estado", "DEMARC": "DUERO", "PROVINCIA": "Ávila", "SUP_CUENCA": null, "AP_M_ANUAL": null, "TIPO_EMBAL": "Embalse de presa", "DTOR_EXPLO": "ENRIQUE BENITO MARTIN", "TIPO_TITUL": "Estado\nEstado", "USO": "Abastecimiento", "ID_0": 215, "ISO": "ESP", "NAME_0": "Spain", "ID_1": 5, "NAME_1": "Castilla y León", "ID_2": 18, "NAME_2": "Ávila", "TYPE_2": "Provincia", "ENGTYPE_2": "Province", "area": 158067.385, "cuenca": "Adaja", "Tipo": "Embalse" }, "geometry": { "type": "MultiPolygon", "coordinates": [ [ [ [ -4.71187171899993, 40.674429010000047 ], [ -4.711516534999929, 40.674434276000049 ], [ -4.711187307999978, 40.674529237000058 ], [ -4.711021786999936, 40.674635283000036 ], [ -4.71100966299997, 40.674594926000054 ], [ -4.710992068999929, 40.674514114000033 ], [ -4.710861957999953, 40.674182741000038 ], [ -4.710838300999967, 40.67398040900008 ], [ -4.710821487999965, 40.67394462500004 ], [ -4.710791302999951, 40.673877512000047 ], [ -4.710742827999979, 40.673774636000083 ], [ -4.710724790999962, 40.673734367000066 ], [ -4.710651978999977, 40.673532763000026 ], [ -4.710594156999946, 40.673353457000076 ], [ -4.710438531999954, 40.673166592000022 ], [ -4.710274218999928, 40.673015888000066 ], [ -4.710102613999935, 40.67281124200008 ], [ -4.709952026999929, 40.672633310000023 ], [ -4.709785842999963, 40.672496145000025 ], [ -4.709597576999955, 40.672377323000042 ], [ -4.709591433999946, 40.672368406000032 ], [ -4.709443805999967, 40.672190429000068 ], [ -4.709370949999936, 40.672015849000047 ], [ -4.709268166999948, 40.671769647000076 ], [ -4.709116829999971, 40.671533172000068 ], [ -4.708995675999971, 40.671363810000052 ], [ -4.708784811999976, 40.671141728000066 ], [ -4.708650789999979, 40.67100408500005 ], [ -4.708633698999961, 40.670986322000019 ], [ -4.708472137999933, 40.670885119000047 ], [ -4.708378504999928, 40.670823447000032 ], [ -4.708308818999966, 40.670801958000027 ], [ -4.708087197999929, 40.670737676000037 ], [ -4.707834734999949, 40.670696369000034 ], [ -4.707543978999979, 40.67064662100006 ], [ -4.707318203999932, 40.670564382000073 ], [ -4.70712758999997, 40.670454599000031 ], [ -4.706911816999933, 40.670228081000054 ], [ -4.706843109999965, 40.670012902000053 ], [ -4.706863663999967, 40.669890988000063 ], [ -4.706898390999925, 40.669831922000064 ], [ -4.707097433999933, 40.669648816000063 ], [ -4.707292539999969, 40.669528826000032 ], [ -4.707544150999979, 40.669362959000061 ], [ -4.707733201999929, 40.669252066000077 ], [ -4.708004551999976, 40.669135451000038 ], [ -4.708274676999963, 40.669014349000058 ], [ -4.708504403999938, 40.668889340000078 ], [ -4.708734228999958, 40.66871028100006 ], [ -4.708840527999938, 40.668515033000055 ], [ -4.708941357999947, 40.668279329000015 ], [ -4.708954320999964, 40.668062942000063 ], [ -4.70891342799996, 40.66779330300006 ], [ -4.708908347999965, 40.667608712000053 ], [ -4.708914354999933, 40.667423956000043 ], [ -4.708994380999968, 40.66711199100007 ], [ -4.709075547999931, 40.666917114000043 ], [ -4.709090314999968, 40.666858343000051 ], [ -4.709102904999953, 40.666844644000037 ], [ -4.709167331999936, 40.666776130000081 ], [ -4.709166042999924, 40.666740116000021 ], [ -4.709227432999967, 40.666581565000065 ], [ -4.709161589999951, 40.666348328000019 ], [ -4.709076933999937, 40.666029792000067 ], [ -4.709076868999944, 40.665998265000042 ], [ -4.709076064999977, 40.665966748000073 ], [ -4.709059968999952, 40.665944466000042 ], [ -4.708947100999978, 40.665896592000024 ], [ -4.708833453999945, 40.665803689000029 ], [ -4.708640532999936, 40.665747990000057 ], [ -4.708370222999974, 40.665643892000034 ], [ -4.708251747999952, 40.665564572000036 ], [ -4.708139389999928, 40.665507681000065 ], [ -4.708042592999959, 40.665495601000025 ], [ -4.707945821999943, 40.665470008000057 ], [ -4.707613151999965, 40.665515465000048 ], [ -4.707208201999947, 40.665480916000028 ], [ -4.707161828999972, 40.665445569000042 ], [ -4.70718022899996, 40.665355215000027 ], [ -4.707309326999962, 40.665285745000062 ], [ -4.707682620999947, 40.665253201000041 ], [ -4.708007352999971, 40.665302447000037 ], [ -4.708144519999961, 40.665331946000023 ], [ -4.708275504999961, 40.665307488000046 ], [ -4.708273781999935, 40.665239953000011 ], [ -4.708390737999935, 40.665274255000043 ], [ -4.708452722999936, 40.665327387000055 ], [ -4.708482655999944, 40.665326944000078 ], [ -4.708685857999966, 40.665350962000055 ], [ -4.709081083999933, 40.665381145000026 ], [ -4.709249588999967, 40.665450716000059 ], [ -4.709333482999967, 40.665580092000035 ], [ -4.709527117999926, 40.665649291000086 ], [ -4.709586482999952, 40.665788038000066 ], [ -4.709594988999924, 40.665918530000049 ], [ -4.709572248999961, 40.666026964000018 ], [ -4.70962506099994, 40.666111760000028 ], [ -4.709631153999965, 40.666147702000046 ], [ -4.709596710999961, 40.666188749000064 ], [ -4.70957273099998, 40.666234144000043 ], [ -4.709569050999959, 40.666292752000061 ], [ -4.709611565999977, 40.666350675000039 ], [ -4.709698401999957, 40.666421455000027 ], [ -4.70974006299997, 40.666474886000053 ], [ -4.709778437999944, 40.666573408000026 ], [ -4.709826881999959, 40.666689796000071 ], [ -4.709942165999962, 40.666832219000071 ], [ -4.709942027999944, 40.666841229000056 ], [ -4.709954591999974, 40.666841043000034 ], [ -4.709976526999981, 40.666903775000037 ], [ -4.710024453999949, 40.667101245000019 ], [ -4.710060275999979, 40.667316909000078 ], [ -4.710081964999972, 40.66751476700005 ], [ -4.710092303999943, 40.66778936200005 ], [ -4.710002795999969, 40.668033907000051 ], [ -4.709981729999924, 40.668236902000046 ], [ -4.710063058999935, 40.668424869000035 ], [ -4.710100934999956, 40.66846034000001 ], [ -4.710288936999973, 40.668583670000039 ], [ -4.710514290999924, 40.668692933000045 ], [ -4.710837324999943, 40.668805253000066 ], [ -4.711097656999925, 40.66885094000002 ], [ -4.711364386999946, 40.668901036000079 ], [ -4.711642991999951, 40.668923931000045 ], [ -4.711899931999938, 40.668938138000051 ], [ -4.712180985999964, 40.668970004000073 ], [ -4.712438033999946, 40.669060777000034 ], [ -4.712407952999968, 40.669142296000082 ], [ -4.712340019999941, 40.669174832000074 ], [ -4.712204224999936, 40.669199366000036 ], [ -4.712100376999957, 40.669200906000064 ], [ -4.711861889999965, 40.669199938000077 ], [ -4.711616101999936, 40.669217094000025 ], [ -4.711335320999978, 40.669239272000027 ], [ -4.711046776999979, 40.669261564000074 ], [ -4.710776293999969, 40.669310613000057 ], [ -4.710497515999975, 40.669382304000067 ], [ -4.710258971999963, 40.669480423000032 ], [ -4.710003416999938, 40.669650858000061 ], [ -4.709824182999967, 40.669784130000046 ], [ -4.709725808999963, 40.669956741000078 ], [ -4.709700587999975, 40.670141781000041 ], [ -4.709709243999952, 40.670191198000055 ], [ -4.709755193999967, 40.670325640000037 ], [ -4.709780430999957, 40.670401835000057 ], [ -4.709821239999939, 40.670450775000063 ], [ -4.709935193999967, 40.670584210000065 ], [ -4.709974776999957, 40.670628664000056 ], [ -4.71016414199994, 40.670819535000071 ], [ -4.710364337999976, 40.671014748000069 ], [ -4.710581586999978, 40.67118268400003 ], [ -4.710753935999946, 40.671315253000031 ], [ -4.710952887999952, 40.671519492000073 ], [ -4.711126224999929, 40.671719606000067 ], [ -4.711252214999945, 40.671875382000053 ], [ -4.711449806999951, 40.672084144000046 ], [ -4.711627351999937, 40.672275187000025 ], [ -4.711665552999931, 40.672337678000076 ], [ -4.711766272999967, 40.672502835000039 ], [ -4.711870871999963, 40.672703967000068 ], [ -4.711956482999938, 40.67291438900002 ], [ -4.712017216999925, 40.673120675000057 ], [ -4.712108718999957, 40.673344521000047 ], [ -4.712133686999948, 40.673366671000046 ], [ -4.712202934999937, 40.673428702000081 ], [ -4.712219287999971, 40.673446475000041 ], [ -4.712286801999937, 40.673513035000035 ], [ -4.712402521999933, 40.673628425000061 ], [ -4.712458027999958, 40.673659130000033 ], [ -4.712542780999968, 40.673662377000021 ], [ -4.712823664999974, 40.673730276000072 ], [ -4.713152737999963, 40.673788450000075 ], [ -4.71342457199995, 40.673820449000061 ], [ -4.713625027999967, 40.673880531000066 ], [ -4.713660526999945, 40.673938557000035 ], [ -4.713610717999926, 40.674029378000043 ], [ -4.713473133999969, 40.674085468000044 ], [ -4.713230674999977, 40.674161131000069 ], [ -4.713000708999969, 40.674277145000076 ], [ -4.712948984999969, 40.67433646500006 ], [ -4.712923707999948, 40.674417913000063 ], [ -4.712921576999975, 40.674508026000076 ], [ -4.712877027999979, 40.674688849000042 ], [ -4.712814632999936, 40.674721303000062 ], [ -4.712561154999945, 40.674756591000055 ], [ -4.712398008999969, 40.674637401000048 ], [ -4.712158149999937, 40.674496828000031 ], [ -4.71187171899993, 40.674429010000047 ] ] ] ] } },
{ "type": "Feature", "properties": { "INFORME": "https://sig.mapama.gob.es/WebServices/clientews/snczi/Default.aspx?nombre=EGISPE_EMBALSE&claves=ID_EMBALSE&valores=1654", "ID_EMBALSE": 1654.0, "CODIGO": 1654, "NOMBRE": "PEGUERINOS", "NMN_SUP": 27799999999999896.0, "NMN_CAPAC": 0.14, "NMN_COTA": null, "NAE_COTA": null, "ADMON_COMP": "Estado", "DEMARC": "TAJO", "PROVINCIA": "Ávila", "SUP_CUENCA": null, "AP_M_ANUAL": null, "TIPO_EMBAL": "Embalse de presa", "DTOR_EXPLO": null, "TIPO_TITUL": "Comunidades Autónomas", "USO": "Abastecimiento", "ID_0": 215, "ISO": "ESP", "NAME_0": "Spain", "ID_1": 5, "NAME_1": "Castilla y León", "ID_2": 18, "NAME_2": "Ávila", "TYPE_2": "Provincia", "ENGTYPE_2": "Province", "area": 43821.957, "cuenca": "Alberche", "Tipo": "Embalse" }, "geometry": { "type": "MultiPolygon", "coordinates": [ [ [ [ -4.223814045999973, 40.666418449000055 ], [ -4.223753876999979, 40.666423591000054 ], [ -4.223689478999972, 40.666419769000072 ], [ -4.223656003999963, 40.666348057000043 ], [ -4.223586921999924, 40.66629023400003 ], [ -4.223517387999948, 40.66622791200006 ], [ -4.223456067999962, 40.666170007000069 ], [ -4.223466949999931, 40.666097824000083 ], [ -4.223389859999941, 40.666067111000075 ], [ -4.223337084999969, 40.66603163700006 ], [ -4.22330011899993, 40.66599149100005 ], [ -4.223368007999966, 40.665963746000038 ], [ -4.223415977999935, 40.665958734000078 ], [ -4.22342221699995, 40.66585507100006 ], [ -4.223444926999946, 40.665782763000038 ], [ -4.223476344999938, 40.665741892000028 ], [ -4.22347104499994, 40.665674385000038 ], [ -4.223453586999938, 40.665588990000053 ], [ -4.223411652999971, 40.665499350000054 ], [ -4.223370210999974, 40.665436730000074 ], [ -4.223277104999966, 40.665379161000033 ], [ -4.223233159999949, 40.665402148000055 ], [ -4.223172746999978, 40.665393779000063 ], [ -4.223167775999968, 40.665344286000042 ], [ -4.223187118999931, 40.665290030000051 ], [ -4.223115082999925, 40.665313314000052 ], [ -4.223082184999952, 40.665273125000041 ], [ -4.223097461999942, 40.665218912000057 ], [ -4.223028586999931, 40.66519261600007 ], [ -4.222979796999937, 40.665152595000045 ], [ -4.222966446999976, 40.665089678000072 ], [ -4.222937368999966, 40.665035935000049 ], [ -4.222907385999975, 40.66493265500003 ], [ -4.222878389999948, 40.66488341600008 ], [ -4.222808775999965, 40.664816590000044 ], [ -4.222787829999959, 40.66476276100007 ], [ -4.22271788699993, 40.664677921000077 ], [ -4.222681375999969, 40.664642274000073 ], [ -4.22260818999996, 40.664602511000055 ], [ -4.222552253999935, 40.664616616000039 ], [ -4.22245196199998, 40.664631190000073 ], [ -4.222379802999967, 40.664627450000062 ], [ -4.222360665999928, 40.664672695000029 ], [ -4.222353601999942, 40.664731324000051 ], [ -4.222253556999931, 40.664759409000048 ], [ -4.222182054999963, 40.664791695000076 ], [ -4.222162958999945, 40.664859460000045 ], [ -4.222139754999943, 40.664904748000033 ], [ -4.222216923999952, 40.66493996500003 ], [ -4.222201564999978, 40.664989674000026 ], [ -4.222116878999941, 40.664968049000031 ], [ -4.222072564999962, 40.66495050200006 ], [ -4.221940115999927, 40.664965416000022 ], [ -4.221868695999945, 40.665002205000064 ], [ -4.221814688999928, 40.665020794000043 ], [ -4.221723021999935, 40.665062301000027 ], [ -4.221646221999948, 40.665027080000073 ], [ -4.221581495999941, 40.665005244000035 ], [ -4.221504614999958, 40.66496551900007 ], [ -4.221495249999975, 40.664898055000037 ], [ -4.221505599999944, 40.664816869000049 ], [ -4.221516318999931, 40.664735680000035 ], [ -4.22149878299996, 40.664645781000047 ], [ -4.221465310999974, 40.664574068000043 ], [ -4.221443914999952, 40.66451573900008 ], [ -4.221530940999969, 40.664442751000017 ], [ -4.221550038999965, 40.664374986000041 ], [ -4.221552707999933, 40.664298386000041 ], [ -4.221611847999952, 40.66425722200006 ], [ -4.221623305999969, 40.664216563000032 ], [ -4.221679242999926, 40.664202459000073 ], [ -4.22168224099994, 40.664143872000068 ], [ -4.221713822999959, 40.664112008000068 ], [ -4.221781791999944, 40.664088768000049 ], [ -4.221884955999941, 40.664029122000045 ], [ -4.221937401999981, 40.664046584000054 ], [ -4.221952515999931, 40.663983365000036 ], [ -4.221943397999952, 40.663929410000044 ], [ -4.222011613999938, 40.663919680000049 ], [ -4.222032312999943, 40.663959999000042 ], [ -4.222092067999938, 40.663932341000063 ], [ -4.222123402999955, 40.663886968000035 ], [ -4.22212258199994, 40.663841934000061 ], [ -4.222186443999931, 40.663836754000044 ], [ -4.222230386999968, 40.663813768000068 ], [ -4.222279422999975, 40.663745685000031 ], [ -4.22235815199997, 40.663663776000071 ], [ -4.222446654999942, 40.663671848000043 ], [ -4.222445832999937, 40.663626814000054 ], [ -4.222493306999979, 40.663594782000068 ], [ -4.222488419999934, 40.663549792000026 ], [ -4.222548667999945, 40.66354915400008 ], [ -4.222523245999979, 40.663472851000044 ], [ -4.222462093999979, 40.663423952000073 ], [ -4.222541519999936, 40.66336005200003 ], [ -4.222604887999978, 40.663327852000059 ], [ -4.222621972999946, 40.663372713000058 ], [ -4.222674006999966, 40.663367658000034 ], [ -4.222688913999946, 40.663313450000025 ], [ -4.222719919999975, 40.663250062000039 ], [ -4.222750925999947, 40.663186675000077 ], [ -4.222823699999935, 40.663203921000033 ], [ -4.222899264999967, 40.66317159100003 ], [ -4.222922632999939, 40.66313531000003 ], [ -4.222942836999948, 40.663108071000075 ], [ -4.223935155999925, 40.663800216000027 ], [ -4.223838273999944, 40.663778722000075 ], [ -4.223804064999967, 40.663828631000051 ], [ -4.223809530999972, 40.663945682000069 ], [ -4.223853149999967, 40.664066834000032 ], [ -4.223902803999977, 40.664133871000047 ], [ -4.223949009999956, 40.664214457000064 ], [ -4.224027165999927, 40.664263175000023 ], [ -4.224084173999927, 40.664388689000084 ], [ -4.224134529999958, 40.664514274000062 ], [ -4.224172317999944, 40.664639991000058 ], [ -4.224148336999974, 40.66474384200005 ], [ -4.22418300399994, 40.664860585000042 ], [ -4.224184814999944, 40.664959658000051 ], [ -4.224191431999941, 40.665099219000069 ], [ -4.224189258999956, 40.665202839000081 ], [ -4.224162977999981, 40.665302210000043 ], [ -4.224149305999959, 40.665423969000081 ], [ -4.22415813899994, 40.665482430000054 ], [ -4.224275641999951, 40.665539739000053 ], [ -4.224321314999941, 40.665611323000071 ], [ -4.224394462999953, 40.665669102000038 ], [ -4.224431591999974, 40.665718254000069 ], [ -4.224441040999976, 40.665790222000048 ], [ -4.224434390999932, 40.665871368000062 ], [ -4.224415995999947, 40.665957143000071 ], [ -4.224397599999975, 40.66604291800008 ], [ -4.224366099999941, 40.666079286000063 ], [ -4.224331440999947, 40.666165233000072 ], [ -4.224324378999939, 40.66622386300002 ], [ -4.224329351999927, 40.666273357000073 ], [ -4.224306148999972, 40.666318645000047 ], [ -4.224323358999925, 40.666390530000065 ], [ -4.224300155999969, 40.666435818000025 ], [ -4.224272722999955, 40.666472142000025 ], [ -4.224205162999965, 40.666517901000077 ], [ -4.224258556999928, 40.666566881000051 ], [ -4.224246936999974, 40.666598534000052 ], [ -4.22417863499993, 40.666603762000079 ], [ -4.224102901999969, 40.666627086000062 ], [ -4.224010575999955, 40.666632569000058 ], [ -4.22397743099998, 40.666578869000034 ], [ -4.223889004999933, 40.666575302000076 ], [ -4.223852079999972, 40.666517139000064 ], [ -4.223863001999973, 40.666467477000019 ], [ -4.223814045999973, 40.666418449000055 ] ] ] ] } },
{ "type": "Feature", "properties": { "INFORME": "https://sig.mapama.gob.es/WebServices/clientews/snczi/Default.aspx?nombre=EGISPE_EMBALSE&claves=ID_EMBALSE&valores=1389", "ID_EMBALSE": 1389.0, "CODIGO": 1389, "NOMBRE": "MILAGRO, EL", "NMN_SUP": 188400.0, "NMN_CAPAC": 1.49, "NMN_COTA": null, "NAE_COTA": null, "ADMON_COMP": "Estado", "DEMARC": "DUERO", "PROVINCIA": "Ávila", "SUP_CUENCA": null, "AP_M_ANUAL": null, "TIPO_EMBAL": "Embalse de presa", "DTOR_EXPLO": "ISIDRO LAZARO MARTÍN", "TIPO_TITUL": "Estado\nEstado", "USO": "Abastecimiento", "ID_0": 215, "ISO": "ESP", "NAME_0": "Spain", "ID_1": 5, "NAME_1": "Castilla y León", "ID_2": 18, "NAME_2": "Ávila", "TYPE_2": "Provincia", "ENGTYPE_2": "Province", "area": 199321.717, "cuenca": "Zapardiel", "Tipo": "Embalse" }, "geometry": { "type": "MultiPolygon", "coordinates": [ [ [ [ -5.056467307999982, 40.749996363000029 ], [ -5.056429019999939, 40.749906968000062 ], [ -5.056293807999964, 40.74974723800004 ], [ -5.056098850999944, 40.74957055700002 ], [ -5.055928125999969, 40.749411459000044 ], [ -5.055746395999962, 40.749279581000053 ], [ -5.055578167999953, 40.749201509000038 ], [ -5.055280277999941, 40.749143762000074 ], [ -5.054960928999946, 40.74915845900005 ], [ -5.054890178999926, 40.749168728000029 ], [ -5.054717320999941, 40.749324940000058 ], [ -5.054682915999933, 40.749361584000034 ], [ -5.054648510999925, 40.749398228000068 ], [ -5.05455436099993, 40.749417920000035 ], [ -5.054506176999951, 40.749391755000026 ], [ -5.054276820999973, 40.749251715000064 ], [ -5.054180453999947, 40.749199384000057 ], [ -5.053906240999936, 40.74914121300003 ], [ -5.053619635999951, 40.749065245000054 ], [ -5.053263664999974, 40.749044559000026 ], [ -5.053192915999942, 40.749054826000069 ], [ -5.052947639999956, 40.749167285000055 ], [ -5.052786061999939, 40.749305278000065 ], [ -5.052588137999976, 40.749416894000028 ], [ -5.052284501999964, 40.74955741400003 ], [ -5.052225864999969, 40.749576473000054 ], [ -5.052053, 40.749732681000062 ], [ -5.052030984999929, 40.749787119000068 ], [ -5.051973731999966, 40.749851192000051 ], [ -5.051867741999956, 40.749871093000017 ], [ -5.05175815499996, 40.749773957000059 ], [ -5.051540363999949, 40.749624698000048 ], [ -5.051468504999945, 40.749598952000035 ], [ -5.051195398999937, 40.749576786000027 ], [ -5.051135931999966, 40.749568835000041 ], [ -5.051018380999949, 40.749597949000076 ], [ -5.050784661999955, 40.749701190000053 ], [ -5.050574342999936, 40.749795007000046 ], [ -5.050256925999974, 40.749872712000069 ], [ -5.049960142999963, 40.749850964000068 ], [ -5.049709881999944, 40.749801364000064 ], [ -5.049650138999937, 40.749784410000075 ], [ -5.049566165999977, 40.749749871000063 ], [ -5.049529268999947, 40.749705487000035 ], [ -5.049741801999971, 40.749683695000051 ], [ -5.050061430999961, 40.749678015000029 ], [ -5.050308924999968, 40.74963758500008 ], [ -5.050566873999969, 40.749551929000063 ], [ -5.050872450999975, 40.749474434000035 ], [ -5.051107550999974, 40.749416207000017 ], [ -5.051330537999945, 40.749349187000057 ], [ -5.051600598999926, 40.749272322000017 ], [ -5.051905065999961, 40.749158812000076 ], [ -5.052125556999954, 40.749010765000044 ], [ -5.052287414999967, 40.748881776000083 ], [ -5.052447607999964, 40.748698769000036 ], [ -5.052548334999927, 40.748507813000053 ], [ -5.05268235899996, 40.748244202000095 ], [ -5.052807590999976, 40.748079832000016 ], [ -5.052991179999935, 40.747887401000064 ], [ -5.053036869999971, 40.747832541000037 ], [ -5.053149707999978, 40.747650376000024 ], [ -5.053191242999958, 40.747460473000039 ], [ -5.053207164999947, 40.747207971000073 ], [ -5.053248143999951, 40.747000061000051 ], [ -5.053289124999934, 40.746792152000069 ], [ -5.053330658999926, 40.746602249000034 ], [ -5.053348239999934, 40.746403764000036 ], [ -5.05334159399996, 40.74618769500006 ], [ -5.053310717999977, 40.745954041000068 ], [ -5.053232768999976, 40.745730233000074 ], [ -5.053073067999947, 40.745543912000066 ], [ -5.053000382999926, 40.745491158000043 ], [ -5.052940364999927, 40.745465203000037 ], [ -5.052880901999969, 40.74545725400003 ], [ -5.052680496999928, 40.745487843000035 ], [ -5.052458908999939, 40.745599880000043 ], [ -5.052261825999948, 40.74573850400003 ], [ -5.052100254999971, 40.745876496000051 ], [ -5.051880048999976, 40.746033546000035 ], [ -5.05167167899998, 40.746190385000027 ], [ -5.051510104999977, 40.746328376000058 ], [ -5.051452300999927, 40.746374443000036 ], [ -5.05140578099997, 40.746402294000056 ], [ -5.051158852999947, 40.746460732000067 ], [ -5.05091220199995, 40.746528172000069 ], [ -5.050818607999929, 40.746565867000079 ], [ -5.050652051999974, 40.746541805000042 ], [ -5.05042464899998, 40.746464777000035 ], [ -5.050150726999959, 40.746415599000045 ], [ -5.049913699999933, 40.74641080400005 ], [ -5.049664559999939, 40.746397215000059 ], [ -5.049605094999947, 40.746389264000086 ], [ -5.049436880999963, 40.746311182000063 ], [ -5.04938842599995, 40.746276012000074 ], [ -5.049337757999979, 40.746168818000058 ], [ -5.049330847999954, 40.745943746000073 ], [ -5.049324212999976, 40.745727676000051 ], [ -5.04933052299998, 40.745547408000036 ], [ -5.049329141999976, 40.745502393000038 ], [ -5.049253140999951, 40.745341602000053 ], [ -5.049070053999969, 40.745164699000028 ], [ -5.048876786999926, 40.745042022000057 ], [ -5.048660123999981, 40.744928769000062 ], [ -5.048371608999957, 40.74478976700005 ], [ -5.048251854999933, 40.744746855000074 ], [ -5.048180002999969, 40.744721107000025 ], [ -5.048156326999958, 40.744721527000017 ], [ -5.047896184999956, 40.744735154000068 ], [ -5.047609880999971, 40.744668174000026 ], [ -5.047512421999954, 40.744579826000063 ], [ -5.047412477999956, 40.744410451000071 ], [ -5.047349977999943, 40.744303466000076 ], [ -5.04733648399997, 40.744249659000047 ], [ -5.047426486999939, 40.74409492900002 ], [ -5.047562732999951, 40.743903346000025 ], [ -5.047651353999925, 40.74370360100005 ], [ -5.047889712999961, 40.743366080000044 ], [ -5.047869392999929, 40.743861871000036 ], [ -5.047815454999978, 40.744033977000072 ], [ -5.047738118999973, 40.744215506000032 ], [ -5.047764278999978, 40.744296112000022 ], [ -5.047848243999965, 40.744330653000084 ], [ -5.047931380999954, 40.744338185000061 ], [ -5.048216301999958, 40.744360150000041 ], [ -5.048491319999926, 40.744445344000049 ], [ -5.04875532899996, 40.744557757000052 ], [ -5.048983276999933, 40.744652794000032 ], [ -5.049211500999946, 40.744756834000036 ], [ -5.049416050999979, 40.744861294000025 ], [ -5.049656666999965, 40.744983128000058 ], [ -5.04989755899993, 40.745113965000016 ], [ -5.050006859999939, 40.745202101000068 ], [ -5.050056421999955, 40.745273282000035 ], [ -5.050069640999935, 40.745318086000047 ], [ -5.050071023999976, 40.745363101000059 ], [ -5.050018196999929, 40.745571220000045 ], [ -5.050073011999928, 40.745813456000057 ], [ -5.050109630999941, 40.745848837000047 ], [ -5.050169647999951, 40.745874794000024 ], [ -5.050228834999927, 40.745873742000072 ], [ -5.050299305999941, 40.745854474000048 ], [ -5.050403905999928, 40.745789560000048 ], [ -5.050624667999954, 40.745650518000055 ], [ -5.050857543999939, 40.745520268000064 ], [ -5.051137767999933, 40.74538917600006 ], [ -5.051476622999927, 40.745239025000039 ], [ -5.051756843999954, 40.745107932000039 ], [ -5.052026057999967, 40.745004057000067 ], [ -5.052294438999978, 40.744873173000023 ], [ -5.052528137999957, 40.744769929000036 ], [ -5.052809463999949, 40.744674845000077 ], [ -5.053150248999941, 40.744587709000029 ], [ -5.053386715999977, 40.744574492000034 ], [ -5.053541706999965, 40.744607764000079 ], [ -5.05360255599993, 40.744660728000042 ], [ -5.053616053999974, 40.744714535000064 ], [ -5.053617715999962, 40.744768552000032 ], [ -5.053624640999942, 40.744993624000074 ], [ -5.053643956999963, 40.745236491000064 ], [ -5.053721351999968, 40.745442293000053 ], [ -5.053857379999954, 40.745629035000036 ], [ -5.053922107999939, 40.745808039000046 ], [ -5.053976382999964, 40.746032268000079 ], [ -5.053995146999966, 40.746257129000071 ], [ -5.054024916999936, 40.746454771000067 ], [ -5.054031843999949, 40.746679843000038 ], [ -5.054037661999928, 40.746868904000053 ], [ -5.054032473999938, 40.747085184000071 ], [ -5.054039400999955, 40.747310256000041 ], [ -5.05408979799995, 40.747408444000023 ], [ -5.054190042999949, 40.747586815000034 ], [ -5.054264947999968, 40.747711591000048 ], [ -5.054324967999946, 40.747737545000057 ], [ -5.054396549999979, 40.747754286000031 ], [ -5.054479689999936, 40.747761813000061 ], [ -5.054573837999953, 40.747742121000044 ], [ -5.054808928999933, 40.747683886000068 ], [ -5.055139553999935, 40.747650973000063 ], [ -5.055375752999965, 40.747628748000068 ], [ -5.055646078999928, 40.747560877000069 ], [ -5.055704159999946, 40.747523810000075 ], [ -5.055726447999972, 40.747478374000025 ], [ -5.05574762699996, 40.747396926000093 ], [ -5.055824666999968, 40.747206389000048 ], [ -5.055868412999928, 40.747088508000047 ], [ -5.055981519999933, 40.746915344000058 ], [ -5.056046443999946, 40.746716014000071 ], [ -5.056124036999961, 40.746543483000046 ], [ -5.056212357999924, 40.746334729000061 ], [ -5.056300677999957, 40.746125975000041 ], [ -5.056413781999935, 40.745952810000063 ], [ -5.056597354999951, 40.745760373000053 ], [ -5.056817271999932, 40.745594311000033 ], [ -5.057002784999952, 40.745464894000065 ], [ -5.057152229999929, 40.745318104000035 ], [ -5.057371587999967, 40.745134035000035 ], [ -5.057605002999935, 40.74502177800008 ], [ -5.057676025999967, 40.745020511000064 ], [ -5.057995908999941, 40.745023812000049 ], [ -5.058245878999969, 40.745064391000028 ], [ -5.058305064999955, 40.745063335000047 ], [ -5.058363694999969, 40.745044274000058 ], [ -5.058457004999979, 40.744997569000077 ], [ -5.058689583999978, 40.744858302000061 ], [ -5.058886649999977, 40.744719667000027 ], [ -5.058967011999925, 40.74463716200006 ], [ -5.058988741999939, 40.744573720000069 ], [ -5.058993913999927, 40.744357440000037 ], [ -5.05917102099994, 40.744723599000054 ], [ -5.059149012999967, 40.744778039000039 ], [ -5.059026579999965, 40.745032443000063 ], [ -5.058877138999947, 40.745179235000073 ], [ -5.058668233999981, 40.74531808100005 ], [ -5.058409479999967, 40.745376746000034 ], [ -5.058089872999972, 40.74538244900004 ], [ -5.058030963999954, 40.745392507000076 ], [ -5.057960771999944, 40.745420783000036 ], [ -5.05777526299994, 40.745550202000061 ], [ -5.057615367999971, 40.745742218000025 ], [ -5.057490983999969, 40.74593360100004 ], [ -5.05742689899995, 40.746159940000041 ], [ -5.057373816999927, 40.74635905800006 ], [ -5.057377146999953, 40.746467093000035 ], [ -5.057390371999929, 40.746511896000072 ], [ -5.057415434999939, 40.746556488000067 ], [ -5.057476286999928, 40.746609449000061 ], [ -5.057524469999975, 40.746635613000073 ], [ -5.057715534999943, 40.746686252000075 ], [ -5.058000468999979, 40.746708192000035 ], [ -5.058119121999936, 40.746715083000019 ], [ -5.058259051999926, 40.74702786000006 ], [ -5.058335907999946, 40.747215652000072 ], [ -5.058437827999967, 40.747448037000019 ], [ -5.058634825999946, 40.747894912000042 ], [ -5.058534297999928, 40.747887698000056 ], [ -5.05835266799994, 40.748143158000055 ], [ -5.058154479999928, 40.748245780000033 ], [ -5.057932338999932, 40.748339822000048 ], [ -5.057664785999974, 40.748497727000029 ], [ -5.057491382999956, 40.748635938000064 ], [ -5.057329814999946, 40.74877393700006 ], [ -5.057250557999964, 40.748892452000064 ], [ -5.05718341499994, 40.74901975900007 ], [ -5.057189242999924, 40.749208819000046 ], [ -5.057179624999947, 40.749281053000054 ], [ -5.057101753999973, 40.749444582000081 ], [ -5.057024715999944, 40.749635120000043 ], [ -5.057030542999939, 40.749824180000076 ], [ -5.057024809999972, 40.750022454000032 ], [ -5.056994012999951, 40.750176136000043 ], [ -5.056972001999952, 40.750230575000039 ], [ -5.056926590999978, 40.750294440000062 ], [ -5.056785642999956, 40.750332984000067 ], [ -5.056703053999967, 40.750343465000064 ], [ -5.056571445999964, 40.750300772000053 ], [ -5.05649875299997, 40.750248021000054 ], [ -5.056461018999925, 40.750176631000045 ], [ -5.056467307999982, 40.749996363000029 ] ] ] ] } },
{ "type": "Feature", "properties": { "INFORME": "https://sig.mapama.gob.es/WebServices/clientews/snczi/Default.aspx?nombre=EGISPE_EMBALSE&claves=ID_EMBALSE&valores=594", "ID_EMBALSE": 594.0, "CODIGO": 594, "NOMBRE": "CASTRO DE LAS COGOTAS", "NMN_SUP": 3940000.0, "NMN_CAPAC": 58.6, "NMN_COTA": null, "NAE_COTA": null, "ADMON_COMP": "Estado", "DEMARC": "DUERO", "PROVINCIA": "Ávila", "SUP_CUENCA": null, "AP_M_ANUAL": null, "TIPO_EMBAL": "Embalse de presa", "DTOR_EXPLO": "ENRIQUE BENITO MARTIN", "TIPO_TITUL": "Estado\nEstado", "USO": "Abastecimiento\nHidroeléctrico\nGanadero\nDefensa frente avenidas", "ID_0": 215, "ISO": "ESP", "NAME_0": "Spain", "ID_1": 5, "NAME_1": "Castilla y León", "ID_2": 18, "NAME_2": "Ávila", "TYPE_2": "Provincia", "ENGTYPE_2": "Province", "area": 3600598.58, "cuenca": "Adaja", "Tipo": "Embalse" }, "geometry": { "type": "MultiPolygon", "coordinates": [ [ [ [ -4.693600924999942, 40.712586545000079 ], [ -4.693846716999929, 40.712709052000037 ], [ -4.694107271999939, 40.712844854000025 ], [ -4.69425969699995, 40.712932698000024 ], [ -4.694342567999969, 40.712976522000083 ], [ -4.694565459999978, 40.713085852000063 ], [ -4.694811221999941, 40.713163317000074 ], [ -4.695090266999955, 40.713240293000077 ], [ -4.695375035999972, 40.713353216000016 ], [ -4.695562656999925, 40.713472070000073 ], [ -4.695600297999932, 40.713512053000045 ], [ -4.695613386999979, 40.713561405000057 ], [ -4.695580250999966, 40.713611436000051 ], [ -4.695383940999932, 40.713704400000047 ], [ -4.695279683999956, 40.713750972000078 ], [ -4.695222111999954, 40.713814874000029 ], [ -4.695220353999956, 40.713891468000035 ], [ -4.695346699999959, 40.714015726000063 ], [ -4.695569058999978, 40.714147581000084 ], [ -4.695779469999934, 40.714275108000031 ], [ -4.696026950999965, 40.714420106000034 ], [ -4.696226524999929, 40.714543287000026 ], [ -4.696382151999956, 40.714698641000034 ], [ -4.696461424999939, 40.714877638000068 ], [ -4.696593812999936, 40.715064862000069 ], [ -4.696661724999956, 40.715131424000042 ], [ -4.696956280999928, 40.715163127000039 ], [ -4.69724801999996, 40.715185863000038 ], [ -4.697516089999964, 40.715208945000022 ], [ -4.697817672999975, 40.71524054300005 ], [ -4.698112229999936, 40.715272243000065 ], [ -4.698398052999949, 40.715295062000045 ], [ -4.698701626999934, 40.715317620000057 ], [ -4.699007446999928, 40.715326632000021 ], [ -4.699284446999968, 40.715322555000043 ], [ -4.699534078999932, 40.715318880000034 ], [ -4.699782716999948, 40.71531972300005 ], [ -4.700077239999928, 40.715306378000037 ], [ -4.700322601999972, 40.715280245000024 ], [ -4.700614226999959, 40.715298469000054 ], [ -4.700943328999927, 40.715379197000054 ], [ -4.701200712999936, 40.715447470000072 ], [ -4.701271183999949, 40.715468951000041 ], [ -4.701328905999958, 40.715643758000056 ], [ -4.701321659999962, 40.715693409000053 ], [ -4.701228624999942, 40.715802877000051 ], [ -4.701069970999981, 40.715994384000055 ], [ -4.700955635999947, 40.716153710000071 ], [ -4.700940622999951, 40.716203476000032 ], [ -4.70101529599998, 40.71634650500004 ], [ -4.701122347999956, 40.716511577000055 ], [ -4.701138463999939, 40.716592412000068 ], [ -4.701119868999967, 40.716646734000058 ], [ -4.701010381999936, 40.716720412000022 ], [ -4.700769752999974, 40.716845566000082 ], [ -4.700560357999962, 40.716947740000073 ], [ -4.700506678999943, 40.716975555000019 ], [ -4.700436163999939, 40.717039650000068 ], [ -4.700428645999977, 40.717165874000045 ], [ -4.700444416999972, 40.717233202000038 ], [ -4.700422686999956, 40.717440708000019 ], [ -4.700473768999927, 40.717543548000037 ], [ -4.700496365999925, 40.717588255000067 ], [ -4.700661289999971, 40.71778850700008 ], [ -4.700866835999932, 40.717956633000028 ], [ -4.70107123799994, 40.718079734000071 ], [ -4.701318055999934, 40.718197705000073 ], [ -4.701618169999961, 40.718359931000073 ], [ -4.701889347999951, 40.718504567000018 ], [ -4.702055648999931, 40.718569676000072 ], [ -4.70213025399994, 40.718622624000034 ], [ -4.702195505999952, 40.718860376000066 ], [ -4.702193558999966, 40.719103622000027 ], [ -4.702266488999953, 40.719323245000048 ], [ -4.702362427999959, 40.719501991000072 ], [ -4.702504763999969, 40.719657533000024 ], [ -4.702662521999969, 40.719808344000057 ], [ -4.702780231999952, 40.720013793000085 ], [ -4.702865561999943, 40.720197200000037 ], [ -4.702889243999948, 40.72025540300006 ], [ -4.702890849999961, 40.720318435000031 ], [ -4.702709503999927, 40.72044722300005 ], [ -4.70249238599996, 40.720522490000064 ], [ -4.70223016999995, 40.720584909000024 ], [ -4.701984263999975, 40.720692128000053 ], [ -4.70175913199995, 40.720830568000054 ], [ -4.70156037199996, 40.720973122000025 ], [ -4.701527122999948, 40.721018653000044 ], [ -4.701507118999928, 40.721163077000028 ], [ -4.701547668999979, 40.721360656000066 ], [ -4.701646250999943, 40.721512340000061 ], [ -4.701774992999957, 40.721686100000049 ], [ -4.70181477799997, 40.721897203000026 ], [ -4.701902900999926, 40.722103089000029 ], [ -4.702053863999936, 40.722263008000034 ], [ -4.702070596999932, 40.722280778000034 ], [ -4.702261452999949, 40.722467133000052 ], [ -4.702463511999952, 40.722599274000061 ], [ -4.702684421999948, 40.722672584000065 ], [ -4.702951796999969, 40.722754217000052 ], [ -4.70325502299994, 40.722848832000068 ], [ -4.703473715999961, 40.722922174000075 ], [ -4.703793790999953, 40.72303905900003 ], [ -4.704040735999968, 40.723102974000035 ], [ -4.704309872999943, 40.723166562000081 ], [ -4.704545720999931, 40.723230640000061 ], [ -4.704803393999953, 40.723294395000039 ], [ -4.705042138999943, 40.723326902000053 ], [ -4.705334794999943, 40.723340595000025 ], [ -4.705400886999939, 40.723335114000072 ], [ -4.705636224999978, 40.723277589000077 ], [ -4.705859496999949, 40.723211234000075 ], [ -4.706106362999946, 40.723185065000045 ], [ -4.706363536999959, 40.723185768000057 ], [ -4.706601477999925, 40.723186755000036 ], [ -4.706876955999974, 40.723223218000044 ], [ -4.707194992999974, 40.723245539000061 ], [ -4.707447333999937, 40.723259824000031 ], [ -4.707835466999938, 40.723245074000019 ], [ -4.707822980999936, 40.723263275000072 ], [ -4.707541221999974, 40.723357523000061 ], [ -4.707250364999935, 40.723370833000061 ], [ -4.706962301999964, 40.723406621000024 ], [ -4.706855778999966, 40.72340819600003 ], [ -4.706576466999934, 40.723511415000075 ], [ -4.706370298999957, 40.723595535000072 ], [ -4.706358578999925, 40.723600212000058 ], [ -4.706116366999936, 40.723707385000068 ], [ -4.705845230999955, 40.723855520000022 ], [ -4.705691710999929, 40.724001918000056 ], [ -4.705570779999959, 40.724192874000039 ], [ -4.705521118999967, 40.724378273000063 ], [ -4.705554844999939, 40.724539919000044 ], [ -4.705682495999952, 40.724713690000037 ], [ -4.70585379199997, 40.724886816000044 ], [ -4.706029667999927, 40.725050866000061 ], [ -4.706224291999945, 40.725210135000054 ], [ -4.706414440999936, 40.725324429000068 ], [ -4.706478355999934, 40.725364020000029 ], [ -4.706738271999938, 40.725486290000042 ], [ -4.706810093999934, 40.72551675700003 ], [ -4.706850451999969, 40.725561200000065 ], [ -4.70656513199998, 40.725574427000041 ], [ -4.706420878999949, 40.725576559000046 ], [ -4.706298932999971, 40.725582866000025 ], [ -4.70604842299997, 40.725640617000082 ], [ -4.705696128999932, 40.725668343000059 ], [ -4.705350773999952, 40.725677949000044 ], [ -4.705051399999946, 40.725691379000068 ], [ -4.704849685999932, 40.725761919000021 ], [ -4.704643636999946, 40.725909091000062 ], [ -4.704444104999935, 40.726065174000034 ], [ -4.704249469999979, 40.726239200000066 ], [ -4.704085100999976, 40.726381252000067 ], [ -4.703930143999969, 40.726500644000055 ], [ -4.703869149999946, 40.726546584000069 ], [ -4.703720746999976, 40.72671992800008 ], [ -4.70367336399994, 40.726806204000063 ], [ -4.703607242999965, 40.72682519500006 ], [ -4.703529490999927, 40.726605646000046 ], [ -4.70352881599996, 40.726506567000051 ], [ -4.703528484999936, 40.726420995000062 ], [ -4.703566201999933, 40.726231270000021 ], [ -4.703597884999965, 40.726037129000069 ], [ -4.703623878999963, 40.725852080000045 ], [ -4.703650829999957, 40.725748090000017 ], [ -4.703652271999943, 40.725703028000055 ], [ -4.703597899999977, 40.725573214000057 ], [ -4.703542798999933, 40.725501963000056 ], [ -4.703486399999973, 40.725466763000043 ], [ -4.703346010999951, 40.725446314000067 ], [ -4.703093100999979, 40.725468062000054 ], [ -4.702830062999965, 40.725498966000039 ], [ -4.70252045799998, 40.725575597000045 ], [ -4.702242723999973, 40.725683286000056 ], [ -4.702154103999931, 40.725734137000082 ], [ -4.701989198999967, 40.725768096000017 ], [ -4.70180772499998, 40.72576176400004 ], [ -4.701570390999962, 40.725697702000041 ], [ -4.70131151399994, 40.725615941000065 ], [ -4.700978264999947, 40.725548787000037 ], [ -4.700735048999945, 40.725529851000026 ], [ -4.700485147999928, 40.725524524000029 ], [ -4.700202074999936, 40.725524189000055 ], [ -4.699918998999976, 40.725523854000066 ], [ -4.699677465999968, 40.72552741100003 ], [ -4.699551422999945, 40.725547283000026 ], [ -4.699304807999965, 40.725627482000036 ], [ -4.699070601999948, 40.725730018000029 ], [ -4.698764722999954, 40.725851624000022 ], [ -4.698709672999938, 40.725883962000069 ], [ -4.698566489999962, 40.726030198000053 ], [ -4.698390500999948, 40.726181420000046 ], [ -4.698169922999965, 40.72631077800002 ], [ -4.698036515999946, 40.72637579700006 ], [ -4.697756287999937, 40.726429463000038 ], [ -4.697507078999933, 40.726509696000051 ], [ -4.697262246999969, 40.726558337000036 ], [ -4.697194899999942, 40.726572839000013 ], [ -4.697134069999947, 40.726596253000025 ], [ -4.697023949999959, 40.726543824000025 ], [ -4.697028583999952, 40.72626000200006 ], [ -4.697298793999948, 40.72547683200002 ], [ -4.697320865999926, 40.725413451000065 ], [ -4.697335127999962, 40.724998871000025 ], [ -4.697247176999952, 40.724711906000039 ], [ -4.697224264999931, 40.724640179000062 ], [ -4.697169171999975, 40.724568924000039 ], [ -4.697128478999958, 40.724510970000033 ], [ -4.697061833999954, 40.724421869000018 ], [ -4.697009701999946, 40.724350571000066 ], [ -4.696729886999946, 40.724201547000064 ], [ -4.696244536999926, 40.72406004700008 ], [ -4.696408117999965, 40.723886490000041 ], [ -4.696454204999952, 40.723836268000071 ], [ -4.696458865999944, 40.723786655000026 ], [ -4.696429170999977, 40.723593418000064 ], [ -4.696361492999926, 40.723405244000048 ], [ -4.696321398999942, 40.723356288000062 ], [ -4.696132915999954, 40.72316088000008 ], [ -4.69594989999996, 40.72300592800007 ], [ -4.695656265999958, 40.722866113000066 ], [ -4.695488052999962, 40.72276949500008 ], [ -4.695461019999924, 40.722724851000066 ], [ -4.695462891999966, 40.722652759000013 ], [ -4.695440347999977, 40.722522474000073 ], [ -4.69546616699995, 40.722373461000082 ], [ -4.69554676599995, 40.722327237000059 ], [ -4.695614874999933, 40.722299213000056 ], [ -4.695826741999951, 40.722206020000044 ], [ -4.696035246999941, 40.722067836000072 ], [ -4.696108670999934, 40.721972172000051 ], [ -4.696086843999979, 40.721913941000018 ], [ -4.696047093999937, 40.72187849200003 ], [ -4.695896749999974, 40.721786116000018 ], [ -4.695626144999948, 40.721722531000061 ], [ -4.695319415999961, 40.721722532000051 ], [ -4.695038489999945, 40.721704137000074 ], [ -4.694962977999978, 40.721673717000044 ], [ -4.694731803999957, 40.721560006000054 ], [ -4.694630256999972, 40.721480425000038 ], [ -4.694598302999964, 40.721431349000063 ], [ -4.69458028899993, 40.721377565000068 ], [ -4.694566557999963, 40.721157069000071 ], [ -4.694568678999928, 40.720963365000046 ], [ -4.694548674999965, 40.720918618000042 ], [ -4.694508327999926, 40.720874170000045 ], [ -4.694459958999971, 40.720834344000018 ], [ -4.694449004999968, 40.720825496000039 ], [ -4.694229328999938, 40.720698103000068 ], [ -4.694159197999965, 40.720690125000019 ], [ -4.694083376999969, 40.720691237000025 ], [ -4.693796768999959, 40.72074048300005 ], [ -4.693572382999947, 40.720806832000051 ], [ -4.693502593999937, 40.720812360000032 ], [ -4.693334221999976, 40.720796813000049 ], [ -4.693273364999925, 40.720775186000012 ], [ -4.693220302999975, 40.720739932000065 ], [ -4.693051070999957, 40.720602789000047 ], [ -4.693036871999937, 40.720553453000036 ], [ -4.693003603999955, 40.720364771000042 ], [ -4.692967952999935, 40.720315750000054 ], [ -4.692785777999973, 40.720178796000035 ], [ -4.692501666999931, 40.720034328000054 ], [ -4.692261198999972, 40.719889221000074 ], [ -4.692050859999938, 40.719721150000055 ], [ -4.691859415999942, 40.719597843000031 ], [ -4.691711070999929, 40.719437872000071 ], [ -4.691706118999945, 40.719388400000057 ], [ -4.691693082999961, 40.719194918000028 ], [ -4.691654502999939, 40.719132426000044 ], [ -4.691458819999979, 40.718973148000032 ], [ -4.691159692999974, 40.718761337000046 ], [ -4.69092526299994, 40.718620642000076 ], [ -4.690709355999957, 40.718407610000028 ], [ -4.690565084999947, 40.718189025000079 ], [ -4.690428012999973, 40.718006367000051 ], [ -4.690250941999976, 40.717792766000066 ], [ -4.690124539999942, 40.717695528000029 ], [ -4.690046759999973, 40.717633610000064 ], [ -4.689827670999932, 40.717528720000075 ], [ -4.689573477999942, 40.717410832000041 ], [ -4.68928594199997, 40.717320455000056 ], [ -4.688977979999947, 40.717270912000068 ], [ -4.688718608999977, 40.717270203000048 ], [ -4.688414941999952, 40.717288156000052 ], [ -4.688081458999932, 40.71735609000006 ], [ -4.687766041999964, 40.717333677000049 ], [ -4.687637311999936, 40.717290519000066 ], [ -4.687637369999948, 40.717263494000065 ], [ -4.687614524999958, 40.71728184400007 ], [ -4.68735623699996, 40.717177522000036 ], [ -4.687143157999969, 40.717090556000073 ], [ -4.686880518999942, 40.717004313000075 ], [ -4.686577683999928, 40.716923161000075 ], [ -4.686222614999962, 40.716824755000054 ], [ -4.685938301999953, 40.716729819000086 ], [ -4.685708243999954, 40.716571033000044 ], [ -4.685595967999973, 40.716388006000045 ], [ -4.685585190999973, 40.716298083000034 ], [ -4.685577094999927, 40.716109031000023 ], [ -4.685519725999938, 40.71590268300001 ], [ -4.685457602999976, 40.715786485000081 ], [ -4.685400509999965, 40.715737774000054 ], [ -4.685186986999952, 40.715574242000052 ], [ -4.685157260999971, 40.715525131000049 ], [ -4.685139257999936, 40.715471346000065 ], [ -4.685122089999936, 40.715259906000028 ], [ -4.685142697999936, 40.715079444000018 ], [ -4.685134687999947, 40.714908407000053 ], [ -4.68507893499998, 40.714810132000018 ], [ -4.684895003999941, 40.714646167000062 ], [ -4.684689614999968, 40.714541068000067 ], [ -4.684537335999948, 40.714502753000033 ], [ -4.684416402999943, 40.714504518000069 ], [ -4.684172031999935, 40.714526100000057 ], [ -4.683871251999959, 40.714525983000037 ], [ -4.683804033999934, 40.714486428000036 ], [ -4.683767622999938, 40.71445092600004 ], [ -4.683540548999929, 40.714174988000032 ], [ -4.683367517999955, 40.713988341000061 ], [ -4.683208822999972, 40.713842022000051 ], [ -4.683080529999927, 40.713771828000063 ], [ -4.682849171999976, 40.713707640000052 ], [ -4.682596846999957, 40.713648261000053 ], [ -4.682437604999961, 40.713583022000073 ], [ -4.682386002999976, 40.713561254000076 ], [ -4.682181422999975, 40.713429114000071 ], [ -4.681977432999929, 40.713364525000024 ], [ -4.681692617999942, 40.713337147000047 ], [ -4.681436077999933, 40.71334538800005 ], [ -4.681131602999926, 40.713345318000044 ], [ -4.681002430999967, 40.713284142000077 ], [ -4.68105970199997, 40.713251780000071 ], [ -4.681298105999929, 40.713140211000052 ], [ -4.681570478999959, 40.712996618000041 ], [ -4.681808798999954, 40.712867033000073 ], [ -4.681855998999935, 40.712816801000031 ], [ -4.681904995999957, 40.712735015000078 ], [ -4.682034057999942, 40.712512436000047 ], [ -4.68219099299995, 40.712338996000028 ], [ -4.682400378999942, 40.712191815000033 ], [ -4.682637781999971, 40.712084762000067 ], [ -4.682885711999973, 40.711955034000034 ], [ -4.683106362999979, 40.711785168000056 ], [ -4.683128783999961, 40.711735296000022 ], [ -4.683253176999926, 40.711503777000082 ], [ -4.68331018699996, 40.711475921000044 ], [ -4.683571961999973, 40.711382023000056 ], [ -4.683732469999939, 40.711262577000063 ], [ -4.68384169199993, 40.711089830000041 ], [ -4.683840533999955, 40.710999766000043 ], [ -4.683811197999944, 40.710774991000044 ], [ -4.68374887899995, 40.710694828000044 ], [ -4.683598754999934, 40.71052135900004 ], [ -4.683515196999962, 40.710346920000056 ], [ -4.683523194999964, 40.710297259000065 ], [ -4.683548203999975, 40.710247350000024 ], [ -4.683696850999978, 40.710083036000064 ], [ -4.68379104199994, 40.710018606000069 ], [ -4.683898628999941, 40.709971996000029 ], [ -4.684098645999938, 40.709820445000041 ], [ -4.684111565999955, 40.709775216000018 ], [ -4.684132920999957, 40.709536190000058 ], [ -4.684122354999942, 40.709351678000083 ], [ -4.684115003999977, 40.709162616000071 ], [ -4.684017029999951, 40.70892983400006 ], [ -4.683945324999967, 40.708858816000031 ], [ -4.683832346999964, 40.708779391000064 ], [ -4.683745336999948, 40.708717603000025 ], [ -4.683479580999972, 40.708608878000057 ], [ -4.683188959999939, 40.708541051000047 ], [ -4.682807393999951, 40.708519590000044 ], [ -4.682557444999929, 40.708509721000027 ], [ -4.682309261999932, 40.708481809000027 ], [ -4.682261701999948, 40.708473494000032 ], [ -4.681996197999979, 40.708418810000062 ], [ -4.681774133999966, 40.70834097300007 ], [ -4.681570024999928, 40.708226841000048 ], [ -4.681328536999956, 40.708126765000024 ], [ -4.681067027999972, 40.707995452000041 ], [ -4.68100013399993, 40.707924362000028 ], [ -4.680903182999942, 40.707790652000028 ], [ -4.680814509999948, 40.707647813000051 ], [ -4.680758362999939, 40.707621607000071 ], [ -4.680523987999948, 40.707539442000055 ], [ -4.680243644999962, 40.707453441000041 ], [ -4.680157011999938, 40.707391646000076 ], [ -4.680190813999957, 40.707323593000062 ], [ -4.680231210999977, 40.707282469000049 ], [ -4.680412770999964, 40.707117680000067 ], [ -4.680524039999966, 40.706967427000052 ], [ -4.680524900999956, 40.706913366000038 ], [ -4.680499953999969, 40.706715551000059 ], [ -4.68047245699995, 40.706666407000057 ], [ -4.680434716999969, 40.706621915000028 ], [ -4.680386592999979, 40.706591088000025 ], [ -4.68018641499998, 40.706485904000019 ], [ -4.679970479999951, 40.706371941000043 ], [ -4.679930265999928, 40.706331990000081 ], [ -4.679914630999974, 40.70626916100008 ], [ -4.679941519999942, 40.706205713000031 ], [ -4.680074862999959, 40.706050635000054 ], [ -4.68027138499997, 40.70586310900007 ], [ -4.68053608799994, 40.705665581000062 ], [ -4.680737980999936, 40.70550049600007 ], [ -4.68095505499997, 40.705380231000042 ], [ -4.68107372999998, 40.705333462000056 ], [ -4.681293631999949, 40.705325756000036 ], [ -4.681377366999925, 40.70536056800006 ], [ -4.681645868999965, 40.705446738000028 ], [ -4.681756144999951, 40.705463148000028 ], [ -4.681885309999927, 40.705465771000021 ], [ -4.682166534999965, 40.705484193000089 ], [ -4.682234173999974, 40.705496720000042 ], [ -4.682423296999958, 40.705529996000053 ], [ -4.682660427999963, 40.705589597000028 ], [ -4.682927226999936, 40.705666781000041 ], [ -4.683158985999967, 40.705703938000056 ], [ -4.683448259999978, 40.705762777000082 ], [ -4.683584676999942, 40.705774300000023 ], [ -4.683743739999954, 40.705744956000046 ], [ -4.683923205999974, 40.705629737000038 ], [ -4.683941813999979, 40.70557541700002 ], [ -4.683922477999943, 40.705512642000038 ], [ -4.683911798999929, 40.705323628000031 ], [ -4.683906155999978, 40.705143548000073 ], [ -4.683905975999949, 40.704945373000037 ], [ -4.683949315999938, 40.704742058000072 ], [ -4.684102754999969, 40.70457767400007 ], [ -4.684328729999947, 40.704385207000023 ], [ -4.684548785999937, 40.70419282600006 ], [ -4.684580107999977, 40.704129313000074 ], [ -4.684595272999956, 40.704070539000043 ], [ -4.684596017999979, 40.704011975000071 ], [ -4.684646635999968, 40.703804050000031 ], [ -4.684696272999929, 40.703762790000034 ], [ -4.684860230999958, 40.703634284000032 ], [ -4.684940172999972, 40.703430435000016 ], [ -4.68501231999994, 40.703240212000019 ], [ -4.685080655999968, 40.703045540000062 ], [ -4.685079294999979, 40.70299151100005 ], [ -4.685057965999931, 40.70293777400007 ], [ -4.684908202999964, 40.702719261000027 ], [ -4.684755308999968, 40.702523314000082 ], [ -4.684587250999924, 40.702386141000026 ], [ -4.68434273899993, 40.702268100000026 ], [ -4.684026778999964, 40.702133083000028 ], [ -4.683687610999925, 40.702016421000046 ], [ -4.683396588999925, 40.701975625000038 ], [ -4.683113869999943, 40.701970739000039 ], [ -4.682912156999975, 40.701951159000025 ], [ -4.682665196999948, 40.701882694000062 ], [ -4.68244537299995, 40.701804825000053 ], [ -4.682203227999935, 40.701677736000072 ], [ -4.682137357999977, 40.701647168000079 ], [ -4.682035652999956, 40.70160360900006 ], [ -4.681801349999945, 40.701552974000037 ], [ -4.681686907999961, 40.70147356800004 ], [ -4.68169422699998, 40.70139689300003 ], [ -4.681701055999952, 40.701153574000053 ], [ -4.681635442999947, 40.700897799000074 ], [ -4.681612058999974, 40.700717978000064 ], [ -4.681629556999951, 40.700663674000062 ], [ -4.681808546999946, 40.700426856000043 ], [ -4.68188454899996, 40.700389716000082 ], [ -4.68197035999998, 40.700374954000033 ], [ -4.682104410999955, 40.700336968000038 ], [ -4.682247593999932, 40.700294346000078 ], [ -4.682510526999977, 40.700159896000066 ], [ -4.682730281999966, 40.700044092000034 ], [ -4.682846561999951, 40.699961324000057 ], [ -4.682864941999981, 40.699898 ], [ -4.682909438999958, 40.699784750000056 ], [ -4.682950830999971, 40.699680553000064 ], [ -4.683027220999975, 40.699467749000057 ], [ -4.68315582699995, 40.699272200000053 ], [ -4.683258233999936, 40.69910856100006 ], [ -4.683309573999964, 40.699076284000057 ], [ -4.683370723999928, 40.699066384000048 ], [ -4.683456813999952, 40.699092153000024 ], [ -4.683515768999939, 40.699127326000053 ], [ -4.683697639999933, 40.699255291000057 ], [ -4.683949164999944, 40.699373232000013 ], [ -4.684190534999971, 40.699513841000062 ], [ -4.684429915999942, 40.69966348600007 ], [ -4.68459398799996, 40.699760181000045 ], [ -4.684705133999956, 40.699826120000075 ], [ -4.684911301999932, 40.699890672000038 ], [ -4.68517051699996, 40.699931929000051 ], [ -4.685445975999926, 40.699927908000063 ], [ -4.685694901999966, 40.699883738000025 ], [ -4.685941889999981, 40.699880131000043 ], [ -4.686201508999943, 40.699849316000027 ], [ -4.686423046999949, 40.69976050300005 ], [ -4.686480414999948, 40.699732640000029 ], [ -4.686665234999965, 40.699639860000055 ], [ -4.686698115999945, 40.699594339000043 ], [ -4.686750880999966, 40.699471958000061 ], [ -4.686748409999951, 40.69941794600004 ], [ -4.686698192999927, 40.699215997000067 ], [ -4.686610917999928, 40.698996574000034 ], [ -4.686423868999952, 40.69881013600007 ], [ -4.68627425099993, 40.698641167000055 ], [ -4.686248883999951, 40.698573977000081 ], [ -4.686240270999974, 40.698511046000093 ], [ -4.686215256999958, 40.698281705000056 ], [ -4.686204234999935, 40.698079183000061 ], [ -4.686168630999929, 40.698016646000042 ], [ -4.686091788999931, 40.697932192000053 ], [ -4.685931335999952, 40.697758877000069 ], [ -4.685913222999943, 40.697700588000025 ], [ -4.685918747999949, 40.697596915000091 ], [ -4.685967615999971, 40.697510624000067 ], [ -4.686151923999944, 40.697309754000052 ], [ -4.686185828999953, 40.697246202000024 ], [ -4.686282485999925, 40.697001572000033 ], [ -4.686356074999935, 40.696766286000077 ], [ -4.686561883999957, 40.696538077000064 ], [ -4.686808411999949, 40.69639935400005 ], [ -4.68705672599998, 40.696346181000081 ], [ -4.687414536999938, 40.696264383000027 ], [ -4.687518402999955, 40.69621782400003 ], [ -4.687602985999945, 40.69614001900004 ], [ -4.687639247999925, 40.696125977000058 ], [ -4.687639197999943, 40.695977344000028 ], [ -4.687674664999975, 40.695931785000028 ], [ -4.687814025999955, 40.695826155000077 ], [ -4.687897043999953, 40.695788908000047 ], [ -4.688045701999954, 40.695714670000029 ], [ -4.688113504999933, 40.695646118000063 ], [ -4.68817016099996, 40.695546200000074 ], [ -4.68815855899993, 40.695496826000067 ], [ -4.688128727999981, 40.695443213000019 ], [ -4.688017136999974, 40.695242162000064 ], [ -4.687894510999967, 40.69507280100003 ], [ -4.68776315599996, 40.694894559000033 ], [ -4.687694994999959, 40.694670353000049 ], [ -4.687733135999962, 40.694584218000053 ], [ -4.687774289999935, 40.694529568000057 ], [ -4.687890100999936, 40.69442878600006 ], [ -4.687973115999967, 40.694391539000037 ], [ -4.688189599999929, 40.694293789000035 ], [ -4.688425252999934, 40.694164230000077 ], [ -4.688631697999938, 40.694035097000054 ], [ -4.688822585999958, 40.693861151000085 ], [ -4.688912485999936, 40.69371570600002 ], [ -4.688915330999976, 40.69365260700004 ], [ -4.688948296999967, 40.69344944300007 ], [ -4.688946932999954, 40.693395414000051 ], [ -4.689038882999966, 40.693155354000048 ], [ -4.689227461999962, 40.693021977000051 ], [ -4.689328221999972, 40.692984471000038 ], [ -4.689578541999936, 40.692908743000032 ], [ -4.689892135999968, 40.692863617000057 ], [ -4.690218982999966, 40.692786768000076 ], [ -4.690396782999926, 40.69273912400007 ], [ -4.69063012099997, 40.692708683000049 ], [ -4.690714725999953, 40.692675916000027 ], [ -4.690933845999949, 40.692551098000074 ], [ -4.69122877999996, 40.692411656000047 ], [ -4.691461321999952, 40.69234969700004 ], [ -4.69171274699994, 40.692273948000029 ], [ -4.69182613099997, 40.692267783000027 ], [ -4.692068424999945, 40.692255224000064 ], [ -4.69246889599998, 40.692267370000032 ], [ -4.692609183999934, 40.692301346000086 ], [ -4.692900167999937, 40.692342121000024 ], [ -4.693205654999928, 40.692342145000048 ], [ -4.693399403999932, 40.692325791000023 ], [ -4.693468252999934, 40.692284245000039 ], [ -4.693678206999947, 40.692119019000067 ], [ -4.693731526999954, 40.692077701000066 ], [ -4.693843853999965, 40.691985972000047 ], [ -4.694106160999978, 40.691828985000022 ], [ -4.694383568999967, 40.691698801000044 ], [ -4.694626109999944, 40.69156462400008 ], [ -4.694880311999952, 40.691452795000025 ], [ -4.695147537999958, 40.691358791000013 ], [ -4.695399377999934, 40.691256004000024 ], [ -4.695615155999974, 40.691131226000039 ], [ -4.69568937799994, 40.691112119000017 ], [ -4.695997956999974, 40.69110308300003 ], [ -4.696331903999976, 40.691102681000075 ], [ -4.696391364999954, 40.69107027900003 ], [ -4.696614588999977, 40.690918365000073 ], [ -4.696695883999951, 40.690813577000029 ], [ -4.696706343999948, 40.69075937500002 ], [ -4.696712753999975, 40.690574614000063 ], [ -4.696714059999977, 40.690538563000089 ], [ -4.696707784999944, 40.690349485000063 ], [ -4.696698667999954, 40.690164952000025 ], [ -4.696687925999924, 40.689930899000053 ], [ -4.696623981999948, 40.689742669000047 ], [ -4.69650637899997, 40.689582251000047 ], [ -4.696313644999974, 40.689404920000072 ], [ -4.696098620999975, 40.689281966000067 ], [ -4.695844977999968, 40.689123545000029 ], [ -4.695588176999933, 40.68894265100004 ], [ -4.695333686999959, 40.688838290000042 ], [ -4.695111418999943, 40.68876498500002 ], [ -4.694893413999978, 40.688655584000053 ], [ -4.694715984999959, 40.688469018000028 ], [ -4.69469698599994, 40.688419752000058 ], [ -4.69469006199995, 40.688190147000057 ], [ -4.694694172999959, 40.687987404000076 ], [ -4.694735313999956, 40.687874199000078 ], [ -4.694811864999962, 40.687859563000067 ], [ -4.694890891999933, 40.687898939000036 ], [ -4.694976632999953, 40.687969746000071 ], [ -4.695190655999967, 40.688097221000085 ], [ -4.695279833999962, 40.68811392800005 ], [ -4.695402452999929, 40.688107623000057 ], [ -4.695468537999943, 40.688088637000085 ], [ -4.695577957999944, 40.688028477000046 ], [ -4.695614779999971, 40.687978392000055 ], [ -4.69577494999993, 40.687804885000041 ], [ -4.695809183999926, 40.687754838000039 ], [ -4.695828885999958, 40.687700500000069 ], [ -4.695835239999951, 40.687484212000065 ], [ -4.695796405999942, 40.68725057100005 ], [ -4.695757088999926, 40.687012433000071 ], [ -4.695723700999963, 40.686949867000074 ], [ -4.695636755999941, 40.68674395700004 ], [ -4.695619792999934, 40.686541524000063 ], [ -4.695649302999925, 40.686451009000052 ], [ -4.695716140999934, 40.68624284100008 ], [ -4.695823385999972, 40.686038583000027 ], [ -4.695892877999938, 40.685979010000032 ], [ -4.696214302999977, 40.685821150000031 ], [ -4.696438450999948, 40.685691743000064 ], [ -4.696710912999946, 40.685615675000058 ], [ -4.696973254999932, 40.685548763000043 ], [ -4.697309896999967, 40.685480757000043 ], [ -4.69765194799993, 40.685480233000071 ], [ -4.697945311999945, 40.685426374000031 ], [ -4.698221435999925, 40.685305208000038 ], [ -4.69825586099995, 40.685219124000078 ], [ -4.698262850999924, 40.685173981000041 ], [ -4.698294218999933, 40.684952821000017 ], [ -4.69828003899994, 40.684772867000042 ], [ -4.698275320999927, 40.684543229000042 ], [ -4.698235802999932, 40.684341128000028 ], [ -4.698202640999965, 40.684287567000069 ], [ -4.698115792999943, 40.684216779000067 ], [ -4.697890600999926, 40.684071457000066 ], [ -4.697970270999972, 40.68403425300005 ], [ -4.698287936999976, 40.683962020000081 ], [ -4.698457776999931, 40.683937001000068 ], [ -4.698710995999932, 40.683991829000036 ], [ -4.698905977999971, 40.684024993000037 ], [ -4.699156373999926, 40.684012300000056 ], [ -4.69939878599996, 40.68404926900007 ], [ -4.699651769999945, 40.684036537000054 ], [ -4.699947686999963, 40.683996148000055 ], [ -4.700222920999977, 40.683883998000049 ], [ -4.700265993999949, 40.683847331000031 ], [ -4.700297749999947, 40.683801823000067 ], [ -4.700482320999924, 40.68361443800007 ], [ -4.700707869999974, 40.683453474000018 ], [ -4.700910675999978, 40.683328877000072 ], [ -4.70110989899996, 40.683208837000045 ], [ -4.70130010799994, 40.683097937000078 ], [ -4.701326713999948, 40.683038992000043 ], [ -4.701404391999971, 40.68301082300006 ], [ -4.701552480999965, 40.683017649000071 ], [ -4.701827752999975, 40.683009088000055 ], [ -4.702130368999974, 40.682941570000011 ], [ -4.702371675999927, 40.682847931000026 ], [ -4.702618130999952, 40.682767728000051 ], [ -4.702871415999937, 40.682723456000076 ], [ -4.702938920999942, 40.682731469000032 ], [ -4.703001223999933, 40.682753070000032 ], [ -4.703059804999953, 40.682788239000047 ], [ -4.703305193999938, 40.682942261000036 ], [ -4.703553898999927, 40.683037681000023 ], [ -4.703738388999966, 40.683079999000029 ], [ -4.703826990999971, 40.683074188000028 ], [ -4.704116029999967, 40.683083435000079 ], [ -4.704277246999936, 40.68305403100004 ], [ -4.704344853999941, 40.68300799200005 ], [ -4.70457128299995, 40.682896552000038 ], [ -4.704663579999931, 40.682890685000068 ], [ -4.70479625699994, 40.682902239000043 ], [ -4.704877298999975, 40.682919058000031 ], [ -4.705113259999962, 40.682978631000033 ], [ -4.705334193999931, 40.682970864000033 ], [ -4.705432520999977, 40.682969411000037 ], [ -4.705729382999947, 40.68287944900004 ], [ -4.705973271999937, 40.682785765000069 ], [ -4.706219873999942, 40.682624479000026 ], [ -4.706268283999974, 40.68256521100006 ], [ -4.706361838999953, 40.682347633000063 ], [ -4.706412375999946, 40.68213970000005 ], [ -4.70647592399996, 40.681891037000071 ], [ -4.70648, 40.681688294000018 ], [ -4.706460328999981, 40.681467886000057 ], [ -4.706450679999932, 40.681422988000065 ], [ -4.706417205999969, 40.68127034500003 ], [ -4.706344767999951, 40.681068733000068 ], [ -4.706399854999971, 40.680995854000059 ], [ -4.706450571999937, 40.680954568000061 ], [ -4.706507914999975, 40.680926696000029 ], [ -4.706572512999968, 40.68090772500004 ], [ -4.70664336699997, 40.680902174000039 ], [ -4.706816315999959, 40.680854577000048 ], [ -4.707056230999966, 40.680706900000068 ], [ -4.707089573999951, 40.680665870000041 ], [ -4.707092286999966, 40.680598269000036 ], [ -4.70707006799995, 40.680553557000053 ], [ -4.706944147999934, 40.680357240000035 ], [ -4.706779454999947, 40.680206537000068 ], [ -4.706586645999947, 40.68006976100002 ], [ -4.706486359999928, 40.679936121000011 ], [ -4.706512310999925, 40.679895201000079 ], [ -4.706598763999978, 40.679848883000041 ], [ -4.706681215999936, 40.679834152000069 ], [ -4.706776949999949, 40.679832737000019 ], [ -4.707041248999928, 40.679887383000043 ], [ -4.707311740999955, 40.679923920000064 ], [ -4.707563367999966, 40.679902182000028 ], [ -4.707834495999975, 40.679862140000061 ], [ -4.707909007999945, 40.679811493000045 ], [ -4.708076033999929, 40.67963336400004 ], [ -4.708095133999961, 40.679497960000049 ], [ -4.708127321999939, 40.679281289000066 ], [ -4.708187589999966, 40.67913626700004 ], [ -4.70827126499995, 40.679126021000066 ], [ -4.708565625999938, 40.679112658000065 ], [ -4.708848386999933, 40.679108473000042 ], [ -4.709084372999939, 40.679082460000075 ], [ -4.709165, 40.679054242000063 ], [ -4.709189059999972, 40.678968309000027 ], [ -4.709263215999955, 40.678773537000041 ], [ -4.709387614999969, 40.678591533000031 ], [ -4.709486788999924, 40.678391886000043 ], [ -4.70961248499998, 40.678173830000041 ], [ -4.709669529999928, 40.677902741000025 ], [ -4.709641964999945, 40.67775001200004 ], [ -4.709570604999954, 40.677561898000079 ], [ -4.70957840899996, 40.677404140000085 ], [ -4.709659798999951, 40.67715971600007 ], [ -4.709699141999977, 40.676933930000075 ], [ -4.709877524999968, 40.676737614000047 ], [ -4.710111691999942, 40.676553984000059 ], [ -4.710148267999954, 40.676494889000033 ], [ -4.710222763999979, 40.676313623000041 ], [ -4.710344568999972, 40.676131657000042 ], [ -4.71044239899993, 40.675923021000074 ], [ -4.710467234999952, 40.675882116000018 ], [ -4.710517696999943, 40.675773271000025 ], [ -4.710638161999952, 40.675582316000032 ], [ -4.710769803999938, 40.675409211000037 ], [ -4.710898882999971, 40.675222632000043 ], [ -4.711010335999958, 40.675040818000063 ], [ -4.711073049999925, 40.67483270200006 ], [ -4.711424084999975, 40.674737418000063 ], [ -4.711684857999956, 40.674756073000033 ], [ -4.711966723999979, 40.67476090200006 ], [ -4.712153547999946, 40.674866230000084 ], [ -4.712262343999953, 40.674927673000077 ], [ -4.712149119999935, 40.675068978000063 ], [ -4.712096285999962, 40.675128314000055 ], [ -4.712061870999945, 40.675358532000075 ], [ -4.712051642999938, 40.675565870000064 ], [ -4.712040100999957, 40.675750708000059 ], [ -4.711959023999952, 40.675963601000021 ], [ -4.711934302999963, 40.676009008000044 ], [ -4.711918621999928, 40.676234443000055 ], [ -4.711915229999931, 40.676477713000054 ], [ -4.711914853999929, 40.676549784000031 ], [ -4.711983546999932, 40.676647854000073 ], [ -4.712219648999962, 40.676756955000037 ], [ -4.712464950999959, 40.676820878000058 ], [ -4.712756682999952, 40.676893120000038 ], [ -4.713075167999933, 40.676955956000029 ], [ -4.713339530999974, 40.676970050000087 ], [ -4.713665249999963, 40.676983232000055 ], [ -4.713937514999941, 40.67698819900005 ], [ -4.714184899999965, 40.676989031000062 ], [ -4.71446208499998, 40.676998428000047 ], [ -4.714749130999962, 40.677075238000029 ], [ -4.714989097999932, 40.677161755000036 ], [ -4.715227539999944, 40.677275319000046 ], [ -4.715297186999975, 40.677323829000031 ], [ -4.715232179999929, 40.677369835000036 ], [ -4.714953006999963, 40.677369478000067 ], [ -4.714662998999928, 40.67736477700003 ], [ -4.714373869999974, 40.677351054000042 ], [ -4.714115903999925, 40.677341372000051 ], [ -4.713828345999956, 40.677345640000041 ], [ -4.713591834999932, 40.677394191000083 ], [ -4.713302749999969, 40.677425506000077 ], [ -4.713002944999971, 40.677456978000066 ], [ -4.712709053999959, 40.677488362000076 ], [ -4.712448311999935, 40.67751475000005 ], [ -4.712198706999971, 40.677513948000076 ], [ -4.711924083999975, 40.677518020000029 ], [ -4.711653240999964, 40.677612116000041 ], [ -4.711586775999933, 40.677644630000032 ], [ -4.711566071999925, 40.677717002000058 ], [ -4.71156358099995, 40.677937737000036 ], [ -4.711596548999978, 40.678171460000044 ], [ -4.711589900999969, 40.678374241000014 ], [ -4.711614949999955, 40.678558536000025 ], [ -4.711640737999971, 40.678742820000018 ], [ -4.711661672999981, 40.678954201000067 ], [ -4.711718413999961, 40.679192075000067 ], [ -4.711756513999944, 40.679380680000065 ], [ -4.711836662999929, 40.67955064600006 ], [ -4.712021942999968, 40.679768598000059 ], [ -4.712099892999958, 40.67999714900003 ], [ -4.712100396999972, 40.680060198000035 ], [ -4.712079115999927, 40.68011005900005 ], [ -4.711923465999973, 40.680270009000019 ], [ -4.711892714999975, 40.680311001000057 ], [ -4.711862180999957, 40.68050512800005 ], [ -4.711835707999967, 40.680771260000022 ], [ -4.711831405999931, 40.680834381000075 ], [ -4.711713007999946, 40.680831632000036 ], [ -4.711477448999972, 40.680686490000028 ], [ -4.71124250899993, 40.680608899000042 ], [ -4.710956256999964, 40.680563597000059 ], [ -4.710876670999937, 40.680560272000037 ], [ -4.710655902999974, 40.680617592000033 ], [ -4.710398558999941, 40.680734006000073 ], [ -4.710176006999974, 40.680822879000061 ], [ -4.709879552999952, 40.680899335000056 ], [ -4.709668713999974, 40.680983530000049 ], [ -4.70960557199993, 40.681015993000081 ], [ -4.709562874999961, 40.681052658000056 ], [ -4.709547850999968, 40.681115937000065 ], [ -4.709705225999925, 40.681298273000046 ], [ -4.709760038999946, 40.681374031000068 ], [ -4.709824066999943, 40.681463164000036 ], [ -4.710004106999975, 40.681649668000034 ], [ -4.710086297999965, 40.681711507000038 ], [ -4.710110431999965, 40.681787719000063 ], [ -4.709862937999958, 40.681768864000055 ], [ -4.709618959999943, 40.681713924000064 ], [ -4.709324925999965, 40.681610180000057 ], [ -4.709255852999945, 40.681584178000044 ], [ -4.709154851999926, 40.681567657000066 ], [ -4.708881229999974, 40.68155369100004 ], [ -4.708788820999928, 40.681555058000072 ], [ -4.708679019999977, 40.68170081300007 ], [ -4.70862895099998, 40.681926757000056 ], [ -4.70863215299994, 40.681994271000065 ], [ -4.708728330999975, 40.682154993000033 ], [ -4.708626660999926, 40.682300628000064 ], [ -4.708401390999938, 40.682457099000032 ], [ -4.708178499999974, 40.682591014000018 ], [ -4.707988788999955, 40.682706422000066 ], [ -4.707739643999957, 40.682912790000046 ], [ -4.707685433999926, 40.682976649000068 ], [ -4.707621684999934, 40.683202795000049 ], [ -4.707627728999967, 40.683265762000083 ], [ -4.707703970999943, 40.683413268000031 ], [ -4.707877380999946, 40.683586362000028 ], [ -4.708086606999928, 40.683713884000042 ], [ -4.708200818999955, 40.683784259000042 ], [ -4.708289055999956, 40.683909067000045 ], [ -4.70830664999994, 40.683989880000063 ], [ -4.708281019999959, 40.684057820000085 ], [ -4.708204591999959, 40.684076967000067 ], [ -4.708124796999924, 40.684051123000074 ], [ -4.707902021999929, 40.683986858000019 ], [ -4.707600766999973, 40.683919249000041 ], [ -4.70753792499994, 40.683920178000044 ], [ -4.707320280999966, 40.684013478000047 ], [ -4.707061541999963, 40.684206474000057 ], [ -4.70691656599996, 40.684379772000057 ], [ -4.706808363999925, 40.68458855800003 ], [ -4.70679890699995, 40.684638242000062 ], [ -4.70677307099993, 40.68468366500008 ], [ -4.70671583899997, 40.684716039000079 ], [ -4.70663460299994, 40.684735256000074 ], [ -4.706376148999937, 40.684707548000063 ], [ -4.706104808999952, 40.684653005000023 ], [ -4.705806292999966, 40.684634895000038 ], [ -4.705550376999953, 40.684634172000074 ], [ -4.705376638999951, 40.684636738000052 ], [ -4.705286813999976, 40.684638065000065 ], [ -4.705004561999942, 40.684619713000082 ], [ -4.704721087999928, 40.684596874000071 ], [ -4.70441688699998, 40.684587853000046 ], [ -4.704351597999959, 40.684579809000077 ], [ -4.704208923999943, 40.684640467000051 ], [ -4.704160050999973, 40.684681725000083 ], [ -4.703926758999954, 40.684770745000037 ], [ -4.70385291599996, 40.684789851000062 ], [ -4.703571303999979, 40.684694917000051 ], [ -4.703513574999931, 40.684664241000057 ], [ -4.703402730999927, 40.684638852000035 ], [ -4.703322514999968, 40.684640035000022 ], [ -4.703248303999942, 40.684659146000051 ], [ -4.703120016999947, 40.684733104000017 ], [ -4.703048542999967, 40.684801719000056 ], [ -4.703023557999927, 40.684851632000061 ], [ -4.703011765999976, 40.684896846000079 ], [ -4.703016529999956, 40.684982353000059 ], [ -4.703047935999961, 40.685053955000051 ], [ -4.703120513999977, 40.685115941000049 ], [ -4.703155896999931, 40.685169468000019 ], [ -4.702857224999946, 40.685232426000027 ], [ -4.70268673299995, 40.685275477000054 ], [ -4.702427569999941, 40.685423428000036 ], [ -4.702271311999936, 40.685560854000073 ], [ -4.702209421999953, 40.685642839000032 ], [ -4.702197742999942, 40.685692556000042 ], [ -4.70220872799996, 40.685746443000021 ], [ -4.702298674999952, 40.685938791000069 ], [ -4.702340539999966, 40.686145361000065 ], [ -4.70236278699997, 40.686365731000073 ], [ -4.702385111999945, 40.686545564000028 ], [ -4.702378471999963, 40.68679338500003 ], [ -4.702370121999934, 40.686843053000061 ], [ -4.702383896999947, 40.686919419000048 ], [ -4.702249612999936, 40.687034 ], [ -4.70196753899995, 40.687110223000047 ], [ -4.701728881999941, 40.68716328600005 ], [ -4.701576931999966, 40.687237590000059 ], [ -4.701363509999965, 40.687366849000057 ], [ -4.701142913999944, 40.687446668000071 ], [ -4.700899256999946, 40.687535835000062 ], [ -4.700840794999976, 40.68756372100006 ], [ -4.700598747999948, 40.687585302000059 ], [ -4.700300642999935, 40.687540148000039 ], [ -4.700060549999932, 40.68750765100004 ], [ -4.699748061999968, 40.68750774800003 ], [ -4.699418622999928, 40.687481069000064 ], [ -4.699325095999938, 40.687482445000043 ], [ -4.699117003999959, 40.687530548000041 ], [ -4.699055954999948, 40.687558471000052 ], [ -4.699009665999938, 40.687599689000074 ], [ -4.698978901999966, 40.687640678000022 ], [ -4.698954255999979, 40.687704097000058 ], [ -4.698951803999933, 40.68788429600005 ], [ -4.698970563999978, 40.688055174000056 ], [ -4.699021239999978, 40.688288639000064 ], [ -4.699112773999957, 40.688485471000035 ], [ -4.699241364999977, 40.688699773000046 ], [ -4.699384082999927, 40.688873330000035 ], [ -4.699567670999954, 40.689068807000062 ], [ -4.699685621999947, 40.689242728000067 ], [ -4.699714807999954, 40.689314364000033 ], [ -4.699705150999931, 40.689400083000059 ], [ -4.699770977999947, 40.689574772000071 ], [ -4.699940176999974, 40.689756947000042 ], [ -4.700202140999977, 40.689951268000065 ], [ -4.700398407999955, 40.690092507000031 ], [ -4.700606567999955, 40.690265100000033 ], [ -4.700805653999963, 40.690415305000037 ], [ -4.700890637999976, 40.690499630000033 ], [ -4.700898744999961, 40.690513023000051 ], [ -4.700978334999944, 40.690646972000017 ], [ -4.701049658999978, 40.690848603000063 ], [ -4.701126134999925, 40.691063671000059 ], [ -4.701151396999933, 40.691126356000026 ], [ -4.701355556999943, 40.691330534000016 ], [ -4.701545342999963, 40.691449347000052 ], [ -4.701764882999953, 40.691603753000045 ], [ -4.702011295999967, 40.691753258000062 ], [ -4.702212341999939, 40.691849384000072 ], [ -4.702494018999971, 40.691989360000029 ], [ -4.702756154999975, 40.692102600000048 ], [ -4.703041532999976, 40.692242520000036 ], [ -4.703326997999965, 40.69240045500004 ], [ -4.703382260999944, 40.692435672000045 ], [ -4.703415569999946, 40.692480221000046 ], [ -4.703438476999963, 40.692551948000073 ], [ -4.703426720999971, 40.692642202000059 ], [ -4.703172096999936, 40.692722528000047 ], [ -4.702935947999947, 40.69274402700006 ], [ -4.702654578999955, 40.692761689000065 ], [ -4.702301769999963, 40.692762388000055 ], [ -4.701942420999956, 40.692767685000035 ], [ -4.701644644999931, 40.692794595000066 ], [ -4.701333849999968, 40.692862232000024 ], [ -4.701048193999952, 40.692929497000073 ], [ -4.700795555999946, 40.693000780000034 ], [ -4.700527846999933, 40.693090300000044 ], [ -4.70018639999995, 40.693203426000025 ], [ -4.69987426299997, 40.693262071000042 ], [ -4.699607009999965, 40.693369599000043 ], [ -4.699351840999952, 40.693472444000065 ], [ -4.699255751999942, 40.693518899000011 ], [ -4.699142972999936, 40.693592623000022 ], [ -4.699033668999959, 40.693715841000028 ], [ -4.698979317999943, 40.693905811000029 ], [ -4.698974659999976, 40.69395542400008 ], [ -4.698941305999937, 40.693996452000079 ], [ -4.698827415999972, 40.694070192000019 ], [ -4.698506005999946, 40.694142482000082 ], [ -4.698236117999954, 40.694146452000041 ], [ -4.697912022999958, 40.694142211000035 ], [ -4.697659881999925, 40.694145918000054 ], [ -4.697357514999966, 40.694123340000026 ], [ -4.697077240999931, 40.69408241900004 ], [ -4.696991723999928, 40.694079172000045 ], [ -4.696909137999968, 40.694089394000052 ], [ -4.69682578499993, 40.694113139000081 ], [ -4.696749912999962, 40.694154791000074 ], [ -4.696602131999953, 40.694350637000063 ], [ -4.696581548999973, 40.69441399600003 ], [ -4.696574528999975, 40.694472652000051 ], [ -4.696669848999932, 40.694687446000053 ], [ -4.696700028999942, 40.69475456300006 ], [ -4.696701513999926, 40.694813094000033 ], [ -4.696647768999981, 40.694881444000032 ], [ -4.696411417999968, 40.694997519000026 ], [ -4.696156890999929, 40.69508233100003 ], [ -4.695867180999925, 40.695136132000066 ], [ -4.695566094999948, 40.695208114000032 ], [ -4.695291085999941, 40.695243681000072 ], [ -4.694987749999939, 40.695270655000051 ], [ -4.694684955999946, 40.695333653000034 ], [ -4.694440352999948, 40.695445340000042 ], [ -4.69426027999998, 40.695578600000026 ], [ -4.694023554999943, 40.695753228000051 ], [ -4.693827153999962, 40.695855199000043 ], [ -4.693782504999945, 40.695873870000071 ], [ -4.693582577999962, 40.696011924000054 ], [ -4.693475473999968, 40.696076552000072 ], [ -4.693198811999934, 40.696134658000055 ], [ -4.692920670999968, 40.69619278600004 ], [ -4.692809527999941, 40.696243960000054 ], [ -4.692709448999948, 40.696308484000042 ], [ -4.692651348999959, 40.696394913000063 ], [ -4.692654993999952, 40.696538989000025 ], [ -4.692661769999973, 40.696719052000041 ], [ -4.69265065099995, 40.69679128000007 ], [ -4.692781341999932, 40.697001054000054 ], [ -4.692956198999979, 40.697129108000063 ], [ -4.693145931999936, 40.697274959000019 ], [ -4.693328042999951, 40.697411914000043 ], [ -4.693500797999945, 40.697544501000031 ], [ -4.69372801999998, 40.697739346000048 ], [ -4.693878564999975, 40.697885772000049 ], [ -4.693891848999954, 40.697899089000039 ], [ -4.693950382999958, 40.697961287000062 ], [ -4.693977516999952, 40.698010433000022 ], [ -4.693951554999956, 40.698051351000068 ], [ -4.693883694999953, 40.698088379000062 ], [ -4.693716522999978, 40.698176408000059 ], [ -4.693434681999974, 40.698351696000024 ], [ -4.693207272999928, 40.698485649000069 ], [ -4.692940017999945, 40.698638202000041 ], [ -4.692696536999962, 40.698794910000061 ], [ -4.69246656599995, 40.69891538600006 ], [ -4.692245068999967, 40.699049251000083 ], [ -4.691968482999926, 40.699301027000054 ], [ -4.691925566999941, 40.699373721000022 ], [ -4.691905715999951, 40.699437068000066 ], [ -4.692023952999932, 40.69965153000004 ], [ -4.692032058999928, 40.699664923000043 ], [ -4.692225495999934, 40.699869275000033 ], [ -4.692405082999926, 40.700037796000068 ], [ -4.692625285999951, 40.70023274600004 ], [ -4.692861816999936, 40.700458985000068 ], [ -4.692909288999942, 40.700507833000074 ], [ -4.69294180099996, 40.700579421000036 ], [ -4.692800561999945, 40.700698597000049 ], [ -4.692647232999946, 40.700763902000055 ], [ -4.692402577999927, 40.700830546000084 ], [ -4.692148363999934, 40.700928857000065 ], [ -4.691872477999937, 40.701018477000048 ], [ -4.691783168999963, 40.701055818000043 ], [ -4.691713429999936, 40.70110638500006 ], [ -4.691623753999976, 40.701202284000026 ], [ -4.691552538999929, 40.701428529000054 ], [ -4.691487891999942, 40.701636663000031 ], [ -4.69142427099996, 40.701885318000052 ], [ -4.691433120999932, 40.702132911000035 ], [ -4.691479998999967, 40.702348418000049 ], [ -4.691606232999959, 40.702571771000059 ], [ -4.691790261999927, 40.702740228000039 ], [ -4.691993603999946, 40.702867866000084 ], [ -4.692230452999979, 40.703004020000044 ], [ -4.69245120499994, 40.703176442000029 ], [ -4.692516996999927, 40.703247542000028 ], [ -4.692539074999957, 40.703418372000044 ], [ -4.692544366999925, 40.70348135100005 ], [ -4.692631523999977, 40.703651227000087 ], [ -4.69279727099996, 40.70384247100003 ], [ -4.692889234999939, 40.704012276000071 ], [ -4.693040676999941, 40.704208234000077 ], [ -4.693253784999968, 40.704385270000046 ], [ -4.693440835999979, 40.704526656000041 ], [ -4.693502475999934, 40.704579801000065 ], [ -4.69353934199995, 40.704633308000034 ], [ -4.693547735999971, 40.704687234000055 ], [ -4.693456037999965, 40.704805684000064 ], [ -4.693286775999979, 40.704943288000031 ], [ -4.693054537999956, 40.705077311000032 ], [ -4.692952344999981, 40.705204923000039 ], [ -4.692888270999957, 40.705435569000031 ], [ -4.69284708999993, 40.705620839000069 ], [ -4.692837309999959, 40.705702055000074 ], [ -4.692658338999934, 40.705704679000057 ], [ -4.692281563999927, 40.705638138000033 ], [ -4.692167017999963, 40.705599280000058 ], [ -4.691814907999969, 40.705586425000028 ], [ -4.691655308999941, 40.705638308000069 ], [ -4.691396981999958, 40.705808742000038 ], [ -4.691199664999941, 40.705919730000055 ], [ -4.690983916999926, 40.706003963000057 ], [ -4.69071349799998, 40.706120525000081 ], [ -4.690595538999958, 40.706180805000038 ], [ -4.690541096999936, 40.70628069100006 ], [ -4.690600917999972, 40.706496009000027 ], [ -4.69062046099998, 40.706698405000061 ], [ -4.690733416999933, 40.70690844100006 ], [ -4.690862558999924, 40.707100224000044 ], [ -4.691020713999933, 40.707269061000034 ], [ -4.691275441999949, 40.707468012000049 ], [ -4.691475128999968, 40.707640744000059 ], [ -4.691686109999977, 40.707835831000054 ], [ -4.691856528999949, 40.707977463000084 ], [ -4.692075873999953, 40.708122881000065 ], [ -4.692121529999952, 40.708158245000035 ], [ -4.691984739999952, 40.708263842000065 ], [ -4.691692523999961, 40.708367214000077 ], [ -4.691389666999952, 40.708430204000074 ], [ -4.69100315299994, 40.708534955000061 ], [ -4.690701290999924, 40.708593424000071 ], [ -4.690410521999979, 40.708651731000018 ], [ -4.690120178999963, 40.708683006000058 ], [ -4.689941683999961, 40.708690123000046 ], [ -4.68980793299994, 40.708696585000027 ], [ -4.689510221999967, 40.708773007000048 ], [ -4.689243685999941, 40.708853476000051 ], [ -4.688974674999939, 40.708938484000036 ], [ -4.688751432999935, 40.709004807000042 ], [ -4.68845016299997, 40.709072270000028 ], [ -4.688206380999929, 40.709174924000074 ], [ -4.688112081999975, 40.709234855000027 ], [ -4.688014565999937, 40.709357890000035 ], [ -4.68794321799993, 40.709579632000036 ], [ -4.687950465999961, 40.709764192000065 ], [ -4.687911914999972, 40.709980949000055 ], [ -4.687874160999969, 40.710170671000071 ], [ -4.687926127999958, 40.710309537000057 ], [ -4.68799359999997, 40.710403135000035 ], [ -4.688042069999938, 40.710447467000051 ], [ -4.68831017399998, 40.710560652000026 ], [ -4.688532024999971, 40.710629472000043 ], [ -4.688773988999968, 40.710688989000055 ], [ -4.689051538999934, 40.710766001000017 ], [ -4.68929284799998, 40.710843543000074 ], [ -4.689548666999939, 40.710938889000026 ], [ -4.689771317999941, 40.711039223000064 ], [ -4.68998290199994, 40.711126207000063 ], [ -4.690220514999965, 40.711203801000067 ], [ -4.690509704999954, 40.711258119000043 ], [ -4.690798750999932, 40.711321447000046 ], [ -4.691033692999951, 40.711381063000033 ], [ -4.69126237699993, 40.711485810000056 ], [ -4.69149791999996, 40.711671528000068 ], [ -4.691693437999958, 40.71178126500007 ], [ -4.691979530999959, 40.711903185000033 ], [ -4.692239512999947, 40.71207503200003 ], [ -4.692452385999957, 40.712198025000077 ], [ -4.692681044999973, 40.712257729000044 ], [ -4.692920200999936, 40.712308271000033 ], [ -4.693159387999969, 40.712403852000072 ], [ -4.693383413999925, 40.712499655000052 ], [ -4.693600924999942, 40.712586545000079 ] ] ] ] } },
{ "type": "Feature", "properties": { "INFORME": "https://sig.mapama.gob.es/WebServices/clientews/snczi/Default.aspx?nombre=EGISPE_EMBALSE&claves=ID_EMBALSE&valores=2557", "ID_EMBALSE": 2557.0, "CODIGO": 2557, "NOMBRE": "ZORITA DE LOS MOLINOS", "NMN_SUP": 61000.0, "NMN_CAPAC": 0.37, "NMN_COTA": null, "NAE_COTA": null, "ADMON_COMP": "Estado", "DEMARC": "DUERO", "PROVINCIA": "Ávila", "SUP_CUENCA": null, "AP_M_ANUAL": null, "TIPO_EMBAL": "Embalse de presa", "DTOR_EXPLO": "PABLO GIMENEZ OLAVARRÍA\nJOAQUIN ARROYO ALONSO", "TIPO_TITUL": "Sociedades Estatales", "USO": "Abastecimiento", "ID_0": 215, "ISO": "ESP", "NAME_0": "Spain", "ID_1": 5, "NAME_1": "Castilla y León", "ID_2": 18, "NAME_2": "Ávila", "TYPE_2": "Provincia", "ENGTYPE_2": "Province", "area": 51027.964, "cuenca": "Adaja", "Tipo": "Embalse" }, "geometry": { "type": "MultiPolygon", "coordinates": [ [ [ [ -4.693149195999979, 40.756401376000049 ], [ -4.69356671099996, 40.756330529000024 ], [ -4.693889207999973, 40.756304138000068 ], [ -4.694293152999933, 40.75644466500006 ], [ -4.694594770999969, 40.756535123000042 ], [ -4.694853495999951, 40.756660593000049 ], [ -4.695113454999956, 40.756796692000094 ], [ -4.695500723999941, 40.756977807000041 ], [ -4.69570449899993, 40.757074826000071 ], [ -4.695896901999959, 40.757154754000048 ], [ -4.696337596999967, 40.757338874000027 ], [ -4.696838499999955, 40.757459353000058 ], [ -4.697134665999954, 40.757590618000059 ], [ -4.697479027999975, 40.757637752000058 ], [ -4.697674036999956, 40.757699649000074 ], [ -4.69787836699993, 40.757882320000064 ], [ -4.698164239999926, 40.75812022000008 ], [ -4.698259761999963, 40.758295911000054 ], [ -4.698412099999928, 40.758470400000078 ], [ -4.69855221499995, 40.758666515000058 ], [ -4.698826723999957, 40.758932705000063 ], [ -4.698943080999925, 40.75912917900007 ], [ -4.699191950999933, 40.759323771000034 ], [ -4.699320759999977, 40.759501045000022 ], [ -4.699509538999963, 40.759578582000074 ], [ -4.699668152999948, 40.759758368000064 ], [ -4.699818274999927, 40.760147710000069 ], [ -4.699922671999956, 40.760191213000041 ], [ -4.70032178799994, 40.760157247000052 ], [ -4.700909646999945, 40.760248736000051 ], [ -4.701149409999971, 40.760224235000074 ], [ -4.701567611999962, 40.760102176000039 ], [ -4.70165564699994, 40.75962018500006 ], [ -4.702008106999926, 40.759420371000033 ], [ -4.702059822999956, 40.759488311000048 ], [ -4.70190251899993, 40.759751195000028 ], [ -4.701934323999978, 40.759863319000019 ], [ -4.701754732999972, 40.760203872000034 ], [ -4.701561907999975, 40.760273206000079 ], [ -4.701349275999974, 40.760378678000045 ], [ -4.70060704399998, 40.760457072000058 ], [ -4.700414817999956, 40.760527106000048 ], [ -4.700163028999953, 40.760677310000069 ], [ -4.700015766999968, 40.760972844000037 ], [ -4.699895152999943, 40.760742899000036 ], [ -4.699679343999946, 40.760609801000044 ], [ -4.699397208999926, 40.760552564000065 ], [ -4.699144131999958, 40.760583834000045 ], [ -4.698912253999936, 40.760689851000045 ], [ -4.699029733999964, 40.760353471000037 ], [ -4.698938729999951, 40.76021675500003 ], [ -4.698772626999926, 40.760080318000064 ], [ -4.698611744999937, 40.76011472000004 ], [ -4.698507309999968, 40.759943199000084 ], [ -4.698451116999934, 40.759782723000043 ], [ -4.698397522999926, 40.759482818000031 ], [ -4.698299805999966, 40.759328699000029 ], [ -4.698194279999939, 40.759228662000048 ], [ -4.698003099999937, 40.759037967000047 ], [ -4.69791017999995, 40.758844249000042 ], [ -4.69779177199996, 40.758673664000064 ], [ -4.697723384999961, 40.758489012000041 ], [ -4.697514665999961, 40.75822808100002 ], [ -4.697295260999965, 40.758117832000039 ], [ -4.69715013299998, 40.757959752000033 ], [ -4.696920588999944, 40.757964442000052 ], [ -4.696634584999969, 40.75788722500004 ], [ -4.696343920999936, 40.757810321000079 ], [ -4.695906625999953, 40.757643275000078 ], [ -4.695530725999959, 40.757479251000063 ], [ -4.695275284999979, 40.757382127000035 ], [ -4.694893767999928, 40.757250612000078 ], [ -4.694646414999965, 40.757142234000071 ], [ -4.694431486999974, 40.757039018000057 ], [ -4.694173195999951, 40.756896377000018 ], [ -4.694026045999976, 40.756728194000061 ], [ -4.693886815999975, 40.756661360000066 ], [ -4.693263016999936, 40.756627023000085 ], [ -4.692291155999954, 40.756344657000056 ], [ -4.691934506999929, 40.756130531000053 ], [ -4.691963749999957, 40.756004788000034 ], [ -4.692162822999934, 40.756063504000061 ], [ -4.692590273999941, 40.756224621000058 ], [ -4.693149195999979, 40.756401376000049 ] ] ] ] } },
{ "type": "Feature", "properties": { "INFORME": "https://sig.mapama.gob.es/WebServices/clientews/snczi/Default.aspx?nombre=EGISPE_EMBALSE&claves=ID_EMBALSE&valores=2957", "ID_EMBALSE": 2957.0, "CODIGO": 2957, "NOMBRE": "LLANOS DEL TORMES, LOS (BALSA)", "NMN_SUP": null, "NMN_CAPAC": 0.01, "NMN_COTA": 0.0, "NAE_COTA": null, "ADMON_COMP": "Administración Autonómica", "DEMARC": "DUERO", "PROVINCIA": "Ávila", "SUP_CUENCA": null, "AP_M_ANUAL": null, "TIPO_EMBAL": "Embalse de balsa", "DTOR_EXPLO": null, "TIPO_TITUL": "Privado", "USO": null, "ID_0": 215, "ISO": "ESP", "NAME_0": "Spain", "ID_1": 5, "NAME_1": "Castilla y León", "ID_2": 18, "NAME_2": "Ávila", "TYPE_2": "Provincia", "ENGTYPE_2": "Province", "area": 5125.728, "cuenca": "Tormes", "Tipo": "Embalse" }, "geometry": { "type": "MultiPolygon", "coordinates": [ [ [ [ -5.482824513999958, 40.328854563000043 ], [ -5.483464113999958, 40.32858187800008 ], [ -5.483525502999952, 40.328668966000073 ], [ -5.483461257999977, 40.328713224000069 ], [ -5.483364175999952, 40.328840287000041 ], [ -5.483297074999939, 40.328860274000078 ], [ -5.483212841999944, 40.328821727000047 ], [ -5.48286110899994, 40.328935037000058 ], [ -5.482795385999964, 40.328998737000049 ], [ -5.482835323999949, 40.329083117000046 ], [ -5.482775051999965, 40.329172689000067 ], [ -5.481780784999954, 40.329598484000023 ], [ -5.481478195999956, 40.329692348000037 ], [ -5.481352351999931, 40.329695048000076 ], [ -5.481256027999961, 40.329635868000025 ], [ -5.481235902999971, 40.32952899800005 ], [ -5.481582828999933, 40.329373381000032 ], [ -5.481835526999929, 40.329264878000068 ], [ -5.482056816999943, 40.329180645000072 ], [ -5.482265257999926, 40.329089273000079 ], [ -5.482580774999973, 40.32895364500007 ], [ -5.482824513999958, 40.328854563000043 ] ] ] ] } },
{ "type": "Feature", "properties": { "INFORME": "https://sig.mapama.gob.es/WebServices/clientews/snczi/Default.aspx?nombre=EGISPE_EMBALSE&claves=ID_EMBALSE&valores=1289", "ID_EMBALSE": 1289.0, "CODIGO": 1289, "NOMBRE": "LOSAR DEL BARCO, EL (BALSA)", "NMN_SUP": 2700.0, "NMN_CAPAC": 0.01, "NMN_COTA": 0.0, "NAE_COTA": null, "ADMON_COMP": "Administración Autonómica", "DEMARC": "DUERO", "PROVINCIA": "Ávila", "SUP_CUENCA": null, "AP_M_ANUAL": null, "TIPO_EMBAL": "Embalse de balsa", "DTOR_EXPLO": null, "TIPO_TITUL": "Ayuntamientos y/o Diputaciones", "USO": "Abastecimiento", "ID_0": 215, "ISO": "ESP", "NAME_0": "Spain", "ID_1": 5, "NAME_1": "Castilla y León", "ID_2": 18, "NAME_2": "Ávila", "TYPE_2": "Provincia", "ENGTYPE_2": "Province", "area": 3080.906, "cuenca": "Tormes", "Tipo": "Embalse" }, "geometry": { "type": "MultiPolygon", "coordinates": [ [ [ [ -5.540283787999954, 40.381316009000045 ], [ -5.540288527999961, 40.381316809000069 ], [ -5.540325459999962, 40.381327709000061 ], [ -5.540369421999968, 40.381369079000073 ], [ -5.540398336999942, 40.381511663000026 ], [ -5.540371516999925, 40.381581614000019 ], [ -5.540345596999942, 40.381612805000024 ], [ -5.540295095999966, 40.381648146000032 ], [ -5.540214140999979, 40.381685388000058 ], [ -5.539942882999981, 40.381738212000059 ], [ -5.539675906999946, 40.381781043000039 ], [ -5.539590245999931, 40.381776759000054 ], [ -5.539534566999976, 40.381759627000065 ], [ -5.539490308999972, 40.381713942000019 ], [ -5.539473176999933, 40.381645413000058 ], [ -5.539491736999934, 40.38150835600004 ], [ -5.539516006999975, 40.381454105000046 ], [ -5.53957311499994, 40.381406991000055 ], [ -5.540222144999973, 40.381305659000077 ], [ -5.540283787999954, 40.381316009000045 ] ] ] ] } },
{ "type": "Feature", "properties": { "INFORME": "https://sig.mapama.gob.es/WebServices/clientews/snczi/Default.aspx?nombre=EGISPE_EMBALSE&claves=ID_EMBALSE&valores=1497", "ID_EMBALSE": 1497.0, "CODIGO": 1497, "NOMBRE": "NAVACEPEDA DE TORMES", "NMN_SUP": 6310.0, "NMN_CAPAC": 0.02, "NMN_COTA": 0.0, "NAE_COTA": null, "ADMON_COMP": "Estado", "DEMARC": "DUERO", "PROVINCIA": "Ávila", "SUP_CUENCA": 0.0, "AP_M_ANUAL": 0.0, "TIPO_EMBAL": "Embalse de presa", "DTOR_EXPLO": null, "TIPO_TITUL": "Ayuntamientos y/o Diputaciones", "USO": "Abastecimiento", "ID_0": 215, "ISO": "ESP", "NAME_0": "Spain", "ID_1": 5, "NAME_1": "Castilla y León", "ID_2": 18, "NAME_2": "Ávila", "TYPE_2": "Provincia", "ENGTYPE_2": "Province", "area": 9513.986, "cuenca": "Tormes", "Tipo": "Embalse" }, "geometry": { "type": "MultiPolygon", "coordinates": [ [ [ [ -5.254893538999966, 40.389406910000055 ], [ -5.25481216199995, 40.38942404200003 ], [ -5.254734632999941, 40.389543118000049 ], [ -5.254669393999961, 40.389635338000062 ], [ -5.254579449999937, 40.389718143000024 ], [ -5.254459525999948, 40.389805232000064 ], [ -5.25434486399996, 40.389865996000026 ], [ -5.254205399999933, 40.389956565000027 ], [ -5.254138298999976, 40.390053647000066 ], [ -5.254141153999967, 40.390105044000052 ], [ -5.254198260999942, 40.390149301000072 ], [ -5.254283920999966, 40.390250666000036 ], [ -5.254426688999956, 40.390313485000043 ], [ -5.254532337999933, 40.390416277000043 ], [ -5.25461153699996, 40.390442369000034 ], [ -5.254742204999957, 40.390466246000074 ], [ -5.25482786699996, 40.390549051000058 ], [ -5.25478246199998, 40.39062316800004 ], [ -5.25470064999996, 40.390642779000068 ], [ -5.254606157999945, 40.390635607000029 ], [ -5.254462773999933, 40.390575343000087 ], [ -5.254273927999975, 40.390509076000058 ], [ -5.254146863999948, 40.390471956000063 ], [ -5.254038360999971, 40.390446258000054 ], [ -5.253879888999961, 40.390360598000022 ], [ -5.253792964999945, 40.390273105000063 ], [ -5.253730744999928, 40.390147535000047 ], [ -5.253662881999957, 40.390047936000016 ], [ -5.253622907999954, 40.389930867000032 ], [ -5.253620051999974, 40.38985805500004 ], [ -5.253685724999968, 40.38975240700006 ], [ -5.253847052999959, 40.389538256000037 ], [ -5.254026939999961, 40.389348375000054 ], [ -5.254156592999949, 40.389300714000058 ], [ -5.25415828499996, 40.38927128000006 ], [ -5.254156858999977, 40.389227023000039 ], [ -5.254293914999948, 40.389075688000048 ], [ -5.254328178999969, 40.389004305000071 ], [ -5.254361010999958, 40.388937843000065 ], [ -5.254965293999931, 40.389394496000072 ], [ -5.254893538999966, 40.389406910000055 ] ] ] ] } },
{ "type": "Feature", "properties": { "INFORME": "https://sig.mapama.gob.es/WebServices/clientews/snczi/Default.aspx?nombre=EGISPE_EMBALSE&claves=ID_EMBALSE&valores=2907", "ID_EMBALSE": 2907.0, "CODIGO": 2907, "NOMBRE": "NAVACEÑOS (BALSA)", "NMN_SUP": null, "NMN_CAPAC": 0.01, "NMN_COTA": 0.0, "NAE_COTA": null, "ADMON_COMP": "Administración Autonómica", "DEMARC": "DUERO", "PROVINCIA": "Ávila", "SUP_CUENCA": null, "AP_M_ANUAL": null, "TIPO_EMBAL": "Embalse de balsa", "DTOR_EXPLO": null, "TIPO_TITUL": "Privado", "USO": "Abastecimiento", "ID_0": 215, "ISO": "ESP", "NAME_0": "Spain", "ID_1": 5, "NAME_1": "Castilla y León", "ID_2": 18, "NAME_2": "Ávila", "TYPE_2": "Provincia", "ENGTYPE_2": "Province", "area": 3478.327, "cuenca": "Tormes", "Tipo": "Embalse" }, "geometry": { "type": "MultiPolygon", "coordinates": [ [ [ [ -5.534137734999944, 40.296520657000016 ], [ -5.53424124199995, 40.296515899000049 ], [ -5.534382819999963, 40.296540883000034 ], [ -5.534432788999936, 40.29657181500005 ], [ -5.53463304299993, 40.29681660500006 ], [ -5.534633307999968, 40.296853137000035 ], [ -5.534620765999931, 40.296888284000033 ], [ -5.534348961999966, 40.29715295000004 ], [ -5.534284716999935, 40.297202918000032 ], [ -5.534235937999938, 40.297204108000066 ], [ -5.534199601999943, 40.297192855000056 ], [ -5.533765993999964, 40.296781754000051 ], [ -5.533758854999974, 40.296746061000071 ], [ -5.533776701999955, 40.296713939000036 ], [ -5.534137734999944, 40.296520657000016 ] ] ] ] } },
{ "type": "Feature", "properties": { "INFORME": "https://sig.mapama.gob.es/WebServices/clientews/snczi/Default.aspx?nombre=EGISPE_EMBALSE&claves=ID_EMBALSE&valores=1511", "ID_EMBALSE": 1511.0, "CODIGO": 1511, "NOMBRE": "NAVALONGUILLA (BALSA)", "NMN_SUP": 1120.0, "NMN_CAPAC": 0.0, "NMN_COTA": 0.0, "NAE_COTA": null, "ADMON_COMP": "Administración Autonómica", "DEMARC": "DUERO", "PROVINCIA": "Ávila", "SUP_CUENCA": null, "AP_M_ANUAL": null, "TIPO_EMBAL": "Embalse de balsa", "DTOR_EXPLO": null, "TIPO_TITUL": "Ayuntamientos y/o Diputaciones", "USO": null, "ID_0": 215, "ISO": "ESP", "NAME_0": "Spain", "ID_1": 5, "NAME_1": "Castilla y León", "ID_2": 18, "NAME_2": "Ávila", "TYPE_2": "Provincia", "ENGTYPE_2": "Province", "area": 1040.335, "cuenca": "Tormes", "Tipo": "Embalse" }, "geometry": { "type": "MultiPolygon", "coordinates": [ [ [ [ -5.489568358999974, 40.277592306000024 ], [ -5.489510919999929, 40.277520303000074 ], [ -5.489457, 40.277444779000064 ], [ -5.489451289999977, 40.277368636000062 ], [ -5.489474131999941, 40.27726108500007 ], [ -5.48952172099996, 40.277211592000072 ], [ -5.489579779999929, 40.277204929000042 ], [ -5.489636886999961, 40.277225868000073 ], [ -5.489705414999946, 40.277281072000051 ], [ -5.489850087999969, 40.277473332000056 ], [ -5.48985294199997, 40.277537102000039 ], [ -5.489822484999933, 40.277567559000026 ], [ -5.489613091999956, 40.277602774000066 ], [ -5.489568358999974, 40.277592306000024 ] ] ] ] } },
{ "type": "Feature", "properties": { "INFORME": "https://sig.mapama.gob.es/WebServices/clientews/snczi/Default.aspx?nombre=EGISPE_EMBALSE&claves=ID_EMBALSE&valores=1585", "ID_EMBALSE": 1585.0, "CODIGO": 1585, "NOMBRE": "PALACIOS DE BECEDAS (BALSA)", "NMN_SUP": 3280.0, "NMN_CAPAC": 0.02, "NMN_COTA": 0.0, "NAE_COTA": null, "ADMON_COMP": "Administración Autonómica", "DEMARC": "DUERO", "PROVINCIA": "Ávila", "SUP_CUENCA": null, "AP_M_ANUAL": null, "TIPO_EMBAL": "Embalse de balsa", "DTOR_EXPLO": null, "TIPO_TITUL": "Privado", "USO": "Abastecimiento", "ID_0": 215, "ISO": "ESP", "NAME_0": "Spain", "ID_1": 5, "NAME_1": "Castilla y León", "ID_2": 18, "NAME_2": "Ávila", "TYPE_2": "Provincia", "ENGTYPE_2": "Province", "area": 3093.651, "cuenca": "Tormes", "Tipo": "Embalse" }, "geometry": { "type": "MultiPolygon", "coordinates": [ [ [ [ -5.606747680999945, 40.39329722300004 ], [ -5.606757371999948, 40.393304213000071 ], [ -5.606764751999947, 40.393312154000064 ], [ -5.606772121999938, 40.393320094000046 ], [ -5.60677721299993, 40.393329884000011 ], [ -5.606781092999938, 40.393338804000059 ], [ -5.606783832999952, 40.393348654000079 ], [ -5.606785392999939, 40.393358524000057 ], [ -5.606784592999928, 40.393368455000015 ], [ -5.606782623999946, 40.393378405000071 ], [ -5.606780653999976, 40.39338835500007 ], [ -5.606776323999952, 40.393398366000035 ], [ -5.60658073099995, 40.393705675000035 ], [ -5.606574662999946, 40.393712457000049 ], [ -5.606565025999942, 40.393720666000029 ], [ -5.606556816999955, 40.393727448000057 ], [ -5.606546108999964, 40.393733158000032 ], [ -5.606535044999931, 40.393739225000047 ], [ -5.606519339999977, 40.393743152000077 ], [ -5.606507561999934, 40.393744936000068 ], [ -5.606493499999941, 40.393745151000076 ], [ -5.606479722999949, 40.393746364000037 ], [ -5.606465373999981, 40.393745008000053 ], [ -5.606446385999959, 40.393742581000026 ], [ -5.606043270999976, 40.393589700000071 ], [ -5.606027803999951, 40.393582264000024 ], [ -5.606016798999973, 40.39357363900006 ], [ -5.606009065999955, 40.393563229000058 ], [ -5.605999547999942, 40.393555199000033 ], [ -5.605990921999932, 40.393544788000042 ], [ -5.605982296999969, 40.393529917000073 ], [ -5.605978053999933, 40.393516944000048 ], [ -5.605976453999972, 40.393506164000037 ], [ -5.605974860999936, 40.393494522000026 ], [ -5.605977537999935, 40.393480245000042 ], [ -5.605982593999954, 40.393467158000085 ], [ -5.606214410999939, 40.393155214000032 ], [ -5.606222399999978, 40.393148734000079 ], [ -5.606230430999972, 40.393143143000039 ], [ -5.606239640999946, 40.393137533000065 ], [ -5.60624889099995, 40.393132823000037 ], [ -5.606258161999961, 40.393129013000085 ], [ -5.606268621999959, 40.393125172000062 ], [ -5.606279111999925, 40.393122232000053 ], [ -5.60628963299996, 40.393120192000026 ], [ -5.606301373999941, 40.393119032000065 ], [ -5.606311933999962, 40.393117892000078 ], [ -5.606322553999974, 40.393118552000047 ], [ -5.606335574999946, 40.393120062000037 ], [ -5.606747680999945, 40.39329722300004 ] ] ] ] } },
{ "type": "Feature", "properties": { "INFORME": "https://sig.mapama.gob.es/WebServices/clientews/snczi/Default.aspx?nombre=EGISPE_EMBALSE&claves=ID_EMBALSE&valores=1770", "ID_EMBALSE": 1770.0, "CODIGO": 1770, "NOMBRE": "PORTERAS (BALSA)", "NMN_SUP": 100000.0, "NMN_CAPAC": 0.37, "NMN_COTA": null, "NAE_COTA": null, "ADMON_COMP": "Estado", "DEMARC": "DUERO", "PROVINCIA": "Ávila", "SUP_CUENCA": null, "AP_M_ANUAL": null, "TIPO_EMBAL": "Embalse de balsa", "DTOR_EXPLO": "PABLO GIMENEZ OLAVARRÍA\nJOAQUIN ARROYO ALONSO", "TIPO_TITUL": "Sociedades Estatales", "USO": "Abastecimiento", "ID_0": 215, "ISO": "ESP", "NAME_0": "Spain", "ID_1": 5, "NAME_1": "Castilla y León", "ID_2": 18, "NAME_2": "Ávila", "TYPE_2": "Provincia", "ENGTYPE_2": "Province", "area": 70489.037, "cuenca": "Adaja", "Tipo": "Embalse" }, "geometry": { "type": "MultiPolygon", "coordinates": [ [ [ [ -4.820323242999962, 40.989352989000054 ], [ -4.820232590999978, 40.989385042000031 ], [ -4.820104586999945, 40.989398773000062 ], [ -4.820013463999943, 40.989370492000035 ], [ -4.818051173999947, 40.988258377000086 ], [ -4.817973652999966, 40.988162324000022 ], [ -4.817955881999977, 40.988077932000053 ], [ -4.817969821999952, 40.988022759000039 ], [ -4.818013311999948, 40.987961727000027 ], [ -4.819663332999936, 40.986276481000054 ], [ -4.819782695999947, 40.986207938000057 ], [ -4.819865367999967, 40.986188617000039 ], [ -4.81996295099998, 40.98619248600005 ], [ -4.820100433999926, 40.986220936000066 ], [ -4.822032433999937, 40.987356913000049 ], [ -4.822111506999931, 40.987465557000071 ], [ -4.822112846999971, 40.987514178000019 ], [ -4.82208378699994, 40.987581291000019 ], [ -4.822032644999979, 40.987666773000058 ], [ -4.820479476999934, 40.989241525000075 ], [ -4.820323242999962, 40.989352989000054 ] ] ] ] } },
{ "type": "Feature", "properties": { "INFORME": "https://sig.mapama.gob.es/WebServices/clientews/snczi/Default.aspx?nombre=EGISPE_EMBALSE&claves=ID_EMBALSE&valores=1809", "ID_EMBALSE": 1809.0, "CODIGO": 1809, "NOMBRE": "PUERTO CASTILLA (BALSA)", "NMN_SUP": 2170.0, "NMN_CAPAC": 0.01, "NMN_COTA": 0.0, "NAE_COTA": null, "ADMON_COMP": "Administración Autonómica", "DEMARC": "DUERO", "PROVINCIA": "Ávila", "SUP_CUENCA": null, "AP_M_ANUAL": null, "TIPO_EMBAL": "Embalse de balsa", "DTOR_EXPLO": null, "TIPO_TITUL": "Privado", "USO": null, "ID_0": 215, "ISO": "ESP", "NAME_0": "Spain", "ID_1": 5, "NAME_1": "Castilla y León", "ID_2": 18, "NAME_2": "Ávila", "TYPE_2": "Provincia", "ENGTYPE_2": "Province", "area": 2580.253, "cuenca": "Tormes", "Tipo": "Embalse" }, "geometry": { "type": "MultiPolygon", "coordinates": [ [ [ [ -5.627714429999968, 40.28550675300005 ], [ -5.627863502999958, 40.285449289000042 ], [ -5.62802509499994, 40.285465642000062 ], [ -5.62816290199993, 40.285520504000026 ], [ -5.628279551999981, 40.28561501800003 ], [ -5.628319763999968, 40.285710434000059 ], [ -5.628316789999928, 40.285796690000041 ], [ -5.628269200999966, 40.285885920000069 ], [ -5.628188894999936, 40.285945407000042 ], [ -5.628093715999966, 40.285978123000064 ], [ -5.628015430999937, 40.285971937000049 ], [ -5.627834948999975, 40.285921611000049 ], [ -5.627721925999936, 40.285847254000032 ], [ -5.627650540999979, 40.285763972000034 ], [ -5.627629720999949, 40.285674743000065 ], [ -5.627642246999925, 40.285595418000071 ], [ -5.627714429999968, 40.28550675300005 ] ] ] ] } },
{ "type": "Feature", "properties": { "INFORME": "https://sig.mapama.gob.es/WebServices/clientews/snczi/Default.aspx?nombre=EGISPE_EMBALSE&claves=ID_EMBALSE&valores=1496", "ID_EMBALSE": 1496.0, "CODIGO": 1496, "NOMBRE": "NAVA DE AREVALO (BALSA)", "NMN_SUP": null, "NMN_CAPAC": null, "NMN_COTA": null, "NAE_COTA": null, "ADMON_COMP": "Estado", "DEMARC": "DUERO", "PROVINCIA": "Ávila", "SUP_CUENCA": null, "AP_M_ANUAL": null, "TIPO_EMBAL": "Embalse de balsa", "DTOR_EXPLO": "JOAQUIN ARROYO ALONSO", "TIPO_TITUL": "Sociedades Estatales", "USO": "Abastecimiento", "ID_0": 215, "ISO": "ESP", "NAME_0": "Spain", "ID_1": 5, "NAME_1": "Castilla y León", "ID_2": 18, "NAME_2": "Ávila", "TYPE_2": "Provincia", "ENGTYPE_2": "Province", "area": 86500.45, "cuenca": "Adaja", "Tipo": "Embalse" }, "geometry": { "type": "MultiPolygon", "coordinates": [ [ [ [ -4.758210431999942, 40.968460703000055 ], [ -4.75814153999994, 40.968461754000032 ], [ -4.758081637999965, 40.968443753000024 ], [ -4.757981753999957, 40.968396633000062 ], [ -4.75791142099996, 40.968343661000056 ], [ -4.756666756999948, 40.966490825000037 ], [ -4.756595662999928, 40.966364001000045 ], [ -4.75658606199994, 40.966315499000075 ], [ -4.756585101999974, 40.966279488000062 ], [ -4.756592440999952, 40.966242446000088 ], [ -4.75661372199994, 40.966193475000061 ], [ -4.75667253399996, 40.966125921000078 ], [ -4.758965761999946, 40.965264049000041 ], [ -4.759460166999928, 40.965087160000039 ], [ -4.759536018999937, 40.96507970000004 ], [ -4.759612210999933, 40.965084839000035 ], [ -4.759687524999947, 40.965101709000074 ], [ -4.759780276999948, 40.965148930000055 ], [ -4.761074165999957, 40.967152311000063 ], [ -4.761099146999925, 40.967242914000046 ], [ -4.76108668699993, 40.967310657000041 ], [ -4.761035316999936, 40.967389809000053 ], [ -4.760960754999928, 40.967445902000065 ], [ -4.758270683999967, 40.968447172000026 ], [ -4.758210431999942, 40.968460703000055 ] ] ] ] } },
{ "type": "Feature", "properties": { "INFORME": "https://sig.mapama.gob.es/WebServices/clientews/snczi/Default.aspx?nombre=EGISPE_EMBALSE&claves=ID_EMBALSE&valores=2331", "ID_EMBALSE": 2331.0, "CODIGO": 2331, "NOMBRE": "UMBRIAS (BALSA)", "NMN_SUP": 6420.0, "NMN_CAPAC": 0.02, "NMN_COTA": 1366.3, "NAE_COTA": null, "ADMON_COMP": "Administración Autonómica", "DEMARC": "DUERO", "PROVINCIA": "Ávila", "SUP_CUENCA": null, "AP_M_ANUAL": null, "TIPO_EMBAL": "Embalse de balsa", "DTOR_EXPLO": null, "TIPO_TITUL": "Privado", "USO": "Abastecimiento", "ID_0": 215, "ISO": "ESP", "NAME_0": "Spain", "ID_1": 5, "NAME_1": "Castilla y León", "ID_2": 18, "NAME_2": "Ávila", "TYPE_2": "Provincia", "ENGTYPE_2": "Province", "area": 6882.426, "cuenca": "Tormes", "Tipo": "Embalse" }, "geometry": { "type": "MultiPolygon", "coordinates": [ [ [ [ -5.567591175999953, 40.300212946000052 ], [ -5.567847444999928, 40.300024758000063 ], [ -5.567986166999958, 40.299951205000063 ], [ -5.568072302999952, 40.299929313000057 ], [ -5.568164625999941, 40.299932169000037 ], [ -5.568278839999948, 40.299948350000065 ], [ -5.568393053999954, 40.299991655000049 ], [ -5.56845587199996, 40.300029251000069 ], [ -5.56849299199996, 40.300072558000068 ], [ -5.568536773999937, 40.300158694000054 ], [ -5.568539628999928, 40.300223416000058 ], [ -5.568545339999957, 40.300271956000074 ], [ -5.568501175999926, 40.300344332000066 ], [ -5.567924299999958, 40.300803052000049 ], [ -5.567772014999946, 40.300862538000047 ], [ -5.567626867999934, 40.300864918000059 ], [ -5.567503136999959, 40.300822088000075 ], [ -5.567360367999925, 40.300695976000029 ], [ -5.567305639999972, 40.300560347000051 ], [ -5.567341332999944, 40.300431856000046 ], [ -5.567591175999953, 40.300212946000052 ] ] ] ] } },
{ "type": "Feature", "properties": { "INFORME": "https://sig.mapama.gob.es/WebServices/clientews/snczi/Default.aspx?nombre=EGISPE_EMBALSE&claves=ID_EMBALSE&valores=2438", "ID_EMBALSE": 2438.0, "CODIGO": 2438, "NOMBRE": "VAUPERAL (BALSA)", "NMN_SUP": 60000.0, "NMN_CAPAC": null, "NMN_COTA": 881.5, "NAE_COTA": null, "ADMON_COMP": "Estado", "DEMARC": "DUERO", "PROVINCIA": "Ávila", "SUP_CUENCA": null, "AP_M_ANUAL": null, "TIPO_EMBAL": "Embalse de balsa", "DTOR_EXPLO": "PABLO GIMENEZ OLAVARRÍA", "TIPO_TITUL": "Sociedades Estatales", "USO": "Abastecimiento", "ID_0": 215, "ISO": "ESP", "NAME_0": "Spain", "ID_1": 5, "NAME_1": "Castilla y León", "ID_2": 18, "NAME_2": "Ávila", "TYPE_2": "Provincia", "ENGTYPE_2": "Province", "area": 37484.838, "cuenca": "Adaja", "Tipo": "Embalse" }, "geometry": { "type": "MultiPolygon", "coordinates": [ [ [ [ -4.666425182999943, 40.94629361100003 ], [ -4.666349971999978, 40.946326223000028 ], [ -4.666266948999975, 40.946331923000059 ], [ -4.666176836999966, 40.946338634000028 ], [ -4.666079842999977, 40.946308503000061 ], [ -4.665987889999939, 40.946242282000071 ], [ -4.66508829199995, 40.945095966000054 ], [ -4.665059290999976, 40.945028824000076 ], [ -4.665057700999966, 40.944965793000044 ], [ -4.665069459999926, 40.944913380000052 ], [ -4.66511695099996, 40.94486494900007 ], [ -4.665205752999952, 40.94480601500004 ], [ -4.666701964999957, 40.944118721000045 ], [ -4.666784566999978, 40.944096810000069 ], [ -4.666860439999938, 40.944090309000053 ], [ -4.666951212999948, 40.944109709000031 ], [ -4.666999233999945, 40.944129739000054 ], [ -4.667091346999939, 40.944202271000044 ], [ -4.667169310999952, 40.944279513000026 ], [ -4.667963243999964, 40.94533275600002 ], [ -4.668000715999938, 40.945452920000037 ], [ -4.667995155999961, 40.945515153000031 ], [ -4.667949374999978, 40.94558427500003 ], [ -4.667846182999938, 40.94563800800006 ], [ -4.666425182999943, 40.94629361100003 ] ] ] ] } },
{ "type": "Feature", "properties": { "INFORME": "https://sig.mapama.gob.es/WebServices/clientews/snczi/Default.aspx?nombre=EGISPE_EMBALSE&claves=ID_EMBALSE&valores=2478", "ID_EMBALSE": 2478.0, "CODIGO": 2478, "NOMBRE": "VILLAFRANCA DE LA SIERRA (BALSA)", "NMN_SUP": 520.0, "NMN_CAPAC": 0.02, "NMN_COTA": 0.0, "NAE_COTA": null, "ADMON_COMP": "Administración Autonómica", "DEMARC": "DUERO", "PROVINCIA": "Ávila", "SUP_CUENCA": null, "AP_M_ANUAL": null, "TIPO_EMBAL": "Embalse de balsa", "DTOR_EXPLO": null, "TIPO_TITUL": "Privado", "USO": "Abastecimiento", "ID_0": 215, "ISO": "ESP", "NAME_0": "Spain", "ID_1": 5, "NAME_1": "Castilla y León", "ID_2": 18, "NAME_2": "Ávila", "TYPE_2": "Provincia", "ENGTYPE_2": "Province", "area": 7797.92, "cuenca": "Tormes", "Tipo": "Embalse" }, "geometry": { "type": "MultiPolygon", "coordinates": [ [ [ [ -5.233000884999967, 40.492013622000059 ], [ -5.232986011999969, 40.492156390000048 ], [ -5.232923551999932, 40.492236696000084 ], [ -5.232813501999941, 40.492308080000036 ], [ -5.232640990999926, 40.492355670000052 ], [ -5.232542837999973, 40.492376490000026 ], [ -5.232408993999968, 40.492391362000049 ], [ -5.232298942999932, 40.492397310000051 ], [ -5.232197816999928, 40.492400284000041 ], [ -5.232087766999938, 40.492394336000068 ], [ -5.23191228099995, 40.492355670000059 ], [ -5.231772487999933, 40.49231105400002 ], [ -5.231684506999954, 40.492254203000073 ], [ -5.231618476999928, 40.492189957000058 ], [ -5.23160889999997, 40.492102852000073 ], [ -5.231647090999958, 40.492016953000075 ], [ -5.231848231999948, 40.491792655000047 ], [ -5.23210561199994, 40.491623985000047 ], [ -5.232224584999925, 40.491588294000053 ], [ -5.232298942999932, 40.491582345000047 ], [ -5.232391147999976, 40.491597216000066 ], [ -5.232453926999938, 40.491594802000058 ], [ -5.232510357999955, 40.491614349000024 ], [ -5.232572223999966, 40.491643854000074 ], [ -5.232691554999974, 40.491737010000072 ], [ -5.232923551999931, 40.491906546000067 ], [ -5.233000884999967, 40.492013622000059 ] ] ] ] } },
{ "type": "Feature", "properties": { "INFORME": "https://sig.mapama.gob.es/WebServices/clientews/snczi/Default.aspx?nombre=EGISPE_EMBALSE&claves=ID_EMBALSE&valores=2549", "ID_EMBALSE": 2549.0, "CODIGO": 2549, "NOMBRE": "ZAPARDIEL DE LA CAÑADA", "NMN_SUP": 11382999999999900.0, "NMN_CAPAC": 0.41, "NMN_COTA": 1198.5, "NAE_COTA": null, "ADMON_COMP": "Estado", "DEMARC": "DUERO", "PROVINCIA": "Ávila", "SUP_CUENCA": 8.01, "AP_M_ANUAL": 0.66, "TIPO_EMBAL": "Embalse de presa", "DTOR_EXPLO": null, "TIPO_TITUL": "Ayuntamientos y/o Diputaciones", "USO": "Abastecimiento", "ID_0": 215, "ISO": "ESP", "NAME_0": "Spain", "ID_1": 5, "NAME_1": "Castilla y León", "ID_2": 18, "NAME_2": "Ávila", "TYPE_2": "Provincia", "ENGTYPE_2": "Province", "area": 109962.085, "cuenca": "Tormes", "Tipo": "Embalse" }, "geometry": { "type": "MultiPolygon", "coordinates": [ [ [ [ -5.312523244999965, 40.593499650000076 ], [ -5.312592037999934, 40.593609962000073 ], [ -5.312536157999943, 40.593634503000025 ], [ -5.312402254999938, 40.593726367000052 ], [ -5.312238891999924, 40.59378638000004 ], [ -5.312015915999951, 40.59386561400003 ], [ -5.311556029999962, 40.593653235000026 ], [ -5.310911217999943, 40.593355374000055 ], [ -5.310635028999968, 40.593227585000072 ], [ -5.310474132999957, 40.593153345000069 ], [ -5.310358848999953, 40.593099805000065 ], [ -5.310264105999977, 40.593059364000048 ], [ -5.310159261999956, 40.59303443500005 ], [ -5.310084809999976, 40.593034125000024 ], [ -5.31005289999996, 40.593033866000034 ], [ -5.309947206999936, 40.593053088000026 ], [ -5.309845314999961, 40.593079450000054 ], [ -5.309799680999958, 40.592955157000063 ], [ -5.309748508999974, 40.592876016000048 ], [ -5.309695414999966, 40.592741063000062 ], [ -5.309723043999952, 40.592651330000081 ], [ -5.309671241999979, 40.592622640000066 ], [ -5.309505996999972, 40.592559290000047 ], [ -5.309467034999955, 40.592491609000042 ], [ -5.309497804999978, 40.592424337000068 ], [ -5.309699785999952, 40.592181590000045 ], [ -5.309704764999935, 40.592086007000034 ], [ -5.309647691999942, 40.592006986000058 ], [ -5.309526976999961, 40.591898605000033 ], [ -5.309413743999926, 40.591870246000042 ], [ -5.309244957999964, 40.591806965000039 ], [ -5.309120982999958, 40.591706755000075 ], [ -5.309027217999927, 40.591591533000042 ], [ -5.309028526999953, 40.591492421000055 ], [ -5.309029724999959, 40.591355478000033 ], [ -5.309031981999965, 40.591214914000027 ], [ -5.309056760999964, 40.591076600000058 ], [ -5.309142441999938, 40.590956887000061 ], [ -5.309243752999975, 40.590844963000052 ], [ -5.309359982999978, 40.590720139000034 ], [ -5.309629916999938, 40.590460719000077 ], [ -5.309771119999937, 40.590375026000046 ], [ -5.309883180999975, 40.590266493000058 ], [ -5.309918399999957, 40.590156789000034 ], [ -5.309946567999929, 40.590013906000017 ], [ -5.310014187999967, 40.589884642000065 ], [ -5.310049536999941, 40.589744318000037 ], [ -5.310051784999927, 40.589603755000041 ], [ -5.310112824999976, 40.589489031000021 ], [ -5.310171516999958, 40.589512182000071 ], [ -5.310265540999979, 40.589600372000056 ], [ -5.310308503999976, 40.589715714000072 ], [ -5.310406247999936, 40.58980924600008 ], [ -5.310511792999933, 40.589923327000065 ], [ -5.310590616999946, 40.590050559000076 ], [ -5.310629630999927, 40.590188502000046 ], [ -5.310711813999945, 40.590310264000038 ], [ -5.310840478999978, 40.590409475000065 ], [ -5.311008084999968, 40.590472775000073 ], [ -5.311140009999974, 40.590563815000046 ], [ -5.311265436999974, 40.590809010000036 ], [ -5.311381431999961, 40.59091749100002 ], [ -5.311490396999942, 40.591027903000047 ], [ -5.311604930999978, 40.59105984200005 ], [ -5.311755824999977, 40.591049610000027 ], [ -5.311936359999947, 40.591042389000052 ], [ -5.312118114999976, 40.591036046000042 ], [ -5.312295107999943, 40.591028904000041 ], [ -5.312475272999961, 40.591010881000038 ], [ -5.312646397999968, 40.590970519000045 ], [ -5.312827032999961, 40.59096600700007 ], [ -5.313008096999965, 40.590939854000055 ], [ -5.313185311999972, 40.590904781000063 ], [ -5.313359394999963, 40.590847248000031 ], [ -5.313529928999969, 40.59078978500002 ], [ -5.313678211999957, 40.590703940000026 ], [ -5.313771902999974, 40.590595444000023 ], [ -5.313795920999951, 40.59048539500003 ], [ -5.313749198999972, 40.590398053000058 ], [ -5.313785654999947, 40.590153217000079 ], [ -5.313740822999931, 40.590018104000073 ], [ -5.313724359999981, 40.589883311000051 ], [ -5.313779730999955, 40.589844369000055 ], [ -5.313846411999975, 40.589859249000028 ], [ -5.31390261599995, 40.589947300000063 ], [ -5.313945087999969, 40.590082463000044 ], [ -5.314042722999942, 40.590206615000049 ], [ -5.314159677999953, 40.59030875600007 ], [ -5.314220791999958, 40.590436349000079 ], [ -5.31422187299995, 40.590570541000034 ], [ -5.31428240699995, 40.590681024000041 ], [ -5.314384572999926, 40.590799675000021 ], [ -5.314493546999927, 40.590910087000054 ], [ -5.314628961999971, 40.590999248000053 ], [ -5.314794086999939, 40.591058998000051 ], [ -5.314958462999926, 40.59113136700006 ], [ -5.315131787999974, 40.59115490500006 ], [ -5.315222460999962, 40.591214346000079 ], [ -5.31537667699996, 40.591300426000025 ], [ -5.315466630999936, 40.591407618000055 ], [ -5.315414429999975, 40.591435689000015 ], [ -5.315277087999958, 40.591530323000029 ], [ -5.315106243999935, 40.591578786000063 ], [ -5.314861625999981, 40.591475596000052 ], [ -5.314576767999939, 40.591507430000028 ], [ -5.314405923999971, 40.591555894000059 ], [ -5.314222339999959, 40.591577586000021 ], [ -5.31405525699995, 40.591632279000059 ], [ -5.31389575299994, 40.591701232000034 ], [ -5.313721549999967, 40.591755165000052 ], [ -5.313271490999966, 40.591999286000039 ], [ -5.313141128999973, 40.592091080000039 ], [ -5.312996195999972, 40.592171443000041 ], [ -5.312854993999963, 40.592257147000062 ], [ -5.312738301999956, 40.592368481000044 ], [ -5.312615620999964, 40.592477225000032 ], [ -5.312593733999961, 40.592699250000067 ], [ -5.312510602999963, 40.592824324000041 ], [ -5.312403701999926, 40.592876907000054 ], [ -5.312324269999977, 40.592972180000068 ], [ -5.312241039999946, 40.593094554000047 ], [ -5.312240191999933, 40.593207166000077 ], [ -5.312301814999955, 40.59328068700006 ], [ -5.312391299999945, 40.593408609000051 ], [ -5.312523244999965, 40.593499650000076 ] ] ] ] } },
{ "type": "Feature", "properties": { "INFORME": "https://sig.mapama.gob.es/WebServices/clientews/snczi/Default.aspx?nombre=EGISPE_EMBALSE&claves=ID_EMBALSE&valores=487", "ID_EMBALSE": 487.0, "CODIGO": 487, "NOMBRE": "CANDELEDA", "NMN_SUP": 53400.0, "NMN_CAPAC": 0.35, "NMN_COTA": 0.0, "NAE_COTA": null, "ADMON_COMP": "Estado", "DEMARC": "TAJO", "PROVINCIA": "Ávila", "SUP_CUENCA": 62.0, "AP_M_ANUAL": 86.0, "TIPO_EMBAL": "Embalse de presa", "DTOR_EXPLO": null, "TIPO_TITUL": "Ayuntamientos y/o Diputaciones", "USO": "Abastecimiento\nDefensa frente avenidas", "ID_0": 215, "ISO": "ESP", "NAME_0": "Spain", "ID_1": 5, "NAME_1": "Castilla y León", "ID_2": 18, "NAME_2": "Ávila", "TYPE_2": "Provincia", "ENGTYPE_2": "Province", "area": 9.595, "cuenca": "Tietar", "Tipo": "Embalse" }, "geometry": { "type": "MultiPolygon", "coordinates": [ [ [ [ -5.239228953999941, 40.17020743300003 ], [ -5.239225895999938, 40.170206721000056 ], [ -5.239223007999954, 40.170205488000079 ], [ -5.23922037799997, 40.170203772000029 ], [ -5.239218084999948, 40.170201626000043 ], [ -5.239216200999977, 40.170199114000077 ], [ -5.239214780999931, 40.170196313000083 ], [ -5.239213868999967, 40.170193308000066 ], [ -5.239213491999976, 40.170190191000067 ], [ -5.239213662999931, 40.170187055000042 ], [ -5.23921437599995, 40.170183997000038 ], [ -5.239215608999927, 40.170181109000062 ], [ -5.239217323999981, 40.170178478000039 ], [ -5.239219469999965, 40.170176186000042 ], [ -5.239221981999947, 40.170174301000031 ], [ -5.239224782999941, 40.170172881000035 ], [ -5.239227787999936, 40.170171969000066 ], [ -5.239230905999932, 40.17017159300007 ], [ -5.239234040999975, 40.170171764000038 ], [ -5.239237099999968, 40.170172476000062 ], [ -5.239239987999952, 40.170173709000046 ], [ -5.239242617999935, 40.170175425000025 ], [ -5.239244909999967, 40.170177571000067 ], [ -5.239246794999929, 40.170180083000041 ], [ -5.239248214999975, 40.170182884000042 ], [ -5.239249126999936, 40.170185889000038 ], [ -5.239249502999939, 40.17018900600003 ], [ -5.239249332999975, 40.170192142000069 ], [ -5.239248619999954, 40.170195200000073 ], [ -5.239247386999978, 40.170198088000063 ], [ -5.239245670999935, 40.170200719000043 ], [ -5.239243524999948, 40.170203011000076 ], [ -5.239241012999968, 40.17020489600003 ], [ -5.239238212999965, 40.170206316000083 ], [ -5.239235207999968, 40.170207228000038 ], [ -5.239232089999972, 40.170207604000034 ], [ -5.239228953999941, 40.17020743300003 ] ] ] ] } },
{ "type": "Feature", "properties": { "INFORME": "https://sig.mapama.gob.es/WebServices/clientews/snczi/Default.aspx?nombre=EGISPE_EMBALSE&claves=ID_EMBALSE&valores=997", "ID_EMBALSE": 997.0, "CODIGO": 997, "NOMBRE": "GARGANTA BLANCA", "NMN_SUP": null, "NMN_CAPAC": null, "NMN_COTA": null, "NAE_COTA": null, "ADMON_COMP": "Estado", "DEMARC": "TAJO", "PROVINCIA": "Ávila", "SUP_CUENCA": 0.0, "AP_M_ANUAL": 0.0, "TIPO_EMBAL": "Embalse de presa", "DTOR_EXPLO": null, "TIPO_TITUL": "Privado", "USO": "Abastecimiento", "ID_0": 215, "ISO": "ESP", "NAME_0": "Spain", "ID_1": 5, "NAME_1": "Castilla y León", "ID_2": 18, "NAME_2": "Ávila", "TYPE_2": "Provincia", "ENGTYPE_2": "Province", "area": 9.588, "cuenca": "Tietar", "Tipo": "Embalse" }, "geometry": { "type": "MultiPolygon", "coordinates": [ [ [ [ -5.249652731999959, 40.219478995000024 ], [ -5.249649673999955, 40.219478283000065 ], [ -5.249646784999925, 40.219477051000062 ], [ -5.249644154999941, 40.219475336000066 ], [ -5.249641861999976, 40.219473190000031 ], [ -5.249639976999958, 40.219470679000032 ], [ -5.24963855599998, 40.219467878000046 ], [ -5.249637643999961, 40.219464873000042 ], [ -5.24963726699997, 40.219461756000051 ], [ -5.249637436999932, 40.219458620000061 ], [ -5.249638148999964, 40.219455562000071 ], [ -5.249639380999951, 40.219452673000035 ], [ -5.249641095999948, 40.219450043000052 ], [ -5.249643241999933, 40.219447750000022 ], [ -5.249645752999925, 40.219445865000061 ], [ -5.249648553999975, 40.21944444400004 ], [ -5.249651557999926, 40.219443531000017 ], [ -5.249654675999976, 40.219443154000032 ], [ -5.249657811999952, 40.219443324000054 ], [ -5.249660869999957, 40.21944403600002 ], [ -5.24966375799994, 40.219445268000065 ], [ -5.24966638899997, 40.219446984000051 ], [ -5.249668681999935, 40.219449129000047 ], [ -5.249670566999954, 40.219451641000035 ], [ -5.249671987999931, 40.219454441000032 ], [ -5.24967289999995, 40.219457446000028 ], [ -5.249673276999943, 40.21946056400003 ], [ -5.249673106999978, 40.219463699000066 ], [ -5.249672394999948, 40.219466758000067 ], [ -5.249671162999959, 40.219469646000043 ], [ -5.249669447999963, 40.219472277000079 ], [ -5.249667301999978, 40.219474569000042 ], [ -5.24966479099993, 40.219476455000049 ], [ -5.249661989999936, 40.219477875000052 ], [ -5.24965898599993, 40.219478788000067 ], [ -5.249655867999933, 40.219479165000045 ], [ -5.249652731999959, 40.219478995000024 ] ] ] ] } },
{ "type": "Feature", "properties": { "INFORME": "https://sig.mapama.gob.es/WebServices/clientews/snczi/Default.aspx?nombre=EGISPE_EMBALSE&claves=ID_EMBALSE&valores=1001", "ID_EMBALSE": 1001.0, "CODIGO": 1001, "NOMBRE": "GARGANTA DE LA VEGA", "NMN_SUP": 430000.0, "NMN_CAPAC": 6.2, "NMN_COTA": 0.0, "NAE_COTA": null, "ADMON_COMP": "Estado", "DEMARC": "DUERO", "PROVINCIA": "Ávila", "SUP_CUENCA": 5.8, "AP_M_ANUAL": 8.0, "TIPO_EMBAL": "Embalse de presa", "DTOR_EXPLO": null, "TIPO_TITUL": "Ayuntamientos y/o Diputaciones", "USO": "Abastecimiento\nDefensa frente avenidas", "ID_0": 215, "ISO": "ESP", "NAME_0": "Spain", "ID_1": 5, "NAME_1": "Castilla y León", "ID_2": 18, "NAME_2": "Ávila", "TYPE_2": "Provincia", "ENGTYPE_2": "Province", "area": 9.583, "cuenca": "Tormes", "Tipo": "Embalse" }, "geometry": { "type": "MultiPolygon", "coordinates": [ [ [ [ -5.602774254999929, 40.243150242000063 ], [ -5.602771192999968, 40.243149546000041 ], [ -5.602768298999933, 40.243148329000057 ], [ -5.602765658999942, 40.243146628000034 ], [ -5.602763355999969, 40.243144494000028 ], [ -5.602761457999973, 40.243141993000044 ], [ -5.602760022999973, 40.243139200000016 ], [ -5.602759093999963, 40.243136201000027 ], [ -5.602758700999971, 40.243133085000075 ], [ -5.602758854999934, 40.243129949000028 ], [ -5.602759550999964, 40.243126887000074 ], [ -5.602760767999939, 40.243123993000033 ], [ -5.60276246899997, 40.243121354000046 ], [ -5.602764602999969, 40.243119050000075 ], [ -5.602767103999952, 40.243117152000018 ], [ -5.602769896999973, 40.24311571700008 ], [ -5.602772896999966, 40.243114789000053 ], [ -5.602776011999935, 40.243114396000067 ], [ -5.602779147999968, 40.24311454900004 ], [ -5.60278220999993, 40.243115245000077 ], [ -5.602785103999963, 40.243116462000039 ], [ -5.602787742999964, 40.243118164000073 ], [ -5.602790046999926, 40.243120297000061 ], [ -5.602791944999978, 40.243122799000048 ], [ -5.60279337999998, 40.24312559100008 ], [ -5.602794307999944, 40.243128591000072 ], [ -5.602794701999925, 40.243131706000042 ], [ -5.602794547999963, 40.243134842000075 ], [ -5.602793851999934, 40.243137904000037 ], [ -5.602792634999957, 40.243140799000059 ], [ -5.602790933999926, 40.243143438000061 ], [ -5.602788799999927, 40.243145741000042 ], [ -5.602786298999945, 40.243147640000075 ], [ -5.602783505999981, 40.243149075000069 ], [ -5.60278050599993, 40.243150003000039 ], [ -5.602777390999961, 40.243150396000033 ], [ -5.602774254999929, 40.243150242000063 ] ] ] ] } },
{ "type": "Feature", "properties": { "INFORME": "https://sig.mapama.gob.es/WebServices/clientews/snczi/Default.aspx?nombre=EGISPE_EMBALSE&claves=ID_EMBALSE&valores=1006", "ID_EMBALSE": 1006.0, "CODIGO": 1006, "NOMBRE": "GARGANTA LOBREGA", "NMN_SUP": null, "NMN_CAPAC": null, "NMN_COTA": null, "NAE_COTA": null, "ADMON_COMP": "Estado", "DEMARC": "TAJO", "PROVINCIA": "Ávila", "SUP_CUENCA": 0.0, "AP_M_ANUAL": 0.0, "TIPO_EMBAL": "Embalse de presa", "DTOR_EXPLO": null, "TIPO_TITUL": "Privado", "USO": "Abastecimiento", "ID_0": 215, "ISO": "ESP", "NAME_0": "Spain", "ID_1": 5, "NAME_1": "Castilla y León", "ID_2": 18, "NAME_2": "Ávila", "TYPE_2": "Provincia", "ENGTYPE_2": "Province", "area": 9.585, "cuenca": "Tietar", "Tipo": "Embalse" }, "geometry": { "type": "MultiPolygon", "coordinates": [ [ [ [ -5.215523057999974, 40.233424889000055 ], [ -5.21552, 40.233424176000028 ], [ -5.21551711199993, 40.233422942000061 ], [ -5.215514481999946, 40.233421226000083 ], [ -5.215512190999959, 40.233419079000043 ], [ -5.215510306999931, 40.233416567000056 ], [ -5.215508886999943, 40.233413766000062 ], [ -5.21550797599997, 40.233410761000073 ], [ -5.215507600999956, 40.233407643000078 ], [ -5.215507771999968, 40.233404508000042 ], [ -5.215508485999976, 40.233401450000024 ], [ -5.215509718999953, 40.233398562000055 ], [ -5.215511435999929, 40.233395932000072 ], [ -5.21551358299996, 40.233393641000077 ], [ -5.215516094999941, 40.233391757000057 ], [ -5.215518895999935, 40.233390338000042 ], [ -5.215521900999931, 40.233389426000031 ], [ -5.215525018999926, 40.233389051000074 ], [ -5.215528153999968, 40.233389223000074 ], [ -5.215531211999973, 40.233389936000037 ], [ -5.215534099999956, 40.233391170000054 ], [ -5.215536728999949, 40.233392886000054 ], [ -5.215539020999926, 40.233395033000079 ], [ -5.215540904999955, 40.233397545000059 ], [ -5.215542323999954, 40.233400346000053 ], [ -5.215543234999926, 40.233403351000035 ], [ -5.215543610999929, 40.233406469000037 ], [ -5.215543438999931, 40.23340960400003 ], [ -5.215542725999966, 40.233412662000028 ], [ -5.215541491999944, 40.233415550000068 ], [ -5.215539775999957, 40.233418180000044 ], [ -5.215537628999924, 40.233420471000031 ], [ -5.215535116999945, 40.233422355000073 ], [ -5.215532315999952, 40.233423774000073 ], [ -5.215529310999955, 40.233424686000035 ], [ -5.215526192999961, 40.233425061000055 ], [ -5.215523057999974, 40.233424889000055 ] ] ] ] } },
{ "type": "Feature", "properties": { "INFORME": "https://sig.mapama.gob.es/WebServices/clientews/snczi/Default.aspx?nombre=EGISPE_EMBALSE&claves=ID_EMBALSE&valores=1010", "ID_EMBALSE": 1010.0, "CODIGO": 1010, "NOMBRE": "GARGANTON", "NMN_SUP": null, "NMN_CAPAC": null, "NMN_COTA": null, "NAE_COTA": null, "ADMON_COMP": "Estado", "DEMARC": "DUERO", "PROVINCIA": "Ávila", "SUP_CUENCA": 0.0, "AP_M_ANUAL": 0.0, "TIPO_EMBAL": "Embalse de presa", "DTOR_EXPLO": null, "TIPO_TITUL": "Privado", "USO": "Abastecimiento", "ID_0": 215, "ISO": "ESP", "NAME_0": "Spain", "ID_1": 5, "NAME_1": "Castilla y León", "ID_2": 18, "NAME_2": "Ávila", "TYPE_2": "Provincia", "ENGTYPE_2": "Province", "area": 9.581, "cuenca": "Tormes", "Tipo": "Embalse" }, "geometry": { "type": "MultiPolygon", "coordinates": [ [ [ [ -5.287542874999928, 40.266371485000043 ], [ -5.287539816999981, 40.266370775000034 ], [ -5.287536927999951, 40.266369544000035 ], [ -5.287534295999932, 40.266367831000018 ], [ -5.287532001999978, 40.266365686000036 ], [ -5.287530115999972, 40.266363176000027 ], [ -5.287528692999956, 40.266360377000069 ], [ -5.287527778999959, 40.266357373000069 ], [ -5.28752739999993, 40.266354256000056 ], [ -5.287527567999972, 40.266351120000024 ], [ -5.287528277999968, 40.266348061000024 ], [ -5.287529508999967, 40.266345172000058 ], [ -5.287531221999927, 40.266342541000029 ], [ -5.287533366999981, 40.26634024700008 ], [ -5.287535876999925, 40.266338360000084 ], [ -5.287538675999939, 40.266336938000059 ], [ -5.287541679999946, 40.266336023000058 ], [ -5.287544796999953, 40.266335645000026 ], [ -5.287547932999928, 40.266335813000069 ], [ -5.287550991999979, 40.266336523000064 ], [ -5.287553880999951, 40.266337753000073 ], [ -5.287556511999981, 40.26633946700008 ], [ -5.287558805999936, 40.26634161100003 ], [ -5.287560692999931, 40.266344121000017 ], [ -5.287562114999957, 40.266346921000022 ], [ -5.287563029999944, 40.266349925000036 ], [ -5.287563407999926, 40.266353042000041 ], [ -5.28756323999994, 40.26635617800008 ], [ -5.287562529999946, 40.266359236000021 ], [ -5.287561299999936, 40.26636212500005 ], [ -5.287559585999929, 40.266364757000076 ], [ -5.287557441999979, 40.266367051000039 ], [ -5.287554931999977, 40.266368938000021 ], [ -5.287552131999973, 40.266370360000053 ], [ -5.287549127999966, 40.266371274000029 ], [ -5.287546010999961, 40.266371653000078 ], [ -5.287542874999928, 40.266371485000043 ] ] ] ] } },
{ "type": "Feature", "properties": { "INFORME": "https://sig.mapama.gob.es/WebServices/clientews/snczi/Default.aspx?nombre=EGISPE_EMBALSE&claves=ID_EMBALSE&valores=504", "ID_EMBALSE": 504.0, "CODIGO": 504, "NOMBRE": "CAÑADA, LA", "NMN_SUP": 67200.0, "NMN_CAPAC": 0.27, "NMN_COTA": 0.0, "NAE_COTA": null, "ADMON_COMP": "Estado", "DEMARC": "TAJO", "PROVINCIA": "Ávila", "SUP_CUENCA": 0.0, "AP_M_ANUAL": 0.0, "TIPO_EMBAL": "Embalse de presa", "DTOR_EXPLO": null, "TIPO_TITUL": "Comunidades Autónomas", "USO": "Abastecimiento", "ID_0": 215, "ISO": "ESP", "NAME_0": "Spain", "ID_1": 5, "NAME_1": "Castilla y León", "ID_2": 18, "NAME_2": "Ávila", "TYPE_2": "Provincia", "ENGTYPE_2": "Province", "area": 9.534, "cuenca": "Alberche", "Tipo": "Embalse" }, "geometry": { "type": "MultiPolygon", "coordinates": [ [ [ [ -4.493313477999948, 40.614129775000038 ], [ -4.493310426999927, 40.614129030000072 ], [ -4.493307551999976, 40.614127766000017 ], [ -4.493304939999974, 40.614126023000033 ], [ -4.49330267099998, 40.614123852000034 ], [ -4.493300812999961, 40.614121320000031 ], [ -4.493299422999939, 40.614118504000025 ], [ -4.493298541999934, 40.61411549000006 ], [ -4.49329819899998, 40.614112368000058 ], [ -4.493298402999926, 40.614109234000075 ], [ -4.493299147999949, 40.61410618300004 ], [ -4.49330041199994, 40.61410330800004 ], [ -4.493302154999981, 40.614100696000044 ], [ -4.493304325999929, 40.61409842700003 ], [ -4.493306857999925, 40.614096569000019 ], [ -4.493309673999931, 40.614095179000046 ], [ -4.493312687999946, 40.61409429900003 ], [ -4.493315809999956, 40.614093955000044 ], [ -4.493318943999952, 40.614094159000047 ], [ -4.493321994999974, 40.614094904000069 ], [ -4.493324869999981, 40.61409616800006 ], [ -4.493327481999927, 40.614097912000027 ], [ -4.493329750999976, 40.614100082000057 ], [ -4.493331608999938, 40.614102614000039 ], [ -4.493333, 40.614105430000052 ], [ -4.493333879999966, 40.614108445000063 ], [ -4.493334222999977, 40.614111566000076 ], [ -4.493334018999975, 40.614114700000066 ], [ -4.493333273999951, 40.614117751000052 ], [ -4.493332009999961, 40.614120626000044 ], [ -4.493330266999976, 40.614123238000026 ], [ -4.49332809599997, 40.614125507000033 ], [ -4.493325563999974, 40.614127365000058 ], [ -4.493322747999969, 40.614128756000078 ], [ -4.493319733999954, 40.61412963600003 ], [ -4.493316611999944, 40.614129979000033 ], [ -4.493313477999948, 40.614129775000038 ] ] ] ] } },
{ "type": "Feature", "properties": { "INFORME": "https://sig.mapama.gob.es/WebServices/clientews/snczi/Default.aspx?nombre=EGISPE_EMBALSE&claves=ID_EMBALSE&valores=1217", "ID_EMBALSE": 1217.0, "CODIGO": 1217, "NOMBRE": "LAGUNA GRANDE", "NMN_SUP": null, "NMN_CAPAC": 11.2, "NMN_COTA": 0.0, "NAE_COTA": null, "ADMON_COMP": "Estado", "DEMARC": "DUERO", "PROVINCIA": "Ávila", "SUP_CUENCA": 32.0, "AP_M_ANUAL": 0.0, "TIPO_EMBAL": "Embalse de presa", "DTOR_EXPLO": null, "TIPO_TITUL": "Privado", "USO": "Abastecimiento", "ID_0": 215, "ISO": "ESP", "NAME_0": "Spain", "ID_1": 5, "NAME_1": "Castilla y León", "ID_2": 18, "NAME_2": "Ávila", "TYPE_2": "Provincia", "ENGTYPE_2": "Province", "area": 9.582, "cuenca": "Tormes", "Tipo": "Embalse" }, "geometry": { "type": "MultiPolygon", "coordinates": [ [ [ [ -5.276909381999928, 40.257167731000038 ], [ -5.27690632399998, 40.257167021000051 ], [ -5.276903434999951, 40.257165790000037 ], [ -5.276900803999978, 40.257164076000038 ], [ -5.276898509999966, 40.257161931000034 ], [ -5.276896623999959, 40.257159421000047 ], [ -5.276895201999935, 40.257156621000036 ], [ -5.276894288999927, 40.257153617000029 ], [ -5.276893909999956, 40.257150499000026 ], [ -5.27689407899993, 40.257147364000048 ], [ -5.276894789999972, 40.25714430500004 ], [ -5.27689602099997, 40.257141416000024 ], [ -5.27689773399993, 40.257138785000052 ], [ -5.276899878999926, 40.257136492000029 ], [ -5.276902389999975, 40.257134606000072 ], [ -5.276905188999934, 40.257133184000068 ], [ -5.27690819399993, 40.257132270000056 ], [ -5.276911310999936, 40.257131892000075 ], [ -5.276914445999978, 40.257132060000053 ], [ -5.276917504999971, 40.257132771000045 ], [ -5.276920393999944, 40.257134002000043 ], [ -5.276923024999974, 40.25713571600005 ], [ -5.276925317999939, 40.257137861000039 ], [ -5.276927204999936, 40.257140371000055 ], [ -5.276928625999971, 40.257143171000052 ], [ -5.276929539999969, 40.257146175000052 ], [ -5.27692991899994, 40.257149292000058 ], [ -5.276929749999964, 40.257152428000033 ], [ -5.27692903899998, 40.257155486000038 ], [ -5.276927807999925, 40.257158375000081 ], [ -5.276926093999975, 40.257161006000047 ], [ -5.276923949999968, 40.257163300000059 ], [ -5.276921438999977, 40.257165186000066 ], [ -5.276918638999973, 40.257166608000027 ], [ -5.276915634999966, 40.257167522000032 ], [ -5.276912517999961, 40.25716790000007 ], [ -5.276909381999928, 40.257167731000038 ] ] ] ] } },
{ "type": "Feature", "properties": { "INFORME": "https://sig.mapama.gob.es/WebServices/clientews/snczi/Default.aspx?nombre=EGISPE_EMBALSE&claves=ID_EMBALSE&valores=1267", "ID_EMBALSE": 1267.0, "CODIGO": 1267, "NOMBRE": "LLANOS DEL TORMES, LOS", "NMN_SUP": 5840000.0, "NMN_CAPAC": 60.0, "NMN_COTA": 0.0, "NAE_COTA": null, "ADMON_COMP": "Estado", "DEMARC": "DUERO", "PROVINCIA": "Ávila", "SUP_CUENCA": 447.0, "AP_M_ANUAL": 257.0, "TIPO_EMBAL": "Embalse de presa", "DTOR_EXPLO": null, "TIPO_TITUL": "Estado\nEstado", "USO": "Abastecimiento", "ID_0": 215, "ISO": "ESP", "NAME_0": "Spain", "ID_1": 5, "NAME_1": "Castilla y León", "ID_2": 18, "NAME_2": "Ávila", "TYPE_2": "Provincia", "ENGTYPE_2": "Province", "area": 9.572, "cuenca": "Tormes", "Tipo": "Embalse" }, "geometry": { "type": "MultiPolygon", "coordinates": [ [ [ [ -5.486379677999934, 40.321530981000073 ], [ -5.486376616999962, 40.32153028000004 ], [ -5.486373724999964, 40.321529059000056 ], [ -5.486371087999942, 40.321527353000079 ], [ -5.486368787999937, 40.321525216000055 ], [ -5.486366893999956, 40.321522712000046 ], [ -5.48636546399996, 40.321519916000057 ], [ -5.486364539999953, 40.321516915000068 ], [ -5.486364151999966, 40.321513800000055 ], [ -5.486364310999931, 40.321510664000073 ], [ -5.486365011999964, 40.321507603000043 ], [ -5.486366232999957, 40.321504710000056 ], [ -5.486367938999932, 40.32150207400008 ], [ -5.486370075999957, 40.321499774000081 ], [ -5.486372579999966, 40.321497880000045 ], [ -5.486375374999967, 40.321496449000044 ], [ -5.486378376999937, 40.321495526000042 ], [ -5.486381491999964, 40.321495138000046 ], [ -5.486384627999938, 40.32149529600008 ], [ -5.486387688999969, 40.321495997000049 ], [ -5.486390581999955, 40.321497219000037 ], [ -5.486393217999932, 40.321498924000018 ], [ -5.486395517999938, 40.321501062000038 ], [ -5.486397411999975, 40.321503566000047 ], [ -5.48639884299996, 40.321506361000047 ], [ -5.486399765999977, 40.321509362000029 ], [ -5.486400153999966, 40.321512478000038 ], [ -5.486399995999931, 40.321515614000063 ], [ -5.486399294999955, 40.321518675000043 ], [ -5.486398072999974, 40.321521567000062 ], [ -5.486396367999929, 40.32152420400007 ], [ -5.486394229999973, 40.321526504000076 ], [ -5.486391725999965, 40.321528398000055 ], [ -5.486388930999965, 40.321529828000052 ], [ -5.486385929999927, 40.321530752000065 ], [ -5.486382813999968, 40.321531140000047 ], [ -5.486379677999934, 40.321530981000073 ] ] ] ] } },
{ "type": "Feature", "properties": { "INFORME": "https://sig.mapama.gob.es/WebServices/clientews/snczi/Default.aspx?nombre=EGISPE_EMBALSE&claves=ID_EMBALSE&valores=283", "ID_EMBALSE": 283.0, "CODIGO": 283, "NOMBRE": "BARRERONES", "NMN_SUP": null, "NMN_CAPAC": null, "NMN_COTA": null, "NAE_COTA": null, "ADMON_COMP": "Estado", "DEMARC": "DUERO", "PROVINCIA": "Ávila", "SUP_CUENCA": 0.0, "AP_M_ANUAL": 0.0, "TIPO_EMBAL": "Embalse de presa", "DTOR_EXPLO": null, "TIPO_TITUL": "Privado", "USO": "Abastecimiento", "ID_0": 215, "ISO": "ESP", "NAME_0": "Spain", "ID_1": 5, "NAME_1": "Castilla y León", "ID_2": 18, "NAME_2": "Ávila", "TYPE_2": "Provincia", "ENGTYPE_2": "Province", "area": 9.581, "cuenca": "Tormes", "Tipo": "Embalse" }, "geometry": { "type": "MultiPolygon", "coordinates": [ [ [ [ -5.270738665999943, 40.262856119000041 ], [ -5.270735607999939, 40.262855408000057 ], [ -5.270732718999967, 40.262854177000065 ], [ -5.270730087999937, 40.262852463000058 ], [ -5.270727794999971, 40.262850318000055 ], [ -5.270725907999974, 40.262847807000064 ], [ -5.270724486999938, 40.26284500700006 ], [ -5.270723572999941, 40.26284200300006 ], [ -5.27072319499996, 40.262838886000047 ], [ -5.270723363999935, 40.262835750000079 ], [ -5.270724074999975, 40.262832691000021 ], [ -5.270725305999974, 40.262829803000038 ], [ -5.270727019999981, 40.262827171000026 ], [ -5.270729164999978, 40.262824878000067 ], [ -5.270731675999969, 40.262822992000046 ], [ -5.270734475999972, 40.262821570000035 ], [ -5.27073747999998, 40.262820657000084 ], [ -5.270740597999975, 40.262820279000032 ], [ -5.270743732999961, 40.26282044800007 ], [ -5.270746791999955, 40.262821159000055 ], [ -5.270749680999927, 40.262822390000053 ], [ -5.270752311999956, 40.262824104000053 ], [ -5.270754604999979, 40.262826249000057 ], [ -5.270756490999928, 40.262828760000041 ], [ -5.270757912999954, 40.262831560000045 ], [ -5.270758825999962, 40.262834564000073 ], [ -5.270759203999944, 40.262837681000065 ], [ -5.270759035999959, 40.262840817000033 ], [ -5.270758324999975, 40.262843875000051 ], [ -5.27075709299993, 40.262846764000088 ], [ -5.270755378999978, 40.262849395000039 ], [ -5.270753233999925, 40.262851689000044 ], [ -5.270750723999981, 40.262853575000065 ], [ -5.270747923999977, 40.262854996000044 ], [ -5.270744918999981, 40.262855910000042 ], [ -5.270741801999973, 40.262856288000073 ], [ -5.270738665999943, 40.262856119000041 ] ] ] ] } },
{ "type": "Feature", "properties": { "INFORME": "https://sig.mapama.gob.es/WebServices/clientews/snczi/Default.aspx?nombre=EGISPE_EMBALSE&claves=ID_EMBALSE&valores=1719", "ID_EMBALSE": 1719.0, "CODIGO": 1719, "NOMBRE": "PINAR, DEL (ARROYO)", "NMN_SUP": null, "NMN_CAPAC": null, "NMN_COTA": null, "NAE_COTA": null, "ADMON_COMP": "Estado", "DEMARC": "DUERO", "PROVINCIA": "Ávila", "SUP_CUENCA": 0.0, "AP_M_ANUAL": 0.0, "TIPO_EMBAL": "Embalse de presa", "DTOR_EXPLO": null, "TIPO_TITUL": "Privado", "USO": "Abastecimiento", "ID_0": 215, "ISO": "ESP", "NAME_0": "Spain", "ID_1": 5, "NAME_1": "Castilla y León", "ID_2": 18, "NAME_2": "Ávila", "TYPE_2": "Provincia", "ENGTYPE_2": "Province", "area": 9.576, "cuenca": "Tormes", "Tipo": "Embalse" }, "geometry": { "type": "MultiPolygon", "coordinates": [ [ [ [ -5.292456256999969, 40.299721519000045 ], [ -5.292453198999965, 40.299720809000064 ], [ -5.292450308999946, 40.299719579000055 ], [ -5.292447677999974, 40.299717866000037 ], [ -5.292445383999961, 40.299715722000023 ], [ -5.292443496999966, 40.299713212000036 ], [ -5.29244207399995, 40.299710413000071 ], [ -5.292441158999962, 40.299707409000064 ], [ -5.292440779999936, 40.299704292000051 ], [ -5.292440947999978, 40.299701156000026 ], [ -5.292441657999972, 40.299698097000032 ], [ -5.292442887999925, 40.299695208000067 ], [ -5.292444600999942, 40.299692577000023 ], [ -5.292446744999949, 40.299690282000022 ], [ -5.292449254999951, 40.299688395000025 ], [ -5.292452053999965, 40.299686973000057 ], [ -5.292455057999973, 40.299686058000084 ], [ -5.292458174999978, 40.299685679000049 ], [ -5.292461310999954, 40.299685847000035 ], [ -5.292464369999948, 40.299686557000022 ], [ -5.292467258999976, 40.299687787000039 ], [ -5.292469890999937, 40.299689500000056 ], [ -5.292472184999951, 40.299691644000056 ], [ -5.292474071999947, 40.299694154000065 ], [ -5.292475493999973, 40.299696953000073 ], [ -5.29247640899996, 40.29969995700003 ], [ -5.292476787999931, 40.299703074000035 ], [ -5.292476619999945, 40.299706210000068 ], [ -5.29247591099994, 40.299709269000054 ], [ -5.292474680999931, 40.299712158000027 ], [ -5.292472966999981, 40.29971478900007 ], [ -5.292470822999974, 40.299717084000065 ], [ -5.292468312999972, 40.299718971000061 ], [ -5.292465513999957, 40.299720393000037 ], [ -5.292462509999951, 40.299721308000073 ], [ -5.292459392999944, 40.29972168700003 ], [ -5.292456256999969, 40.299721519000045 ] ] ] ] } },
{ "type": "Feature", "properties": { "INFORME": "https://sig.mapama.gob.es/WebServices/clientews/snczi/Default.aspx?nombre=EGISPE_EMBALSE&claves=ID_EMBALSE&valores=688", "ID_EMBALSE": 688.0, "CODIGO": 688, "NOMBRE": "CINCO LAGUNAS", "NMN_SUP": null, "NMN_CAPAC": null, "NMN_COTA": null, "NAE_COTA": null, "ADMON_COMP": "Estado", "DEMARC": "DUERO", "PROVINCIA": "Ávila", "SUP_CUENCA": 0.0, "AP_M_ANUAL": 0.0, "TIPO_EMBAL": "Embalse de presa", "DTOR_EXPLO": null, "TIPO_TITUL": "Privado", "USO": "Abastecimiento", "ID_0": 215, "ISO": "ESP", "NAME_0": "Spain", "ID_1": 5, "NAME_1": "Castilla y León", "ID_2": 18, "NAME_2": "Ávila", "TYPE_2": "Provincia", "ENGTYPE_2": "Province", "area": 9.579, "cuenca": "Tormes", "Tipo": "Embalse" }, "geometry": { "type": "MultiPolygon", "coordinates": [ [ [ [ -5.300404130999936, 40.271818567000018 ], [ -5.300401072999931, 40.271817858000077 ], [ -5.300398182999969, 40.271816628000074 ], [ -5.300395551999941, 40.271814915000043 ], [ -5.300393256999939, 40.271812771000043 ], [ -5.300391369999942, 40.271810262000024 ], [ -5.300389947999975, 40.271807462000027 ], [ -5.300389032999931, 40.271804458000076 ], [ -5.300388652999969, 40.271801341000064 ], [ -5.300388820999957, 40.271798206000028 ], [ -5.300389529999961, 40.271795147000034 ], [ -5.30039075999997, 40.271792258000048 ], [ -5.30039247299993, 40.271789626000043 ], [ -5.300394616999938, 40.271787332000031 ], [ -5.30039712699994, 40.271785445000035 ], [ -5.300399925999954, 40.271784022000077 ], [ -5.300402929999962, 40.27178310700004 ], [ -5.300406046999966, 40.271782728000055 ], [ -5.300409181999953, 40.271782895000058 ], [ -5.300412240999947, 40.271783605000046 ], [ -5.300415129999976, 40.271784834000073 ], [ -5.300417761999937, 40.271786547000026 ], [ -5.300420055999951, 40.27178869100004 ], [ -5.300421942999947, 40.271791201000042 ], [ -5.300423365999961, 40.271794 ], [ -5.300424280999948, 40.271797004000064 ], [ -5.300424660999965, 40.271800121000069 ], [ -5.300424492999979, 40.271803257000037 ], [ -5.300423783999975, 40.271806316000038 ], [ -5.300422553999965, 40.271809205000075 ], [ -5.300420840999947, 40.27181183600004 ], [ -5.300418696999941, 40.271814131000035 ], [ -5.300416186999939, 40.271816018000038 ], [ -5.30041338799998, 40.271817441000067 ], [ -5.300410383999974, 40.27181835600004 ], [ -5.300407266999968, 40.27181873500006 ], [ -5.300404130999936, 40.271818567000018 ] ] ] ] } },
{ "type": "Feature", "properties": { "INFORME": "https://sig.mapama.gob.es/WebServices/clientews/snczi/Default.aspx?nombre=EGISPE_EMBALSE&claves=ID_EMBALSE&valores=2422", "ID_EMBALSE": 2422.0, "CODIGO": 2422, "NOMBRE": "VALLEJO HONDO", "NMN_SUP": 70000.0, "NMN_CAPAC": null, "NMN_COTA": 0.0, "NAE_COTA": null, "ADMON_COMP": "Estado", "DEMARC": "TAJO", "PROVINCIA": "Ávila", "SUP_CUENCA": 3.8, "AP_M_ANUAL": 1.0, "TIPO_EMBAL": "Embalse de presa", "DTOR_EXPLO": null, "TIPO_TITUL": "Comunidades Autónomas", "USO": "Abastecimiento", "ID_0": 215, "ISO": "ESP", "NAME_0": "Spain", "ID_1": 5, "NAME_1": "Castilla y León", "ID_2": 18, "NAME_2": "Ávila", "TYPE_2": "Provincia", "ENGTYPE_2": "Province", "area": 9.549, "cuenca": "Alberche", "Tipo": "Embalse" }, "geometry": { "type": "MultiPolygon", "coordinates": [ [ [ [ -4.681572866999943, 40.497478188000059 ], [ -4.681569813999943, 40.497477451000066 ], [ -4.681566935999967, 40.49747619500004 ], [ -4.681564318999961, 40.497474459000053 ], [ -4.681562043999974, 40.497472294000019 ], [ -4.681560178999972, 40.49746976800003 ], [ -4.681558780999978, 40.497466956000039 ], [ -4.681557892999933, 40.497463944000074 ], [ -4.68155754099996, 40.49746082300004 ], [ -4.681557736999935, 40.497457689000044 ], [ -4.681558473999928, 40.497454636000043 ], [ -4.681559728999958, 40.497451758000068 ], [ -4.681561465999948, 40.497449141000068 ], [ -4.681563629999971, 40.497446866000068 ], [ -4.681566156999963, 40.497445001000067 ], [ -4.681568968999954, 40.497443603000086 ], [ -4.681571980999934, 40.497442715000041 ], [ -4.681575100999964, 40.497442363000076 ], [ -4.68157823599995, 40.497442559000035 ], [ -4.681581287999961, 40.497443296000014 ], [ -4.681584166999925, 40.497444551000058 ], [ -4.681586782999943, 40.497446288000063 ], [ -4.681589057999929, 40.497448452000071 ], [ -4.68159092299993, 40.497450979000064 ], [ -4.681592320999926, 40.497453791000069 ], [ -4.681593208999971, 40.497456803000041 ], [ -4.681593560999943, 40.497459923000065 ], [ -4.681593365999958, 40.497463058000051 ], [ -4.681592628999965, 40.497466110000076 ], [ -4.681591372999946, 40.497468989000033 ], [ -4.681589636999945, 40.49747160500003 ], [ -4.681587471999934, 40.49747388000003 ], [ -4.68158494599993, 40.497475745000038 ], [ -4.681582133999938, 40.497477143000019 ], [ -4.68157912199996, 40.497478031000071 ], [ -4.681576000999939, 40.497478383000043 ], [ -4.681572866999943, 40.497478188000059 ] ] ] ] } },
{ "type": "Feature", "properties": { "INFORME": "https://sig.mapama.gob.es/WebServices/clientews/snczi/Default.aspx?nombre=EGISPE_EMBALSE&claves=ID_EMBALSE&valores=1472", "ID_EMBALSE": 1472.0, "CODIGO": 1472, "NOMBRE": "MORISCO", "NMN_SUP": null, "NMN_CAPAC": null, "NMN_COTA": null, "NAE_COTA": null, "ADMON_COMP": "Estado", "DEMARC": "TAJO", "PROVINCIA": "Ávila", "SUP_CUENCA": 0.0, "AP_M_ANUAL": 0.0, "TIPO_EMBAL": "Embalse de presa", "DTOR_EXPLO": null, "TIPO_TITUL": "Privado", "USO": "Abastecimiento", "ID_0": 215, "ISO": "ESP", "NAME_0": "Spain", "ID_1": 5, "NAME_1": "Castilla y León", "ID_2": 18, "NAME_2": "Ávila", "TYPE_2": "Provincia", "ENGTYPE_2": "Province", "area": 9.564, "cuenca": "Alberche", "Tipo": "Embalse" }, "geometry": { "type": "MultiPolygon", "coordinates": [ [ [ [ -4.80125607399998, 40.399167375000054 ], [ -4.801253019999933, 40.399166643000058 ], [ -4.801250139999978, 40.399165392000036 ], [ -4.801247519999948, 40.399163660000063 ], [ -4.801245240999946, 40.399161499000044 ], [ -4.80124337199993, 40.399158976000074 ], [ -4.801241969999978, 40.399156166000068 ], [ -4.801241075999939, 40.399153155000072 ], [ -4.801240718999964, 40.399150035000048 ], [ -4.801240909999933, 40.399146901000044 ], [ -4.801241640999933, 40.399143847000062 ], [ -4.801242891999948, 40.399140966000054 ], [ -4.801244623999935, 40.399138347000076 ], [ -4.801246784999933, 40.399136068000068 ], [ -4.801249308999957, 40.399134199000052 ], [ -4.801252117999979, 40.399132796000053 ], [ -4.80125512899997, 40.399131903000068 ], [ -4.801258248999944, 40.399131546000035 ], [ -4.801261383999929, 40.399131736000065 ], [ -4.801264437999974, 40.399132468000062 ], [ -4.80126731799993, 40.399133719000076 ], [ -4.801269937999963, 40.399135451000063 ], [ -4.801272216999962, 40.399137611000072 ], [ -4.801274085999978, 40.399140135000046 ], [ -4.801275487999931, 40.399142945000051 ], [ -4.80127638199997, 40.399145955000051 ], [ -4.801276738999945, 40.399149075000018 ], [ -4.801276547999976, 40.399152210000068 ], [ -4.801275816999975, 40.399155264000036 ], [ -4.801274565999961, 40.399158145000051 ], [ -4.801272833999974, 40.399160764000037 ], [ -4.801270672999976, 40.399163043000051 ], [ -4.801268148999951, 40.39916491200006 ], [ -4.801265339999929, 40.399166315000052 ], [ -4.801262328999939, 40.399167208000051 ], [ -4.801259208999966, 40.399167565000027 ], [ -4.80125607399998, 40.399167375000054 ] ] ] ] } },
{ "type": "Feature", "properties": { "INFORME": "https://sig.mapama.gob.es/WebServices/clientews/snczi/Default.aspx?nombre=EGISPE_EMBALSE&claves=ID_EMBALSE&valores=1515", "ID_EMBALSE": 1515.0, "CODIGO": 1515, "NOMBRE": "NAVARREVISCA", "NMN_SUP": null, "NMN_CAPAC": 5.0, "NMN_COTA": 0.0, "NAE_COTA": null, "ADMON_COMP": "Estado", "DEMARC": "TAJO", "PROVINCIA": "Ávila", "SUP_CUENCA": 0.0, "AP_M_ANUAL": 0.0, "TIPO_EMBAL": "Embalse de presa", "DTOR_EXPLO": null, "TIPO_TITUL": "Privado", "USO": "Abastecimiento\nDefensa frente avenidas", "ID_0": 215, "ISO": "ESP", "NAME_0": "Spain", "ID_1": 5, "NAME_1": "Castilla y León", "ID_2": 18, "NAME_2": "Ávila", "TYPE_2": "Provincia", "ENGTYPE_2": "Province", "area": 9.565, "cuenca": "Alberche", "Tipo": "Embalse" }, "geometry": { "type": "MultiPolygon", "coordinates": [ [ [ [ -4.883272690999945, 40.390104013000041 ], [ -4.883269635999965, 40.390103285000059 ], [ -4.883266753999974, 40.390102037000062 ], [ -4.883264132999954, 40.390100308000051 ], [ -4.883261850999929, 40.390098150000028 ], [ -4.883259978999944, 40.390095629000029 ], [ -4.883258572999978, 40.390092821000039 ], [ -4.883257675999971, 40.390089811000045 ], [ -4.88325731499998, 40.390086692000061 ], [ -4.883257501999935, 40.390083557000025 ], [ -4.883258229999967, 40.390080502000046 ], [ -4.883259476999967, 40.390077620000056 ], [ -4.883261205999929, 40.390074998000038 ], [ -4.883263363999958, 40.390072717000066 ], [ -4.883265884999957, 40.390070844000022 ], [ -4.883268692999933, 40.390069439000058 ], [ -4.883271702999934, 40.390068542000044 ], [ -4.883274822999965, 40.390068181000068 ], [ -4.883277956999962, 40.390068367000019 ], [ -4.883281011999942, 40.390069095000065 ], [ -4.88328389399993, 40.390070343000041 ], [ -4.883286515999941, 40.390072072000066 ], [ -4.883288797999966, 40.390074230000025 ], [ -4.88329066999995, 40.390076751000038 ], [ -4.883292075999975, 40.390079559000071 ], [ -4.883292972999925, 40.390082569000072 ], [ -4.883293332999926, 40.390085688000049 ], [ -4.883293146999961, 40.390088823000049 ], [ -4.883292418999928, 40.390091878000078 ], [ -4.883291170999938, 40.390094760000061 ], [ -4.883289442999966, 40.390097382000071 ], [ -4.883287284999938, 40.390099663000051 ], [ -4.88328476299995, 40.390101535000049 ], [ -4.883281954999972, 40.390102941000073 ], [ -4.883278945999962, 40.390103838000073 ], [ -4.883275825999931, 40.390104199000064 ], [ -4.883272690999945, 40.390104013000041 ] ] ] ] } },
{ "type": "Feature", "properties": { "INFORME": "https://sig.mapama.gob.es/WebServices/clientews/snczi/Default.aspx?nombre=EGISPE_EMBALSE&claves=ID_EMBALSE&valores=1545", "ID_EMBALSE": 1545.0, "CODIGO": 1545, "NOMBRE": "NUESTRA SEÑORA DEL CUBILLO", "NMN_SUP": null, "NMN_CAPAC": 4.7, "NMN_COTA": 0.0, "NAE_COTA": null, "ADMON_COMP": "Estado", "DEMARC": "DUERO", "PROVINCIA": "Ávila", "SUP_CUENCA": 138.0, "AP_M_ANUAL": 0.0, "TIPO_EMBAL": "Embalse de presa", "DTOR_EXPLO": null, "TIPO_TITUL": "Privado", "USO": "Abastecimiento\nDefensa frente avenidas", "ID_0": 215, "ISO": "ESP", "NAME_0": "Spain", "ID_1": 5, "NAME_1": "Castilla y León", "ID_2": 18, "NAME_2": "Ávila", "TYPE_2": "Provincia", "ENGTYPE_2": "Province", "area": 9.52, "cuenca": "Adaja", "Tipo": "Embalse" }, "geometry": { "type": "MultiPolygon", "coordinates": [ [ [ [ -4.538897875999965, 40.709946807000051 ], [ -4.538894824999943, 40.709946065000047 ], [ -4.538891948999946, 40.709944803000027 ], [ -4.538889334999964, 40.709943062000036 ], [ -4.538887063999938, 40.709940893000066 ], [ -4.53888520399994, 40.709938363000042 ], [ -4.538883811999938, 40.709935548000026 ], [ -4.538882929999943, 40.709932534000082 ], [ -4.538882583999964, 40.709929413000054 ], [ -4.538882784999941, 40.709926279000044 ], [ -4.538883527999928, 40.70992322700004 ], [ -4.538884788999951, 40.709920351000044 ], [ -4.538886530999946, 40.709917738000058 ], [ -4.538888699999972, 40.709915467000044 ], [ -4.538891229999933, 40.709913607000033 ], [ -4.53889404499995, 40.709912214000028 ], [ -4.538897058999964, 40.70991133200004 ], [ -4.538900179999928, 40.709910986000082 ], [ -4.538903313999981, 40.709911188000028 ], [ -4.538906365999935, 40.709911931000079 ], [ -4.538909241999932, 40.709913192000037 ], [ -4.538911854999981, 40.709914934000047 ], [ -4.538914125999952, 40.709917102000077 ], [ -4.538915985999949, 40.70991963300002 ], [ -4.53891737799995, 40.709922448000029 ], [ -4.538918260999935, 40.709925462000051 ], [ -4.538918605999925, 40.709928583000071 ], [ -4.538918404999946, 40.709931717000067 ], [ -4.53891766199996, 40.709934768000039 ], [ -4.538916400999938, 40.709937644000028 ], [ -4.538914658999944, 40.709940257000021 ], [ -4.538912489999974, 40.709942529000053 ], [ -4.538909959999955, 40.709944389000043 ], [ -4.538907144999938, 40.709945781000037 ], [ -4.538904130999981, 40.709946663000039 ], [ -4.538901009999961, 40.709947009000075 ], [ -4.538897875999965, 40.709946807000051 ] ] ] ] } },
{ "type": "Feature", "properties": { "INFORME": "https://sig.mapama.gob.es/WebServices/clientews/snczi/Default.aspx?nombre=EGISPE_EMBALSE&claves=ID_EMBALSE&valores=2451", "ID_EMBALSE": 2451.0, "CODIGO": 2451, "NOMBRE": "VENTA DEL OBISPO", "NMN_SUP": null, "NMN_CAPAC": 155.0, "NMN_COTA": 0.0, "NAE_COTA": null, "ADMON_COMP": "Estado", "DEMARC": "TAJO", "PROVINCIA": "Ávila", "SUP_CUENCA": 265.0, "AP_M_ANUAL": 0.0, "TIPO_EMBAL": "Embalse de presa", "DTOR_EXPLO": null, "TIPO_TITUL": "Estado\nEstado", "USO": "Abastecimiento\nGanadero\nDefensa frente avenidas", "ID_0": 215, "ISO": "ESP", "NAME_0": "Spain", "ID_1": 5, "NAME_1": "Castilla y León", "ID_2": 18, "NAME_2": "Ávila", "TYPE_2": "Provincia", "ENGTYPE_2": "Province", "area": 9.566, "cuenca": "Alberche", "Tipo": "Embalse" }, "geometry": { "type": "MultiPolygon", "coordinates": [ [ [ [ -4.98074293299993, 40.378547765000057 ], [ -4.980739876999963, 40.378547041000054 ], [ -4.980736993999925, 40.378545798000047 ], [ -4.980734369999936, 40.378544073000057 ], [ -4.980732084999943, 40.378541919000035 ], [ -4.980730208999943, 40.378539400000079 ], [ -4.980728798999962, 40.378536594000025 ], [ -4.980727897999941, 40.378533586000046 ], [ -4.980727532999936, 40.378530467000083 ], [ -4.980727714999944, 40.378527332000033 ], [ -4.980728438999961, 40.378524276000057 ], [ -4.980729681999946, 40.378521392000032 ], [ -4.980731406999951, 40.378518768000049 ], [ -4.980733560999965, 40.378516484000045 ], [ -4.980736079999929, 40.378514608000053 ], [ -4.980738885999926, 40.378513198000057 ], [ -4.980741893999948, 40.378512297000043 ], [ -4.980745012999933, 40.378511932000045 ], [ -4.980748147999975, 40.378512114000038 ], [ -4.980751203999944, 40.378512837000073 ], [ -4.980754087999968, 40.378514081000048 ], [ -4.980756711999958, 40.378515806000046 ], [ -4.980758995999962, 40.37851796000006 ], [ -4.980760871999962, 40.378520479000024 ], [ -4.980762281999945, 40.378523285000021 ], [ -4.980763182999964, 40.378526293000043 ], [ -4.98076354799997, 40.378529412000034 ], [ -4.980763365999962, 40.378532547000077 ], [ -4.980762642999934, 40.378535603000046 ], [ -4.98076139899996, 40.378538486000032 ], [ -4.980759673999954, 40.378541110000072 ], [ -4.980757519999941, 40.378543395000065 ], [ -4.980755000999976, 40.378545271000064 ], [ -4.98075219499998, 40.378546681000039 ], [ -4.980749186999958, 40.378547582000074 ], [ -4.980746067999973, 40.378547947000072 ], [ -4.98074293299993, 40.378547765000057 ] ] ] ] } },
{ "type": "Feature", "properties": { "INFORME": "https://sig.mapama.gob.es/WebServices/clientews/snczi/Default.aspx?nombre=EGISPE_EMBALSE&claves=ID_EMBALSE&valores=1388", "ID_EMBALSE": 1388.0, "CODIGO": 1388, "NOMBRE": "MIJARES", "NMN_SUP": null, "NMN_CAPAC": null, "NMN_COTA": null, "NAE_COTA": null, "ADMON_COMP": "Estado", "DEMARC": "TAJO", "PROVINCIA": "Ávila", "SUP_CUENCA": 24.0, "AP_M_ANUAL": 0.0, "TIPO_EMBAL": "Embalse de presa", "DTOR_EXPLO": null, "TIPO_TITUL": "Privado", "USO": "Abastecimiento", "ID_0": 215, "ISO": "ESP", "NAME_0": "Spain", "ID_1": 5, "NAME_1": "Castilla y León", "ID_2": 18, "NAME_2": "Ávila", "TYPE_2": "Provincia", "ENGTYPE_2": "Province", "area": 9.564, "cuenca": "Alberche", "Tipo": "Embalse" }, "geometry": { "type": "MultiPolygon", "coordinates": [ [ [ [ -4.814316576999942, 40.398909071000041 ], [ -4.814313522999954, 40.398908340000055 ], [ -4.814310641999952, 40.398907090000087 ], [ -4.814308022999966, 40.398905358000029 ], [ -4.814305742999977, 40.398903198000035 ], [ -4.81430387399996, 40.398900675000043 ], [ -4.814302469999972, 40.398897865000038 ], [ -4.814301576999981, 40.398894855000044 ], [ -4.814301218999959, 40.398891735000063 ], [ -4.814301408999937, 40.398888600000078 ], [ -4.814302139999938, 40.398885546000038 ], [ -4.814303389999965, 40.398882665000031 ], [ -4.81430512199995, 40.398880046000045 ], [ -4.814307281999959, 40.398877766000055 ], [ -4.814309804999937, 40.39887589600005 ], [ -4.814312614999949, 40.398874493000051 ], [ -4.814315624999949, 40.398873599000069 ], [ -4.81431874499998, 40.398873242000043 ], [ -4.814321879999965, 40.398873432000073 ], [ -4.814324933999956, 40.398874163000066 ], [ -4.814327814999956, 40.398875413000034 ], [ -4.814330433999943, 40.398877145000029 ], [ -4.814332713999932, 40.398879305000044 ], [ -4.814334582999948, 40.398881828000071 ], [ -4.814335986999936, 40.398884637000023 ], [ -4.814336879999928, 40.39888764800002 ], [ -4.81433723799995, 40.398890768000065 ], [ -4.814337047999969, 40.398893903000044 ], [ -4.81433631699997, 40.398896957000034 ], [ -4.814335066999945, 40.398899838000027 ], [ -4.814333334999958, 40.398902457000077 ], [ -4.814331174999949, 40.398904737000073 ], [ -4.814328651999971, 40.398906606000018 ], [ -4.814325841999961, 40.398908010000063 ], [ -4.814322831999958, 40.398908903000056 ], [ -4.814319711999929, 40.398909261000028 ], [ -4.814316576999942, 40.398909071000041 ] ] ] ] } },
{ "type": "Feature", "properties": { "INFORME": "https://sig.mapama.gob.es/WebServices/clientews/snczi/Default.aspx?nombre=EGISPE_EMBALSE&claves=ID_EMBALSE&valores=1624", "ID_EMBALSE": 1624.0, "CODIGO": 1624, "NOMBRE": "PASCUALCOBO", "NMN_SUP": 205300.0, "NMN_CAPAC": 0.53, "NMN_COTA": 0.0, "NAE_COTA": null, "ADMON_COMP": "Estado", "DEMARC": "DUERO", "PROVINCIA": "Ávila", "SUP_CUENCA": 0.0, "AP_M_ANUAL": 0.0, "TIPO_EMBAL": "Embalse de presa", "DTOR_EXPLO": null, "TIPO_TITUL": "Comunidades Autónomas", "USO": "Abastecimiento", "ID_0": 215, "ISO": "ESP", "NAME_0": "Spain", "ID_1": 5, "NAME_1": "Castilla y León", "ID_2": 18, "NAME_2": "Ávila", "TYPE_2": "Provincia", "ENGTYPE_2": "Province", "area": 9.528, "cuenca": "Tormes", "Tipo": "Embalse" }, "geometry": { "type": "MultiPolygon", "coordinates": [ [ [ [ -5.279767073999948, 40.640481228000056 ], [ -5.279764015999944, 40.640480519000043 ], [ -5.279761125999926, 40.640479289000055 ], [ -5.279758493999964, 40.640477577000063 ], [ -5.279756199999952, 40.640475433000063 ], [ -5.279754311999966, 40.640472924000051 ], [ -5.27975288899995, 40.640470125000029 ], [ -5.279751973999964, 40.640467121000036 ], [ -5.279751593999947, 40.640464004000073 ], [ -5.279751760999942, 40.64046086900003 ], [ -5.279752469999949, 40.640457810000044 ], [ -5.279753699999958, 40.640454921000064 ], [ -5.279755411999929, 40.640452289000052 ], [ -5.279757555999936, 40.640449994000051 ], [ -5.279760064999947, 40.640448107000061 ], [ -5.279762863999962, 40.64044668400004 ], [ -5.27976586799997, 40.640445768000063 ], [ -5.279768984999976, 40.640445388000053 ], [ -5.279772119999961, 40.640445556000039 ], [ -5.279775178999954, 40.640446265000044 ], [ -5.279778068999973, 40.64044749400005 ], [ -5.279780699999947, 40.640449207000081 ], [ -5.279782994999948, 40.640451350000021 ], [ -5.279784881999944, 40.640453860000051 ], [ -5.279786305999949, 40.640456659000037 ], [ -5.279787220999935, 40.640459662000076 ], [ -5.279787600999953, 40.640462779000067 ], [ -5.279787433999956, 40.640465915000057 ], [ -5.279786724999951, 40.640468974000029 ], [ -5.279785494999941, 40.640471863000073 ], [ -5.279783782999971, 40.640474495000035 ], [ -5.279781638999963, 40.640476789000047 ], [ -5.279779129999952, 40.640478677000026 ], [ -5.279776330999937, 40.64048010000004 ], [ -5.279773326999929, 40.64048101500002 ], [ -5.27977020999998, 40.640481395000052 ], [ -5.279767073999948, 40.640481228000056 ] ] ] ] } },
{ "type": "Feature", "properties": { "INFORME": "https://sig.mapama.gob.es/WebServices/clientews/snczi/Default.aspx?nombre=EGISPE_EMBALSE&claves=ID_EMBALSE&valores=1634", "ID_EMBALSE": 1634.0, "CODIGO": 1634, "NOMBRE": "PAVONA, LA", "NMN_SUP": null, "NMN_CAPAC": 0.04, "NMN_COTA": 0.0, "NAE_COTA": null, "ADMON_COMP": "Estado", "DEMARC": "DUERO", "PROVINCIA": "Ávila", "SUP_CUENCA": 11.15, "AP_M_ANUAL": 4.0, "TIPO_EMBAL": "Embalse de presa", "DTOR_EXPLO": null, "TIPO_TITUL": "Privado", "USO": "Abastecimiento", "ID_0": 215, "ISO": "ESP", "NAME_0": "Spain", "ID_1": 5, "NAME_1": "Castilla y León", "ID_2": 18, "NAME_2": "Ávila", "TYPE_2": "Provincia", "ENGTYPE_2": "Province", "area": 9.542, "cuenca": "Adaja", "Tipo": "Embalse" }, "geometry": { "type": "MultiPolygon", "coordinates": [ [ [ [ -4.706787067999926, 40.547600300000056 ], [ -4.706784014999926, 40.547599564000052 ], [ -4.706781135999961, 40.547598310000076 ], [ -4.706778518999954, 40.54759657400006 ], [ -4.706776242999979, 40.547594411000027 ], [ -4.706774376999931, 40.547591885000024 ], [ -4.706772977999946, 40.547589074000037 ], [ -4.706772087999979, 40.54758606200005 ], [ -4.706771734999961, 40.547582942000076 ], [ -4.706771928999955, 40.54757980700002 ], [ -4.70677266499996, 40.54757675500008 ], [ -4.706773918999943, 40.547573876000051 ], [ -4.706775654999944, 40.547571258000048 ], [ -4.706777817999978, 40.547568982000016 ], [ -4.706780343999981, 40.547567116000039 ], [ -4.706783154999926, 40.54756571700004 ], [ -4.706786166999962, 40.547564828000084 ], [ -4.706789286999935, 40.547564475000058 ], [ -4.706792421999977, 40.547564669000046 ], [ -4.706795474999979, 40.547565405000064 ], [ -4.706798353999943, 40.547566659000047 ], [ -4.70680097099995, 40.547568394000052 ], [ -4.706803246999925, 40.547570558000075 ], [ -4.706805112999973, 40.547573084000085 ], [ -4.706806511999958, 40.547575895000087 ], [ -4.706807400999935, 40.547578907000052 ], [ -4.706807753999953, 40.547582027000018 ], [ -4.706807559999959, 40.547585161000015 ], [ -4.706806824999945, 40.547588214000029 ], [ -4.706805569999971, 40.547591093000044 ], [ -4.706803834999959, 40.547593710000051 ], [ -4.706801670999936, 40.547595987000079 ], [ -4.70679914599998, 40.54759785300007 ], [ -4.706796333999931, 40.547599251000058 ], [ -4.706793321999953, 40.547600141000032 ], [ -4.706790201999979, 40.547600494000044 ], [ -4.706787067999926, 40.547600300000056 ] ] ] ] } },
{ "type": "Feature", "properties": { "INFORME": "https://sig.mapama.gob.es/WebServices/clientews/snczi/Default.aspx?nombre=EGISPE_EMBALSE&claves=ID_EMBALSE&valores=399", "ID_EMBALSE": 399.0, "CODIGO": 399, "NOMBRE": "BURGOHONDO (BALSA)", "NMN_SUP": 3820.0, "NMN_CAPAC": 0.01, "NMN_COTA": null, "NAE_COTA": null, "ADMON_COMP": "Administración Autonómica", "DEMARC": "TAJO", "PROVINCIA": "Ávila", "SUP_CUENCA": null, "AP_M_ANUAL": null, "TIPO_EMBAL": "Embalse de balsa", "DTOR_EXPLO": null, "TIPO_TITUL": "Ayuntamientos y/o Diputaciones", "USO": "Abastecimiento", "ID_0": 215, "ISO": "ESP", "NAME_0": "Spain", "ID_1": 5, "NAME_1": "Castilla y León", "ID_2": 18, "NAME_2": "Ávila", "TYPE_2": "Provincia", "ENGTYPE_2": "Province", "area": 3866.837, "cuenca": "Alberche", "Tipo": "Embalse" }, "geometry": { "type": "MultiPolygon", "coordinates": [ [ [ [ -4.792197144999932, 40.363597320000061 ], [ -4.792108910999957, 40.363512209000071 ], [ -4.792073397999957, 40.363416367000063 ], [ -4.792096866999942, 40.363324113000033 ], [ -4.792167156999938, 40.363221229000033 ], [ -4.792325629999937, 40.363157515000061 ], [ -4.792571926999926, 40.363163602000036 ], [ -4.792753402999948, 40.363212141000069 ], [ -4.792889118999937, 40.363311831000026 ], [ -4.792971213999976, 40.363432174000025 ], [ -4.79298925699993, 40.363579628000018 ], [ -4.792957697999952, 40.363677412000058 ], [ -4.792951927999979, 40.363682012000027 ], [ -4.792873506999967, 40.363744485000034 ], [ -4.792781055999966, 40.36376663600003 ], [ -4.792654279999966, 40.363737968000066 ], [ -4.792479864999962, 40.363689329000067 ], [ -4.792197144999932, 40.363597320000061 ] ] ] ] } },
{ "type": "Feature", "properties": { "INFORME": "https://sig.mapama.gob.es/WebServices/clientews/snczi/Default.aspx?nombre=EGISPE_EMBALSE&claves=ID_EMBALSE&valores=2782", "ID_EMBALSE": 2782.0, "CODIGO": 2782, "NOMBRE": "LOBERAS, LAS (BALSA)", "NMN_SUP": 70060.0, "NMN_CAPAC": 0.07, "NMN_COTA": 0.0, "NAE_COTA": null, "ADMON_COMP": "Administración Autonómica", "DEMARC": "TAJO", "PROVINCIA": "Ávila", "SUP_CUENCA": null, "AP_M_ANUAL": null, "TIPO_EMBAL": "Embalse de balsa", "DTOR_EXPLO": null, "TIPO_TITUL": "Privado", "USO": null, "ID_0": 215, "ISO": "ESP", "NAME_0": "Spain", "ID_1": 5, "NAME_1": "Castilla y León", "ID_2": 18, "NAME_2": "Ávila", "TYPE_2": "Provincia", "ENGTYPE_2": "Province", "area": 18153.484, "cuenca": "Tietar", "Tipo": "Embalse" }, "geometry": { "type": "MultiPolygon", "coordinates": [ [ [ [ -5.197843751999925, 40.15160876700002 ], [ -5.197824644999969, 40.151744249000053 ], [ -5.197816106999938, 40.151843501000023 ], [ -5.197805536999965, 40.151879741000073 ], [ -5.197774688999971, 40.152015453000047 ], [ -5.197755870999969, 40.152159935000043 ], [ -5.197677521999935, 40.152278537000029 ], [ -5.197373636999941, 40.152320336000045 ], [ -5.197223145999942, 40.152386247000038 ], [ -5.19704803299993, 40.152416597000069 ], [ -5.196872908999977, 40.152446937000029 ], [ -5.196696345999953, 40.152432266000069 ], [ -5.196530342999949, 40.152381365000053 ], [ -5.19638694799994, 40.152303013000044 ], [ -5.196266132999939, 40.152197201000035 ], [ -5.196203408999963, 40.152072278000063 ], [ -5.196140685999978, 40.151947347000039 ], [ -5.196101143999954, 40.151812974000059 ], [ -5.195987136999975, 40.151553890000059 ], [ -5.195933821999973, 40.151356727000071 ], [ -5.19609662399995, 40.151308596000028 ], [ -5.196258844999932, 40.151242457000087 ], [ -5.196433667999941, 40.151203116000026 ], [ -5.196596470999963, 40.151154986000037 ], [ -5.196770722999929, 40.151097625000027 ], [ -5.196933804999958, 40.151058505000037 ], [ -5.197109797999929, 40.151055166000049 ], [ -5.197148470999934, 40.15116252800005 ], [ -5.19728014499998, 40.151241110000058 ], [ -5.197435269999971, 40.151319241000067 ], [ -5.19758982299993, 40.15137936200005 ], [ -5.197733227999947, 40.15145771400006 ], [ -5.197827669999981, 40.151473945000085 ], [ -5.197843751999925, 40.15160876700002 ] ] ] ] } },
{ "type": "Feature", "properties": { "INFORME": "https://sig.mapama.gob.es/WebServices/clientews/snczi/Default.aspx?nombre=EGISPE_EMBALSE&claves=ID_EMBALSE&valores=1681", "ID_EMBALSE": 1681.0, "CODIGO": 1681, "NOMBRE": "PEPELIN", "NMN_SUP": null, "NMN_CAPAC": null, "NMN_COTA": null, "NAE_COTA": null, "ADMON_COMP": "Estado", "DEMARC": "TAJO", "PROVINCIA": "Ávila", "SUP_CUENCA": null, "AP_M_ANUAL": null, "TIPO_EMBAL": "Embalse de presa", "DTOR_EXPLO": null, "TIPO_TITUL": "Ayuntamientos y/o Diputaciones", "USO": null, "ID_0": 215, "ISO": "ESP", "NAME_0": "Spain", "ID_1": 5, "NAME_1": "Castilla y León", "ID_2": 18, "NAME_2": "Ávila", "TYPE_2": "Provincia", "ENGTYPE_2": "Province", "area": 21952.323, "cuenca": "Tietar", "Tipo": "Embalse" }, "geometry": { "type": "MultiPolygon", "coordinates": [ [ [ [ -4.751996661999954, 40.302291438000047 ], [ -4.752139428999953, 40.30203445700004 ], [ -4.752503485999967, 40.301777475000058 ], [ -4.752846128999977, 40.301513354000072 ], [ -4.753074556999935, 40.30164184500007 ], [ -4.753417198999955, 40.301720368000069 ], [ -4.754038238999954, 40.301848858000021 ], [ -4.754416572999958, 40.301977349000019 ], [ -4.754673553999964, 40.30209870200008 ], [ -4.754966228999933, 40.302277162000074 ], [ -4.755151826999963, 40.302548420000058 ], [ -4.755201794999948, 40.30268404900005 ], [ -4.755130411999971, 40.30280540200004 ], [ -4.754944813999941, 40.302776848000057 ], [ -4.75476635299998, 40.302712603000025 ], [ -4.754537925999954, 40.302676911000056 ], [ -4.754230974999927, 40.302626942000082 ], [ -4.753888331999974, 40.302584112000027 ], [ -4.753545689999953, 40.302576973000043 ], [ -4.753081694999934, 40.302584112000041 ], [ -4.752553454999941, 40.302555558000051 ], [ -4.752189396999937, 40.302584112000027 ], [ -4.751939553999932, 40.302519866000075 ], [ -4.751946692999979, 40.302419929000052 ], [ -4.751996661999954, 40.302291438000047 ] ] ] ] } },
{ "type": "Feature", "properties": { "INFORME": "https://sig.mapama.gob.es/WebServices/clientews/snczi/Default.aspx?nombre=EGISPE_EMBALSE&claves=ID_EMBALSE&valores=1308", "ID_EMBALSE": 1308.0, "CODIGO": 1308, "NOMBRE": "MAJALAHONDA", "NMN_SUP": 0.34, "NMN_CAPAC": 0.01, "NMN_COTA": 811.6, "NAE_COTA": null, "ADMON_COMP": "Estado", "DEMARC": "TAJO", "PROVINCIA": "Ávila", "SUP_CUENCA": 1.3, "AP_M_ANUAL": null, "TIPO_EMBAL": "Embalse de presa", "DTOR_EXPLO": null, "TIPO_TITUL": "Privado\nPrivado", "USO": null, "ID_0": 215, "ISO": "ESP", "NAME_0": "Spain", "ID_1": 5, "NAME_1": "Castilla y León", "ID_2": 18, "NAME_2": "Ávila", "TYPE_2": "Provincia", "ENGTYPE_2": "Province", "area": 3134.096, "cuenca": "Tietar", "Tipo": "Embalse" }, "geometry": { "type": "MultiPolygon", "coordinates": [ [ [ [ -4.603881723999962, 40.217042491000029 ], [ -4.603708956999981, 40.216842187000047 ], [ -4.603584991999981, 40.216768226000049 ], [ -4.603476176999947, 40.216688654000052 ], [ -4.603403234999973, 40.216585161000076 ], [ -4.603407193999942, 40.216504028000017 ], [ -4.603464504999976, 40.216492417000033 ], [ -4.603611691999958, 40.21650479700002 ], [ -4.603755885999932, 40.21653973600008 ], [ -4.603902551999965, 40.216580047000029 ], [ -4.604047026999979, 40.216626687000037 ], [ -4.604177651999976, 40.216684338000043 ], [ -4.604321436999952, 40.216751719000051 ], [ -4.604382069999929, 40.216831050000053 ], [ -4.604371799999966, 40.216894253000063 ], [ -4.604226195999956, 40.217048529000067 ], [ -4.603995647999966, 40.217139103000079 ], [ -4.603959337999925, 40.217144114000064 ], [ -4.603881723999962, 40.217042491000029 ] ] ] ] } },
{ "type": "Feature", "properties": { "INFORME": "https://sig.mapama.gob.es/WebServices/clientews/snczi/Default.aspx?nombre=EGISPE_EMBALSE&claves=ID_EMBALSE&valores=2498", "ID_EMBALSE": 2498.0, "CODIGO": 2498, "NOMBRE": "VILLAREJO DEL VALLE (BALSA)", "NMN_SUP": 3100.0, "NMN_CAPAC": 0.01, "NMN_COTA": 0.0, "NAE_COTA": null, "ADMON_COMP": "Administración Autonómica", "DEMARC": "TAJO", "PROVINCIA": "Ávila", "SUP_CUENCA": null, "AP_M_ANUAL": null, "TIPO_EMBAL": "Embalse de balsa", "DTOR_EXPLO": null, "TIPO_TITUL": "Ayuntamientos y/o Diputaciones", "USO": "Abastecimiento", "ID_0": 215, "ISO": "ESP", "NAME_0": "Spain", "ID_1": 5, "NAME_1": "Castilla y León", "ID_2": 18, "NAME_2": "Ávila", "TYPE_2": "Provincia", "ENGTYPE_2": "Province", "area": 3026.976, "cuenca": "Tietar", "Tipo": "Embalse" }, "geometry": { "type": "MultiPolygon", "coordinates": [ [ [ [ -4.992502122999952, 40.30061295400003 ], [ -4.99246024499996, 40.300595822000048 ], [ -4.992424076999953, 40.300582497000036 ], [ -4.992380294999975, 40.300565364000086 ], [ -4.992338415999938, 40.300544425000055 ], [ -4.992307958999958, 40.300521582000052 ], [ -4.992273695999926, 40.300498739000041 ], [ -4.992235622999941, 40.300460669000067 ], [ -4.992201359999967, 40.300420693000035 ], [ -4.99218803499997, 40.300388333000051 ], [ -4.99218803399998, 40.300336936000065 ], [ -4.992193744999951, 40.300291250000036 ], [ -4.992197551999936, 40.30025127600004 ], [ -4.992214683999975, 40.30020939700006 ], [ -4.99224133499996, 40.30016751900007 ], [ -4.992275598999925, 40.300129447000074 ], [ -4.992306055999961, 40.300102797000072 ], [ -4.992344126999966, 40.300081858000048 ], [ -4.992387908999945, 40.300064726000073 ], [ -4.992441209999981, 40.300053304000073 ], [ -4.992498315999967, 40.300051400000036 ], [ -4.992545904999928, 40.300053305000063 ], [ -4.992599204999976, 40.300062823000076 ], [ -4.992646793999937, 40.300078051000057 ], [ -4.992705804999957, 40.300104701000073 ], [ -4.992740068999979, 40.300118026000064 ], [ -4.992772429999945, 40.300137062000033 ], [ -4.992800983999928, 40.30015609700007 ], [ -4.992839054999934, 40.300188458000044 ], [ -4.992865704999929, 40.300217012000076 ], [ -4.992896162999954, 40.30026460100003 ], [ -4.992907583999965, 40.300289347000025 ], [ -4.992913294999937, 40.30033312900008 ], [ -4.992915197999935, 40.300378815000037 ], [ -4.992901872999938, 40.300434019000072 ], [ -4.992877125999939, 40.300473993000018 ], [ -4.992852379999931, 40.300512065000078 ], [ -4.992800983999929, 40.30055775000006 ], [ -4.992762911999932, 40.300584400000055 ], [ -4.992709611999942, 40.300607243000059 ], [ -4.992623950999928, 40.300620568000056 ], [ -4.992553518999954, 40.300620568000056 ], [ -4.992502122999952, 40.30061295400003 ] ] ] ] } },
{ "type": "Feature", "properties": { "INFORME": "https://sig.mapama.gob.es/WebServices/clientews/snczi/Default.aspx?nombre=EGISPE_EMBALSE&claves=ID_EMBALSE&valores=2458", "ID_EMBALSE": 2458.0, "CODIGO": 2458, "NOMBRE": "VETONIA, LA", "NMN_SUP": null, "NMN_CAPAC": 0.05, "NMN_COTA": 0.0, "NAE_COTA": null, "ADMON_COMP": "Estado", "DEMARC": "TAJO", "PROVINCIA": "Ávila", "SUP_CUENCA": 0.0, "AP_M_ANUAL": 0.0, "TIPO_EMBAL": "Embalse de presa", "DTOR_EXPLO": null, "TIPO_TITUL": "Privado", "USO": "Abastecimiento\nDefensa frente avenidas", "ID_0": 215, "ISO": "ESP", "NAME_0": "Spain", "ID_1": 5, "NAME_1": "Castilla y León", "ID_2": 18, "NAME_2": "Ávila", "TYPE_2": "Provincia", "ENGTYPE_2": "Province", "area": 20478.511, "cuenca": "Tietar", "Tipo": "Embalse" }, "geometry": { "type": "MultiPolygon", "coordinates": [ [ [ [ -5.334323188999974, 40.158926132000033 ], [ -5.334219682999958, 40.158997516000056 ], [ -5.334130452999942, 40.159079607000081 ], [ -5.334030514999938, 40.159143853000046 ], [ -5.333937715999981, 40.159225944000063 ], [ -5.333877039999948, 40.159279481000063 ], [ -5.333773533999929, 40.159343727000063 ], [ -5.333648611999933, 40.159436526000029 ], [ -5.333552242999928, 40.159518618000043 ], [ -5.33346301399996, 40.159582863000026 ], [ -5.333395198999939, 40.159639970000043 ], [ -5.333295261999978, 40.159679231000041 ], [ -5.333227446999956, 40.159707784000034 ], [ -5.33313464799994, 40.15973633800008 ], [ -5.333024002999934, 40.159768461000056 ], [ -5.332956188999957, 40.159779169000046 ], [ -5.332845543999951, 40.159768461000048 ], [ -5.332781298999975, 40.159750615000064 ], [ -5.332684929999969, 40.159768461000056 ], [ -5.332609976999948, 40.159772030000063 ], [ -5.332535023999981, 40.159743477000063 ], [ -5.332506469999942, 40.15970778500008 ], [ -5.332531454999978, 40.15963640100005 ], [ -5.332609976999947, 40.159611416000075 ], [ -5.332613546999937, 40.159536463000059 ], [ -5.332595700999945, 40.159447234000019 ], [ -5.332584991999965, 40.159343727000078 ], [ -5.332581423999954, 40.159254497000063 ], [ -5.332563577999962, 40.159158130000037 ], [ -5.332556439999962, 40.159043915000034 ], [ -5.332524316999979, 40.158954685000019 ], [ -5.33248505599994, 40.158819056000034 ], [ -5.332442224999966, 40.158704842000077 ], [ -5.33239225699998, 40.158604905000061 ], [ -5.332377979999932, 40.158547797000047 ], [ -5.332402963999925, 40.158490690000058 ], [ -5.332485055999939, 40.158437152000033 ], [ -5.332609976999947, 40.158347922000061 ], [ -5.33268492999997, 40.158287246000036 ], [ -5.332759882999937, 40.158262262000051 ], [ -5.332891942999936, 40.158237278000058 ], [ -5.332974034999948, 40.158205155000068 ], [ -5.333091817999956, 40.15811592600005 ], [ -5.333170339999981, 40.158076664000077 ], [ -5.333252430999949, 40.158133771000053 ], [ -5.333552243999975, 40.158297954000034 ], [ -5.333741410999949, 40.158397891000057 ], [ -5.334091191999959, 40.158508537000053 ], [ -5.334366018999957, 40.158637027000054 ], [ -5.334494510999946, 40.158761949000052 ], [ -5.334505217999947, 40.158869024000062 ], [ -5.334323188999974, 40.158926132000033 ] ] ] ] } },
{ "type": "Feature", "properties": { "INFORME": "https://sig.mapama.gob.es/WebServices/clientews/snczi/Default.aspx?nombre=EGISPE_EMBALSE&claves=ID_EMBALSE&valores=1720", "ID_EMBALSE": 1720.0, "CODIGO": 1720, "NOMBRE": "PINARA, LA", "NMN_SUP": null, "NMN_CAPAC": null, "NMN_COTA": null, "NAE_COTA": null, "ADMON_COMP": "Estado", "DEMARC": "TAJO", "PROVINCIA": "Ávila", "SUP_CUENCA": 0.0, "AP_M_ANUAL": 0.0, "TIPO_EMBAL": "Embalse de presa", "DTOR_EXPLO": null, "TIPO_TITUL": "Ayuntamientos y/o Diputaciones", "USO": "Abastecimiento", "ID_0": 215, "ISO": "ESP", "NAME_0": "Spain", "ID_1": 5, "NAME_1": "Castilla y León", "ID_2": 18, "NAME_2": "Ávila", "TYPE_2": "Provincia", "ENGTYPE_2": "Province", "area": 3443.401, "cuenca": "Tietar", "Tipo": "Embalse" }, "geometry": { "type": "MultiPolygon", "coordinates": [ [ [ [ -4.652780654999958, 40.312147076000031 ], [ -4.65277649199993, 40.312193566000083 ], [ -4.652844305999962, 40.31231848700002 ], [ -4.652969227999962, 40.312361317000068 ], [ -4.653129841999942, 40.312350610000067 ], [ -4.65329402499998, 40.312357749000057 ], [ -4.653358269999956, 40.312471962000075 ], [ -4.653454637999971, 40.312611161000063 ], [ -4.653529590999938, 40.312782482000053 ], [ -4.653474565999944, 40.312853643000054 ], [ -4.653346669999961, 40.312853643000047 ], [ -4.653236619999974, 40.312728721000035 ], [ -4.653135492999979, 40.312633543000068 ], [ -4.653023151999945, 40.312613733000028 ], [ -4.652873246999946, 40.312545205000056 ], [ -4.652814710999961, 40.312523790000057 ], [ -4.652600559999939, 40.312490953000058 ], [ -4.652474923999931, 40.312463828000027 ], [ -4.652414962999956, 40.312435274000052 ], [ -4.652370703999964, 40.312376739000058 ], [ -4.652377247999936, 40.312280758000036 ], [ -4.652427810999939, 40.312117170000079 ], [ -4.652469451999933, 40.31202298300007 ], [ -4.652780654999958, 40.312147076000031 ] ] ] ] } },
{ "type": "Feature", "properties": { "INFORME": "https://sig.mapama.gob.es/WebServices/clientews/snczi/Default.aspx?nombre=EGISPE_EMBALSE&claves=ID_EMBALSE&valores=1135", "ID_EMBALSE": 1135.0, "CODIGO": 1135, "NOMBRE": "HOYOS DEL ESPINO", "NMN_SUP": 13899999999999900.0, "NMN_CAPAC": 0.05, "NMN_COTA": 508.0, "NAE_COTA": null, "ADMON_COMP": "Estado", "DEMARC": "DUERO", "PROVINCIA": "Ávila", "SUP_CUENCA": 2.35, "AP_M_ANUAL": 0.272, "TIPO_EMBAL": "Embalse de presa", "DTOR_EXPLO": null, "TIPO_TITUL": "Ayuntamientos y/o Diputaciones", "USO": "Abastecimiento", "ID_0": 215, "ISO": "ESP", "NAME_0": "Spain", "ID_1": 5, "NAME_1": "Castilla y León", "ID_2": 18, "NAME_2": "Ávila", "TYPE_2": "Provincia", "ENGTYPE_2": "Province", "area": 19091.084, "cuenca": "Tormes", "Tipo": "Embalse" }, "geometry": { "type": "MultiPolygon", "coordinates": [ [ [ [ -5.170501639999941, 40.375544824000038 ], [ -5.170454050999979, 40.375255719000045 ], [ -5.170324369999945, 40.374252776000041 ], [ -5.170332732999953, 40.37411055900003 ], [ -5.170424306999961, 40.373962482000024 ], [ -5.170536524999932, 40.37388639800001 ], [ -5.170743155999958, 40.373847079000029 ], [ -5.171072710999965, 40.373857786000023 ], [ -5.171506961999967, 40.374046953000061 ], [ -5.171640211999943, 40.374175444000052 ], [ -5.171715164999966, 40.374297986000045 ], [ -5.171774650999962, 40.374434805000071 ], [ -5.171774651999953, 40.374577573000067 ], [ -5.171191682999961, 40.375618587000069 ], [ -5.171059623999953, 40.375714955000035 ], [ -5.170966823999946, 40.375743508000028 ], [ -5.170840568999949, 40.375752238000075 ], [ -5.170703893999929, 40.375725663000033 ], [ -5.170559384999933, 40.375636734000068 ], [ -5.170501639999941, 40.375544824000038 ] ] ] ] } },
{ "type": "Feature", "properties": { "INFORME": "https://sig.mapama.gob.es/WebServices/clientews/snczi/Default.aspx?nombre=EGISPE_EMBALSE&claves=ID_EMBALSE&valores=258", "ID_EMBALSE": 258.0, "CODIGO": 258, "NOMBRE": "BARBELLIDO", "NMN_SUP": null, "NMN_CAPAC": 0.01, "NMN_COTA": 1423.5, "NAE_COTA": null, "ADMON_COMP": "Estado", "DEMARC": "DUERO", "PROVINCIA": "Ávila", "SUP_CUENCA": null, "AP_M_ANUAL": null, "TIPO_EMBAL": "Embalse de presa", "DTOR_EXPLO": null, "TIPO_TITUL": "Privado", "USO": "Abastecimiento", "ID_0": 215, "ISO": "ESP", "NAME_0": "Spain", "ID_1": 5, "NAME_1": "Castilla y León", "ID_2": 18, "NAME_2": "Ávila", "TYPE_2": "Provincia", "ENGTYPE_2": "Province", "area": 7054.886, "cuenca": "Tormes", "Tipo": "Embalse" }, "geometry": { "type": "MultiPolygon", "coordinates": [ [ [ [ -5.223158335999926, 40.327954858000041 ], [ -5.222948942999948, 40.327678840000019 ], [ -5.223105987999928, 40.327659804000064 ], [ -5.223243995999951, 40.327793054000026 ], [ -5.223743682999952, 40.328183286000069 ], [ -5.224553001999936, 40.328633173000064 ], [ -5.224928535999936, 40.328818602000069 ], [ -5.225192660999937, 40.328853380000055 ], [ -5.22549020699995, 40.329011338000036 ], [ -5.225159461999965, 40.329251664000026 ], [ -5.223993525999958, 40.328680593000058 ], [ -5.223613421999971, 40.32840851900005 ], [ -5.223343933999956, 40.328145214000074 ], [ -5.223158335999926, 40.327954858000041 ] ] ] ] } },
{ "type": "Feature", "properties": { "INFORME": "https://sig.mapama.gob.es/WebServices/clientews/snczi/Default.aspx?nombre=EGISPE_EMBALSE&claves=ID_EMBALSE&valores=300", "ID_EMBALSE": 300.0, "CODIGO": 300, "NOMBRE": "BECEDAS (BALSA)", "NMN_SUP": 11200000000000000.0, "NMN_CAPAC": 0.04, "NMN_COTA": 0.0, "NAE_COTA": null, "ADMON_COMP": "Administración Autonómica", "DEMARC": "DUERO", "PROVINCIA": "Ávila", "SUP_CUENCA": null, "AP_M_ANUAL": null, "TIPO_EMBAL": "Embalse de balsa", "DTOR_EXPLO": null, "TIPO_TITUL": "Privado", "USO": "Abastecimiento", "ID_0": 215, "ISO": "ESP", "NAME_0": "Spain", "ID_1": 5, "NAME_1": "Castilla y León", "ID_2": 18, "NAME_2": "Ávila", "TYPE_2": "Provincia", "ENGTYPE_2": "Province", "area": 11905.593, "cuenca": "Tormes", "Tipo": "Embalse" }, "geometry": { "type": "MultiPolygon", "coordinates": [ [ [ [ -5.641509551999945, 40.395690302000034 ], [ -5.641803863999939, 40.395684478000078 ], [ -5.642022502999964, 40.395701996000078 ], [ -5.642156607999936, 40.395726855000056 ], [ -5.642268243999979, 40.395809866000029 ], [ -5.64234665899994, 40.395917068000074 ], [ -5.642348060999949, 40.396043141000064 ], [ -5.642284939999966, 40.396206727000042 ], [ -5.642140885999936, 40.396379363000044 ], [ -5.641885237999929, 40.396590582000037 ], [ -5.641659080999943, 40.396742578000037 ], [ -5.641517304999978, 40.396792652000045 ], [ -5.64147853299994, 40.396795342000075 ], [ -5.641438471999948, 40.396795363000074 ], [ -5.64139949099996, 40.396792643000033 ], [ -5.641360358999975, 40.39678633300008 ], [ -5.641323487999955, 40.396777273000062 ], [ -5.641286494999975, 40.396765503000047 ], [ -5.641251763999946, 40.396750983000061 ], [ -5.641219281999952, 40.396733713000053 ], [ -5.641190220999931, 40.396713663000064 ], [ -5.641162268999948, 40.396691782000069 ], [ -5.641137768999955, 40.396668022000036 ], [ -5.640941476999955, 40.396408577000052 ], [ -5.640873862999968, 40.396246183000073 ], [ -5.640850430999932, 40.39618907200002 ], [ -5.64083611899997, 40.396064199000079 ], [ -5.640853557999947, 40.395937695000029 ], [ -5.640872477999949, 40.395848983000064 ], [ -5.640900958999963, 40.395824012000048 ], [ -5.64094112999993, 40.395796970000056 ], [ -5.641066364999972, 40.39574546700004 ], [ -5.641204199999947, 40.395715295000059 ], [ -5.641302833999931, 40.395706734000051 ], [ -5.641509551999945, 40.395690302000034 ] ] ] ] } },
{ "type": "Feature", "properties": { "INFORME": "https://sig.mapama.gob.es/WebServices/clientews/snczi/Default.aspx?nombre=EGISPE_EMBALSE&claves=ID_EMBALSE&valores=951", "ID_EMBALSE": 951.0, "CODIGO": 951, "NOMBRE": "FRESNILLO, EL (BALSA)", "NMN_SUP": null, "NMN_CAPAC": 0.09, "NMN_COTA": 0.0, "NAE_COTA": null, "ADMON_COMP": "Administración Autonómica", "DEMARC": "DUERO", "PROVINCIA": "Ávila", "SUP_CUENCA": null, "AP_M_ANUAL": null, "TIPO_EMBAL": "Embalse de balsa", "DTOR_EXPLO": null, "TIPO_TITUL": "Privado", "USO": "Abastecimiento", "ID_0": 215, "ISO": "ESP", "NAME_0": "Spain", "ID_1": 5, "NAME_1": "Castilla y León", "ID_2": 18, "NAME_2": "Ávila", "TYPE_2": "Provincia", "ENGTYPE_2": "Province", "area": 48343.077, "cuenca": "Adaja", "Tipo": "Embalse" }, "geometry": { "type": "MultiPolygon", "coordinates": [ [ [ [ -4.646403030999976, 40.624401477000049 ], [ -4.646058400999948, 40.624377559000031 ], [ -4.645788431999961, 40.624264299000053 ], [ -4.644794862999959, 40.623811828000029 ], [ -4.644522774999928, 40.62361211700005 ], [ -4.644364850999978, 40.623439615000052 ], [ -4.644335969999929, 40.62327427300005 ], [ -4.64436784999998, 40.623031498000039 ], [ -4.644384079999951, 40.622680853000062 ], [ -4.644352838999965, 40.622419159000067 ], [ -4.644359418999955, 40.622156935000078 ], [ -4.644406420999927, 40.622000422000042 ], [ -4.644543493999947, 40.621901179000091 ], [ -4.644976755999949, 40.621876096000044 ], [ -4.645410708999976, 40.621878923000061 ], [ -4.64577, 40.621971093000063 ], [ -4.646015366999962, 40.622093703000075 ], [ -4.646429549999937, 40.622350844000032 ], [ -4.64667611699997, 40.62252208600006 ], [ -4.646757218999937, 40.622695687000025 ], [ -4.646764138999969, 40.622977542000065 ], [ -4.646897262999971, 40.623199045000035 ], [ -4.646925904999932, 40.623354478000067 ], [ -4.646916484999963, 40.623500549000028 ], [ -4.646908224999946, 40.623645692000032 ], [ -4.646963575999962, 40.623829574000069 ], [ -4.647031708999974, 40.624004257000017 ], [ -4.646986126999934, 40.624218401000064 ], [ -4.646861582999976, 40.624346293000031 ], [ -4.646645066999953, 40.624388116000034 ], [ -4.646403030999976, 40.624401477000049 ] ] ] ] } },
{ "type": "Feature", "properties": { "INFORME": "https://sig.mapama.gob.es/WebServices/clientews/snczi/Default.aspx?nombre=EGISPE_EMBALSE&claves=ID_EMBALSE&valores=978", "ID_EMBALSE": 978.0, "CODIGO": 978, "NOMBRE": "GALLEGOS DE SOBRINOS", "NMN_SUP": 138000.0, "NMN_CAPAC": 0.4, "NMN_COTA": null, "NAE_COTA": null, "ADMON_COMP": "Estado", "DEMARC": "DUERO", "PROVINCIA": "Ávila", "SUP_CUENCA": null, "AP_M_ANUAL": null, "TIPO_EMBAL": "Embalse de presa", "DTOR_EXPLO": null, "TIPO_TITUL": "Ayuntamientos y/o Diputaciones", "USO": "Abastecimiento", "ID_0": 215, "ISO": "ESP", "NAME_0": "Spain", "ID_1": 5, "NAME_1": "Castilla y León", "ID_2": 18, "NAME_2": "Ávila", "TYPE_2": "Provincia", "ENGTYPE_2": "Province", "area": 123286.546, "cuenca": "Tormes", "Tipo": "Embalse" }, "geometry": { "type": "MultiPolygon", "coordinates": [ [ [ [ -5.097781244999965, 40.672008546000022 ], [ -5.097726518999934, 40.672082309000075 ], [ -5.097674169999949, 40.672132278000042 ], [ -5.097624200999974, 40.672220318000029 ], [ -5.097559955999942, 40.672310738000085 ], [ -5.097393547999956, 40.67236533100003 ], [ -5.097211063999964, 40.672431706000062 ], [ -5.097068110999942, 40.672475738000067 ], [ -5.096935429999973, 40.672545712000044 ], [ -5.09683881899997, 40.67263393700005 ], [ -5.096698070999935, 40.672861695000059 ], [ -5.094892116999972, 40.672126118000051 ], [ -5.09504908699995, 40.671962931000039 ], [ -5.095105615999956, 40.671879038000043 ], [ -5.095183585999961, 40.671800154000039 ], [ -5.095224604999941, 40.67171203100002 ], [ -5.095264675999942, 40.67136720000007 ], [ -5.095275842999968, 40.671232786000076 ], [ -5.095237888999975, 40.671116374000057 ], [ -5.09516111399995, 40.67100697200005 ], [ -5.095136450999973, 40.670937160000044 ], [ -5.095135038999956, 40.670892139000031 ], [ -5.095186855999941, 40.670733563000049 ], [ -5.095216104999963, 40.67064746100003 ], [ -5.095223160999979, 40.670532927000053 ], [ -5.095203897999965, 40.670446805000033 ], [ -5.09516141299997, 40.670336782000057 ], [ -5.095153240999934, 40.670227029000046 ], [ -5.095116130999941, 40.670115447000065 ], [ -5.095118033999938, 40.670022172000081 ], [ -5.095102805999942, 40.669799454000042 ], [ -5.095173236999925, 40.669603387000052 ], [ -5.095306486999959, 40.669472041000056 ], [ -5.095521589999975, 40.669289298000074 ], [ -5.09566816599994, 40.669182698000043 ], [ -5.095839485999932, 40.669144627000044 ], [ -5.095986662999962, 40.669112046000059 ], [ -5.096062162999942, 40.669067433000059 ], [ -5.096191393999958, 40.668963299000033 ], [ -5.096259931999952, 40.668847654000047 ], [ -5.096257899999955, 40.668782833000087 ], [ -5.096149872999946, 40.66861994900006 ], [ -5.096061817999953, 40.66852786700008 ], [ -5.095800343999939, 40.668401045000046 ], [ -5.095705165999959, 40.668329662000076 ], [ -5.095380964999947, 40.668056023000069 ], [ -5.095128146999969, 40.667901359000034 ], [ -5.095077583999967, 40.667824026000069 ], [ -5.095125171999939, 40.667731822000064 ], [ -5.095229273999961, 40.667597977000064 ], [ -5.095428553999965, 40.667517670000052 ], [ -5.09559214199993, 40.667532542000053 ], [ -5.095752754999977, 40.667523619000065 ], [ -5.095910394999977, 40.667529568000077 ], [ -5.096157263999941, 40.667615823000062 ], [ -5.096410081999977, 40.667586080000042 ], [ -5.096624232999943, 40.667455210000064 ], [ -5.096993049999981, 40.66726485300007 ], [ -5.097186380999972, 40.667220237000024 ], [ -5.097400531999937, 40.667312441000036 ], [ -5.097596837999958, 40.66739572300002 ], [ -5.097686066999925, 40.667484952000045 ], [ -5.09761468399995, 40.667633669000054 ], [ -5.09758196599995, 40.667889462000062 ], [ -5.097644426999977, 40.66809171500006 ], [ -5.097733655999945, 40.668299918000059 ], [ -5.097870475999969, 40.668594377000041 ], [ -5.097843706999924, 40.66872822100003 ], [ -5.097632528999952, 40.668781759000069 ], [ -5.097326173999932, 40.668853143000028 ], [ -5.09712800899996, 40.66891475400007 ], [ -5.09693546699998, 40.669037151000062 ], [ -5.096847897999965, 40.669149546000028 ], [ -5.096808570999941, 40.669253849000029 ], [ -5.096784845999935, 40.669489649000063 ], [ -5.09679635699996, 40.669557958000034 ], [ -5.096868513999936, 40.669708881000076 ], [ -5.096921665999957, 40.66978708200002 ], [ -5.096993048999934, 40.669891183000047 ], [ -5.097079304999966, 40.669974464000056 ], [ -5.097180431999958, 40.67004584700004 ], [ -5.097257764999939, 40.670096411000038 ], [ -5.097391608999942, 40.670126155000048 ], [ -5.097492735999935, 40.670141026000067 ], [ -5.097578990999978, 40.670146975000087 ], [ -5.09766227299997, 40.670138051000038 ], [ -5.097814680999931, 40.670130111000049 ], [ -5.097924012999954, 40.670108308000067 ], [ -5.098025139999948, 40.670096411000031 ], [ -5.098182779999944, 40.670019079000042 ], [ -5.098319597999932, 40.669962566000031 ], [ -5.098471288999973, 40.669968515000051 ], [ -5.098679491999974, 40.669980412000029 ], [ -5.098941232999946, 40.670060720000016 ], [ -5.099084000999937, 40.670212410000026 ], [ -5.099122666999961, 40.670346254000037 ], [ -5.099191075999954, 40.670441433000072 ], [ -5.099238665999962, 40.670569329000053 ], [ -5.099253536999925, 40.67068532800004 ], [ -5.099262460999967, 40.670810250000045 ], [ -5.099202973999979, 40.670947068000025 ], [ -5.099078051999925, 40.671077939000043 ], [ -5.099006667999959, 40.671182040000069 ], [ -5.098997744999962, 40.671327782000041 ], [ -5.098831182999959, 40.671440807000067 ], [ -5.098711614999956, 40.671442234000033 ], [ -5.098556949999931, 40.671542172000045 ], [ -5.098264276999942, 40.671706355000019 ], [ -5.098109611999973, 40.671763462000051 ], [ -5.097952566999936, 40.671822948000049 ], [ -5.097855008999943, 40.671899091000057 ], [ -5.097781244999965, 40.672008546000022 ] ] ] ] } },
{ "type": "Feature", "properties": { "INFORME": "https://sig.mapama.gob.es/WebServices/clientews/snczi/Default.aspx?nombre=EGISPE_EMBALSE&claves=ID_EMBALSE&valores=1105", "ID_EMBALSE": 1105.0, "CODIGO": 1105, "NOMBRE": "HERGUIJUELA, LA (BALSA)", "NMN_SUP": 9270.0, "NMN_CAPAC": 0.03, "NMN_COTA": 0.0, "NAE_COTA": null, "ADMON_COMP": "Administración Autonómica", "DEMARC": "DUERO", "PROVINCIA": "Ávila", "SUP_CUENCA": null, "AP_M_ANUAL": null, "TIPO_EMBAL": "Embalse de balsa", "DTOR_EXPLO": null, "TIPO_TITUL": "Privado", "USO": "Abastecimiento\nDefensa frente avenidas", "ID_0": 215, "ISO": "ESP", "NAME_0": "Spain", "ID_1": 5, "NAME_1": "Castilla y León", "ID_2": 18, "NAME_2": "Ávila", "TYPE_2": "Provincia", "ENGTYPE_2": "Province", "area": 13778.344, "cuenca": "Tormes", "Tipo": "Embalse" }, "geometry": { "type": "MultiPolygon", "coordinates": [ [ [ [ -5.265102137999975, 40.419860509000038 ], [ -5.265147346999925, 40.419998517000067 ], [ -5.265135450999934, 40.420098455000065 ], [ -5.265095, 40.420196013000073 ], [ -5.264973646999977, 40.420319744000039 ], [ -5.264857052999957, 40.420374473000038 ], [ -5.264695249999931, 40.420395888000016 ], [ -5.264566758999933, 40.420381611000025 ], [ -5.264473959999975, 40.420381611000032 ], [ -5.26438829999995, 40.420367334000041 ], [ -5.264214825999942, 40.420288242000026 ], [ -5.264074210999978, 40.420196013000066 ], [ -5.263967134999973, 40.42006752200006 ], [ -5.263898130999961, 40.419824817000055 ], [ -5.263847442999975, 40.419547691000034 ], [ -5.263900510999974, 40.419270402000059 ], [ -5.263974272999974, 40.419120497000051 ], [ -5.264102764999961, 40.419032456000018 ], [ -5.264266946999953, 40.418968211000049 ], [ -5.264445406999926, 40.418975349000036 ], [ -5.264602450999973, 40.419003902000036 ], [ -5.264786731999948, 40.419061155000065 ], [ -5.264851540999928, 40.419086717000027 ], [ -5.264936117999979, 40.419163037000025 ], [ -5.264980785999967, 40.419246608000037 ], [ -5.265066445999934, 40.419717741000056 ], [ -5.265102137999975, 40.419860509000038 ] ] ] ] } },
{ "type": "Feature", "properties": { "INFORME": "https://sig.mapama.gob.es/WebServices/clientews/snczi/Default.aspx?nombre=EGISPE_EMBALSE&claves=ID_EMBALSE&valores=1123", "ID_EMBALSE": 1123.0, "CODIGO": 1123, "NOMBRE": "HORNILLOS, LOS", "NMN_SUP": null, "NMN_CAPAC": 0.03, "NMN_COTA": null, "NAE_COTA": null, "ADMON_COMP": "Estado", "DEMARC": "TAJO", "PROVINCIA": "Ávila", "SUP_CUENCA": null, "AP_M_ANUAL": null, "TIPO_EMBAL": "Embalse de presa", "DTOR_EXPLO": null, "TIPO_TITUL": "Ayuntamientos y/o Diputaciones", "USO": "Abastecimiento", "ID_0": 215, "ISO": "ESP", "NAME_0": "Spain", "ID_1": 5, "NAME_1": "Castilla y León", "ID_2": 18, "NAME_2": "Ávila", "TYPE_2": "Provincia", "ENGTYPE_2": "Province", "area": 7319.266, "cuenca": "Tietar", "Tipo": "Embalse" }, "geometry": { "type": "MultiPolygon", "coordinates": [ [ [ [ -4.65148170599997, 40.325353184000051 ], [ -4.651643079999928, 40.325358082000029 ], [ -4.651800925999964, 40.325363040000063 ], [ -4.651825186999928, 40.325441062000031 ], [ -4.651863449999951, 40.325562135000041 ], [ -4.651779819999944, 40.32580116400004 ], [ -4.651597964999951, 40.325921771000033 ], [ -4.651512151999952, 40.325877950000056 ], [ -4.651311814999929, 40.325868202000038 ], [ -4.651126258999966, 40.325933917000036 ], [ -4.650991755999939, 40.326065563000036 ], [ -4.650973997999927, 40.326206347000038 ], [ -4.650945036999929, 40.326225679000068 ], [ -4.650865124999939, 40.326279071000044 ], [ -4.650654024999938, 40.326020836000055 ], [ -4.650530138999954, 40.32581540100005 ], [ -4.650539185999946, 40.325558523000041 ], [ -4.650616316999957, 40.325439408000086 ], [ -4.650701208999975, 40.325396756000025 ], [ -4.651115372999925, 40.325342198000051 ], [ -4.65148170599997, 40.325353184000051 ] ] ] ] } },
{ "type": "Feature", "properties": { "INFORME": "https://sig.mapama.gob.es/WebServices/clientews/snczi/Default.aspx?nombre=EGISPE_EMBALSE&claves=ID_EMBALSE&valores=1004", "ID_EMBALSE": 1004.0, "CODIGO": 1004, "NOMBRE": "GARGANTA ELIZA", "NMN_SUP": 27500.0, "NMN_CAPAC": 0.1, "NMN_COTA": null, "NAE_COTA": null, "ADMON_COMP": "Estado", "DEMARC": "TAJO", "PROVINCIA": "Ávila", "SUP_CUENCA": null, "AP_M_ANUAL": null, "TIPO_EMBAL": "Embalse de presa", "DTOR_EXPLO": null, "TIPO_TITUL": "Ayuntamientos y/o Diputaciones", "USO": "Abastecimiento", "ID_0": 215, "ISO": "ESP", "NAME_0": "Spain", "ID_1": 5, "NAME_1": "Castilla y León", "ID_2": 18, "NAME_2": "Ávila", "TYPE_2": "Provincia", "ENGTYPE_2": "Province", "area": 20680.939, "cuenca": "Tietar", "Tipo": "Embalse" }, "geometry": { "type": "MultiPolygon", "coordinates": [ [ [ [ -4.935614052999938, 40.220807687000047 ], [ -4.935830837999958, 40.220619274000057 ], [ -4.935849554999947, 40.220644380000074 ], [ -4.936124291999931, 40.22067671800005 ], [ -4.936326906999966, 40.220817465000032 ], [ -4.936383421999949, 40.22086246300006 ], [ -4.93642849899993, 40.220918462000036 ], [ -4.936448973999972, 40.221100993000043 ], [ -4.936422900999957, 40.221299617000049 ], [ -4.936407335999945, 40.221413385000062 ], [ -4.936380163999956, 40.221614730000049 ], [ -4.936307693999936, 40.22183485000005 ], [ -4.936254638999969, 40.221911410000082 ], [ -4.936093063999977, 40.222056448000046 ], [ -4.935922964999975, 40.222232258000069 ], [ -4.935751481999944, 40.222400884000074 ], [ -4.935642159999929, 40.222606305000049 ], [ -4.935556476999977, 40.222775297000048 ], [ -4.935548815999937, 40.223001540000041 ], [ -4.935546409999972, 40.223206074000061 ], [ -4.935501715999976, 40.223411315000071 ], [ -4.935449360999939, 40.223595064000044 ], [ -4.935344989999976, 40.223809411000055 ], [ -4.935298574999933, 40.223912885000054 ], [ -4.935230160999936, 40.224151854000063 ], [ -4.935146829999951, 40.224362246000055 ], [ -4.935045779999938, 40.22461076900003 ], [ -4.934889616999953, 40.224822379000038 ], [ -4.934766497999931, 40.225037895000064 ], [ -4.934766482999976, 40.225037944000057 ], [ -4.934752492999963, 40.224918360000053 ], [ -4.93480901199996, 40.224715624000062 ], [ -4.934883075999948, 40.224509892000071 ], [ -4.934931831999961, 40.224323501000072 ], [ -4.934986407999928, 40.224093771000057 ], [ -4.935022318999927, 40.223910298000078 ], [ -4.93509492499993, 40.223694680000037 ], [ -4.935183589999951, 40.223465282000056 ], [ -4.935189557999934, 40.223385907000072 ], [ -4.935195153999927, 40.223169608000042 ], [ -4.935182468999927, 40.222971633000036 ], [ -4.935161688999927, 40.222778296000058 ], [ -4.935087843999952, 40.222578641000034 ], [ -4.935075247999976, 40.222507684000043 ], [ -4.935096114999965, 40.222291130000031 ], [ -4.935166581999965, 40.222165634000085 ], [ -4.935241268999961, 40.222105830000025 ], [ -4.935453584999948, 40.221968051000026 ], [ -4.935593351999955, 40.22179995700003 ], [ -4.935601184999939, 40.221744873000034 ], [ -4.93561602799997, 40.221564454000024 ], [ -4.935565009999948, 40.221340995000041 ], [ -4.935463974999949, 40.221176928000041 ], [ -4.935437760999947, 40.221040437000056 ], [ -4.935411264999971, 40.220995163000055 ], [ -4.935601565999946, 40.220818941000061 ], [ -4.935614052999938, 40.220807687000047 ] ] ] ] } },
{ "type": "Feature", "properties": { "INFORME": "https://sig.mapama.gob.es/WebServices/clientews/snczi/Default.aspx?nombre=EGISPE_EMBALSE&claves=ID_EMBALSE&valores=1508", "ID_EMBALSE": 1508.0, "CODIGO": 1508, "NOMBRE": "NAVALMORAL", "NMN_SUP": 9000.0, "NMN_CAPAC": 0.03, "NMN_COTA": 0.0, "NAE_COTA": null, "ADMON_COMP": "Estado", "DEMARC": "TAJO", "PROVINCIA": "Ávila", "SUP_CUENCA": 0.0, "AP_M_ANUAL": 0.0, "TIPO_EMBAL": "Embalse de presa", "DTOR_EXPLO": null, "TIPO_TITUL": "Ayuntamientos y/o Diputaciones", "USO": "Abastecimiento", "ID_0": 215, "ISO": "ESP", "NAME_0": "Spain", "ID_1": 5, "NAME_1": "Castilla y León", "ID_2": 18, "NAME_2": "Ávila", "TYPE_2": "Provincia", "ENGTYPE_2": "Province", "area": 7852.846, "cuenca": "Alberche", "Tipo": "Embalse" }, "geometry": { "type": "MultiPolygon", "coordinates": [ [ [ [ -4.763580297999965, 40.47254416100003 ], [ -4.763536615999953, 40.472768236000036 ], [ -4.763419450999947, 40.472979019000036 ], [ -4.763275070999953, 40.473186614000042 ], [ -4.763101707999965, 40.473368526000058 ], [ -4.762543038999978, 40.473747293000031 ], [ -4.762540516999933, 40.473712721000027 ], [ -4.762526493999927, 40.473520534000045 ], [ -4.762745947999975, 40.473161354000077 ], [ -4.762822788999927, 40.472942179000029 ], [ -4.762852050999924, 40.472482303000049 ], [ -4.762895879999974, 40.472173546000079 ], [ -4.763179211999955, 40.472225401000067 ], [ -4.763577404999978, 40.472298275000078 ], [ -4.763580297999965, 40.47254416100003 ] ] ] ] } },
{ "type": "Feature", "properties": { "INFORME": "https://sig.mapama.gob.es/WebServices/clientews/snczi/Default.aspx?nombre=EGISPE_EMBALSE&claves=ID_EMBALSE&valores=557", "ID_EMBALSE": 557.0, "CODIGO": 557, "NOMBRE": "CASAVIEJA", "NMN_SUP": 38000.0, "NMN_CAPAC": 0.31, "NMN_COTA": null, "NAE_COTA": null, "ADMON_COMP": "Estado", "DEMARC": "TAJO", "PROVINCIA": "Ávila", "SUP_CUENCA": null, "AP_M_ANUAL": null, "TIPO_EMBAL": "Embalse de presa", "DTOR_EXPLO": null, "TIPO_TITUL": "Ayuntamientos y/o Diputaciones", "USO": "Abastecimiento", "ID_0": 215, "ISO": "ESP", "NAME_0": "Spain", "ID_1": 5, "NAME_1": "Castilla y León", "ID_2": 18, "NAME_2": "Ávila", "TYPE_2": "Provincia", "ENGTYPE_2": "Province", "area": 39386.003, "cuenca": "Tietar", "Tipo": "Embalse" }, "geometry": { "type": "MultiPolygon", "coordinates": [ [ [ [ -4.75483712199997, 40.312223623000087 ], [ -4.754803037999977, 40.311316071000086 ], [ -4.754647619999957, 40.311040061000028 ], [ -4.754559535999931, 40.310955815000057 ], [ -4.754365452999934, 40.310822729000044 ], [ -4.754306915999961, 40.310743439000071 ], [ -4.75422350599996, 40.310532450000046 ], [ -4.754216803999953, 40.310489862000047 ], [ -4.754366693999941, 40.31037047600006 ], [ -4.754670201999943, 40.310275787000073 ], [ -4.755243324999981, 40.310140972000056 ], [ -4.75553905499993, 40.310140008000083 ], [ -4.755903217999958, 40.310176 ], [ -4.756877116999931, 40.310521559000051 ], [ -4.757377933999976, 40.310775202000059 ], [ -4.75732130299997, 40.310905787000024 ], [ -4.757212531999925, 40.311067793000063 ], [ -4.756921477999981, 40.311461386000069 ], [ -4.756747270999937, 40.311550515000071 ], [ -4.756476579999968, 40.311640207000039 ], [ -4.756219458999966, 40.311754016000066 ], [ -4.755979294999975, 40.311886485000052 ], [ -4.755755995999948, 40.31203401300008 ], [ -4.755275592999966, 40.312296247000063 ], [ -4.755023242999925, 40.312412684000044 ], [ -4.754872373999944, 40.312448307000068 ], [ -4.75483712199997, 40.312223623000087 ] ] ] ] } },
{ "type": "Feature", "properties": { "INFORME": "https://sig.mapama.gob.es/WebServices/clientews/snczi/Default.aspx?nombre=EGISPE_EMBALSE&claves=ID_EMBALSE&valores=1512", "ID_EMBALSE": 1512.0, "CODIGO": 1512, "NOMBRE": "NAVALPERAL DE PINARES", "NMN_SUP": 86000.0, "NMN_CAPAC": 0.41, "NMN_COTA": null, "NAE_COTA": null, "ADMON_COMP": "Estado", "DEMARC": "TAJO", "PROVINCIA": "Ávila", "SUP_CUENCA": null, "AP_M_ANUAL": null, "TIPO_EMBAL": "Embalse de presa", "DTOR_EXPLO": null, "TIPO_TITUL": "Ayuntamientos y/o Diputaciones", "USO": "Abastecimiento", "ID_0": 215, "ISO": "ESP", "NAME_0": "Spain", "ID_1": 5, "NAME_1": "Castilla y León", "ID_2": 18, "NAME_2": "Ávila", "TYPE_2": "Provincia", "ENGTYPE_2": "Province", "area": 98919.365, "cuenca": "Alberche", "Tipo": "Embalse" }, "geometry": { "type": "MultiPolygon", "coordinates": [ [ [ [ -4.473616907999941, 40.603837042000066 ], [ -4.473546408999937, 40.603802208000047 ], [ -4.473493549999944, 40.603763246000028 ], [ -4.473499981999964, 40.60369740200008 ], [ -4.473426423999967, 40.603639786000024 ], [ -4.473335300999963, 40.603621130000079 ], [ -4.473243389999936, 40.603593475000025 ], [ -4.47320199199993, 40.603565176000075 ], [ -4.473139615999968, 40.603523407000061 ], [ -4.473032562999947, 40.603465542000038 ], [ -4.472943792999956, 40.603432893000047 ], [ -4.472884729999976, 40.603407522000062 ], [ -4.472819427999981, 40.603353628000036 ], [ -4.472748210999953, 40.603272560000043 ], [ -4.472697455999935, 40.603181322000069 ], [ -4.472648167999977, 40.603103201000067 ], [ -4.472629665999932, 40.60304097900007 ], [ -4.47261317899995, 40.602989841000067 ], [ -4.472598280999932, 40.602930276000045 ], [ -4.472585218999939, 40.602855673000079 ], [ -4.472591748999946, 40.602794182000018 ], [ -4.472550031999958, 40.602751248000061 ], [ -4.472505463999937, 40.602686130000059 ], [ -4.472472282999945, 40.602601349000054 ], [ -4.47247299199995, 40.602525894000046 ], [ -4.472484549999933, 40.602487011000044 ], [ -4.472493693999979, 40.602445906000064 ], [ -4.472495808999952, 40.602407593000066 ], [ -4.472476083999936, 40.602370460000031 ], [ -4.472441135999929, 40.602339826000041 ], [ -4.472404977999928, 40.602307857000014 ], [ -4.47237907799996, 40.602258641000056 ], [ -4.472369929999956, 40.602200804000049 ], [ -4.472356908999926, 40.602128001000032 ], [ -4.472341717999938, 40.602064085000052 ], [ -4.47232519199997, 40.602011146000045 ], [ -4.472317223999937, 40.601971160000062 ], [ -4.472299182999961, 40.601929952000035 ], [ -4.472273854999969, 40.601879827000062 ], [ -4.472260342999959, 40.601829552000027 ], [ -4.472258575999945, 40.601775975000074 ], [ -4.472248920999959, 40.601712889000055 ], [ -4.472228625999946, 40.601649789000071 ], [ -4.472205561999941, 40.601586123000068 ], [ -4.472182438999937, 40.601537772000022 ], [ -4.472162595999976, 40.601495235000066 ], [ -4.472119256999973, 40.601418766000052 ], [ -4.472078748999933, 40.601323117000042 ], [ -4.472049356999946, 40.601235885000044 ], [ -4.472036736999939, 40.601163378000081 ], [ -4.472030048999954, 40.601091997000026 ], [ -4.472025998999924, 40.601033043000029 ], [ -4.472024873999941, 40.60098170900006 ], [ -4.472023861999957, 40.600917612000046 ], [ -4.472017996999966, 40.600829780000026 ], [ -4.472005138999975, 40.600755399000043 ], [ -4.471991597999931, 40.60070377400006 ], [ -4.471978902999979, 40.60066384800006 ], [ -4.471961441999951, 40.600622181000062 ], [ -4.471935022999958, 40.600567116000029 ], [ -4.471911082999952, 40.600508416000018 ], [ -4.471895208999968, 40.60045817200006 ], [ -4.471897893999937, 40.600418951000044 ], [ -4.471905845999969, 40.600377411000053 ], [ -4.471918928999969, 40.600327247000052 ], [ -4.471936055999947, 40.600272828000058 ], [ -4.471954507999953, 40.600224999000019 ], [ -4.472000648999938, 40.600159776000048 ], [ -4.472069507999947, 40.600088558000039 ], [ -4.472108196999954, 40.600038368000064 ], [ -4.472135227999956, 40.599977517000077 ], [ -4.472174516999928, 40.59989631600007 ], [ -4.47222231799998, 40.599816958000076 ], [ -4.472271156999965, 40.599735635000059 ], [ -4.472317636999946, 40.59965449200007 ], [ -4.472353617999944, 40.599588573000069 ], [ -4.472380677999979, 40.59952907200006 ], [ -4.472414432999926, 40.599469487000086 ], [ -4.472454298999934, 40.59940111500002 ], [ -4.472491877999971, 40.599345234000054 ], [ -4.472532625999976, 40.599276701000065 ], [ -4.472576285999935, 40.599197171000064 ], [ -4.472608326999931, 40.599131302000046 ], [ -4.472670509999943, 40.599110540000034 ], [ -4.472726619999947, 40.599082349000071 ], [ -4.473028030999955, 40.599137961000054 ], [ -4.47338930899997, 40.599228842000059 ], [ -4.473591493999947, 40.599286619000061 ], [ -4.473833909999939, 40.599346585000028 ], [ -4.473978145999979, 40.59940269800007 ], [ -4.474012201999926, 40.599446555000043 ], [ -4.474066130999972, 40.599480549000077 ], [ -4.47412122999998, 40.599540878000028 ], [ -4.474194435999948, 40.599591517000079 ], [ -4.474250068999936, 40.599622336000046 ], [ -4.474322472999972, 40.59965444300007 ], [ -4.474409148999939, 40.599690571000039 ], [ -4.474486669999975, 40.599713454000025 ], [ -4.47455096699997, 40.599735154000044 ], [ -4.47461496699998, 40.599770220000039 ], [ -4.474673932999964, 40.599825920000058 ], [ -4.474658984999962, 40.599890972000033 ], [ -4.474627994999934, 40.599950823000022 ], [ -4.474603147999971, 40.600012397000043 ], [ -4.474587072999952, 40.600060708000065 ], [ -4.474578759999929, 40.600112702000047 ], [ -4.474580336999963, 40.600184524000028 ], [ -4.474594909999951, 40.600282980000024 ], [ -4.474611472999925, 40.600364520000021 ], [ -4.474622469999929, 40.600448158000063 ], [ -4.474634941999965, 40.600518264000065 ], [ -4.474653495999974, 40.600555863000075 ], [ -4.474675352999953, 40.600600326000063 ], [ -4.474667494999949, 40.600682027000069 ], [ -4.474602459999971, 40.600734430000045 ], [ -4.474539632999949, 40.600752799000077 ], [ -4.474474362999956, 40.600767595000036 ], [ -4.474397880999959, 40.600810010000039 ], [ -4.474362715999973, 40.600877121000053 ], [ -4.474359628999935, 40.600924905000056 ], [ -4.474376400999972, 40.60096207600003 ], [ -4.474400193999941, 40.600996004000081 ], [ -4.474434736999967, 40.601035200000062 ], [ -4.474476495999965, 40.601089017000049 ], [ -4.474523178999958, 40.601160639000042 ], [ -4.474466618999941, 40.601235681000055 ], [ -4.474438629999952, 40.601320116000068 ], [ -4.474426312999981, 40.601378078000032 ], [ -4.474420760999977, 40.601439255000059 ], [ -4.47440946499995, 40.601499005000051 ], [ -4.474358535999954, 40.601561363000037 ], [ -4.474345773999971, 40.60165296100007 ], [ -4.474332871999933, 40.601724743000034 ], [ -4.474311850999925, 40.601790097000055 ], [ -4.474365434999924, 40.60183513000004 ], [ -4.47444185699993, 40.601843764000087 ], [ -4.474551117999965, 40.601855782000037 ], [ -4.474631839999972, 40.601901695000038 ], [ -4.474634333999972, 40.601961419000062 ], [ -4.474711804999969, 40.602020786000018 ], [ -4.474819279999962, 40.602063555000029 ], [ -4.474854489999927, 40.60211955800002 ], [ -4.474816173999955, 40.602186710000069 ], [ -4.474836201999949, 40.602268956000039 ], [ -4.474886565999951, 40.602355694000025 ], [ -4.474924338999926, 40.602420748000043 ], [ -4.474957310999969, 40.602477981000057 ], [ -4.474979234999978, 40.602525445000019 ], [ -4.47500013299998, 40.602562113000026 ], [ -4.475047735999966, 40.602612853000046 ], [ -4.475113701999931, 40.602647593000036 ], [ -4.47517740199993, 40.602668851000026 ], [ -4.475265260999947, 40.602700384000059 ], [ -4.475342412999965, 40.602755626000032 ], [ -4.475348953999969, 40.602811244000065 ], [ -4.475347356999976, 40.602872972000057 ], [ -4.475342977999958, 40.602942693000053 ], [ -4.475338970999928, 40.603002350000047 ], [ -4.475318393999942, 40.603074455000076 ], [ -4.475288135999961, 40.603154190000048 ], [ -4.475288387999967, 40.603228431000048 ], [ -4.475369925999928, 40.603254640000046 ], [ -4.475447610999936, 40.60325785200007 ], [ -4.475557855999966, 40.60326822900003 ], [ -4.475641930999927, 40.603261975000066 ], [ -4.475702749999925, 40.603250688000067 ], [ -4.475779910999962, 40.603248051000037 ], [ -4.475856147999933, 40.60328851600007 ], [ -4.475933045999966, 40.603332125000065 ], [ -4.476015346999929, 40.603352693000026 ], [ -4.47607951699996, 40.603413529000065 ], [ -4.476022545999967, 40.603442685000061 ], [ -4.476015563999965, 40.60352385000003 ], [ -4.476055537999969, 40.603581443000053 ], [ -4.476073627999938, 40.603624678000081 ], [ -4.476004258999978, 40.603678939000062 ], [ -4.475963923999927, 40.603607687000078 ], [ -4.47588766299998, 40.603539222000052 ], [ -4.475801334999971, 40.603496860000064 ], [ -4.475744576999944, 40.603468758000069 ], [ -4.475666660999934, 40.603455040000036 ], [ -4.475586241999963, 40.603470781000063 ], [ -4.475524032999942, 40.603490493000031 ], [ -4.475437839999927, 40.603494522000048 ], [ -4.475343794999958, 40.603450456000076 ], [ -4.475220909999961, 40.603465539000055 ], [ -4.475095483999951, 40.603472546000027 ], [ -4.474985322999942, 40.603448128000039 ], [ -4.474909089999926, 40.603421326000031 ], [ -4.474860138999929, 40.603398980000065 ], [ -4.474815896999928, 40.603375672000027 ], [ -4.474755523999931, 40.603344463000042 ], [ -4.474683572999935, 40.603306346000053 ], [ -4.474589091999974, 40.60326033300003 ], [ -4.474491395999961, 40.603238383000082 ], [ -4.474412324999946, 40.603243747000086 ], [ -4.474314214999936, 40.603283660000045 ], [ -4.47423055799993, 40.603344859000053 ], [ -4.474187883999946, 40.603410865000058 ], [ -4.474166962999959, 40.603494310000023 ], [ -4.474154708999947, 40.60356878500005 ], [ -4.474139915999956, 40.603621673000077 ], [ -4.47410009899994, 40.603665422000056 ], [ -4.474057850999941, 40.603706048000035 ], [ -4.474022829999967, 40.603752889000077 ], [ -4.473985816999971, 40.603816645000038 ], [ -4.473933184999964, 40.603886756000058 ], [ -4.473866933999943, 40.60393774900006 ], [ -4.47382294299996, 40.603988757000025 ], [ -4.473778280999965, 40.604027162000072 ], [ -4.473735971999928, 40.604065087000038 ], [ -4.473687636999954, 40.604097684000074 ], [ -4.473621075999972, 40.604080741000082 ], [ -4.473666786999956, 40.60400936700006 ], [ -4.473692934999974, 40.603944173000052 ], [ -4.473660688999929, 40.603893086000028 ], [ -4.473695676999967, 40.603846178000019 ], [ -4.473616907999941, 40.603837042000066 ] ] ] ] } },
{ "type": "Feature", "properties": { "INFORME": "https://sig.mapama.gob.es/WebServices/clientews/snczi/Default.aspx?nombre=EGISPE_EMBALSE&claves=ID_EMBALSE&valores=2813", "ID_EMBALSE": 2813.0, "CODIGO": 2813, "NOMBRE": "SAN ESTEBAN (TAJO)", "NMN_SUP": 25730.0, "NMN_CAPAC": 0.4, "NMN_COTA": null, "NAE_COTA": null, "ADMON_COMP": "Estado", "DEMARC": "TAJO", "PROVINCIA": "Ávila", "SUP_CUENCA": null, "AP_M_ANUAL": null, "TIPO_EMBAL": "Embalse de presa", "DTOR_EXPLO": "EDUARDO ROJO MARTÍNEZ", "TIPO_TITUL": "Estado\nEstado", "USO": "Abastecimiento", "ID_0": 215, "ISO": "ESP", "NAME_0": "Spain", "ID_1": 5, "NAME_1": "Castilla y León", "ID_2": 18, "NAME_2": "Ávila", "TYPE_2": "Provincia", "ENGTYPE_2": "Province", "area": 9.578, "cuenca": "Tietar", "Tipo": "Embalse" }, "geometry": { "type": "MultiPolygon", "coordinates": [ [ [ [ -4.965714060999971, 40.290197572000068 ], [ -4.965711005999936, 40.290196848000058 ], [ -4.965708121999967, 40.290195603000015 ], [ -4.965705498999966, 40.290193878000025 ], [ -4.965703214999962, 40.290191722000024 ], [ -4.965701339999953, 40.290189203000068 ], [ -4.965699930999961, 40.29018639700007 ], [ -4.965699030999928, 40.290183388000059 ], [ -4.965698665999981, 40.290180269000075 ], [ -4.965698848999978, 40.290177134000025 ], [ -4.965699573999927, 40.290174079000053 ], [ -4.965700817999958, 40.290171196000067 ], [ -4.965702543999953, 40.29016857200002 ], [ -4.965704698999957, 40.290166288000087 ], [ -4.965707217999977, 40.290164413000078 ], [ -4.965710024999964, 40.290163004000078 ], [ -4.96571303299993, 40.290162104000046 ], [ -4.96571615199997, 40.29016174000003 ], [ -4.965719286999955, 40.290161923000035 ], [ -4.965722342999924, 40.290162647000038 ], [ -4.96572522599996, 40.29016389100007 ], [ -4.96572784899996, 40.290165617000078 ], [ -4.965730132999965, 40.290167772000068 ], [ -4.965732007999974, 40.290170291000045 ], [ -4.965733416999967, 40.290173098000025 ], [ -4.965734316999942, 40.290176106000047 ], [ -4.965734681999947, 40.290179225000031 ], [ -4.965734498999949, 40.290182360000074 ], [ -4.965733773999943, 40.290185416000043 ], [ -4.965732529999968, 40.290188299000086 ], [ -4.965730803999974, 40.290190923000061 ], [ -4.965728648999971, 40.290193206000026 ], [ -4.96572612999995, 40.290195081000029 ], [ -4.965723323999951, 40.290196490000035 ], [ -4.965720314999941, 40.290197391000035 ], [ -4.965717195999957, 40.290197755000058 ], [ -4.965714060999971, 40.290197572000068 ] ] ] ] } },
{ "type": "Feature", "properties": { "INFORME": "https://sig.mapama.gob.es/WebServices/clientews/snczi/Default.aspx?nombre=EGISPE_EMBALSE&claves=ID_EMBALSE&valores=2084", "ID_EMBALSE": 2084.0, "CODIGO": 2084, "NOMBRE": "SANTA MARIA DE CANDELEDA (AZUD)", "NMN_SUP": 35000.0, "NMN_CAPAC": 0.21, "NMN_COTA": 0.0, "NAE_COTA": null, "ADMON_COMP": "Estado", "DEMARC": "TAJO", "PROVINCIA": "Ávila", "SUP_CUENCA": 58.0, "AP_M_ANUAL": 114.0, "TIPO_EMBAL": "Embalse de presa", "DTOR_EXPLO": null, "TIPO_TITUL": "Ayuntamientos y/o Diputaciones", "USO": "Abastecimiento", "ID_0": 215, "ISO": "ESP", "NAME_0": "Spain", "ID_1": 5, "NAME_1": "Castilla y León", "ID_2": 18, "NAME_2": "Ávila", "TYPE_2": "Provincia", "ENGTYPE_2": "Province", "area": 9.595, "cuenca": "Tietar", "Tipo": "Embalse" }, "geometry": { "type": "MultiPolygon", "coordinates": [ [ [ [ -5.239229545999933, 40.170225438000045 ], [ -5.239226487999929, 40.170224726000072 ], [ -5.239223599999946, 40.170223493000037 ], [ -5.239220969999963, 40.170221777000052 ], [ -5.239218677999928, 40.170219631000059 ], [ -5.239216792999968, 40.170217119000043 ], [ -5.239215372999979, 40.170214318000035 ], [ -5.23921446099996, 40.170211314000021 ], [ -5.239214084999958, 40.170208196000026 ], [ -5.239214254999978, 40.17020506000005 ], [ -5.239214967999942, 40.170202002000053 ], [ -5.239216200999977, 40.170199114000077 ], [ -5.239217915999973, 40.17019648400003 ], [ -5.239220062999948, 40.170194192000054 ], [ -5.239222573999938, 40.170192307000029 ], [ -5.239225374999932, 40.170190887000039 ], [ -5.239228379999928, 40.170189975000021 ], [ -5.239231497999981, 40.170189599000025 ], [ -5.239234632999967, 40.170189769000046 ], [ -5.239237690999971, 40.170190482000066 ], [ -5.239240579999943, 40.170191715000044 ], [ -5.239243209999927, 40.17019343000004 ], [ -5.23924550199996, 40.170195577000065 ], [ -5.239247386999978, 40.170198088000063 ], [ -5.239248806999966, 40.170200889000043 ], [ -5.239249718999928, 40.170203894000053 ], [ -5.239250094999931, 40.170207012000041 ], [ -5.239249923999977, 40.170210147000034 ], [ -5.239249211999947, 40.170213205000039 ], [ -5.23924797899997, 40.170216094000061 ], [ -5.239246262999926, 40.170218724000051 ], [ -5.239244116999942, 40.170221016000028 ], [ -5.239241604999961, 40.170222901000059 ], [ -5.239238803999966, 40.170224321000035 ], [ -5.23923579999996, 40.170225233000046 ], [ -5.239232681999966, 40.170225609000049 ], [ -5.239229545999933, 40.170225438000045 ] ] ] ] } },
{ "type": "Feature", "properties": { "INFORME": "https://sig.mapama.gob.es/WebServices/clientews/snczi/Default.aspx?nombre=EGISPE_EMBALSE&claves=ID_EMBALSE&valores=2095", "ID_EMBALSE": 2095.0, "CODIGO": 2095, "NOMBRE": "SANTIAGO DE ARAVALLE (BALSA)", "NMN_SUP": 6150.0, "NMN_CAPAC": 0.02, "NMN_COTA": 1228.3, "NAE_COTA": null, "ADMON_COMP": "Administración Autonómica", "DEMARC": "DUERO", "PROVINCIA": "Ávila", "SUP_CUENCA": null, "AP_M_ANUAL": null, "TIPO_EMBAL": "Embalse de balsa", "DTOR_EXPLO": null, "TIPO_TITUL": "Ayuntamientos y/o Diputaciones", "USO": "Abastecimiento", "ID_0": 215, "ISO": "ESP", "NAME_0": "Spain", "ID_1": 5, "NAME_1": "Castilla y León", "ID_2": 18, "NAME_2": "Ávila", "TYPE_2": "Provincia", "ENGTYPE_2": "Province", "area": 9.573, "cuenca": "Tormes", "Tipo": "Embalse" }, "geometry": { "type": "MultiPolygon", "coordinates": [ [ [ [ -5.626574845999925, 40.308981648000035 ], [ -5.626571783999962, 40.308980953000052 ], [ -5.626568888999941, 40.308979737000065 ], [ -5.626566248999949, 40.308978037000031 ], [ -5.62656394499993, 40.308975905000068 ], [ -5.626562044999957, 40.308973405000067 ], [ -5.626560608999966, 40.308970612000053 ], [ -5.626559679999957, 40.308967613000036 ], [ -5.626559284999927, 40.308964498000073 ], [ -5.626559436999969, 40.308961362000048 ], [ -5.626560131999951, 40.308958300000036 ], [ -5.626561347999939, 40.30895540500007 ], [ -5.626563047999979, 40.308952765000072 ], [ -5.626565179999944, 40.308950461000059 ], [ -5.626567680999926, 40.308948562000076 ], [ -5.626570472999957, 40.308947126000071 ], [ -5.62657347199996, 40.308946196000072 ], [ -5.62657658699993, 40.308945802000039 ], [ -5.626579722999963, 40.308945954000073 ], [ -5.626582784999925, 40.308946648000074 ], [ -5.626585679999947, 40.308947864000046 ], [ -5.62658831999994, 40.308949564000052 ], [ -5.626590623999959, 40.308951697000055 ], [ -5.626592522999942, 40.308954197000041 ], [ -5.626593959999979, 40.308956989000073 ], [ -5.626594888999932, 40.308959988000019 ], [ -5.626595283999961, 40.30896310300006 ], [ -5.626595130999931, 40.308966239000029 ], [ -5.626594436999937, 40.308969301000054 ], [ -5.62659322099995, 40.308972196000077 ], [ -5.626591520999965, 40.308974836000061 ], [ -5.626589387999957, 40.308977141000064 ], [ -5.626586887999963, 40.308979040000047 ], [ -5.626584095999931, 40.308980476000045 ], [ -5.626581096999929, 40.308981405000047 ], [ -5.626577981999959, 40.308981800000034 ], [ -5.626574845999925, 40.308981648000035 ] ] ] ] } },
{ "type": "Feature", "properties": { "INFORME": "https://sig.mapama.gob.es/WebServices/clientews/snczi/Default.aspx?nombre=EGISPE_EMBALSE&claves=ID_EMBALSE&valores=2227", "ID_EMBALSE": 2227.0, "CODIGO": 2227, "NOMBRE": "TIETAR (AZUD DERIVACION)", "NMN_SUP": 460000.0, "NMN_CAPAC": 0.89, "NMN_COTA": 374.5, "NAE_COTA": null, "ADMON_COMP": "Estado", "DEMARC": "TAJO", "PROVINCIA": "Ávila", "SUP_CUENCA": 750.0, "AP_M_ANUAL": 323.0, "TIPO_EMBAL": "Embalse de presa", "DTOR_EXPLO": null, "TIPO_TITUL": "Estado\nEstado", "USO": "Abastecimiento", "ID_0": 215, "ISO": "ESP", "NAME_0": "Spain", "ID_1": 5, "NAME_1": "Castilla y León", "ID_2": 18, "NAME_2": "Ávila", "TYPE_2": "Provincia", "ENGTYPE_2": "Province", "area": 9.597, "cuenca": "Tietar", "Tipo": "Embalse" }, "geometry": { "type": "MultiPolygon", "coordinates": [ [ [ [ -5.014176154999973, 40.159523992000075 ], [ -5.014173098999946, 40.159523269000026 ], [ -5.014170214999979, 40.15952202600004 ], [ -5.014167589999943, 40.159520302000026 ], [ -5.014165304999949, 40.159518148000075 ], [ -5.01416342799996, 40.159515630000037 ], [ -5.014162016999933, 40.159512824000046 ], [ -5.01416111499998, 40.159509816000032 ], [ -5.014160748999927, 40.159506697000047 ], [ -5.014160930999934, 40.159503562000062 ], [ -5.014161652999973, 40.159500505000032 ], [ -5.014162895999959, 40.159497621000071 ], [ -5.014164620999964, 40.159494997000024 ], [ -5.014166774999977, 40.159492711000041 ], [ -5.014169292999953, 40.159490835000035 ], [ -5.014172098999949, 40.159489424000071 ], [ -5.014175106999971, 40.159488522000061 ], [ -5.014178225999955, 40.159488156000073 ], [ -5.014181360999942, 40.159488337000028 ], [ -5.014184416999967, 40.159489060000055 ], [ -5.014187300999935, 40.159490303000034 ], [ -5.014189925999973, 40.159492027000056 ], [ -5.014192210999966, 40.159494181000071 ], [ -5.014194087999953, 40.159496700000027 ], [ -5.014195497999935, 40.159499505000035 ], [ -5.014196399999946, 40.159502513000064 ], [ -5.014196765999941, 40.159505632000041 ], [ -5.014196584999979, 40.15950876800008 ], [ -5.014195861999951, 40.159511824000049 ], [ -5.014194619999955, 40.159514708000067 ], [ -5.014192894999951, 40.159517333000046 ], [ -5.014190740999936, 40.159519618000047 ], [ -5.014188222999962, 40.159521494000053 ], [ -5.014185416999965, 40.159522905000067 ], [ -5.014182408999943, 40.159523807000028 ], [ -5.014179289999959, 40.159524173000086 ], [ -5.014176154999973, 40.159523992000075 ] ] ] ] } },
{ "type": "Feature", "properties": { "INFORME": "https://sig.mapama.gob.es/WebServices/clientews/snczi/Default.aspx?nombre=EGISPE_EMBALSE&claves=ID_EMBALSE&valores=1005", "ID_EMBALSE": 1005.0, "CODIGO": 1005, "NOMBRE": "GARGANTA HONDA", "NMN_SUP": 13300.0, "NMN_CAPAC": 0.07, "NMN_COTA": 1196.5, "NAE_COTA": null, "ADMON_COMP": "Estado", "DEMARC": "DUERO", "PROVINCIA": "Ávila", "SUP_CUENCA": 6.28, "AP_M_ANUAL": 0.645, "TIPO_EMBAL": "Embalse de presa", "DTOR_EXPLO": null, "TIPO_TITUL": "Ayuntamientos y/o Diputaciones", "USO": "Abastecimiento", "ID_0": 215, "ISO": "ESP", "NAME_0": "Spain", "ID_1": 5, "NAME_1": "Castilla y León", "ID_2": 18, "NAME_2": "Ávila", "TYPE_2": "Provincia", "ENGTYPE_2": "Province", "area": 14043.371, "cuenca": "Adaja", "Tipo": "Embalse" }, "geometry": { "type": "MultiPolygon", "coordinates": [ [ [ [ -4.906640633999927, 40.527918096000064 ], [ -4.906641782999941, 40.527958614000063 ], [ -4.90651687299993, 40.528172370000043 ], [ -4.906339374999957, 40.528287903000034 ], [ -4.906170059999965, 40.528353754000072 ], [ -4.905830195999953, 40.528480974000047 ], [ -4.905685755999968, 40.528591456000079 ], [ -4.905382010999972, 40.528821673000031 ], [ -4.90522993899998, 40.528923272000036 ], [ -4.90508409499995, 40.528984231000031 ], [ -4.904881320999948, 40.529028112000049 ], [ -4.904710768999963, 40.52908947800006 ], [ -4.904517777999956, 40.529205263000058 ], [ -4.904350115999932, 40.529329639000018 ], [ -4.904230236999978, 40.529421697000039 ], [ -4.904209278999929, 40.529358985000044 ], [ -4.903897064999967, 40.528625455000054 ], [ -4.904091470999958, 40.528572705000038 ], [ -4.904235954999932, 40.528502762000073 ], [ -4.90451104899995, 40.528381119000066 ], [ -4.904770681999935, 40.528286756000057 ], [ -4.905119847999971, 40.52824046000007 ], [ -4.905476687999965, 40.528126476000068 ], [ -4.905763064999974, 40.528103735000052 ], [ -4.906137700999977, 40.528084041000056 ], [ -4.906318004999945, 40.528067553000021 ], [ -4.906511386999966, 40.52797878300003 ], [ -4.906599589999927, 40.52792778200007 ], [ -4.906640633999927, 40.527918096000064 ] ] ] ] } },
{ "type": "Feature", "properties": { "INFORME": "https://sig.mapama.gob.es/WebServices/clientews/snczi/Default.aspx?nombre=EGISPE_EMBALSE&claves=ID_EMBALSE&valores=302", "ID_EMBALSE": 302.0, "CODIGO": 302, "NOMBRE": "BECEDAS II", "NMN_SUP": 40000.0, "NMN_CAPAC": 0.3, "NMN_COTA": null, "NAE_COTA": null, "ADMON_COMP": "Estado", "DEMARC": "TAJO", "PROVINCIA": "Ávila", "SUP_CUENCA": null, "AP_M_ANUAL": null, "TIPO_EMBAL": "Embalse de presa", "DTOR_EXPLO": "EMILIO DE CASTRO", "TIPO_TITUL": "Ayuntamientos y/o Diputaciones", "USO": "Abastecimiento", "ID_0": 215, "ISO": "ESP", "NAME_0": "Spain", "ID_1": 5, "NAME_1": "Castilla y León", "ID_2": 18, "NAME_2": "Ávila", "TYPE_2": "Provincia", "ENGTYPE_2": "Province", "area": 41507.691, "cuenca": "Alberche", "Tipo": "Embalse" }, "geometry": { "type": "MultiPolygon", "coordinates": [ [ [ [ -4.44516574599993, 40.515378508000019 ], [ -4.445129571999928, 40.515342926000073 ], [ -4.445015442999931, 40.514975002000021 ], [ -4.444954893999977, 40.514903691000015 ], [ -4.444972311999947, 40.51461519900004 ], [ -4.444897645999959, 40.514435961000061 ], [ -4.444787768999958, 40.51426617200007 ], [ -4.444536867999943, 40.514125172000028 ], [ -4.444252304999963, 40.51406566900004 ], [ -4.444274939999958, 40.514020343000027 ], [ -4.444392171999936, 40.513982843000051 ], [ -4.444698983999957, 40.513979008000049 ], [ -4.444814669999971, 40.513869458000052 ], [ -4.444836338999949, 40.513779102000051 ], [ -4.444686812999975, 40.513411620000063 ], [ -4.444746604999977, 40.512897384000027 ], [ -4.444860934999951, 40.512724791000025 ], [ -4.445219978999945, 40.51240500100004 ], [ -4.445368935999967, 40.512195941000073 ], [ -4.445638018999944, 40.512084472000026 ], [ -4.447438595999927, 40.511836717000044 ], [ -4.447673240999962, 40.511770717000047 ], [ -4.447976943999946, 40.511622775000035 ], [ -4.448095330999934, 40.511639308000049 ], [ -4.44847565699996, 40.512310184000057 ], [ -4.448428844999967, 40.51232878800004 ], [ -4.448311228999954, 40.512348280000033 ], [ -4.447574982999924, 40.512690823000064 ], [ -4.446937384999956, 40.51268079100003 ], [ -4.446121817999938, 40.512627941000055 ], [ -4.445887359999972, 40.512702944000061 ], [ -4.445666442999936, 40.512858854000051 ], [ -4.44553992599998, 40.513013582000049 ], [ -4.445540892999928, 40.513058613000048 ], [ -4.445631612999932, 40.513435838000071 ], [ -4.445706281999946, 40.513615075000068 ], [ -4.445814997999946, 40.513730826000035 ], [ -4.445827958999927, 40.51378471500005 ], [ -4.445816931999957, 40.513820888000055 ], [ -4.445678613999974, 40.513975764000058 ], [ -4.445800290999954, 40.514145404000011 ], [ -4.445778621999978, 40.514235761000059 ], [ -4.44565307099998, 40.514435521000046 ], [ -4.445714972999951, 40.514569875000056 ], [ -4.445646875999954, 40.514696847000032 ], [ -4.445532156999946, 40.514851428000043 ], [ -4.445300975999942, 40.515079534000058 ], [ -4.445314709999934, 40.515169448000051 ], [ -4.44543600299994, 40.51532107600007 ], [ -4.445413367999947, 40.515366402000026 ], [ -4.445329129999948, 40.515394481000044 ], [ -4.445222923999949, 40.51539581000003 ], [ -4.44516574599993, 40.515378508000019 ] ] ] ] } },
{ "type": "Feature", "properties": { "INFORME": "https://sig.mapama.gob.es/WebServices/clientews/snczi/Default.aspx?nombre=EGISPE_EMBALSE&claves=ID_EMBALSE&valores=301", "ID_EMBALSE": 301.0, "CODIGO": 301, "NOMBRE": "BECEDAS I", "NMN_SUP": 78000.0, "NMN_CAPAC": 0.4, "NMN_COTA": null, "NAE_COTA": null, "ADMON_COMP": "Estado", "DEMARC": "TAJO", "PROVINCIA": "Ávila", "SUP_CUENCA": null, "AP_M_ANUAL": null, "TIPO_EMBAL": "Embalse de presa", "DTOR_EXPLO": null, "TIPO_TITUL": "Ayuntamientos y/o Diputaciones", "USO": "Abastecimiento", "ID_0": 215, "ISO": "ESP", "NAME_0": "Spain", "ID_1": 5, "NAME_1": "Castilla y León", "ID_2": 18, "NAME_2": "Ávila", "TYPE_2": "Provincia", "ENGTYPE_2": "Province", "area": 53542.018, "cuenca": "Alberche", "Tipo": "Embalse" }, "geometry": { "type": "MultiPolygon", "coordinates": [ [ [ [ -4.448430185999939, 40.511842309000031 ], [ -4.448685249999925, 40.511731008000019 ], [ -4.449059847999933, 40.511586678000064 ], [ -4.449339849999944, 40.511434525000027 ], [ -4.449444595999978, 40.511365647000048 ], [ -4.449534282999934, 40.511265428000051 ], [ -4.449532440999974, 40.511179870000042 ], [ -4.449516740999968, 40.51115304100005 ], [ -4.449475577999976, 40.51110851400005 ], [ -4.449439694999967, 40.511086443000067 ], [ -4.449328450999928, 40.511024778000042 ], [ -4.449121605999949, 40.510959808000052 ], [ -4.447950729999945, 40.510780802000049 ], [ -4.44750668699993, 40.510714297000042 ], [ -4.44738663299995, 40.510688775000062 ], [ -4.44677115999997, 40.510660448000074 ], [ -4.446133484999963, 40.510645909000068 ], [ -4.445953500999963, 40.510612127000066 ], [ -4.444317625999929, 40.510506466000038 ], [ -4.444167818999973, 40.510503834000076 ], [ -4.443994569999973, 40.510474469000037 ], [ -4.443926975999942, 40.510452792000073 ], [ -4.443248693999975, 40.510195513000035 ], [ -4.442886337999936, 40.510033380000039 ], [ -4.442779991999942, 40.509976152000036 ], [ -4.442711144999976, 40.509895934000049 ], [ -4.442656644999943, 40.509779503000061 ], [ -4.442633215999933, 40.50966718800003 ], [ -4.442615799999941, 40.509577320000062 ], [ -4.442591808999964, 40.509456004000064 ], [ -4.442613433999952, 40.509415195000038 ], [ -4.442588365999939, 40.509226328000061 ], [ -4.442458899999963, 40.509088311000028 ], [ -4.442389566999964, 40.508881979000073 ], [ -4.442465561999938, 40.508624286000035 ], [ -4.442695872999934, 40.507977297000025 ], [ -4.442787402999954, 40.507773461000063 ], [ -4.442929633999937, 40.507474402000071 ], [ -4.443148347999966, 40.507336542000075 ], [ -4.443354668999973, 40.507257392000042 ], [ -4.443531175999964, 40.507232666000043 ], [ -4.443780163999975, 40.50723406000003 ], [ -4.44418374299994, 40.507238025000056 ], [ -4.444294922999974, 40.507245644000079 ], [ -4.444447689999947, 40.50726625600003 ], [ -4.444638786999974, 40.507268371000066 ], [ -4.444915972999979, 40.507260402000043 ], [ -4.445022552999944, 40.507277086000045 ], [ -4.445171052999967, 40.507270725000062 ], [ -4.445397572999979, 40.507204831000017 ], [ -4.445590811999978, 40.507134850000064 ], [ -4.445897870999943, 40.50704092200003 ], [ -4.44610692699996, 40.506934707000035 ], [ -4.446301487999961, 40.506806152000017 ], [ -4.446341667999946, 40.506702051000048 ], [ -4.446357916999943, 40.506634283000032 ], [ -4.446343162999938, 40.506445287000076 ], [ -4.446375508999949, 40.506251198000029 ], [ -4.446350528999972, 40.506066835000063 ], [ -4.447076791999961, 40.506035221000047 ], [ -4.447665346999941, 40.506014336000092 ], [ -4.447600925999949, 40.506208828000069 ], [ -4.447539804999963, 40.506385261000034 ], [ -4.447494210999935, 40.506511952000039 ], [ -4.447359037999945, 40.506932544000044 ], [ -4.447173360999955, 40.507457367000029 ], [ -4.447020755999972, 40.507598911000066 ], [ -4.446961444999944, 40.50765370500006 ], [ -4.446911218999957, 40.507667847000043 ], [ -4.446746469999938, 40.507741979000059 ], [ -4.446527867999976, 40.507798767000047 ], [ -4.446262339999976, 40.507851638000034 ], [ -4.445972148999942, 40.507855269000061 ], [ -4.44555442099994, 40.507810948000035 ], [ -4.445234205999952, 40.50784198000008 ], [ -4.445121821999976, 40.507829872000059 ], [ -4.444768754999927, 40.507825279000023 ], [ -4.444668459999946, 40.507826532000024 ], [ -4.444381569999962, 40.507812102000059 ], [ -4.444175081999957, 40.507814683000049 ], [ -4.444058387999974, 40.507825149000048 ], [ -4.443828299999949, 40.507828025000023 ], [ -4.443729786999939, 40.507860786000052 ], [ -4.443581047999942, 40.507907687000056 ], [ -4.443341520999978, 40.507969235000061 ], [ -4.443243489999929, 40.508024510000034 ], [ -4.443060990999925, 40.508148406000039 ], [ -4.442915205999952, 40.508298868000061 ], [ -4.442677713999956, 40.50866217600003 ], [ -4.44261681599994, 40.508798065000065 ], [ -4.442595628999925, 40.508910937000053 ], [ -4.442597362999948, 40.508991992000055 ], [ -4.442699209999944, 40.50916638800004 ], [ -4.442730539999957, 40.509251579000072 ], [ -4.442793299999948, 40.509426462000071 ], [ -4.442953054999976, 40.50961815200003 ], [ -4.442955125999958, 40.509663169000078 ], [ -4.442965848999961, 40.509888249000028 ], [ -4.443027497999935, 40.50995954800004 ], [ -4.443147549999936, 40.509985075000024 ], [ -4.443275729999925, 40.51002851700008 ], [ -4.443720587999963, 40.51018511400008 ], [ -4.443917118999934, 40.510268240000073 ], [ -4.444090866999943, 40.510338137000076 ], [ -4.444263025999931, 40.510385532000043 ], [ -4.444767361999936, 40.510460305000038 ], [ -4.445682674999944, 40.510538943000029 ], [ -4.445989759999975, 40.510548613000019 ], [ -4.446372921999965, 40.510579852000028 ], [ -4.446925385999975, 40.510473841000078 ], [ -4.447133804999964, 40.510457718000048 ], [ -4.447406965999959, 40.51046781000008 ], [ -4.447547959999952, 40.510506582000055 ], [ -4.447699102999933, 40.510554236000075 ], [ -4.448315985999954, 40.510699651000031 ], [ -4.448804121999956, 40.510792626000068 ], [ -4.449252476999958, 40.510836551000068 ], [ -4.449396965999938, 40.510866269000068 ], [ -4.44957190499997, 40.510922630000039 ], [ -4.449676685999974, 40.510975367000064 ], [ -4.449722156999939, 40.510997318000079 ], [ -4.449794934999943, 40.511036944000068 ], [ -4.449828469999942, 40.511104087000028 ], [ -4.449830212999927, 40.511185142000031 ], [ -4.449808552999968, 40.511275500000067 ], [ -4.449753799999939, 40.511370777000018 ], [ -4.449655051999969, 40.511444084000047 ], [ -4.449588423999955, 40.511467442000026 ], [ -4.44939360799998, 40.511532945000063 ], [ -4.449163562999956, 40.511589882000074 ], [ -4.448876884999947, 40.511706084000032 ], [ -4.448377740999944, 40.511942060000074 ], [ -4.448350572999971, 40.511879341000054 ], [ -4.448430185999939, 40.511842309000031 ] ] ] ] } },
{ "type": "Feature", "properties": { "INFORME": "https://sig.mapama.gob.es/WebServices/clientews/snczi/Default.aspx?nombre=EGISPE_EMBALSE&claves=ID_EMBALSE&valores=658", "ID_EMBALSE": 658.0, "CODIGO": 658, "NOMBRE": "CHARCO DEL CURA", "NMN_SUP": 344400.0, "NMN_CAPAC": 3.48, "NMN_COTA": null, "NAE_COTA": null, "ADMON_COMP": "Estado", "DEMARC": "TAJO", "PROVINCIA": "Ávila", "SUP_CUENCA": null, "AP_M_ANUAL": null, "TIPO_EMBAL": "Embalse de presa", "DTOR_EXPLO": "SANTIAGO BUJAN", "TIPO_TITUL": "Estado\nEstado", "USO": "Abastecimiento\nGanadero\nDefensa frente avenidas", "ID_0": 215, "ISO": "ESP", "NAME_0": "Spain", "ID_1": 5, "NAME_1": "Castilla y León", "ID_2": 18, "NAME_2": "Ávila", "TYPE_2": "Provincia", "ENGTYPE_2": "Province", "area": 345151.738, "cuenca": "Alberche", "Tipo": "Embalse" }, "geometry": { "type": "MultiPolygon", "coordinates": [ [ [ [ -4.521340486999975, 40.42318239400003 ], [ -4.52153027199995, 40.423182599000022 ], [ -4.521837570999936, 40.423271344000064 ], [ -4.522557947999928, 40.423278075000042 ], [ -4.522733043999949, 40.423306399000055 ], [ -4.522898020999946, 40.423356476000038 ], [ -4.523050664999971, 40.423434642000082 ], [ -4.523183683999946, 40.423531085000029 ], [ -4.52359820099997, 40.423983263000018 ], [ -4.523841077999975, 40.424351219000066 ], [ -4.524025645999927, 40.424590218000048 ], [ -4.524227626999959, 40.424817277000052 ], [ -4.52442203299995, 40.425230914000053 ], [ -4.52450732899996, 40.425354109000068 ], [ -4.524714007999933, 40.425580203000038 ], [ -4.524945191999961, 40.425795164000085 ], [ -4.525076936999937, 40.425887116000062 ], [ -4.525540218999936, 40.42609631100003 ], [ -4.525721174999943, 40.426122751000023 ], [ -4.526089078999974, 40.426127805000078 ], [ -4.526444646999948, 40.426056447000057 ], [ -4.526595040999951, 40.425982392000037 ], [ -4.526823631999946, 40.42576947200007 ], [ -4.526963193999961, 40.425685650000041 ], [ -4.527041271999962, 40.425593631000019 ], [ -4.527065342999947, 40.425459084000074 ], [ -4.527062267999952, 40.425323094000063 ], [ -4.527053301999956, 40.425187182000052 ], [ -4.527017251999951, 40.425052528000037 ], [ -4.526850913999964, 40.424734016000066 ], [ -4.526916178999953, 40.424612750000044 ], [ -4.526918788999978, 40.424607900000069 ], [ -4.527083752999943, 40.424657070000073 ], [ -4.527115756999933, 40.42471700600003 ], [ -4.527275136999947, 40.42524911400006 ], [ -4.527324530999976, 40.425661058000046 ], [ -4.52727205399998, 40.42573832500004 ], [ -4.527168331999973, 40.425791044000043 ], [ -4.527005727999949, 40.425846343000046 ], [ -4.526641271999949, 40.426150243000052 ], [ -4.526489597999955, 40.42621981100006 ], [ -4.526323496999964, 40.426276957000027 ], [ -4.525982231999933, 40.426355332000071 ], [ -4.525625685999955, 40.426383460000068 ], [ -4.525531630999978, 40.426342361000025 ], [ -4.525277238999934, 40.426143923000041 ], [ -4.524969740999949, 40.425994832000072 ], [ -4.524630707999961, 40.425911019000061 ], [ -4.524382883999976, 40.425742221000057 ], [ -4.524280214999976, 40.425632768000064 ], [ -4.524059639999962, 40.425260916000077 ], [ -4.523870396999939, 40.42486702900004 ], [ -4.523697531999971, 40.424624272000067 ], [ -4.523328744999958, 40.424318332000034 ], [ -4.523003969999934, 40.423977579000045 ], [ -4.522754206999934, 40.423774571000081 ], [ -4.522441072999925, 40.423636357000078 ], [ -4.522113231999981, 40.423525363000067 ], [ -4.521411708999949, 40.423518381000065 ], [ -4.520968047999928, 40.423603494000069 ], [ -4.520740511999975, 40.423601983000026 ], [ -4.520524472999966, 40.423639958000088 ], [ -4.520255523999936, 40.423736284000029 ], [ -4.519889571999954, 40.423922170000019 ], [ -4.519590705999973, 40.424103569000067 ], [ -4.519329047999975, 40.424209706000049 ], [ -4.519239992999927, 40.424233398000062 ], [ -4.518974314999981, 40.424265717000026 ], [ -4.518788725999968, 40.424347431000058 ], [ -4.518607724999982, 40.424475930000028 ], [ -4.518338043999961, 40.424749732000059 ], [ -4.518181458999948, 40.42491574600006 ], [ -4.518060599999956, 40.42499300500004 ], [ -4.517985091999947, 40.42509489400004 ], [ -4.517898686999956, 40.425236563000055 ], [ -4.517787839999925, 40.425339817000051 ], [ -4.517735225999957, 40.425463926000077 ], [ -4.517663538999955, 40.425736028000067 ], [ -4.517648856999926, 40.425869549000019 ], [ -4.517622764999941, 40.426124837000025 ], [ -4.517562122999947, 40.42625896100003 ], [ -4.517442581999943, 40.426342509000044 ], [ -4.517364508999946, 40.426435422000061 ], [ -4.517334687999949, 40.426577249000033 ], [ -4.517316469999969, 40.426710816000025 ], [ -4.517215685999928, 40.426947265000081 ], [ -4.517199699999935, 40.427127648000074 ], [ -4.517150480999931, 40.427193157000033 ], [ -4.517046358999949, 40.427281006000051 ], [ -4.516956747999927, 40.42733263000008 ], [ -4.51670205299996, 40.427329666000034 ], [ -4.516617808999968, 40.42735779700007 ], [ -4.516540042999964, 40.427411968000058 ], [ -4.516385683999943, 40.427572545000032 ], [ -4.516267357999936, 40.427657878000055 ], [ -4.516175469999951, 40.42771313500004 ], [ -4.516085802999953, 40.427709807000035 ], [ -4.515893390999963, 40.42764566500005 ], [ -4.515797709999958, 40.427637010000055 ], [ -4.515709606999962, 40.427650778000036 ], [ -4.51562600699998, 40.427707727000048 ], [ -4.515464385999962, 40.427912541000069 ], [ -4.515293752999979, 40.428030989000021 ], [ -4.51516283199993, 40.428080451000035 ], [ -4.514870756999925, 40.42814553700002 ], [ -4.514474462999942, 40.428241717000041 ], [ -4.513996284999962, 40.428313743000047 ], [ -4.513823226999931, 40.428324117000045 ], [ -4.513461019999966, 40.428310842000037 ], [ -4.512969239999961, 40.428301964000077 ], [ -4.512670180999976, 40.428318489000056 ], [ -4.512666, 40.428289716000037 ], [ -4.512708050999947, 40.428219799000018 ], [ -4.512730157999954, 40.428101497000057 ], [ -4.512713936999944, 40.428008920000032 ], [ -4.512671015999956, 40.427934709000041 ], [ -4.512629203999949, 40.427910032000057 ], [ -4.512536977999957, 40.427897726000026 ], [ -4.512503213999934, 40.427863935000062 ], [ -4.512496149999947, 40.427706375000064 ], [ -4.512415976999932, 40.427547971000088 ], [ -4.512376962999952, 40.427437675000064 ], [ -4.512440226999956, 40.427367480000044 ], [ -4.51266280599998, 40.427199710000025 ], [ -4.512726985999961, 40.427117792000047 ], [ -4.512734575999957, 40.426930312000017 ], [ -4.512700678999976, 40.426837967000033 ], [ -4.512658665999936, 40.426804283000074 ], [ -4.512622988999965, 40.426790336000067 ], [ -4.51247559799998, 40.426788661000046 ], [ -4.512290122999957, 40.426823519000045 ], [ -4.512208747999977, 40.426821880000027 ], [ -4.51209885399993, 40.42665215300007 ], [ -4.511996697999962, 40.426617454000045 ], [ -4.511828052999931, 40.426614255000054 ], [ -4.511359765999941, 40.42665370900005 ], [ -4.511054396999952, 40.426651395000071 ], [ -4.510928812999964, 40.426623308000046 ], [ -4.510891877999939, 40.426605773000063 ], [ -4.510806422999963, 40.426579864000075 ], [ -4.510707410999942, 40.426580257000062 ], [ -4.510576407999962, 40.426626111000068 ], [ -4.510478733999946, 40.426633693000042 ], [ -4.509989790999954, 40.426329281000058 ], [ -4.509935157999962, 40.42631107600004 ], [ -4.509602786999948, 40.426313615000019 ], [ -4.50955590999996, 40.426325938000033 ], [ -4.509520001999931, 40.426354334000052 ], [ -4.509498253999936, 40.426383446000038 ], [ -4.50936102299994, 40.42657261800008 ], [ -4.509275960999957, 40.426616970000062 ], [ -4.509186334999981, 40.426615437000066 ], [ -4.509069182999951, 40.426595345000052 ], [ -4.508965185999955, 40.426530940000077 ], [ -4.508818657999939, 40.426304032000068 ], [ -4.508702386999971, 40.426165014000048 ], [ -4.508555100999956, 40.426062435000063 ], [ -4.50838893699995, 40.426064603000036 ], [ -4.508328953999977, 40.426070791000022 ], [ -4.50807898599993, 40.42612089700004 ], [ -4.508030527999949, 40.426115223000068 ], [ -4.507914366999954, 40.426033858000032 ], [ -4.507750176999934, 40.42601888300004 ], [ -4.50742759999997, 40.426196056000038 ], [ -4.507198467999956, 40.426281923000047 ], [ -4.50712662799998, 40.426337812000035 ], [ -4.507047584999953, 40.426440641000049 ], [ -4.506979419999936, 40.426502788000043 ], [ -4.506930204999946, 40.42651604200006 ], [ -4.506882643999973, 40.426497744000081 ], [ -4.506851506999964, 40.426370226000081 ], [ -4.50686720799996, 40.426228586000029 ], [ -4.506930208999961, 40.426093535000064 ], [ -4.506963793999944, 40.425855268000085 ], [ -4.506956909999928, 40.425758065000025 ], [ -4.506919366999965, 40.425660359000055 ], [ -4.506802060999973, 40.425527659000068 ], [ -4.506619799999953, 40.425389499000062 ], [ -4.506567365999955, 40.425364057000017 ], [ -4.506264997999949, 40.425337367000047 ], [ -4.506149541999946, 40.425287522000076 ], [ -4.506086976999939, 40.425230682000056 ], [ -4.506070527999952, 40.425127296000028 ], [ -4.506149597999979, 40.424919967000051 ], [ -4.50614836699998, 40.42481187900006 ], [ -4.506062220999979, 40.42464904400002 ], [ -4.505938557999968, 40.424601107000043 ], [ -4.505722092999974, 40.424514740000049 ], [ -4.505420131999927, 40.424347508000032 ], [ -4.505296469999962, 40.424299570000066 ], [ -4.504937495999968, 40.424218661000054 ], [ -4.504775226999925, 40.424183837000044 ], [ -4.504475792999926, 40.424076927000044 ], [ -4.50412466399996, 40.423924745000072 ], [ -4.504102949999947, 40.423835936000039 ], [ -4.503055790999952, 40.423266655000063 ], [ -4.502808976999972, 40.423206214000068 ], [ -4.502754265999953, 40.422520175000045 ], [ -4.502721998999959, 40.422054945000063 ], [ -4.502797690999955, 40.422032161000068 ], [ -4.50312454599998, 40.421994580000039 ], [ -4.503504749999934, 40.421970718000075 ], [ -4.503617454999926, 40.421950334000037 ], [ -4.503940131999968, 40.42188397700005 ], [ -4.504119244999969, 40.421828496000039 ], [ -4.504391429999941, 40.421770903000031 ], [ -4.504579587999956, 40.421698186000064 ], [ -4.504756878999957, 40.421613900000061 ], [ -4.504839325999966, 40.421611025000068 ], [ -4.505024860999981, 40.421685184000061 ], [ -4.505113882999979, 40.421712853000031 ], [ -4.505237655999963, 40.421713043000068 ], [ -4.505431467999927, 40.421682593000071 ], [ -4.505526682999972, 40.421723694000036 ], [ -4.505698855999981, 40.421780008000042 ], [ -4.506152779999979, 40.421784906000035 ], [ -4.506178580999972, 40.42178487700005 ], [ -4.506455708999965, 40.421784563000081 ], [ -4.506469333999973, 40.421814114000028 ], [ -4.506457194999939, 40.421851208000078 ], [ -4.506356868999944, 40.42200386100005 ], [ -4.50634570099993, 40.422137335000066 ], [ -4.506366616999969, 40.422176701000062 ], [ -4.506472425999959, 40.422269913000029 ], [ -4.506547468999941, 40.422304970000027 ], [ -4.506781141999967, 40.422370391000079 ], [ -4.506980513999962, 40.422377702000063 ], [ -4.507357945999956, 40.422388096000063 ], [ -4.507395239999936, 40.422421843000059 ], [ -4.507413204999978, 40.422487372000035 ], [ -4.507385, 40.422755298000034 ], [ -4.507404813999927, 40.422903683000065 ], [ -4.507476268999937, 40.422989234000063 ], [ -4.507573823999962, 40.423029402000054 ], [ -4.507593462999977, 40.423064280000055 ], [ -4.507449222999981, 40.423256244000065 ], [ -4.507369814999948, 40.423448263000068 ], [ -4.507351443999936, 40.423628676000071 ], [ -4.507357129999945, 40.423724995000036 ], [ -4.507424274999948, 40.423828620000052 ], [ -4.507578744999932, 40.423936512000068 ], [ -4.507698569999945, 40.423970984000043 ], [ -4.507979359999979, 40.423981736000016 ], [ -4.508022024999944, 40.42399199000004 ], [ -4.508105822999937, 40.424049453000073 ], [ -4.508230571999945, 40.424146020000087 ], [ -4.508360147999952, 40.424194778000079 ], [ -4.508596418999956, 40.424217821000063 ], [ -4.509060341999942, 40.424194650000054 ], [ -4.509100388999968, 40.424193226000057 ], [ -4.509343106999951, 40.424188256000036 ], [ -4.509571069999936, 40.424208702000044 ], [ -4.50985675399994, 40.424227494000036 ], [ -4.510072054999966, 40.424261617000056 ], [ -4.510189284999967, 40.424285310000066 ], [ -4.510325075999958, 40.424348399000053 ], [ -4.510482593999939, 40.42448687600006 ], [ -4.510848545999976, 40.424773976000033 ], [ -4.510966641999971, 40.424730992000036 ], [ -4.511015431999966, 40.424698824000075 ], [ -4.511240331999943, 40.424476974000072 ], [ -4.511283228999957, 40.424444883000028 ], [ -4.511391000999935, 40.424414647000049 ], [ -4.511582260999944, 40.424375211000047 ], [ -4.511773389999974, 40.424382621000063 ], [ -4.511879934999968, 40.424508250000024 ], [ -4.511907844999939, 40.424543920000083 ], [ -4.511929179999925, 40.42465444700008 ], [ -4.511917449999942, 40.424920357000076 ], [ -4.511914579999939, 40.424950123000023 ], [ -4.511908912999957, 40.42517090900003 ], [ -4.511946049999948, 40.425302851000026 ], [ -4.51199124699997, 40.425373429000039 ], [ -4.512159154999948, 40.425501858000068 ], [ -4.512361629999929, 40.425594702000055 ], [ -4.512891286999945, 40.425716596000022 ], [ -4.51312751599994, 40.425790078000027 ], [ -4.513312053999925, 40.425871443000048 ], [ -4.513464519999957, 40.425889267000059 ], [ -4.513524722999932, 40.425892983000047 ], [ -4.513807505999977, 40.425939729000042 ], [ -4.513968, 40.425947537000063 ], [ -4.514398522999953, 40.425959015000046 ], [ -4.514484826999933, 40.426022747000033 ], [ -4.514549587999966, 40.426124597000062 ], [ -4.514592988999937, 40.426272672000039 ], [ -4.514584346999925, 40.426465570000055 ], [ -4.514581706999935, 40.426610645000039 ], [ -4.514609449999966, 40.426691359000081 ], [ -4.514644433999933, 40.426726935000033 ], [ -4.514695552999967, 40.426746085000062 ], [ -4.514801817999967, 40.426753701000067 ], [ -4.514936124999963, 40.426750140000024 ], [ -4.515073979999954, 40.42679968300007 ], [ -4.515171813999927, 40.426799301000067 ], [ -4.515266744999963, 40.426774635000086 ], [ -4.515306166999949, 40.426745290000042 ], [ -4.515417838999951, 40.426573563000026 ], [ -4.515569208999977, 40.426437349000018 ], [ -4.515607813999964, 40.426424231000048 ], [ -4.515873792999969, 40.426352278000024 ], [ -4.516120387999933, 40.426257156000077 ], [ -4.516331487999934, 40.426156193000047 ], [ -4.516660504999947, 40.425951885000067 ], [ -4.516745688999947, 40.425860681000081 ], [ -4.51695, 40.425562516000078 ], [ -4.517178903999934, 40.425362223000036 ], [ -4.517318138999941, 40.425210852000077 ], [ -4.517392227999949, 40.425098172000041 ], [ -4.517400275999933, 40.424879156000024 ], [ -4.517433210999968, 40.424666119000051 ], [ -4.517472802999976, 40.424539478000042 ], [ -4.517551585999967, 40.424425836000076 ], [ -4.517736759999934, 40.424220710000036 ], [ -4.517864956999972, 40.424102815000019 ], [ -4.518087763999972, 40.423841341000077 ], [ -4.518189086999939, 40.423630148000036 ], [ -4.518189106999955, 40.423630108000062 ], [ -4.518263179999963, 40.423674179000052 ], [ -4.518316208999976, 40.423673483000073 ], [ -4.518357352999942, 40.42366843800005 ], [ -4.51848210399993, 40.423659593000025 ], [ -4.518623639999928, 40.423610889000024 ], [ -4.518775947999927, 40.423517 ], [ -4.519065583999975, 40.423396983000025 ], [ -4.519245213999966, 40.423364894000038 ], [ -4.519536508999977, 40.423318725000065 ], [ -4.519769514999952, 40.423248999000066 ], [ -4.519978159999937, 40.423196708000035 ], [ -4.520273230999976, 40.423161298000025 ], [ -4.520323822999955, 40.42315703000002 ], [ -4.520791530999929, 40.423145473000034 ], [ -4.520968434999929, 40.423149452000082 ], [ -4.521340486999975, 40.42318239400003 ] ] ] ] } },
{ "type": "Feature", "properties": { "INFORME": "https://sig.mapama.gob.es/WebServices/clientews/snczi/Default.aspx?nombre=EGISPE_EMBALSE&claves=ID_EMBALSE&valores=401", "ID_EMBALSE": 401.0, "CODIGO": 401, "NOMBRE": "BURGUILLO, EL", "NMN_SUP": 9100000.0, "NMN_CAPAC": 197.67, "NMN_COTA": null, "NAE_COTA": null, "ADMON_COMP": "Estado", "DEMARC": "TAJO", "PROVINCIA": "Ávila", "SUP_CUENCA": null, "AP_M_ANUAL": null, "TIPO_EMBAL": "Embalse de presa", "DTOR_EXPLO": "SANTIAGO BUJAN", "TIPO_TITUL": "Estado\nEstado", "USO": "Abastecimiento\nGanadero\nDefensa frente avenidas", "ID_0": 215, "ISO": "ESP", "NAME_0": "Spain", "ID_1": 5, "NAME_1": "Castilla y León", "ID_2": 18, "NAME_2": "Ávila", "TYPE_2": "Provincia", "ENGTYPE_2": "Province", "area": 8799734.603, "cuenca": "Alberche", "Tipo": "Embalse" }, "geometry": { "type": "MultiPolygon", "coordinates": [ [ [ [ -4.566444427999954, 40.448125829000041 ], [ -4.566268649999926, 40.448173254000046 ], [ -4.566072218999977, 40.44834707800004 ], [ -4.565978121999933, 40.44835736200001 ], [ -4.565435650999972, 40.448355700000029 ], [ -4.565330600999971, 40.448402166000044 ], [ -4.565273329999968, 40.448475010000045 ], [ -4.565252885999939, 40.448610416000065 ], [ -4.565185079999934, 40.44873745400001 ], [ -4.565125928999975, 40.448729246000021 ], [ -4.564793348999956, 40.448625646000039 ], [ -4.564616314999967, 40.448619033000057 ], [ -4.564499266999974, 40.448656652000075 ], [ -4.564343414999938, 40.449055139000052 ], [ -4.564251820999969, 40.449173490000078 ], [ -4.564253490999932, 40.44924553700001 ], [ -4.564513462999969, 40.449269044000047 ], [ -4.564679962999946, 40.44932985100008 ], [ -4.564705000999936, 40.449392572000086 ], [ -4.564683302999981, 40.449473943000044 ], [ -4.564686434999942, 40.44960903000004 ], [ -4.564747672999942, 40.449707295000053 ], [ -4.564831237999954, 40.449751207000077 ], [ -4.56499753099996, 40.449803007000064 ], [ -4.565046355999926, 40.449874415000075 ], [ -4.565048444999945, 40.44996447300008 ], [ -4.564991379999981, 40.450046322000048 ], [ -4.564863584999955, 40.45012913000005 ], [ -4.564783570999965, 40.450238316000032 ], [ -4.564774495999927, 40.45035555100003 ], [ -4.56480120599997, 40.450490318000043 ], [ -4.56476876299996, 40.450616877000066 ], [ -4.564521826999965, 40.450647245000027 ], [ -4.56442876999995, 40.450702556000067 ], [ -4.564348544999973, 40.450802737000053 ], [ -4.564327889999959, 40.450929136000084 ], [ -4.564387876999945, 40.450973368000056 ], [ -4.564697934999969, 40.451122317000049 ], [ -4.565017694999938, 40.451181049000056 ], [ -4.565113674999964, 40.45125181800006 ], [ -4.565102929999966, 40.451297006000054 ], [ -4.56503324199997, 40.451342993000026 ], [ -4.564517455999976, 40.451476095000032 ], [ -4.564401446999966, 40.451558742000032 ], [ -4.564391327999942, 40.451630948000059 ], [ -4.564311101999976, 40.451731128000063 ], [ -4.564240368999947, 40.45173208500006 ], [ -4.564064369999925, 40.451770501000048 ], [ -4.563924989999975, 40.451862473000062 ], [ -4.563833182999928, 40.451971818000054 ], [ -4.563800946999947, 40.452107383000062 ], [ -4.563807415999974, 40.452386561000026 ], [ -4.563868238999931, 40.452466816000019 ], [ -4.564128014999937, 40.452481318000018 ], [ -4.56423536899996, 40.452533917000039 ], [ -4.56436692699998, 40.452613214000053 ], [ -4.564392592999979, 40.452702953000028 ], [ -4.564358686999982, 40.452766472000057 ], [ -4.564103085999931, 40.452932085000043 ], [ -4.563908095999977, 40.453168947000059 ], [ -4.563780710999935, 40.453269764000026 ], [ -4.563677112999926, 40.453379269000038 ], [ -4.563685459999931, 40.453739499000051 ], [ -4.563700380999933, 40.453874426000027 ], [ -4.563785409999979, 40.45398137900002 ], [ -4.564033818999974, 40.45401405300003 ], [ -4.564129593999951, 40.454075817000039 ], [ -4.56419062799995, 40.454165077000027 ], [ -4.564080665999938, 40.454508891000039 ], [ -4.564010765999967, 40.45454587100005 ], [ -4.563727402999973, 40.454531688000024 ], [ -4.563634132999937, 40.454577992000047 ], [ -4.56351195999997, 40.454903954000024 ], [ -4.563444353999955, 40.455039997000029 ], [ -4.563340750999942, 40.455149501000044 ], [ -4.563169541999969, 40.455395048000071 ], [ -4.563148883999929, 40.45552144800007 ], [ -4.563198962999933, 40.455646891000072 ], [ -4.563446752999937, 40.455652548000046 ], [ -4.563800232999938, 40.45563875800007 ], [ -4.564104046999943, 40.455517536000059 ], [ -4.56428047299994, 40.455497132000069 ], [ -4.564305095999942, 40.455541841000063 ], [ -4.564284021999981, 40.45565023000006 ], [ -4.564136602999952, 40.455904465000046 ], [ -4.564127943999948, 40.456039711000074 ], [ -4.564177189999953, 40.456129130000072 ], [ -4.564236138999945, 40.456128332000041 ], [ -4.56441173099995, 40.456071905000044 ], [ -4.56455111799994, 40.455979932000055 ], [ -4.564645434999931, 40.45597865600007 ], [ -4.564638031999948, 40.456167936000035 ], [ -4.564676533999943, 40.456302544000039 ], [ -4.564738404999957, 40.456427826000031 ], [ -4.564858598999932, 40.456525294000073 ], [ -4.564989330999935, 40.456568567000033 ], [ -4.56507143999994, 40.456549438000017 ], [ -4.565175878999981, 40.45647595500003 ], [ -4.565315682999938, 40.456401993000036 ], [ -4.56592937399995, 40.456420707000063 ], [ -4.565964742999938, 40.45642022800007 ], [ -4.565989576999925, 40.456473943000056 ], [ -4.565978831999928, 40.456519132000039 ], [ -4.565967668999973, 40.456546309000032 ], [ -4.565887648999933, 40.456655496000046 ], [ -4.565877948999968, 40.456745713000025 ], [ -4.565927408999926, 40.456844137000076 ], [ -4.566377509999939, 40.456928125000047 ], [ -4.56653265899996, 40.457007099000066 ], [ -4.566581699999971, 40.457087512000037 ], [ -4.566701270999943, 40.457157960000082 ], [ -4.566983807999975, 40.457136113000054 ], [ -4.568068890999939, 40.457139416000075 ], [ -4.568373121999969, 40.457036194000054 ], [ -4.568549550999933, 40.457015783000024 ], [ -4.568701142999942, 40.456941657000073 ], [ -4.568784089999951, 40.456958549000035 ], [ -4.568773346999934, 40.457003737000036 ], [ -4.568705121999927, 40.457112766000073 ], [ -4.568577734999963, 40.457213589000048 ], [ -4.568425723999951, 40.457269703000065 ], [ -4.567885065999974, 40.45734910700002 ], [ -4.567369240999938, 40.457482222000067 ], [ -4.567180810999957, 40.457493786000043 ], [ -4.566826069999934, 40.457453552000061 ], [ -4.566472164999937, 40.457449340000039 ], [ -4.565985225999952, 40.45730279200005 ], [ -4.565808169999968, 40.457296181000061 ], [ -4.565738474999931, 40.457342168000025 ], [ -4.565648753999938, 40.457541572000018 ], [ -4.565639888999954, 40.45766781300005 ], [ -4.56565481399997, 40.457802739000037 ], [ -4.565621743999942, 40.457902281000024 ], [ -4.565539839999929, 40.457930416000067 ], [ -4.56550593299994, 40.45799393600003 ], [ -4.565435819999948, 40.458021911000053 ], [ -4.565387614999963, 40.457977521000025 ], [ -4.565347230999976, 40.457761862000041 ], [ -4.56527523699998, 40.457708785000079 ], [ -4.565201572999968, 40.457583663000044 ], [ -4.565104536999967, 40.457467865000069 ], [ -4.564677177999954, 40.45734753000005 ], [ -4.564510657999961, 40.457286724000028 ], [ -4.564461619999975, 40.45720631100005 ], [ -4.564378673999955, 40.457189416000062 ], [ -4.564025394999931, 40.45721221400003 ], [ -4.563894871999935, 40.457177946000058 ], [ -4.563775094999925, 40.457098489000032 ], [ -4.563678271999947, 40.456991696000053 ], [ -4.56357111999995, 40.456948102000069 ], [ -4.563393855999949, 40.45693248300006 ], [ -4.563238918999957, 40.456862509000068 ], [ -4.563130514999955, 40.456764881000012 ], [ -4.562987159999977, 40.45668574200004 ], [ -4.562892633999978, 40.456678012000047 ], [ -4.562834727999928, 40.456723837000027 ], [ -4.562734043999967, 40.456959422000061 ], [ -4.56274917099995, 40.457103355000072 ], [ -4.562810829999933, 40.457219632000026 ], [ -4.562919442999941, 40.457326267000028 ], [ -4.563066971999945, 40.457585521000063 ], [ -4.563186747999964, 40.457664979000072 ], [ -4.563404184999968, 40.457887252000027 ], [ -4.563534918999949, 40.45793052700003 ], [ -4.563971464999952, 40.458447119000034 ], [ -4.564053994999938, 40.458446002000073 ], [ -4.564161357999978, 40.458498601000038 ], [ -4.564130372999955, 40.458688201000022 ], [ -4.564145293999957, 40.458823127000066 ], [ -4.564195586999972, 40.458957576000032 ], [ -4.564401865999969, 40.459207024000079 ], [ -4.564522273999954, 40.459313497000039 ], [ -4.564654263999955, 40.459410805000061 ], [ -4.565164794999929, 40.45955703900006 ], [ -4.565314008999962, 40.45988833600007 ], [ -4.56532341199994, 40.46029359500006 ], [ -4.565167538999958, 40.460692083000026 ], [ -4.565110258999937, 40.460764927000064 ], [ -4.56511213899995, 40.460845979000062 ], [ -4.565280756999925, 40.460996841000053 ], [ -4.565282219999972, 40.461059882000022 ], [ -4.565177985999981, 40.461142370000047 ], [ -4.565122165999981, 40.461278255000025 ], [ -4.565104853999969, 40.461548746000076 ], [ -4.565037034999932, 40.461675785000075 ], [ -4.564726207999968, 40.462004301000036 ], [ -4.56450510999997, 40.46213341400005 ], [ -4.564328456999931, 40.462144813000066 ], [ -4.563795787999936, 40.462061935000058 ], [ -4.563641046999975, 40.462000969000023 ], [ -4.563377894999974, 40.461842374000057 ], [ -4.563034713999969, 40.461792963000043 ], [ -4.562539297999933, 40.461790653000044 ], [ -4.562387478999937, 40.461855765000045 ], [ -4.56224786799993, 40.46193872900006 ], [ -4.561627130999967, 40.46212728900008 ], [ -4.56151130799998, 40.462218939000017 ], [ -4.561488768999935, 40.46226428600005 ], [ -4.561307828999929, 40.46260004800007 ], [ -4.561112803999948, 40.462836905000081 ], [ -4.560730372999955, 40.463130344000028 ], [ -4.560475137999958, 40.46331396100004 ], [ -4.56032289999996, 40.463361059000079 ], [ -4.560310899999934, 40.463352213000064 ], [ -4.560367145999976, 40.463234342000078 ], [ -4.560728080999979, 40.46303128000006 ], [ -4.560843697999928, 40.46293062500007 ], [ -4.560947106999947, 40.462812117000055 ], [ -4.561130132999949, 40.462566414000044 ], [ -4.561197959999959, 40.462439377000059 ], [ -4.561433683999951, 40.46192270500007 ], [ -4.561445058999936, 40.461904534000048 ], [ -4.561704987999973, 40.46141455900004 ], [ -4.561702067999931, 40.461288479000082 ], [ -4.561651778999931, 40.461154029000056 ], [ -4.561648651999975, 40.461018943000056 ], [ -4.561829470999953, 40.461187663000032 ], [ -4.561972000999958, 40.461230780000044 ], [ -4.562289928999974, 40.461208466000073 ], [ -4.56265564499995, 40.461212531000058 ], [ -4.562832711999931, 40.461219146000076 ], [ -4.562999239999955, 40.461279954000084 ], [ -4.563285760999975, 40.461429225000074 ], [ -4.563607237999975, 40.46156000600007 ], [ -4.563772723999931, 40.461575784000047 ], [ -4.563961373999972, 40.461573232000035 ], [ -4.564125606999938, 40.46153497500007 ], [ -4.564148770999964, 40.461516645000074 ], [ -4.564206888999935, 40.461479824000044 ], [ -4.564222325999935, 40.461128281000065 ], [ -4.564223564999963, 40.460164346000056 ], [ -4.564146767999944, 40.45990413700008 ], [ -4.564062982999928, 40.459851219000022 ], [ -4.563968660999933, 40.459852495000057 ], [ -4.56379222299995, 40.45987290000005 ], [ -4.563755808999929, 40.459828349000077 ], [ -4.563713340999925, 40.459522632000073 ], [ -4.563519270999961, 40.459291034000039 ], [ -4.563037855999937, 40.45887414200007 ], [ -4.562774301999979, 40.458697534000052 ], [ -4.562619361999964, 40.458627560000032 ], [ -4.562465670999927, 40.458611620000056 ], [ -4.562113011999941, 40.458661429000067 ], [ -4.562041436999947, 40.458626362000075 ], [ -4.562004190999971, 40.458545788000045 ], [ -4.561938983999937, 40.458276412000032 ], [ -4.561900487999934, 40.458141803000046 ], [ -4.56180408199998, 40.458053020000079 ], [ -4.561649354999929, 40.457992051000076 ], [ -4.561318399999948, 40.457960487000037 ], [ -4.56115208999995, 40.457908682000038 ], [ -4.561150839999925, 40.457854647000019 ], [ -4.561385388999953, 40.457797428000049 ], [ -4.561536990999969, 40.457723311000045 ], [ -4.561640598999929, 40.457613808000069 ], [ -4.561646969999969, 40.457379499000055 ], [ -4.561585101999982, 40.457254215000034 ], [ -4.561499863999927, 40.457138255000075 ], [ -4.561449577999951, 40.457003805000056 ], [ -4.561431536999976, 40.456733791000033 ], [ -4.561381251999933, 40.456599342000061 ], [ -4.561101752999946, 40.456242774000032 ], [ -4.561148077999974, 40.456206114000054 ], [ -4.561276097999951, 40.45613231600003 ], [ -4.56139170199998, 40.456031660000072 ], [ -4.561482892999948, 40.455895299000076 ], [ -4.561480183999946, 40.455778224000021 ], [ -4.561356244999955, 40.455518650000037 ], [ -4.561377947999971, 40.455437279000087 ], [ -4.561458599999979, 40.455355112000056 ], [ -4.561502839999946, 40.455228395000056 ], [ -4.561543536999977, 40.454948579000074 ], [ -4.561454759999947, 40.45467952000007 ], [ -4.561383397999975, 40.454653458000045 ], [ -4.561206139999967, 40.454637835000021 ], [ -4.560901489999934, 40.45472302700005 ], [ -4.56058567499997, 40.454835394000042 ], [ -4.560574092999957, 40.454844559000044 ], [ -4.560467570999947, 40.454827980000061 ], [ -4.56030106199995, 40.45476716700005 ], [ -4.560486984999955, 40.454647546000047 ], [ -4.56055688899994, 40.454610568000085 ], [ -4.560929359999932, 40.454398341000058 ], [ -4.56140813899998, 40.454193686000053 ], [ -4.56154773399993, 40.454110723000028 ], [ -4.561695785999973, 40.453883509000029 ], [ -4.561716446999981, 40.45375710900003 ], [ -4.561701529999937, 40.453622182000046 ], [ -4.561485781999977, 40.45347195100004 ], [ -4.561331896999945, 40.453447003000058 ], [ -4.561271492999936, 40.45338475900008 ], [ -4.561306027999933, 40.453348258000069 ], [ -4.56144562299994, 40.453265295000051 ], [ -4.561609419999969, 40.453209031000029 ], [ -4.56176080299997, 40.453125909000043 ], [ -4.56188819099998, 40.453025093000058 ], [ -4.561909684999932, 40.452934717000055 ], [ -4.561894769999981, 40.452799790000029 ], [ -4.561856274999968, 40.452665181000043 ], [ -4.561682266999981, 40.452280162000079 ], [ -4.561667351999972, 40.452145235000039 ], [ -4.561605279999981, 40.452010945000048 ], [ -4.561497096999971, 40.451922320000044 ], [ -4.561414573999968, 40.451923435000019 ], [ -4.561295434999976, 40.451870993000057 ], [ -4.561317970999937, 40.451825645000042 ], [ -4.561514006999971, 40.451633817000065 ], [ -4.561523711999939, 40.451543600000029 ], [ -4.561486052999953, 40.451445014000058 ], [ -4.561402905999954, 40.451419111000064 ], [ -4.561237236999943, 40.451394323000045 ], [ -4.561071151999954, 40.451351523000035 ], [ -4.561010540999973, 40.451280273000073 ], [ -4.561032868999972, 40.45122592000007 ], [ -4.56104174099994, 40.451099680000027 ], [ -4.560980713999925, 40.451010418000067 ], [ -4.56073189999995, 40.450959726000058 ], [ -4.560730649999925, 40.450905691000052 ], [ -4.560799715999962, 40.45083269000002 ], [ -4.561078688999941, 40.450657760000077 ], [ -4.561196367999968, 40.450647162000053 ], [ -4.561373406999963, 40.450653780000046 ], [ -4.561549612999954, 40.450624374000036 ], [ -4.561595308999927, 40.450560696000025 ], [ -4.561566730999971, 40.450344876000031 ], [ -4.561442592999981, 40.450076295000031 ], [ -4.561451255999941, 40.449941049000074 ], [ -4.56150728199998, 40.449814172000053 ], [ -4.561539522999964, 40.449678608000042 ], [ -4.561501238999938, 40.449553004000059 ], [ -4.561429884999939, 40.449526942000041 ], [ -4.561171994999938, 40.449593486000019 ], [ -4.560643175999927, 40.449672695000046 ], [ -4.560489091999955, 40.449638741000051 ], [ -4.560675001999924, 40.449519119000065 ], [ -4.560838790999981, 40.449462856000025 ], [ -4.560931224999933, 40.449380531000031 ], [ -4.560938014999976, 40.44916423300004 ], [ -4.561007495999945, 40.449109243000059 ], [ -4.561299914999949, 40.44900619900006 ], [ -4.561451497999941, 40.448932083000052 ], [ -4.561579086999927, 40.448840274000077 ], [ -4.561656604999938, 40.44862302000007 ], [ -4.561677055999951, 40.448487615000033 ], [ -4.561670595999941, 40.448208436000073 ], [ -4.561632105999934, 40.44807382700003 ], [ -4.561535507999963, 40.447976037000053 ], [ -4.561262919999934, 40.447916659000043 ], [ -4.560941721999939, 40.447794876000046 ], [ -4.560764481999967, 40.447779252000032 ], [ -4.560411460999944, 40.447811044000048 ], [ -4.56035168699998, 40.447775816000039 ], [ -4.560350227999947, 40.447712776000053 ], [ -4.560418042999969, 40.447585740000065 ], [ -4.560533425999949, 40.447476079000069 ], [ -4.560803095999972, 40.447409378000032 ], [ -4.561064309999949, 40.447486929000029 ], [ -4.561241131999964, 40.447484541000037 ], [ -4.561417328999937, 40.447455135000034 ], [ -4.561744897999973, 40.447342607000053 ], [ -4.561790799999926, 40.447287935000084 ], [ -4.561776928999961, 40.447198037000078 ], [ -4.561596147999978, 40.447029315000044 ], [ -4.561487346999968, 40.44691367300004 ], [ -4.561437277999972, 40.446788229000049 ], [ -4.56144594099993, 40.446652983000028 ], [ -4.56165541699994, 40.446533042000063 ], [ -4.561759007999966, 40.446423539000079 ], [ -4.561826819999965, 40.446296503000049 ], [ -4.561778416999971, 40.446243105000057 ], [ -4.561515331999941, 40.446084504000048 ], [ -4.561478092999947, 40.446003930000082 ], [ -4.56145139199998, 40.445869162000058 ], [ -4.561366168999939, 40.445753201000059 ], [ -4.561246, 40.445655729000073 ], [ -4.56118435199994, 40.445539450000055 ], [ -4.561118956999962, 40.44526106700004 ], [ -4.561045522999962, 40.445144946000035 ], [ -4.560950803999957, 40.445128208000021 ], [ -4.560809559999939, 40.445139124000036 ], [ -4.56063357499994, 40.445177534000031 ], [ -4.56028056699995, 40.445209325000057 ], [ -4.560220585999957, 40.445165092000032 ], [ -4.560418271999936, 40.445045312000047 ], [ -4.560557642999925, 40.444953344000062 ], [ -4.560788608999928, 40.444743028000055 ], [ -4.560894281999936, 40.444723584000023 ], [ -4.561625325999956, 40.444722720000065 ], [ -4.561765736999972, 40.444675780000068 ], [ -4.561764486999948, 40.444621745000063 ], [ -4.561274734999927, 40.444349094000074 ], [ -4.561273485999949, 40.444295059000069 ], [ -4.561585083999943, 40.44400257500007 ], [ -4.561724450999974, 40.443910607000078 ], [ -4.561888433999968, 40.443863348000036 ], [ -4.562076826999942, 40.443851794000075 ], [ -4.56243066199994, 40.443856021000052 ], [ -4.562547493999944, 40.443809399000038 ], [ -4.562799730999927, 40.443499697000043 ], [ -4.562809224999968, 40.443400474000043 ], [ -4.562674142999981, 40.443168076000063 ], [ -4.562659227999973, 40.44303314900003 ], [ -4.562715662999949, 40.442924282000043 ], [ -4.562863268999933, 40.442679055000049 ], [ -4.562895710999953, 40.442552496000069 ], [ -4.562858262999953, 40.442462916000061 ], [ -4.562737889999937, 40.442356440000033 ], [ -4.562594982999941, 40.442295311000066 ], [ -4.562428918999955, 40.442252513000028 ], [ -4.562239905999945, 40.442237050000074 ], [ -4.562120782999956, 40.442184608000048 ], [ -4.562107745999981, 40.442130733000056 ], [ -4.56226901499997, 40.441966398000034 ], [ -4.562324824999962, 40.441830515000049 ], [ -4.562287795999964, 40.441758947000039 ], [ -4.562202575999948, 40.441642986000033 ], [ -4.561806932999956, 40.441360057000054 ], [ -4.561841251999966, 40.441314550000072 ], [ -4.562097649999941, 40.441184965000048 ], [ -4.562154709999958, 40.441103117000068 ], [ -4.562029336999956, 40.440780501000063 ], [ -4.56194882099993, 40.440358184000047 ], [ -4.561852442999964, 40.440269400000034 ], [ -4.561591671999963, 40.440209862000074 ], [ -4.561424988999932, 40.440140045000078 ], [ -4.561243603999969, 40.439944305000033 ], [ -4.560991290999937, 40.439740514000043 ], [ -4.56072781599994, 40.43956390000006 ], [ -4.560630815999957, 40.439448097000025 ], [ -4.560581169999977, 40.439340664000049 ], [ -4.560568966999938, 40.439322811000061 ], [ -4.560603077999928, 40.439268299000055 ], [ -4.560695706999979, 40.439194980000025 ], [ -4.56087146699997, 40.439147564000059 ], [ -4.561048058999973, 40.43913617100003 ], [ -4.56155780299997, 40.439255407000076 ], [ -4.561722608999957, 40.439244172000038 ], [ -4.561839434999968, 40.439197551000063 ], [ -4.561978790999945, 40.439105582000018 ], [ -4.562221726999951, 40.43890411000006 ], [ -4.562254585999937, 40.438795563000042 ], [ -4.562217558999976, 40.438723994000043 ], [ -4.562247500999945, 40.438489365000066 ], [ -4.562185649999947, 40.438364081000032 ], [ -4.562100226999974, 40.438239114000048 ], [ -4.56206174099998, 40.438104505000062 ], [ -4.562082396999926, 40.437978105000084 ], [ -4.562162401999956, 40.437868921000067 ], [ -4.562544685999967, 40.437575479000031 ], [ -4.562647844999957, 40.437447964000057 ], [ -4.562703858999953, 40.437321086000054 ], [ -4.562756537999974, 40.437050116000073 ], [ -4.562741623999955, 40.436915188000057 ], [ -4.562669237999955, 40.436844098000051 ], [ -4.562537921999932, 40.43677380400004 ], [ -4.562394193999978, 40.436676652000067 ], [ -4.562200194999946, 40.436445049000049 ], [ -4.562068254999929, 40.436347737000069 ], [ -4.561913783999956, 40.436295773000047 ], [ -4.561736157999974, 40.436262138000082 ], [ -4.560662571999956, 40.436231593000059 ], [ -4.560295950999944, 40.436182490000071 ], [ -4.560129486999926, 40.436121676000027 ], [ -4.560021330999973, 40.436033049000059 ], [ -4.560370752999973, 40.435848161000081 ], [ -4.560486116999924, 40.43573850100006 ], [ -4.560779103999948, 40.435662477000051 ], [ -4.560916372999941, 40.435480451000039 ], [ -4.561039981999953, 40.435217532000017 ], [ -4.561084003999952, 40.435081808000064 ], [ -4.561069092999958, 40.434946880000041 ], [ -4.561125732999925, 40.434847021000039 ], [ -4.561207400999933, 40.434809883000064 ], [ -4.561486514999955, 40.434643959000027 ], [ -4.561741222999955, 40.434442329000035 ], [ -4.562020123999957, 40.434267397000028 ], [ -4.562262836999935, 40.434056919000056 ], [ -4.562457983999934, 40.433829066000044 ], [ -4.562502000999928, 40.433693342000034 ], [ -4.562468843999966, 40.433279394000046 ], [ -4.562525479999977, 40.433179533000043 ], [ -4.562770893999926, 40.433086130000042 ], [ -4.56310068399995, 40.433072663000075 ], [ -4.563262137999971, 40.432917333000027 ], [ -4.563457278999976, 40.432689479000025 ], [ -4.563865394999937, 40.432494778000041 ], [ -4.564108301999965, 40.432293302000055 ], [ -4.564164308999977, 40.432166424000052 ], [ -4.564135104999934, 40.431923586000046 ], [ -4.564011201999961, 40.431664013000045 ], [ -4.563925992999941, 40.431548053000029 ], [ -4.56379426799998, 40.431459749000048 ], [ -4.563628021999932, 40.431407946000029 ], [ -4.563358000999926, 40.431456640000071 ], [ -4.563194255999974, 40.431512906000087 ], [ -4.563042714999937, 40.431587024000066 ], [ -4.562748081999927, 40.431591007000058 ], [ -4.562583710999944, 40.431620255000027 ], [ -4.56243216799993, 40.431694372000045 ], [ -4.562014142999942, 40.431970279000041 ], [ -4.561723255999936, 40.432136364000037 ], [ -4.561605608999969, 40.432146962000054 ], [ -4.561442069999941, 40.432212231000044 ], [ -4.561290732999963, 40.432295353000029 ], [ -4.560950826999943, 40.432381020000044 ], [ -4.560797198999978, 40.432365077000043 ], [ -4.560666308999942, 40.432312792000062 ], [ -4.56051267999993, 40.432296849000075 ], [ -4.55995855499998, 40.432295319000048 ], [ -4.559816086999944, 40.432252198000064 ], [ -4.559485884999958, 40.432247644000022 ], [ -4.559343626999975, 40.432213528000041 ], [ -4.559308061999957, 40.432204999000078 ], [ -4.559176757999978, 40.432134701000045 ], [ -4.559164349999946, 40.432107843000033 ], [ -4.559151315999941, 40.432053967000058 ], [ -4.55928920599996, 40.431898960000069 ], [ -4.559557152999957, 40.431760217000033 ], [ -4.559625574999927, 40.431660199000063 ], [ -4.559515347999934, 40.431481513000044 ], [ -4.559418568999945, 40.431374715000054 ], [ -4.559368307999931, 40.431240264000053 ], [ -4.559353402999931, 40.431105335000048 ], [ -4.559303350999926, 40.430979890000053 ], [ -4.559075478999944, 40.430811799000033 ], [ -4.559004974999937, 40.430821758000036 ], [ -4.558585694999977, 40.431043619000036 ], [ -4.558257784999967, 40.431138125000068 ], [ -4.558106444999965, 40.431221242000042 ], [ -4.557960715999967, 40.431547517000062 ], [ -4.557881125999927, 40.431674710000031 ], [ -4.557776719999936, 40.431748186000043 ], [ -4.557624962999967, 40.431813291000026 ], [ -4.557449219999966, 40.431860702000037 ], [ -4.55710868799997, 40.431919341000025 ], [ -4.556944935999979, 40.431975598000072 ], [ -4.556416043999946, 40.432045780000067 ], [ -4.556112525999936, 40.432175986000061 ], [ -4.555760204999955, 40.432234780000037 ], [ -4.555594792999955, 40.432218988000045 ], [ -4.555428550999977, 40.432167173000032 ], [ -4.555250939999951, 40.432133528000072 ], [ -4.555098348999935, 40.432162606000091 ], [ -4.554934594999963, 40.432218861000074 ], [ -4.554889112999945, 40.432291542000037 ], [ -4.554882925999947, 40.432534858000054 ], [ -4.554655507999939, 40.432898261000048 ], [ -4.554527939999957, 40.432990063000034 ], [ -4.553903505999926, 40.433007466000035 ], [ -4.553855327999941, 40.432963071000081 ], [ -4.554005018999931, 40.432807912000044 ], [ -4.554096607999952, 40.432689569000054 ], [ -4.554128856999967, 40.432554006000032 ], [ -4.554052131999981, 40.432293787000042 ], [ -4.554066168999952, 40.431879201000065 ], [ -4.554110409999964, 40.43175248600005 ], [ -4.554178011999967, 40.431616447000074 ], [ -4.554508801999929, 40.431134543000027 ], [ -4.55458507999998, 40.430863258000038 ], [ -4.554622684999969, 40.430448356000049 ], [ -4.554625138999937, 40.430042934000014 ], [ -4.554610036999975, 40.429898999000045 ], [ -4.554571778999957, 40.429773393000062 ], [ -4.554556883999965, 40.429638464000043 ], [ -4.554612906999978, 40.429511589000072 ], [ -4.554630258999964, 40.429241097000038 ], [ -4.554638932999978, 40.429105851000024 ], [ -4.554565320999927, 40.428980720000027 ], [ -4.554469173999962, 40.428900935000065 ], [ -4.554314726999962, 40.428848960000032 ], [ -4.554171442999973, 40.428769808000027 ], [ -4.554110237999964, 40.428671536000031 ], [ -4.553990938999958, 40.428610079000059 ], [ -4.553519334999976, 40.428607409000044 ], [ -4.553164544999958, 40.428558124000055 ], [ -4.553127946999951, 40.428504563000047 ], [ -4.552996036999957, 40.42840724000007 ], [ -4.551841323999951, 40.428431754000023 ], [ -4.551110453999968, 40.428432553000043 ], [ -4.550979578999943, 40.428380257000079 ], [ -4.550693019999926, 40.428221946000072 ], [ -4.550205292999976, 40.428030297000085 ], [ -4.550039063999975, 40.427978473000053 ], [ -4.549873250999951, 40.427944662000066 ], [ -4.549696271999949, 40.427938026000049 ], [ -4.549577183999928, 40.427885570000058 ], [ -4.549360511999964, 40.427690284000057 ], [ -4.549242044999971, 40.427664845000031 ], [ -4.549089048999974, 40.427675904000068 ], [ -4.548913103999951, 40.427714296000048 ], [ -4.548796907999929, 40.427787922000043 ], [ -4.548789666999936, 40.427986209000032 ], [ -4.548721435999936, 40.428095226000032 ], [ -4.548605652999925, 40.428186864000047 ], [ -4.548465059999955, 40.428224781000026 ], [ -4.547746595999968, 40.428252419000046 ], [ -4.547594630999924, 40.428308505000082 ], [ -4.547303721999981, 40.428474554000033 ], [ -4.547139557999968, 40.428512786000063 ], [ -4.546976013999938, 40.428578035000044 ], [ -4.546533135999937, 40.428800167000077 ], [ -4.545840913999939, 40.428944555000044 ], [ -4.545663725999929, 40.428928906000053 ], [ -4.545485918999929, 40.428886240000054 ], [ -4.545392258999924, 40.428914518000049 ], [ -4.545252692999952, 40.428997461000051 ], [ -4.544913193999946, 40.429101093000043 ], [ -4.544560671999931, 40.429150847000074 ], [ -4.544195334999926, 40.429155727000072 ], [ -4.544018147999963, 40.42914007600006 ], [ -4.543685489999973, 40.429027406000039 ], [ -4.543530843999974, 40.428966410000037 ], [ -4.543255877999967, 40.428798917000051 ], [ -4.543123978999972, 40.428701582000038 ], [ -4.542918490999967, 40.428479109000079 ], [ -4.542823593999969, 40.428453349000051 ], [ -4.542493820999936, 40.428466758000056 ], [ -4.54231601799995, 40.428424087000046 ], [ -4.542172542999936, 40.428335914000058 ], [ -4.541909161999968, 40.428159254000036 ], [ -4.541821527999956, 40.427935207000083 ], [ -4.541783088999978, 40.427800590000068 ], [ -4.541721080999935, 40.427666287000065 ], [ -4.541625568999962, 40.427613509000025 ], [ -4.541471339999929, 40.427570522000053 ], [ -4.541294361999974, 40.427563873000054 ], [ -4.541117589999941, 40.427566229000028 ], [ -4.540764868999929, 40.427606965000045 ], [ -4.540496692999966, 40.427736660000043 ], [ -4.540336839999952, 40.427964006000025 ], [ -4.540192468999977, 40.428353301000065 ], [ -4.540183763999948, 40.428488546000025 ], [ -4.540127919999975, 40.428624420000062 ], [ -4.540116545999979, 40.428642589000042 ], [ -4.540048094999975, 40.428742596000063 ], [ -4.539932708999969, 40.428852236000068 ], [ -4.539641573999972, 40.429009261000033 ], [ -4.539374622999957, 40.429192988000061 ], [ -4.53901626299995, 40.429504053000073 ], [ -4.538856811999949, 40.429749409000067 ], [ -4.53857387599993, 40.430266667000069 ], [ -4.53850603799998, 40.430393691000056 ], [ -4.538414217999956, 40.430503017000028 ], [ -4.53827484599998, 40.430594958000022 ], [ -4.538134036999963, 40.430623857000057 ], [ -4.53760308099993, 40.430603894000058 ], [ -4.537437060999935, 40.430561058000073 ], [ -4.537388483999962, 40.43049864400006 ], [ -4.537305166999943, 40.430463717000066 ], [ -4.537245418999929, 40.430428477000078 ], [ -4.536981838999964, 40.430242800000038 ], [ -4.536934082999948, 40.430216409000032 ], [ -4.536885300999926, 40.430144988000045 ], [ -4.53695601299995, 40.430144048000045 ], [ -4.537121826999964, 40.430177878000052 ], [ -4.537298810999971, 40.430184534000034 ], [ -4.537475179999944, 40.430164171000065 ], [ -4.537532875999943, 40.430109352000052 ], [ -4.537589956999966, 40.43002751500007 ], [ -4.537612706999937, 40.42999117800008 ], [ -4.53766855799995, 40.429855306000022 ], [ -4.537724612999965, 40.429728439000023 ], [ -4.537762320999946, 40.429313540000066 ], [ -4.53781816999998, 40.429177667000026 ], [ -4.53811699299996, 40.428840372000025 ], [ -4.538161055999978, 40.428704656000036 ], [ -4.538173139999969, 40.428200011000058 ], [ -4.538182761999963, 40.42758729500008 ], [ -4.53816769599996, 40.427443358000055 ], [ -4.538129469999943, 40.427317745000032 ], [ -4.538032320999947, 40.427192916000081 ], [ -4.53790043099997, 40.427095576000063 ], [ -4.537757169999963, 40.427016403000046 ], [ -4.53743652299994, 40.426912564000077 ], [ -4.53688182199994, 40.426883904000057 ], [ -4.535620448999964, 40.42688264800006 ], [ -4.535560500999964, 40.426838401000055 ], [ -4.535377997999944, 40.426588582000079 ], [ -4.535160756999971, 40.42636625100004 ], [ -4.535052238999981, 40.426259588000043 ], [ -4.534908981999933, 40.426180412000058 ], [ -4.534610683999971, 40.426022216000028 ], [ -4.534289840999975, 40.425909362000013 ], [ -4.533899109999936, 40.425833468000064 ], [ -4.533869137999943, 40.425811344000067 ], [ -4.533827176999977, 40.425780371000023 ], [ -4.533814573999962, 40.425744503000033 ], [ -4.533813959999975, 40.425717486000053 ], [ -4.534330312999941, 40.423539549000068 ], [ -4.534512516999939, 40.423257862000064 ], [ -4.534619391999968, 40.423292478000064 ], [ -4.534699424999928, 40.423183312000042 ], [ -4.534745333999978, 40.423128651000077 ], [ -4.534818288999929, 40.423226777000018 ], [ -4.535172629999977, 40.42325810800002 ], [ -4.535714901999938, 40.423259915000074 ], [ -4.536068013999966, 40.423237207000057 ], [ -4.536245389999976, 40.423261876000019 ], [ -4.536589176999939, 40.423347394000068 ], [ -4.536943313999926, 40.423369713000049 ], [ -4.537131653999949, 40.423358200000038 ], [ -4.537296015999971, 40.423328989000026 ], [ -4.538014845999952, 40.423319429000067 ], [ -4.538203185999975, 40.423307915000066 ], [ -4.538895367999941, 40.42316357400005 ], [ -4.539071717999946, 40.423143209000038 ], [ -4.539378307999926, 40.423148136000073 ], [ -4.539687771999978, 40.423279145000045 ], [ -4.539853980999964, 40.423330984000074 ], [ -4.540031152999974, 40.42334664100008 ], [ -4.54020791399995, 40.423344287000077 ], [ -4.540748542999949, 40.423274023000033 ], [ -4.540912902999935, 40.42324480700006 ], [ -4.54119510299995, 40.423214019000064 ], [ -4.541625562999968, 40.422965047000048 ], [ -4.541729152999949, 40.422855562000059 ], [ -4.542107331999945, 40.42238206800004 ], [ -4.542505783999958, 40.42176416500007 ], [ -4.542609164999931, 40.42164567300005 ], [ -4.542736522999974, 40.421544879000066 ], [ -4.542931703999955, 40.421317058000056 ], [ -4.542978222999978, 40.421289411000039 ], [ -4.54310948799997, 40.421359728000027 ], [ -4.543194648999929, 40.421475704000052 ], [ -4.54355222199996, 40.422164597000062 ], [ -4.543671089999975, 40.42220805300007 ], [ -4.544095513999935, 40.422211395000048 ], [ -4.544254928999976, 40.421966032000057 ], [ -4.544287192999946, 40.421830471000085 ], [ -4.544331650999936, 40.421712765000052 ], [ -4.54437775599996, 40.421667106000022 ], [ -4.544507376999945, 40.421665374000042 ], [ -4.544602470999961, 40.421700139000052 ], [ -4.544687840999927, 40.421825119000069 ], [ -4.544881117999978, 40.42202973600007 ], [ -4.545035543999973, 40.422081724000059 ], [ -4.545377891999975, 40.422104175000058 ], [ -4.545541834999938, 40.422056940000054 ], [ -4.545905896999955, 40.421998021000036 ], [ -4.546409507999954, 40.42185615600004 ], [ -4.546586057999946, 40.421844786000072 ], [ -4.546763226999929, 40.421860433000056 ], [ -4.54692943699996, 40.421912262000035 ], [ -4.547106605999943, 40.421927908000043 ], [ -4.547283775999973, 40.421943555000041 ], [ -4.547460119999926, 40.421923177000053 ], [ -4.547800196999958, 40.421846556000048 ], [ -4.548127253999951, 40.421716056000037 ], [ -4.54838381299993, 40.421595508000053 ], [ -4.548478288999946, 40.421603252000075 ], [ -4.548585786999979, 40.421664872000065 ], [ -4.548659379999948, 40.421790008000073 ], [ -4.548668050999936, 40.422168255000031 ], [ -4.548704641999961, 40.422221816000032 ], [ -4.548870854999962, 40.42227364200005 ], [ -4.549047818999952, 40.422280280000045 ], [ -4.549412910999934, 40.422266379000064 ], [ -4.550117046999957, 40.422130819000067 ], [ -4.550923098999931, 40.421813716000038 ], [ -4.551099026999964, 40.421775321000034 ], [ -4.551414291999947, 40.421644970000038 ], [ -4.551706815999979, 40.421550958000068 ], [ -4.551937730999953, 40.421340660000048 ], [ -4.552007811999943, 40.421312693000054 ], [ -4.552078927999957, 40.421329756000034 ], [ -4.552144053999939, 40.421599141000051 ], [ -4.552111805999972, 40.421734704000073 ], [ -4.552066740999976, 40.421825395000042 ], [ -4.551927198999977, 40.421908346000059 ], [ -4.551448408999932, 40.42210395300004 ], [ -4.551344215999961, 40.422186429000071 ], [ -4.551276408999968, 40.422313460000048 ], [ -4.551267725999934, 40.422448706000068 ], [ -4.551274138999928, 40.422727888000047 ], [ -4.551300808999939, 40.422862660000078 ], [ -4.551448214999937, 40.423121933000054 ], [ -4.551618774999952, 40.423362877000038 ], [ -4.552200549999952, 40.424057742000059 ], [ -4.552452362999929, 40.424243543000046 ], [ -4.552607419999958, 40.424322538000062 ], [ -4.55278521799994, 40.424365194000067 ], [ -4.552961980999952, 40.424362820000049 ], [ -4.553679778999935, 40.424308133000068 ], [ -4.554221849999976, 40.42430084700004 ], [ -4.554574545999969, 40.424260071000049 ], [ -4.55476226299993, 40.424221512000038 ], [ -4.555101721999961, 40.424117851000055 ], [ -4.555617733999952, 40.424002806000026 ], [ -4.556108514999948, 40.423816029000072 ], [ -4.557181022999941, 40.423297105000074 ], [ -4.557357158999935, 40.423267707000036 ], [ -4.55784050899996, 40.423270203000079 ], [ -4.558004237999966, 40.423213945000036 ], [ -4.558295096999927, 40.423047870000062 ], [ -4.558422849999943, 40.422965070000032 ], [ -4.558661375999975, 40.422574484000052 ], [ -4.558773186999929, 40.422311726000032 ], [ -4.559199000999968, 40.421864561000056 ], [ -4.559312264999961, 40.421664843000038 ], [ -4.559602905999952, 40.42148975900006 ], [ -4.559660159999965, 40.421416917000037 ], [ -4.559656833999952, 40.421272824000035 ], [ -4.559690521999926, 40.421200300000059 ], [ -4.559830051999938, 40.421117340000073 ], [ -4.56012235399993, 40.421014301000071 ], [ -4.56020317399998, 40.420941142000068 ], [ -4.560224244999971, 40.420832754000045 ], [ -4.560315809999963, 40.420714406000059 ], [ -4.560431771999959, 40.420631763000074 ], [ -4.560747636999963, 40.420528404000038 ], [ -4.560924388999979, 40.420526018000032 ], [ -4.561346927999979, 40.420448244000056 ], [ -4.561741110999947, 40.420163652000035 ], [ -4.561787202999938, 40.420117986000037 ], [ -4.561951544999943, 40.42008874000004 ], [ -4.562472305999961, 40.420180799000036 ], [ -4.562613915999975, 40.420187894000037 ], [ -4.562766056999977, 40.420140794000091 ], [ -4.563148447999936, 40.419856357000064 ], [ -4.563218730999949, 40.419837390000048 ], [ -4.56337337399998, 40.419898359000058 ], [ -4.563445116999957, 40.419942432000028 ], [ -4.563460024999927, 40.420077360000057 ], [ -4.563466485999925, 40.420356541000039 ], [ -4.563366479999957, 40.420619143000074 ], [ -4.563346039999942, 40.42075454900003 ], [ -4.563340716999959, 40.42103388900005 ], [ -4.563379193999936, 40.421168498000043 ], [ -4.56346459699995, 40.421293465000069 ], [ -4.563755324999931, 40.421631861000037 ], [ -4.563875662999976, 40.421738337000079 ], [ -4.564270154999974, 40.421976233000066 ], [ -4.564542430999949, 40.422026601000027 ], [ -4.564600932999952, 40.422007792000045 ], [ -4.564604580999968, 40.421656406000061 ], [ -4.564708547999942, 40.421564913000047 ], [ -4.564848698999981, 40.421508964000054 ], [ -4.564954751999949, 40.42150752900006 ], [ -4.565175927999973, 40.421387422000066 ], [ -4.565329531999964, 40.421403360000042 ], [ -4.565627669999969, 40.421552470000037 ], [ -4.565758123999957, 40.42158673800003 ], [ -4.565840400999945, 40.421576615000049 ], [ -4.565967723999961, 40.421475796000031 ], [ -4.566151041999944, 40.421248097000046 ], [ -4.566336654999929, 40.421119461000046 ], [ -4.566206200999943, 40.421085194000057 ], [ -4.56602986599995, 40.421105600000033 ], [ -4.565923604999966, 40.421098031000035 ], [ -4.565804098999934, 40.42102758000005 ], [ -4.565743094999959, 40.420938320000062 ], [ -4.565751955999928, 40.420812079000022 ], [ -4.565899504999948, 40.420566847000032 ], [ -4.565919939999957, 40.420431441000048 ], [ -4.565926503999948, 40.420206136000047 ], [ -4.565830149999954, 40.420117355000066 ], [ -4.56518800599997, 40.419873808000034 ], [ -4.565044936999925, 40.419803675000026 ], [ -4.564960992999942, 40.419741751000068 ], [ -4.564923139999962, 40.419634160000044 ], [ -4.564953690999971, 40.41942654800004 ], [ -4.565034921999939, 40.419371396000031 ], [ -4.565211461999978, 40.419359998000054 ], [ -4.565375384999925, 40.419312736000052 ], [ -4.565702391999934, 40.41918218700004 ], [ -4.565866521999965, 40.419143929000029 ], [ -4.565936385999976, 40.419106949000025 ], [ -4.565969020999944, 40.41898939400005 ], [ -4.565930540999943, 40.418854786000054 ], [ -4.565882155999929, 40.418801389000059 ], [ -4.565775898999958, 40.418793820000076 ], [ -4.565062343999955, 40.419028697000037 ], [ -4.564764009999977, 40.418870579000036 ], [ -4.564420421999955, 40.418794151000036 ], [ -4.564348889999962, 40.418759084000037 ], [ -4.56432386299997, 40.418696363000031 ], [ -4.564391849999936, 40.418578330000059 ], [ -4.564762024999936, 40.418276036000073 ], [ -4.564901335999935, 40.418184064000066 ], [ -4.565065254999979, 40.418136802000042 ], [ -4.565204773999937, 40.41805383600007 ], [ -4.56541164999993, 40.417825819000029 ], [ -4.565527184999951, 40.417725160000025 ], [ -4.565666492999981, 40.417633187000035 ], [ -4.56571237299994, 40.417578514000077 ], [ -4.565687762999972, 40.41753380400008 ], [ -4.565511226999946, 40.417545203000032 ], [ -4.565253047999931, 40.417593742000065 ], [ -4.565098407999925, 40.417532774000051 ], [ -4.565050442999961, 40.417497389000062 ], [ -4.565118219999931, 40.417370351000038 ], [ -4.565221968999936, 40.417269851000064 ], [ -4.565309973999945, 40.416998401000058 ], [ -4.565330408999955, 40.416862994000034 ], [ -4.565329365999958, 40.416817965000064 ], [ -4.565230096999925, 40.416603102000053 ], [ -4.565157730999942, 40.416532012000054 ], [ -4.56514448799993, 40.416469131000049 ], [ -4.565214140999957, 40.416423145000053 ], [ -4.565308193999953, 40.416412863000069 ], [ -4.565435925999964, 40.416330056000049 ], [ -4.565481595999927, 40.416266377000049 ], [ -4.565645927999981, 40.416237126000055 ], [ -4.565775745999928, 40.416244377000055 ], [ -4.565892528999939, 40.416197752000066 ], [ -4.566007850999938, 40.416088086000052 ], [ -4.566234943999974, 40.415715656000039 ], [ -4.566338481999935, 40.415606149000041 ], [ -4.566418036999949, 40.415478951000075 ], [ -4.56653335699997, 40.415369285000054 ], [ -4.566648885999939, 40.41526862400007 ], [ -4.567045730999951, 40.415101091000061 ], [ -4.567091189999928, 40.415028406000033 ], [ -4.567040926999937, 40.414893957000061 ], [ -4.56703904799997, 40.414812905000076 ], [ -4.567130799999974, 40.414703558000042 ], [ -4.567247369999961, 40.41464792600005 ], [ -4.567682482999942, 40.41460599200007 ], [ -4.56776203499993, 40.414478793000058 ], [ -4.567838241999937, 40.414207500000018 ], [ -4.567811541999958, 40.414072732000079 ], [ -4.567762323999943, 40.413983313000088 ], [ -4.567618846999949, 40.413895172000011 ], [ -4.56712023199998, 40.41373977600005 ], [ -4.566954445999953, 40.413705988000054 ], [ -4.56674027699995, 40.413618804000066 ], [ -4.56679730899998, 40.413536953000062 ], [ -4.566936814999962, 40.413453985000032 ], [ -4.567179645999943, 40.41325250400007 ], [ -4.567447501999936, 40.413113743000054 ], [ -4.567550824999954, 40.412995230000028 ], [ -4.567829833999951, 40.412829291000044 ], [ -4.568343514999981, 40.412110642000066 ], [ -4.568384372999958, 40.411839828000026 ], [ -4.568393018999927, 40.411704581000031 ], [ -4.568366109999943, 40.411560808000054 ], [ -4.568304274999945, 40.411435525000059 ], [ -4.568122112999959, 40.411203771000032 ], [ -4.567952779999927, 40.411016886000027 ], [ -4.567961426999943, 40.410881639000031 ], [ -4.567971327999942, 40.410800427000019 ], [ -4.568098837999969, 40.410708611000068 ], [ -4.568178592999971, 40.410590417000037 ], [ -4.568282119999934, 40.41048090900005 ], [ -4.568361663999951, 40.410353709000049 ], [ -4.568382092999968, 40.410218302000033 ], [ -4.568395833999944, 40.409794709000039 ], [ -4.568381124999974, 40.409668788000026 ], [ -4.568307509999954, 40.409543665000058 ], [ -4.568294056999946, 40.409471779000057 ], [ -4.568465970999966, 40.409262248000047 ], [ -4.568530179999925, 40.408982108000025 ], [ -4.568706348999967, 40.408448208000031 ], [ -4.568779619999931, 40.408050833000061 ], [ -4.568848216999924, 40.407959816000073 ], [ -4.568852337999942, 40.407121955000029 ], [ -4.568872762999946, 40.406986548000084 ], [ -4.568904969999949, 40.406850982000037 ], [ -4.569064258999957, 40.406605587000051 ], [ -4.56908468499995, 40.406470180000035 ], [ -4.569101974999968, 40.40619968500004 ], [ -4.569071930999939, 40.405920825000067 ], [ -4.569033451999928, 40.40578621700007 ], [ -4.56885932299997, 40.405392199000055 ], [ -4.56885785999998, 40.405329158000029 ], [ -4.568989329999966, 40.405408452000067 ], [ -4.569159906999972, 40.405649371000038 ], [ -4.569392523999965, 40.406024578 ], [ -4.569454355999937, 40.406149860000028 ], [ -4.569468159999929, 40.406744243000048 ], [ -4.56942751899993, 40.407024063000051 ], [ -4.569425357999933, 40.407438491000057 ], [ -4.56956101399993, 40.407697900000066 ], [ -4.569743170999971, 40.407929652000064 ], [ -4.569913964999956, 40.408179576000073 ], [ -4.570059105999975, 40.408339761000036 ], [ -4.570026482999936, 40.408457316000074 ], [ -4.569807866999952, 40.408685501000029 ], [ -4.569622921999951, 40.408841159000076 ], [ -4.569612813999925, 40.408913365000046 ], [ -4.569732927999951, 40.409010830000064 ], [ -4.569863569999938, 40.409054099000059 ], [ -4.569911950999936, 40.409107494000068 ], [ -4.569867753999972, 40.409234215000026 ], [ -4.569776222999963, 40.40935257000006 ], [ -4.569720450999966, 40.409488457000059 ], [ -4.569640700999969, 40.409606652000036 ], [ -4.569584930999952, 40.409742539000028 ], [ -4.56954449899996, 40.410031365000066 ], [ -4.569547635999925, 40.410166452000063 ], [ -4.569589255999972, 40.410436147000027 ], [ -4.569583958999941, 40.410715487000061 ], [ -4.569634223999969, 40.410849934000048 ], [ -4.569707213999948, 40.410948038000058 ], [ -4.569910014999948, 40.411053389000074 ], [ -4.569774491999964, 40.411307471000043 ], [ -4.569718720999959, 40.411443358000042 ], [ -4.569732385999941, 40.411524250000063 ], [ -4.569829151999954, 40.411631040000024 ], [ -4.569983988999979, 40.411701007000026 ], [ -4.570257273999971, 40.411796391000053 ], [ -4.570317647999957, 40.41185863100003 ], [ -4.570320996999953, 40.412002724000054 ], [ -4.570209036999927, 40.412256487000036 ], [ -4.570210292999946, 40.412310522000041 ], [ -4.570281611999975, 40.412336579000062 ], [ -4.570421949999968, 40.412289630000032 ], [ -4.570583547999945, 40.412143296000067 ], [ -4.570725558999924, 40.412168393000051 ], [ -4.571012722999967, 40.412353673000041 ], [ -4.57108634599996, 40.412478794000045 ], [ -4.571138080999958, 40.412676281000081 ], [ -4.571304075999932, 40.41271906900004 ], [ -4.571681310999964, 40.412722950000045 ], [ -4.571847515999934, 40.41277474300005 ], [ -4.572133847999964, 40.412923997000064 ], [ -4.572252296999977, 40.412949412000046 ], [ -4.57263858999994, 40.412836055000071 ], [ -4.572663620999947, 40.412898775000023 ], [ -4.572595862999946, 40.413025817000062 ], [ -4.572492129999943, 40.413126323000036 ], [ -4.572387138999942, 40.413172794000047 ], [ -4.572033256999929, 40.413159589000024 ], [ -4.571689689999971, 40.413083182000037 ], [ -4.571312871999964, 40.413097312000048 ], [ -4.571172114999967, 40.413126251000044 ], [ -4.571032612999943, 40.413209224000077 ], [ -4.570893531999957, 40.413310209000024 ], [ -4.570710041999973, 40.413528909000036 ], [ -4.570593475999941, 40.413584545000049 ], [ -4.570051913999976, 40.413609917000031 ], [ -4.569712531999926, 40.413713620000067 ], [ -4.569607955999969, 40.413778100000052 ], [ -4.56950463499993, 40.413896615000056 ], [ -4.569426551999925, 40.414086857000022 ], [ -4.569546048999939, 40.414157304000071 ], [ -4.56962894299994, 40.414174196000026 ], [ -4.569701310999959, 40.414245282000017 ], [ -4.56971957899998, 40.414524302000075 ], [ -4.569675587999939, 40.414660029000053 ], [ -4.56960761299996, 40.414778064000068 ], [ -4.569213494999928, 40.415062682000034 ], [ -4.569006639999942, 40.415290705000082 ], [ -4.568871314999968, 40.415553792000026 ], [ -4.568839102999959, 40.415689359000048 ], [ -4.568840984999952, 40.415770411000032 ], [ -4.568913353999961, 40.415841498000077 ], [ -4.569079355999974, 40.415884289000083 ], [ -4.569434506999926, 40.415951537000069 ], [ -4.569506039999965, 40.415986601000029 ], [ -4.569571227999973, 40.41625597500007 ], [ -4.569632026999955, 40.41633622800002 ], [ -4.569786873999931, 40.416406195000043 ], [ -4.569964660999972, 40.416448824000042 ], [ -4.570227228999954, 40.416589396000056 ], [ -4.570404806999933, 40.416623019000042 ], [ -4.571123762999945, 40.416622260000054 ], [ -4.571294135999949, 40.416646971000034 ], [ -4.570840919999966, 40.417130587000038 ], [ -4.570739480999976, 40.417330155000052 ], [ -4.570764302999976, 40.417383870000037 ], [ -4.570941464999977, 40.417399480000029 ], [ -4.571023525999976, 40.417380348000052 ], [ -4.571195870999929, 40.417188825000032 ], [ -4.57168613999994, 40.416983971000043 ], [ -4.571862252999948, 40.41695455100006 ], [ -4.572344926999961, 40.416929971000059 ], [ -4.572510933999978, 40.416972757000053 ], [ -4.572894901999973, 40.417264819000039 ], [ -4.573037343999942, 40.417307924000049 ], [ -4.573591345999944, 40.417309394000021 ], [ -4.573674454999947, 40.417335289000064 ], [ -4.573334850999969, 40.417429997000042 ], [ -4.573183141999948, 40.417495122000048 ], [ -4.57288055999993, 40.417661394000049 ], [ -4.572787765999976, 40.417725717000046 ], [ -4.572675806999939, 40.417979481000025 ], [ -4.572548498999936, 40.418080308000071 ], [ -4.572373432999939, 40.418154758000064 ], [ -4.572209307999969, 40.418193024000068 ], [ -4.572021409999934, 40.418222605000039 ], [ -4.57146739999996, 40.418221128000027 ], [ -4.570726116999936, 40.418276244000026 ], [ -4.570574194999949, 40.418332359000026 ], [ -4.57048160599993, 40.418405686000035 ], [ -4.570437613999957, 40.418541413000064 ], [ -4.570373613999947, 40.418830559000071 ], [ -4.570375497999975, 40.418911611000055 ], [ -4.570472275999975, 40.41901840000002 ], [ -4.570674891999942, 40.419114743000073 ], [ -4.570618906999926, 40.419241624000044 ], [ -4.570610474999967, 40.419385877000025 ], [ -4.570624979999933, 40.419502792000053 ], [ -4.570685989999959, 40.419592050000055 ], [ -4.57078151199994, 40.419644804000029 ], [ -4.571324169999968, 40.419664456000078 ], [ -4.571667769999976, 40.419740863000072 ], [ -4.571856930999957, 40.419765318000032 ], [ -4.572222630999931, 40.419778363000042 ], [ -4.57240042799998, 40.419820988000019 ], [ -4.572674168999981, 40.419934377000054 ], [ -4.572746964999964, 40.420023473000072 ], [ -4.572775143999934, 40.420221280000078 ], [ -4.572917802999938, 40.420273391000073 ], [ -4.573106755999959, 40.420288837000044 ], [ -4.573460045999981, 40.420275021000066 ], [ -4.57364920899994, 40.42029947300005 ], [ -4.573815434999971, 40.420351262000054 ], [ -4.573970506999956, 40.420430229000047 ], [ -4.574029632999952, 40.420438432000033 ], [ -4.57403173199998, 40.420528490000031 ], [ -4.573882953999941, 40.420719697000045 ], [ -4.573884212999928, 40.420773731000054 ], [ -4.574003095999955, 40.420817156000048 ], [ -4.574368592999974, 40.420821189000044 ], [ -4.574544923999952, 40.420800770000028 ], [ -4.574696639999956, 40.420735643000057 ], [ -4.574767129999941, 40.420725675000014 ], [ -4.574851921999936, 40.420823615000074 ], [ -4.574955637999949, 40.421227590000058 ], [ -4.57501749599993, 40.421352869000032 ], [ -4.57514942399996, 40.421450166000056 ], [ -4.575292506999971, 40.421520286000032 ], [ -4.57542254599997, 40.421536531000065 ], [ -4.575563107999926, 40.421498581000037 ], [ -4.575702619999958, 40.421415603000071 ], [ -4.575817933999928, 40.421305927000056 ], [ -4.575909260999936, 40.421178562000065 ], [ -4.576024784999959, 40.421077892000028 ], [ -4.57616408399997, 40.420985907000038 ], [ -4.576516115999937, 40.420918047000036 ], [ -4.576691814999947, 40.420870608000044 ], [ -4.577056050999943, 40.420820598000041 ], [ -4.577219756999966, 40.420764313000056 ], [ -4.577383252999936, 40.420699022000058 ], [ -4.577626917999964, 40.420533542000044 ], [ -4.577873315999966, 40.420485137000071 ], [ -4.577965058999951, 40.420375781000068 ], [ -4.577997883999955, 40.420267230000029 ], [ -4.578101408999943, 40.420157713000044 ], [ -4.57838, 40.419973738000067 ], [ -4.57859861999998, 40.419745537000033 ], [ -4.578678576999947, 40.419636342000054 ], [ -4.578719185999944, 40.419356520000065 ], [ -4.578763160999927, 40.419220790000061 ], [ -4.57884269599998, 40.419093583000056 ], [ -4.578900347999934, 40.419038744000041 ], [ -4.579076673999964, 40.419018319000024 ], [ -4.579442370999971, 40.41903134100005 ], [ -4.57961848499997, 40.419001910000077 ], [ -4.579770190999966, 40.418936777000049 ], [ -4.579863191999948, 40.418881454000029 ], [ -4.580392585999959, 40.418838185000027 ], [ -4.580556494999938, 40.418790901000079 ], [ -4.580696837999938, 40.41874393900008 ], [ -4.580789204999974, 40.418661599000067 ], [ -4.58081171799995, 40.418616248000042 ], [ -4.580634129999964, 40.41858264100005 ], [ -4.580210573999977, 40.418615457000037 ], [ -4.580184901999928, 40.418525721000037 ], [ -4.580228873999943, 40.418389991000019 ], [ -4.580296411999939, 40.418253938000078 ], [ -4.580387936999955, 40.418135575000058 ], [ -4.580515230999936, 40.41803474000006 ], [ -4.58067850599997, 40.417960439000076 ], [ -4.581358118999958, 40.417788991000059 ], [ -4.581521602999943, 40.417723694000074 ], [ -4.581649105999929, 40.417631864000043 ], [ -4.581752620999964, 40.417522344000076 ], [ -4.581833834999941, 40.41746718200006 ], [ -4.581963446999963, 40.417465408000048 ], [ -4.582114934999936, 40.417391266000031 ], [ -4.582242436999934, 40.417299435000075 ], [ -4.582516995999981, 40.416944341000033 ], [ -4.582632923999939, 40.416861677000036 ], [ -4.582809663999967, 40.416859258000038 ], [ -4.583117417999971, 40.416616316000038 ], [ -4.583133458999953, 40.416593574000039 ], [ -4.583223921999944, 40.416430180000084 ], [ -4.583386133999965, 40.416310847000041 ], [ -4.583550667999931, 40.416290576000051 ], [ -4.583680698999956, 40.41630681300007 ], [ -4.583740666999971, 40.416351034000044 ], [ -4.583755616999951, 40.416485959000056 ], [ -4.583793919999947, 40.416611555000031 ], [ -4.583891136999966, 40.416736344000064 ], [ -4.583939111999939, 40.416771722000071 ], [ -4.584055671999977, 40.416716073000018 ], [ -4.584342001999971, 40.41636081300004 ], [ -4.584445932999927, 40.416269303000028 ], [ -4.584609408999937, 40.416204002000022 ], [ -4.584962041999972, 40.416163134000037 ], [ -4.585209686999973, 40.416168748000075 ], [ -4.585094184999946, 40.416269426000035 ], [ -4.584802578999926, 40.416399545000047 ], [ -4.584722423999949, 40.416499738000034 ], [ -4.584669847999976, 40.416770717000077 ], [ -4.584685901999933, 40.417455153000041 ], [ -4.584807743999932, 40.417624647000032 ], [ -4.584704022999972, 40.417725164000039 ], [ -4.584459117999928, 40.417836623000035 ], [ -4.584414099999947, 40.417927327000022 ], [ -4.58441705599995, 40.418053407000052 ], [ -4.58447829299996, 40.41815166300006 ], [ -4.584742164999966, 40.418346236000041 ], [ -4.584801712999933, 40.418372446000028 ], [ -4.584815398999979, 40.41845333600002 ], [ -4.584735240999976, 40.418553529000071 ], [ -4.584595745999933, 40.418636519000074 ], [ -4.58443226299994, 40.418701820000081 ], [ -4.584268357999974, 40.418749109000025 ], [ -4.584117078999952, 40.418832259000062 ], [ -4.584013353999978, 40.41893277500003 ], [ -4.583793487999969, 40.419106951000067 ], [ -4.583725744999981, 40.419233999000028 ], [ -4.583727433999968, 40.419306045000035 ], [ -4.583895564999977, 40.419438872000043 ], [ -4.583875166999974, 40.419574280000063 ], [ -4.583795639999949, 40.419701491000069 ], [ -4.583588820999978, 40.419929539000066 ], [ -4.583349393999981, 40.420275146000044 ], [ -4.583340776999933, 40.420410393000054 ], [ -4.583355304999941, 40.420527306000054 ], [ -4.583428115999936, 40.420616395000017 ], [ -4.583455059999949, 40.420760164000058 ], [ -4.583480104999978, 40.420822882000039 ], [ -4.583634975999928, 40.420892829000024 ], [ -4.58380121099998, 40.420944604000056 ], [ -4.584300547999931, 40.421126944000029 ], [ -4.58446678499996, 40.421178718000071 ], [ -4.584797987999935, 40.421228230000047 ], [ -4.584927184999969, 40.421208442000065 ], [ -4.58517083199996, 40.421042947000046 ], [ -4.585346736999952, 40.421004500000031 ], [ -4.586065735999966, 40.42100364800006 ], [ -4.586335906999977, 40.420963907000051 ], [ -4.58650821599997, 40.420772362000044 ], [ -4.586501870999939, 40.420502190000029 ], [ -4.586522264999927, 40.420366781000041 ], [ -4.586566225999945, 40.420231049000051 ], [ -4.586677711999926, 40.419959260000041 ], [ -4.586869986999943, 40.419614294000041 ], [ -4.58695119999993, 40.41955912700007 ], [ -4.587127523999926, 40.419538690000032 ], [ -4.58727922199995, 40.419473547000052 ], [ -4.587418715999945, 40.419390554000074 ], [ -4.587565969999956, 40.419136291000022 ], [ -4.587784767999949, 40.418917080000028 ], [ -4.587967791999971, 40.418680342000073 ], [ -4.588047308999932, 40.418553129000024 ], [ -4.588061348999929, 40.418147548000022 ], [ -4.588095002999978, 40.418075017000035 ], [ -4.588056902999937, 40.417958428000063 ], [ -4.587996929999974, 40.41791420900006 ], [ -4.58800744399997, 40.417860013000052 ], [ -4.588300953999976, 40.417810938000059 ], [ -4.588440442999968, 40.417727944000035 ], [ -4.588543946999947, 40.417618419000064 ], [ -4.58857611899998, 40.417482847000024 ], [ -4.588621767999939, 40.417419160000065 ], [ -4.588680469999929, 40.417409344000077 ], [ -4.58869860599998, 40.417679354000036 ], [ -4.58891013899995, 40.418153904000057 ], [ -4.589064798999971, 40.418214839000022 ], [ -4.589208311999926, 40.418302953000072 ], [ -4.589256502999944, 40.418347333000042 ], [ -4.589119979999964, 40.418556408000015 ], [ -4.589114552999945, 40.418826741000032 ], [ -4.589141084999937, 40.41895249800006 ], [ -4.58922653199994, 40.419077444000038 ], [ -4.589753885999925, 40.419448556000077 ], [ -4.590064061999954, 40.419606446000039 ], [ -4.590206731999956, 40.419658536000043 ], [ -4.590383690999943, 40.419665110000039 ], [ -4.59055958999994, 40.419626656000048 ], [ -4.59114068499997, 40.41927633300002 ], [ -4.591267964999929, 40.419175487000075 ], [ -4.591547787999957, 40.419045515000036 ], [ -4.591901066999981, 40.41903164200005 ], [ -4.592077385999971, 40.419011197000032 ], [ -4.592194580999944, 40.418982558000039 ], [ -4.59224064999995, 40.418936880000047 ], [ -4.592215172999942, 40.418856154000025 ], [ -4.592083438999963, 40.418767881000065 ], [ -4.591857864999952, 40.418698918000075 ], [ -4.591856379999967, 40.418635878000032 ], [ -4.591995864999944, 40.41855288000005 ], [ -4.592065288999946, 40.418497873000035 ], [ -4.592085882999925, 40.418371468000032 ], [ -4.591986950999967, 40.418174641000064 ], [ -4.592009030999975, 40.41811127700003 ], [ -4.592161146999955, 40.418064139000073 ], [ -4.592337889999953, 40.418061705000078 ], [ -4.592704218999927, 40.418101702000044 ], [ -4.59278669899993, 40.418100566000085 ], [ -4.59337138099994, 40.417903329000055 ], [ -4.593674333999957, 40.417755016000058 ], [ -4.594001489999925, 40.417633394000056 ], [ -4.594245739999963, 40.417494897000047 ], [ -4.594610578999948, 40.417471849000044 ], [ -4.594658133999928, 40.417489210000028 ], [ -4.594613979999963, 40.417615940000069 ], [ -4.594581819999974, 40.417751513000042 ], [ -4.594556249999926, 40.418166262000057 ], [ -4.594523665999929, 40.418283823000024 ], [ -4.594575259999942, 40.418472293000036 ], [ -4.594356273999949, 40.418682511000029 ], [ -4.594217002999926, 40.418774517000017 ], [ -4.593888780999975, 40.418851111000031 ], [ -4.593737513999939, 40.418934274000037 ], [ -4.593494957999951, 40.419144816000028 ], [ -4.593403454999929, 40.419263189000048 ], [ -4.593347512999969, 40.419390080000028 ], [ -4.593318748999933, 40.419669744000025 ], [ -4.593369067999959, 40.419804180000028 ], [ -4.593358771999931, 40.419867382000064 ], [ -4.592698173999962, 40.420344932000035 ], [ -4.592628959999956, 40.420408945000077 ], [ -4.592631507999954, 40.420517014000048 ], [ -4.59273023299994, 40.420704835000031 ], [ -4.592664628999955, 40.420921945000025 ], [ -4.592738301999929, 40.42104705100008 ], [ -4.592835329999957, 40.421162826000042 ], [ -4.593207623999945, 40.421454981000061 ], [ -4.593424823999953, 40.421668195000045 ], [ -4.593676525999967, 40.421844898000074 ], [ -4.594031518999941, 40.421903064000048 ], [ -4.594197549999933, 40.42194581800004 ], [ -4.594374727999933, 40.421961392000078 ], [ -4.594928764999963, 40.421962759000046 ], [ -4.59528099299996, 40.421903848000056 ], [ -4.595445749999953, 40.421892566000054 ], [ -4.595634711999935, 40.421907976000064 ], [ -4.596332916999927, 40.422024459000056 ], [ -4.59687538399993, 40.422034985000039 ], [ -4.597051711999939, 40.422014532000055 ], [ -4.597568054999954, 40.421917312000055 ], [ -4.597756590999951, 40.421914707000049 ], [ -4.598277193999934, 40.421997598000068 ], [ -4.598453946999938, 40.421995154000058 ], [ -4.59861763699996, 40.421938839000056 ], [ -4.598827607999964, 40.421845850000054 ], [ -4.599003719999927, 40.421816389000078 ], [ -4.599180897999928, 40.421831955000066 ], [ -4.599358715999927, 40.421874539000051 ], [ -4.599713072999975, 40.421905671000047 ], [ -4.600056499999937, 40.42197298800005 ], [ -4.600233678999928, 40.421988553000055 ], [ -4.600586116999978, 40.421938631000039 ], [ -4.600692167999965, 40.421937163000045 ], [ -4.600775504999945, 40.421972043000032 ], [ -4.600825413999929, 40.422088464000062 ], [ -4.600828828999965, 40.422232555000058 ], [ -4.600714789999926, 40.422891762000056 ], [ -4.600611296999944, 40.423001298000038 ], [ -4.600472027999956, 40.423093312000049 ], [ -4.600157069999966, 40.42323280100004 ], [ -4.59988924299995, 40.423371636000077 ], [ -4.599832031999937, 40.423444497000048 ], [ -4.599845094999978, 40.423498368000033 ], [ -4.599999351999941, 40.42354127600003 ], [ -4.600531113999978, 40.423596976000049 ], [ -4.600708082999973, 40.423603535000041 ], [ -4.601072952999971, 40.423580465000036 ], [ -4.601237284999968, 40.423551164000052 ], [ -4.601388764999967, 40.42347699700008 ], [ -4.601516037999943, 40.42337613900002 ], [ -4.601595533999954, 40.423248918000077 ], [ -4.601838078999947, 40.423038360000085 ], [ -4.601989769999931, 40.422973198000072 ], [ -4.602329360999931, 40.422878406000052 ], [ -4.602682227999934, 40.422846489000044 ], [ -4.602834559999962, 40.422808343000042 ], [ -4.603101520999928, 40.42263347800008 ], [ -4.60326499599995, 40.422568151000064 ], [ -4.603605008999978, 40.422491367000063 ], [ -4.604158620999953, 40.422474679000068 ], [ -4.604581116999952, 40.42239674700005 ], [ -4.604700663999949, 40.422467157000014 ], [ -4.60495624999993, 40.422805936000032 ], [ -4.605051801999934, 40.422858661000078 ], [ -4.605229198999949, 40.422883224000032 ], [ -4.605559139999968, 40.422878643000047 ], [ -4.605640767999943, 40.422841475000034 ], [ -4.605720684999937, 40.422732262000068 ], [ -4.605750682999939, 40.422506630000044 ], [ -4.605831240999975, 40.422424434000042 ], [ -4.605948219999958, 40.422386774000067 ], [ -4.606051701999946, 40.422277234000028 ], [ -4.606154968999931, 40.422158687000049 ], [ -4.606279661999963, 40.42194975700005 ], [ -4.606419134999953, 40.421866742000077 ], [ -4.606595243999947, 40.421837269000029 ], [ -4.607125497999959, 40.421829900000034 ], [ -4.607266683999966, 40.421818929000032 ], [ -4.607418153999958, 40.421744754000031 ], [ -4.607757943999957, 40.42165895200003 ], [ -4.607909196999969, 40.42157577100005 ], [ -4.608151930999951, 40.42137420600006 ], [ -4.60837259799996, 40.421236007000061 ], [ -4.60926855799994, 40.421241557000037 ], [ -4.609621626999967, 40.421218625000051 ], [ -4.609797946999946, 40.421198153000027 ], [ -4.609961624999925, 40.421141823000021 ], [ -4.610333323999953, 40.420911431000043 ], [ -4.610686818999966, 40.420906507000041 ], [ -4.611177633999944, 40.420728505000042 ], [ -4.611307033999936, 40.420717693000036 ], [ -4.611650680999957, 40.420793981000024 ], [ -4.612015529999951, 40.420770877000045 ], [ -4.612367950999953, 40.420720920000058 ], [ -4.612871402999929, 40.420578769000031 ], [ -4.613186321999933, 40.420439247000047 ], [ -4.613430540999957, 40.420300710000049 ], [ -4.613512807999939, 40.420290553000029 ], [ -4.613775908999969, 40.420449036000029 ], [ -4.61395373099998, 40.420491597000073 ], [ -4.614130262999937, 40.420480124000044 ], [ -4.614318362999938, 40.420459481000073 ], [ -4.614399983999931, 40.420422307000081 ], [ -4.614491450999934, 40.420303918000052 ], [ -4.614501941999947, 40.420249719000019 ], [ -4.614584208999929, 40.420239562000063 ], [ -4.614679765999938, 40.420292279000087 ], [ -4.614774244999977, 40.420299968000045 ], [ -4.614995110999928, 40.420170763000037 ], [ -4.615879270999926, 40.420176427000065 ], [ -4.616159478999975, 40.420064407000041 ], [ -4.61621688599996, 40.420000544000047 ], [ -4.616380770999967, 40.419953210000067 ], [ -4.616557515999943, 40.419950739000058 ], [ -4.616734908999944, 40.419975285000078 ], [ -4.616912731999946, 40.42001784100006 ], [ -4.617255948999968, 40.420076101000056 ], [ -4.617432909999935, 40.420082634000046 ], [ -4.617797536999945, 40.420050507000042 ], [ -4.617960989999972, 40.419985159000078 ], [ -4.618112443999962, 40.419910971000036 ], [ -4.618343141999958, 40.419700544000086 ], [ -4.618412760999945, 40.419654527000048 ], [ -4.618507239999929, 40.419662213000031 ], [ -4.618603014999962, 40.419723932000068 ], [ -4.618745057999945, 40.419748969000068 ], [ -4.61885067399993, 40.419729474000064 ], [ -4.618920506999928, 40.419692461000061 ], [ -4.619085684999958, 40.419699157000025 ], [ -4.619251508999979, 40.419732869000029 ], [ -4.619428253999956, 40.419730394000055 ], [ -4.619592135999937, 40.419683055000064 ], [ -4.619708454999966, 40.419618365000069 ], [ -4.619788343999971, 40.419509143000042 ], [ -4.61980867099993, 40.419373729000029 ], [ -4.619779705999973, 40.419148920000048 ], [ -4.619802191999951, 40.419103562000018 ], [ -4.620266691999972, 40.419304251000028 ], [ -4.620444513999928, 40.419346802000064 ], [ -4.620585909999932, 40.419344821000031 ], [ -4.62071444199995, 40.419297976000038 ], [ -4.621002314999942, 40.419014674000046 ], [ -4.621166193999954, 40.418967333000069 ], [ -4.621295803999942, 40.418965516000064 ], [ -4.621447468999974, 40.418900329000046 ], [ -4.621562702999938, 40.418790609000048 ], [ -4.621596537999949, 40.418727075000056 ], [ -4.621713283999951, 40.41868039400002 ], [ -4.622373984999967, 40.418707160000039 ], [ -4.622537645999955, 40.418650811000077 ], [ -4.622676875999958, 40.418558771000065 ], [ -4.622852751999972, 40.418520269000062 ], [ -4.623145156999954, 40.418426078000039 ], [ -4.623510420999935, 40.418420950000034 ], [ -4.624189055999977, 40.418213229000045 ], [ -4.624353362999955, 40.418183895000027 ], [ -4.624505021999935, 40.418118704000044 ], [ -4.624573984999925, 40.418045666000062 ], [ -4.624594084999956, 40.417901247000032 ], [ -4.62456618899995, 40.417721467000028 ], [ -4.624694497999939, 40.417665612000057 ], [ -4.624847670999941, 40.417663460000028 ], [ -4.624906150999948, 40.417644621000079 ], [ -4.624989278999976, 40.417670478000048 ], [ -4.625039658999981, 40.417804899000032 ], [ -4.625076305999927, 40.417858435000035 ], [ -4.625230346999956, 40.417892305000059 ], [ -4.625383303999968, 40.417881146000063 ], [ -4.625546743999961, 40.417815788000034 ], [ -4.62578962699996, 40.417623192000065 ], [ -4.625953065999965, 40.417557834000036 ], [ -4.62612893599993, 40.417519326000054 ], [ -4.626600238999969, 40.41751269700007 ], [ -4.626890898999932, 40.417346452000061 ], [ -4.626994988999968, 40.417263910000024 ], [ -4.62715886099994, 40.417216561000032 ], [ -4.627335162999941, 40.417196063000063 ], [ -4.627511899999945, 40.417193575000056 ], [ -4.627783764999947, 40.41722578200006 ], [ -4.627935418999924, 40.417160587000069 ], [ -4.628287373999967, 40.417092571000069 ], [ -4.628614677999964, 40.416979858000047 ], [ -4.628802326999959, 40.416941180000045 ], [ -4.629178467999963, 40.41679174300004 ], [ -4.629207761999965, 40.416647193000067 ], [ -4.62919293999994, 40.41652128100003 ], [ -4.629215416999955, 40.416475921000021 ], [ -4.629450847999976, 40.416463595000039 ], [ -4.629471370999966, 40.416337186000064 ], [ -4.629421635999961, 40.416229783000055 ], [ -4.629132562999928, 40.415972608000061 ], [ -4.629143259999978, 40.415927414000066 ], [ -4.629237515999931, 40.415926086000063 ], [ -4.629331991999948, 40.415933763000048 ], [ -4.629497811999953, 40.415967461000037 ], [ -4.629652718999978, 40.41603734600006 ], [ -4.629773148999959, 40.416143752000039 ], [ -4.629868492999946, 40.416187451000042 ], [ -4.63004566199993, 40.416202970000029 ], [ -4.630400433999966, 40.416252020000059 ], [ -4.630576949999976, 40.416240522000066 ], [ -4.630717685999969, 40.416211512000068 ], [ -4.63099654599995, 40.41604542400006 ], [ -4.631287622999935, 40.415897180000059 ], [ -4.631652001999952, 40.415856004000034 ], [ -4.632494661999942, 40.41560988600002 ], [ -4.633021809999946, 40.415476321000028 ], [ -4.633197888999973, 40.415446809000059 ], [ -4.633562482999935, 40.415414632000079 ], [ -4.634104676999925, 40.415415979000038 ], [ -4.634820987999944, 40.415306759000025 ], [ -4.635312565999925, 40.415164679000043 ], [ -4.635451988999932, 40.415081629000035 ], [ -4.635565884999949, 40.414917863000028 ], [ -4.63579257699996, 40.415031768000063 ], [ -4.635968871999978, 40.41501125700006 ], [ -4.636799285999928, 40.41474726400002 ], [ -4.637277763999975, 40.414551309000039 ], [ -4.637394055999948, 40.414486602000061 ], [ -4.637758640999948, 40.414454412000055 ], [ -4.638262423999947, 40.414330164000035 ], [ -4.638425841999947, 40.414264788000033 ], [ -4.638843872999928, 40.414006623000034 ], [ -4.639110265999932, 40.413813667000056 ], [ -4.639261463999958, 40.413730446000052 ], [ -4.639449097999943, 40.413691751000044 ], [ -4.639625605999924, 40.413680240000076 ], [ -4.639789676999953, 40.413641878000085 ], [ -4.640128287999972, 40.413510955000049 ], [ -4.64029213799995, 40.41346358800007 ], [ -4.640489803999969, 40.413352681000042 ], [ -4.64075009499993, 40.413394030000056 ], [ -4.640901288999942, 40.413310807000066 ], [ -4.641096765999975, 40.413109844000068 ], [ -4.641155235999975, 40.413090997000033 ], [ -4.641347242999927, 40.413232409000045 ], [ -4.642077488999973, 40.413213032000044 ], [ -4.642573413999969, 40.413251031000073 ], [ -4.642737043999944, 40.413194654000051 ], [ -4.642888452999955, 40.413120435000053 ], [ -4.643004736999956, 40.413055722000031 ], [ -4.643063206999955, 40.413036874000056 ], [ -4.643088960999933, 40.413126594000062 ], [ -4.643021336999936, 40.413253675000078 ], [ -4.643015248999973, 40.413487985000074 ], [ -4.643100566999975, 40.413603884000054 ], [ -4.643783299999939, 40.414053618000025 ], [ -4.643856401999925, 40.414151673000042 ], [ -4.643927969999936, 40.414186690000065 ], [ -4.644103820999931, 40.414148155000071 ], [ -4.644267451999951, 40.414091777000074 ], [ -4.644407078999961, 40.414017722000025 ], [ -4.644546049999974, 40.413916651000079 ], [ -4.644662770999958, 40.413869948000055 ], [ -4.644721460999961, 40.413860105000019 ], [ -4.644665620999946, 40.413987019000039 ], [ -4.644645345999947, 40.414122437000067 ], [ -4.644648854999958, 40.414266524000027 ], [ -4.644702557999949, 40.414536018000035 ], [ -4.644687543999964, 40.414887566000061 ], [ -4.644759331999978, 40.414931588000059 ], [ -4.644936281999946, 40.414938079000081 ], [ -4.64511257199996, 40.414917554000048 ], [ -4.645288203999939, 40.414870012000051 ], [ -4.645464932999971, 40.414867497000039 ], [ -4.645736795999937, 40.414899662000039 ], [ -4.645876423999936, 40.414825606000079 ], [ -4.645968704999973, 40.414743215000044 ], [ -4.646132334999947, 40.414686834000058 ], [ -4.646248836999972, 40.414631124000039 ], [ -4.646340239999972, 40.414512711000029 ], [ -4.646397831999934, 40.414457839000072 ], [ -4.647079643999972, 40.414385068000058 ], [ -4.647358014999951, 40.414200931000046 ], [ -4.647521204999975, 40.414126537000072 ], [ -4.647731301999954, 40.414042466000069 ], [ -4.647744839999972, 40.414114342000062 ], [ -4.647458638999978, 40.414460746000039 ], [ -4.646966068999973, 40.41504431300006 ], [ -4.646735478999972, 40.415254795000067 ], [ -4.646468880999976, 40.415438763000047 ], [ -4.645887677999951, 40.415771347000017 ], [ -4.645691330999966, 40.415936296000055 ], [ -4.64569374399997, 40.416035356000066 ], [ -4.64585283599996, 40.416276323000041 ], [ -4.645924845999956, 40.416329350000069 ], [ -4.646278530999949, 40.41633332300006 ], [ -4.646454385999959, 40.416294785000034 ], [ -4.646582233999935, 40.416220895000045 ], [ -4.646688053999981, 40.416210380000052 ], [ -4.646973240999954, 40.41630541200005 ], [ -4.647143021999966, 40.416501182000054 ], [ -4.647262161999947, 40.416553536000031 ], [ -4.647438894999936, 40.416551018000064 ], [ -4.647615189999954, 40.416530489000024 ], [ -4.647872421999978, 40.416445746000072 ], [ -4.648038250999946, 40.416479417000055 ], [ -4.648098040999969, 40.416514599000038 ], [ -4.648203201999934, 40.416477066000034 ], [ -4.648352195999962, 40.416303778000049 ], [ -4.648411106999959, 40.416302939000055 ], [ -4.64852351899998, 40.416562585000058 ], [ -4.648620193999932, 40.416660301000043 ], [ -4.648727332999953, 40.416703816000052 ], [ -4.648856717999934, 40.416692962000063 ], [ -4.648973441999942, 40.416646255000046 ], [ -4.649065061999976, 40.416536845000039 ], [ -4.649132896999959, 40.416418766000049 ], [ -4.649260301999959, 40.416326863000045 ], [ -4.649411491999955, 40.416243629000057 ], [ -4.64953999599993, 40.416196753000058 ], [ -4.649705165999933, 40.416203405000026 ], [ -4.649823647999937, 40.416228740000058 ], [ -4.649884317999977, 40.41629994300007 ], [ -4.650014801999931, 40.416334115000041 ], [ -4.650261346999969, 40.416294562000068 ], [ -4.650356925999972, 40.416347249000069 ], [ -4.650480026999958, 40.416561698000066 ], [ -4.650634955999977, 40.416631555000045 ], [ -4.650977959999977, 40.41668070900004 ], [ -4.651154033999944, 40.416651169000033 ], [ -4.651329445999977, 40.416594613000015 ], [ -4.651608035999971, 40.416419470000051 ], [ -4.651910849999979, 40.416271007000034 ], [ -4.65218899599995, 40.41607785300004 ], [ -4.65228038999993, 40.415959435000055 ], [ -4.652301750999924, 40.415869044000033 ], [ -4.652382462999981, 40.415795822000064 ], [ -4.652488061999975, 40.41577629600004 ], [ -4.652603458999977, 40.415675552000039 ], [ -4.65267216899997, 40.415593493000067 ], [ -4.652811790999976, 40.415519428000032 ], [ -4.652988079999943, 40.415498891000027 ], [ -4.653164588999971, 40.415487359000046 ], [ -4.653317094999977, 40.415458152000042 ], [ -4.653526304999957, 40.41533804900007 ], [ -4.653767553999956, 40.415082359000039 ], [ -4.653915427999948, 40.414864038000069 ], [ -4.653922359999968, 40.41466575000004 ], [ -4.653778993999936, 40.41458672300007 ], [ -4.653434673999925, 40.414483545000053 ], [ -4.653125041999941, 40.414352843000074 ], [ -4.653029685999968, 40.414309164000038 ], [ -4.653005020999955, 40.414264474000042 ], [ -4.653169965999949, 40.414262115000028 ], [ -4.653336012999945, 40.41430478400008 ], [ -4.654055584999981, 40.414330527000068 ], [ -4.654231429999926, 40.414291976000072 ], [ -4.65472273599994, 40.41414080900006 ], [ -4.655037754999967, 40.414010180000048 ], [ -4.655328546999955, 40.413852871000081 ], [ -4.655668230999936, 40.413766931000055 ], [ -4.655786046999935, 40.413765244000054 ], [ -4.655940974999965, 40.413835093000046 ], [ -4.656072780999978, 40.41392329100006 ], [ -4.656382638999957, 40.414062990000048 ], [ -4.656548465999946, 40.41409664900003 ], [ -4.656867014999931, 40.414110101000055 ], [ -4.65702194599993, 40.414179950000069 ], [ -4.657199553999931, 40.414213439000036 ], [ -4.657565231999968, 40.414226214000053 ], [ -4.657683931999941, 40.414260547000033 ], [ -4.657732163999981, 40.414304898000061 ], [ -4.657896224999945, 40.414266511000058 ], [ -4.65822301999998, 40.414135705000035 ], [ -4.658316831999969, 40.414116342000057 ], [ -4.65848310299998, 40.414168009000029 ], [ -4.658590686999957, 40.414229526000028 ], [ -4.658756514999936, 40.414263181000081 ], [ -4.658910781999964, 40.414306011000065 ], [ -4.659174847999964, 40.41450041000008 ], [ -4.659317998999938, 40.414570425000079 ], [ -4.659389131999944, 40.414587421000078 ], [ -4.659404231999928, 40.414722333000029 ], [ -4.659465794999959, 40.414829552000064 ], [ -4.659585383999968, 40.414899904000038 ], [ -4.659751435999964, 40.414942563000068 ], [ -4.659881036999934, 40.414940703000056 ], [ -4.659939282999972, 40.414912841000053 ], [ -4.660033979999979, 40.414929499000046 ], [ -4.660095543999943, 40.41503671800006 ], [ -4.660227136999937, 40.41511590500005 ], [ -4.660393854999938, 40.415185580000063 ], [ -4.660843558999942, 40.415260198000063 ], [ -4.661007177999977, 40.415203796000064 ], [ -4.661667671999965, 40.414743877000035 ], [ -4.66193444399994, 40.414568880000047 ], [ -4.662328155999945, 40.414283954000041 ], [ -4.662618710999936, 40.414117622000056 ], [ -4.663024419999942, 40.41384153100006 ], [ -4.663117343999943, 40.413786143000038 ], [ -4.663481908999927, 40.413753872000029 ], [ -4.66364574399995, 40.413706472000065 ], [ -4.663703764999979, 40.413669603000066 ], [ -4.664178331999949, 40.414275356000076 ], [ -4.663925787999971, 40.414549248000064 ], [ -4.663798405999955, 40.414641167000063 ], [ -4.663531637999938, 40.414816168000073 ], [ -4.663265311999965, 40.415009180000027 ], [ -4.663206846999969, 40.415028038000052 ], [ -4.66270975599997, 40.41542255600006 ], [ -4.662479213999973, 40.415633068000034 ], [ -4.662308245999952, 40.41586974900008 ], [ -4.66229420999997, 40.416257320000064 ], [ -4.662309315999948, 40.416392231000032 ], [ -4.662371550999978, 40.416526465000068 ], [ -4.662479806999953, 40.416614994000042 ], [ -4.662529595999956, 40.416722381000049 ], [ -4.662459122999962, 40.416732403000019 ], [ -4.661728184999959, 40.416724893000037 ], [ -4.661008143999936, 40.416681188000034 ], [ -4.660654678999946, 40.416686265000067 ], [ -4.660608656999954, 40.416731969000068 ], [ -4.660587748999944, 40.416840372000024 ], [ -4.660293363999926, 40.417331063000063 ], [ -4.660201761999929, 40.417440481000042 ], [ -4.660165307999931, 40.417395962000057 ], [ -4.66028141199996, 40.416844772000054 ], [ -4.660290980999946, 40.416754548000036 ], [ -4.66028965199996, 40.416700516000049 ], [ -4.660299442999928, 40.416619298000057 ], [ -4.660239867999962, 40.416593128000038 ], [ -4.659933089999924, 40.41657951600007 ], [ -4.659314223999957, 40.416336159000032 ], [ -4.65882496499995, 40.416090939000071 ], [ -4.658658467999942, 40.416030268000043 ], [ -4.658492634999959, 40.415996613000061 ], [ -4.658420173999957, 40.415925583000046 ], [ -4.658308387999966, 40.415692964000066 ], [ -4.658211258999926, 40.415577245000051 ], [ -4.658079887999975, 40.415507061000021 ], [ -4.657913614999926, 40.415455394000048 ], [ -4.657194251999953, 40.415438681000069 ], [ -4.657028199999957, 40.415396018000074 ], [ -4.656835049999927, 40.415209606000076 ], [ -4.656691678999949, 40.415130583000064 ], [ -4.656525406999947, 40.415078914000063 ], [ -4.656348457999968, 40.415072440000074 ], [ -4.65618240699996, 40.415029776000033 ], [ -4.655816725999955, 40.415016996000077 ], [ -4.655676446999962, 40.415064048000026 ], [ -4.65558417799997, 40.415146447000048 ], [ -4.655528135999931, 40.41526436000003 ], [ -4.655543007999938, 40.41539026800006 ], [ -4.655689247999931, 40.415586362000063 ], [ -4.655599846999962, 40.415785831000058 ], [ -4.65534174499993, 40.415834569000026 ], [ -4.655213907999951, 40.415908468000048 ], [ -4.654995342999939, 40.416127803000059 ], [ -4.654591350999966, 40.416475911000077 ], [ -4.65445239099995, 40.416576993000035 ], [ -4.654300765999948, 40.416642223000053 ], [ -4.654161584999939, 40.416734300000016 ], [ -4.654105099999982, 40.416834202000082 ], [ -4.653952149999952, 40.416845399000067 ], [ -4.653461704999927, 40.417032585000065 ], [ -4.65331029899994, 40.417106819000018 ], [ -4.653170892999981, 40.417189890000031 ], [ -4.652876556999956, 40.417203106000045 ], [ -4.652806964999968, 40.417249144000039 ], [ -4.652703567999937, 40.417358725000049 ], [ -4.652705770999944, 40.417448779000033 ], [ -4.652755984999942, 40.417574181000077 ], [ -4.652852887999927, 40.417680899000054 ], [ -4.653300839999929, 40.417683503000028 ], [ -4.653478676999952, 40.417726003000048 ], [ -4.65355113399994, 40.417797035000035 ], [ -4.653613132999966, 40.417922269000023 ], [ -4.653603334999957, 40.418003486000032 ], [ -4.653424293999933, 40.418393415000033 ], [ -4.65332089499998, 40.418502996000029 ], [ -4.653181709999956, 40.41859507200008 ], [ -4.653087448999941, 40.418596420000029 ], [ -4.652884061999941, 40.418473208000087 ], [ -4.652643122999962, 40.418260446000033 ], [ -4.652321910999945, 40.418138917000071 ], [ -4.652155855999978, 40.418096247000044 ], [ -4.651967335999927, 40.418098941000032 ], [ -4.651874176999968, 40.418145315000061 ], [ -4.651678939999954, 40.418355301000084 ], [ -4.651596461999929, 40.418356479000067 ], [ -4.651202575999946, 40.418154908000076 ], [ -4.651048522999929, 40.418121074000055 ], [ -4.650791067999932, 40.418196819000045 ], [ -4.650637896999968, 40.418199005000069 ], [ -4.650485823999929, 40.418246219000032 ], [ -4.65030930699993, 40.418257747000048 ], [ -4.650272858999926, 40.418213225000045 ], [ -4.649974116999942, 40.418046325000027 ], [ -4.649642888999949, 40.417997 ], [ -4.649277412999937, 40.417993206000062 ], [ -4.649170270999946, 40.417949691000047 ], [ -4.649026682999931, 40.417861653000038 ], [ -4.648705039999925, 40.417722103000074 ], [ -4.648027069999955, 40.417470520000037 ], [ -4.647781836999969, 40.417564101000046 ], [ -4.647630642999957, 40.417647333000041 ], [ -4.647501035999937, 40.417649180000069 ], [ -4.647429242999976, 40.417605160000043 ], [ -4.647359207999955, 40.417633183000078 ], [ -4.647012760999928, 40.417926394000069 ], [ -4.64697631699994, 40.417881870000031 ], [ -4.646925892999945, 40.417747459000054 ], [ -4.646828998999979, 40.417640737000056 ], [ -4.64598022499996, 40.417634806000073 ], [ -4.645814173999952, 40.417592127000042 ], [ -4.645574576999934, 40.417433382000077 ], [ -4.645468316999938, 40.417425886000046 ], [ -4.645292457999972, 40.417464423000077 ], [ -4.64496496299995, 40.417568177000071 ], [ -4.644835136999973, 40.417561016000036 ], [ -4.644736711999939, 40.417391253000069 ], [ -4.644629354999949, 40.417338728000061 ], [ -4.644359017999932, 40.41736959900004 ], [ -4.644007298999951, 40.417446669000064 ], [ -4.643912162999925, 40.417411988000026 ], [ -4.643659911999976, 40.417217385000072 ], [ -4.643551241999944, 40.417110827000045 ], [ -4.64352680099995, 40.417075140000073 ], [ -4.643341520999967, 40.416726439000058 ], [ -4.643351504999941, 40.416167765000061 ], [ -4.643368277999969, 40.415888260000024 ], [ -4.64340055699995, 40.415761681000056 ], [ -4.643408833999956, 40.41561742600004 ], [ -4.643359076999957, 40.415510031000046 ], [ -4.64311012099995, 40.415450509000031 ], [ -4.643026112999962, 40.415388642000032 ], [ -4.642961727999932, 40.415164343000065 ], [ -4.64288972199995, 40.41511131400005 ], [ -4.642441348999967, 40.415090659000043 ], [ -4.642392906999929, 40.41503729500004 ], [ -4.642375870999955, 40.414821331000034 ], [ -4.642138480999961, 40.414752634000074 ], [ -4.641828867999949, 40.414621902000071 ], [ -4.641687046999949, 40.414605899000037 ], [ -4.641544131999979, 40.41454486800005 ], [ -4.641378747999966, 40.414529199000086 ], [ -4.641273585999954, 40.414566726000018 ], [ -4.641122169999961, 40.414640944000048 ], [ -4.640969661999975, 40.414670134000055 ], [ -4.640439474999937, 40.414677657000027 ], [ -4.640263838999942, 40.414725192000056 ], [ -4.640135985999962, 40.414799075000069 ], [ -4.639681735999942, 40.415021723000045 ], [ -4.639275701999964, 40.415288730000036 ], [ -4.639134971999965, 40.415317751000039 ], [ -4.638769946999957, 40.415331934000044 ], [ -4.63860587299996, 40.41537029300008 ], [ -4.63821117699996, 40.415619118000052 ], [ -4.637920335999978, 40.415776385000065 ], [ -4.637744257999941, 40.415805905000056 ], [ -4.637464105999925, 40.415917976000053 ], [ -4.637287809999974, 40.415938489000034 ], [ -4.636772666999947, 40.416080912000034 ], [ -4.63645760099996, 40.416211492000052 ], [ -4.635803246999956, 40.416445966000026 ], [ -4.635450868999953, 40.416495994000066 ], [ -4.634908665999944, 40.416494653000022 ], [ -4.634720365999954, 40.416506324000068 ], [ -4.634204559999943, 40.416621719000041 ], [ -4.634016260999943, 40.416633389000026 ], [ -4.633664968999938, 40.41672843900006 ], [ -4.633136504999925, 40.416807973000061 ], [ -4.633054898999944, 40.416845160000037 ], [ -4.632979376999969, 40.416859740000064 ], [ -4.632949945999941, 40.416891685000046 ], [ -4.632833210999934, 40.416938377000079 ], [ -4.632550215999969, 40.41693336400003 ], [ -4.632445479999945, 40.416988895000038 ], [ -4.632341830999962, 40.417089453000067 ], [ -4.632320443999958, 40.417179841000049 ], [ -4.632241012999941, 40.417307082000043 ], [ -4.631982015999938, 40.417319747000079 ], [ -4.63156263299993, 40.417523855000063 ], [ -4.631223332999979, 40.417627736000043 ], [ -4.631107899999961, 40.417728459000031 ], [ -4.630992682999931, 40.417838188000069 ], [ -4.630726032999974, 40.418022121000028 ], [ -4.630483162999951, 40.418214726000016 ], [ -4.629998070999932, 40.418626953000057 ], [ -4.629858633999959, 40.418709996000082 ], [ -4.629706762999945, 40.418766188000063 ], [ -4.629125445999931, 40.419098690000048 ], [ -4.629045571999939, 40.419207918000026 ], [ -4.629058874999942, 40.419270791000031 ], [ -4.629143308999971, 40.419350678000058 ], [ -4.629263743999956, 40.41945708500004 ], [ -4.629418658999952, 40.419526970000049 ], [ -4.62950352799993, 40.419624869000067 ], [ -4.62956570199998, 40.419759121000027 ], [ -4.629604091999965, 40.419884700000061 ], [ -4.629545611999958, 40.419903542000029 ], [ -4.62917990699998, 40.419890678000066 ], [ -4.629015596999977, 40.419920019000067 ], [ -4.628807629999926, 40.420094112000072 ], [ -4.628516528999966, 40.420242350000073 ], [ -4.62825007899994, 40.420435283000067 ], [ -4.628158635999966, 40.42055368300003 ], [ -4.628047099999947, 40.420816503000019 ], [ -4.627943656999946, 40.420926062000042 ], [ -4.627804428999981, 40.421018108000048 ], [ -4.627736117999973, 40.421118165000046 ], [ -4.627738504999967, 40.421217226000067 ], [ -4.627682843999935, 40.421353138000029 ], [ -4.627600795999967, 40.421372310000024 ], [ -4.627259948999949, 40.421413142000056 ], [ -4.627096287999962, 40.421469497000032 ], [ -4.626980623999941, 40.421561211000039 ], [ -4.626962262999939, 40.421777675000044 ], [ -4.626977300999954, 40.421912592000069 ], [ -4.62695698699997, 40.422048007000051 ], [ -4.62697202499993, 40.422182924000026 ], [ -4.627142631999959, 40.422414747000047 ], [ -4.627274201999967, 40.422493972000041 ], [ -4.627440688999968, 40.42255468900003 ], [ -4.627489339999954, 40.422617064000072 ], [ -4.627230321999946, 40.422629719000042 ], [ -4.62706600599995, 40.422659057000025 ], [ -4.626994436999952, 40.422624030000073 ], [ -4.626909349999949, 40.42251712400008 ], [ -4.626802214999941, 40.422473589000056 ], [ -4.626448929999981, 40.422487568000072 ], [ -4.626436061999925, 40.422442706000027 ], [ -4.626365144999966, 40.422434695000042 ], [ -4.625468521999949, 40.422402261000059 ], [ -4.625291120999975, 40.422377729000061 ], [ -4.624762383999951, 40.422448221000032 ], [ -4.624585415999944, 40.422441699000053 ], [ -4.624409747999947, 40.422489210000045 ], [ -4.624232779999944, 40.422482688000052 ], [ -4.623878410999964, 40.422451631000051 ], [ -4.623689875999957, 40.422454279000085 ], [ -4.623512475999974, 40.422429745000052 ], [ -4.623335290999933, 40.422414215000053 ], [ -4.623242105999964, 40.42246056700003 ], [ -4.622975414999928, 40.422644482000067 ], [ -4.622857797999926, 40.422655142000053 ], [ -4.622514345999946, 40.42258789400006 ], [ -4.621960522999927, 40.422595664000013 ], [ -4.621608100999936, 40.422645651000039 ], [ -4.621280541999965, 40.42274933900007 ], [ -4.620904549999977, 40.422799654000073 ], [ -4.620683904999964, 40.422937876000056 ], [ -4.620580444999973, 40.423047429000071 ], [ -4.620301745999939, 40.423222499000076 ], [ -4.61998661299998, 40.423353035000041 ], [ -4.619847153999955, 40.423436066000072 ], [ -4.619695477999925, 40.423501251000062 ], [ -4.619354400999953, 40.423533055000071 ], [ -4.619261210999981, 40.423579403000069 ], [ -4.619193531999939, 40.42370647100006 ], [ -4.61919569099996, 40.423796527000036 ], [ -4.619269415999951, 40.423921615000033 ], [ -4.619510055999967, 40.424125442000047 ], [ -4.619570918999955, 40.424205666000027 ], [ -4.619589395999981, 40.424484674000034 ], [ -4.619616203999954, 40.424619427000032 ], [ -4.619884086999946, 40.424976018000052 ], [ -4.620088516999943, 40.425144317000047 ], [ -4.62010354299997, 40.425279235000062 ], [ -4.620059646999948, 40.425414979000045 ], [ -4.61988039199997, 40.425804860000028 ], [ -4.61983973599996, 40.426075687000044 ], [ -4.619878111999981, 40.426201270000028 ], [ -4.620047625999974, 40.426388075000034 ], [ -4.619691078999949, 40.42626695000007 ], [ -4.619513452999968, 40.426233404000072 ], [ -4.619406099999934, 40.426180856000023 ], [ -4.619309019999946, 40.426065104000031 ], [ -4.619230542999958, 40.425741894000055 ], [ -4.619135622999977, 40.425716198000032 ], [ -4.619042, 40.425744535000028 ], [ -4.618926964999957, 40.425863257000067 ], [ -4.618811066999967, 40.42594595700006 ], [ -4.618647168999928, 40.425993295000062 ], [ -4.617786931999944, 40.426005335000063 ], [ -4.617623464999951, 40.426070683000027 ], [ -4.617518701999928, 40.426126200000063 ], [ -4.617267431999948, 40.426463033000061 ], [ -4.617237038999975, 40.426670656000056 ], [ -4.617167411999958, 40.426716673000044 ], [ -4.617073137999967, 40.426717991000025 ], [ -4.616989570999976, 40.426674117000061 ], [ -4.616962768999939, 40.426539363000074 ], [ -4.616877259999967, 40.426414439000034 ], [ -4.616745261999938, 40.426317190000077 ], [ -4.616578991999972, 40.426265464000046 ], [ -4.616460717999927, 40.426249100000057 ], [ -4.616297033999956, 40.426305440000078 ], [ -4.616053014999977, 40.426452989000033 ], [ -4.615900250999971, 40.426473141000031 ], [ -4.615722627999958, 40.42643958900004 ], [ -4.615427806999946, 40.426434700000073 ], [ -4.615284889999941, 40.42637363700004 ], [ -4.615236245999938, 40.426311256000076 ], [ -4.615233661999979, 40.426203189000034 ], [ -4.61531356699993, 40.426093970000068 ], [ -4.615324055999962, 40.42603977200001 ], [ -4.615263844999959, 40.425986562000055 ], [ -4.614898321999931, 40.425982659000056 ], [ -4.614722206999943, 40.426012145000072 ], [ -4.614500892999955, 40.426123339000071 ], [ -4.614480122999964, 40.426240740000019 ], [ -4.614530488999946, 40.426375166000064 ], [ -4.614546793999978, 40.426564119000027 ], [ -4.614394460999961, 40.426602280000047 ], [ -4.614217697999948, 40.426604748000045 ], [ -4.61405336499996, 40.426634068000055 ], [ -4.613960381999959, 40.42668941800008 ], [ -4.613807402999953, 40.42670056200005 ], [ -4.613655498999947, 40.426756734000037 ], [ -4.613528453999947, 40.426866610000047 ], [ -4.613254236999978, 40.427230780000059 ], [ -4.613069990999975, 40.427413523000034 ], [ -4.613061431999937, 40.427548771000041 ], [ -4.613063153999974, 40.427620816000058 ], [ -4.613194932999931, 40.427709063000066 ], [ -4.613516338999943, 40.427839707000025 ], [ -4.613659688999973, 40.427918784000049 ], [ -4.613731901999927, 40.427980836000081 ], [ -4.613734053999963, 40.428070892000036 ], [ -4.613642790999961, 40.428198286000054 ], [ -4.613527312999963, 40.428298992000059 ], [ -4.613248787999964, 40.428483050000068 ], [ -4.613202724999951, 40.428528736000025 ], [ -4.613216230999967, 40.428600616000047 ], [ -4.613299797999956, 40.428644493000043 ], [ -4.613488566999933, 40.428650868000041 ], [ -4.613665120999941, 40.428639395000054 ], [ -4.613841026999978, 40.42860090500006 ], [ -4.614252409999949, 40.428550119000086 ], [ -4.614264626999954, 40.428567966000053 ], [ -4.614301916999977, 40.428648522000053 ], [ -4.614292930999966, 40.428765759000044 ], [ -4.614354651999975, 40.428882009000056 ], [ -4.614475296999956, 40.428997436000024 ], [ -4.614857142999938, 40.429190292000044 ], [ -4.614981234999959, 40.429449808000072 ], [ -4.615138097999932, 40.429600762000064 ], [ -4.615116251999949, 40.429673136000069 ], [ -4.61496477299994, 40.429747321000036 ], [ -4.614731231999939, 40.429840669000043 ], [ -4.614710892999938, 40.429976082000053 ], [ -4.614725906999979, 40.43011100100005 ], [ -4.61476341599996, 40.430200563000035 ], [ -4.614835631999938, 40.430262614000064 ], [ -4.614965480999956, 40.430269809000038 ], [ -4.615117821999945, 40.430231647000028 ], [ -4.615199022999945, 40.430176461000016 ], [ -4.615375364999978, 40.430155980000059 ], [ -4.615740693999953, 40.430150875000045 ], [ -4.615846325999938, 40.430131381000081 ], [ -4.615996080999935, 40.429985151000039 ], [ -4.616126143999963, 40.430001350000055 ], [ -4.616723576999959, 40.430335323000058 ], [ -4.617245991999936, 40.430490171000031 ], [ -4.617376056999944, 40.430506369000049 ], [ -4.617519200999936, 40.430576435000027 ], [ -4.617628069999966, 40.43069202300007 ], [ -4.617771645999937, 40.43078010000005 ], [ -4.618248221999977, 40.430989636000042 ], [ -4.618603281999982, 40.431047726000045 ], [ -4.618779839999945, 40.43103624500003 ], [ -4.619107443999951, 40.430932563000063 ], [ -4.619354062999946, 40.430893075000021 ], [ -4.619426501999953, 40.430964129000067 ], [ -4.619503473999941, 40.431224299000064 ], [ -4.619577423999942, 40.431358392000043 ], [ -4.619829661999972, 40.431553047000087 ], [ -4.62005000299996, 40.43189228600005 ], [ -4.620158877999927, 40.432007871000046 ], [ -4.62025467199993, 40.432069589000037 ], [ -4.620303972999977, 40.432158984000068 ], [ -4.620316406999962, 40.432185835000027 ], [ -4.620317703999944, 40.432239869000057 ], [ -4.620269914999938, 40.432213513000079 ], [ -4.620114546999957, 40.432125604000078 ], [ -4.61980489299998, 40.431994814000063 ], [ -4.619661310999959, 40.431906740000038 ], [ -4.619340521999959, 40.431803131000052 ], [ -4.619018868999944, 40.431663499000081 ], [ -4.618484655999964, 40.431508824000041 ], [ -4.617953897999939, 40.431498236000031 ], [ -4.617683272999956, 40.431520040000059 ], [ -4.617602935999968, 40.43161125000006 ], [ -4.617548324999973, 40.43179218600006 ], [ -4.617454476999967, 40.431811516000032 ], [ -4.617299758999934, 40.431750620000052 ], [ -4.617168397999933, 40.431680389000071 ], [ -4.617002328999945, 40.431637669000047 ], [ -4.61687182999998, 40.431603460000076 ], [ -4.616763176999939, 40.431496877000029 ], [ -4.616664152999931, 40.431300072000056 ], [ -4.61652100899994, 40.431230005000032 ], [ -4.616438297999935, 40.431222153000085 ], [ -4.616298817999962, 40.431305181000027 ], [ -4.61620733899997, 40.431423571000053 ], [ -4.61616235599996, 40.431514286000024 ], [ -4.616188942999941, 40.431640034000054 ], [ -4.616262455999959, 40.431756118000067 ], [ -4.616394247999949, 40.43184436100006 ], [ -4.616599985999925, 40.432066699000067 ], [ -4.616673282999955, 40.43217377700006 ], [ -4.616666025999962, 40.432363059000068 ], [ -4.61656060599995, 40.432391559000038 ], [ -4.616454107999971, 40.432375031000042 ], [ -4.616322099999934, 40.432277782000028 ], [ -4.616214954999975, 40.432234237000038 ], [ -4.616038177999939, 40.432236708000055 ], [ -4.615698562999967, 40.432331541000053 ], [ -4.615522430999931, 40.432361028000059 ], [ -4.615168443999949, 40.432347957000047 ], [ -4.614979880999954, 40.432350591000038 ], [ -4.614862674999926, 40.432379254000068 ], [ -4.614735190999966, 40.432471120000059 ], [ -4.614631708999979, 40.432580669000046 ], [ -4.614249899999948, 40.432883284000077 ], [ -4.614088996999953, 40.433056693000012 ], [ -4.614030069999956, 40.433057516000076 ], [ -4.613968559999932, 40.432950272000028 ], [ -4.61396210099997, 40.432680104000042 ], [ -4.613920072999975, 40.43240142500008 ], [ -4.613928630999965, 40.432266177000024 ], [ -4.614064023999958, 40.432012046000061 ], [ -4.614073657999939, 40.431921826000064 ], [ -4.614013008999961, 40.43185060400004 ], [ -4.613846294999973, 40.431780863000036 ], [ -4.613158454999961, 40.431610291000013 ], [ -4.613028819999955, 40.431612099000063 ], [ -4.612725848999959, 40.43176046300006 ], [ -4.612585287999934, 40.431798458000053 ], [ -4.612490792999949, 40.431790768000035 ], [ -4.612347220999937, 40.431702684000072 ], [ -4.612298573999966, 40.431640303000044 ], [ -4.612133152999945, 40.431624592000055 ], [ -4.611957021999956, 40.431654074000043 ], [ -4.611793319999946, 40.431710408000065 ], [ -4.611617187999967, 40.431739889000021 ], [ -4.611369914999955, 40.431752344000074 ], [ -4.611296410999956, 40.431636257000022 ], [ -4.611293187999934, 40.431501173000072 ], [ -4.611169534999931, 40.431259665000034 ], [ -4.611168030999976, 40.43119662600003 ], [ -4.611283731999947, 40.431104927000035 ], [ -4.61161091699995, 40.430983255000058 ], [ -4.611715692999951, 40.430927743000041 ], [ -4.611795177999967, 40.430800515000044 ], [ -4.611804598999925, 40.430701289000076 ], [ -4.611743094999952, 40.430594043000035 ], [ -4.611611310999933, 40.430505795000037 ], [ -4.611503956999968, 40.430453240000084 ], [ -4.611137980999956, 40.430431315000078 ], [ -4.610948992999965, 40.430415931000034 ], [ -4.610760434999975, 40.430418558000035 ], [ -4.610678155999949, 40.430428713000026 ], [ -4.610621593999952, 40.430528595000062 ], [ -4.610635955999954, 40.430636498000055 ], [ -4.610915173999956, 40.430974935000044 ], [ -4.610941321999974, 40.431082673000041 ], [ -4.610930610999958, 40.431127865000065 ], [ -4.610824975999947, 40.431147354000075 ], [ -4.610658482999952, 40.431086614000037 ], [ -4.610383345999934, 40.430919284000019 ], [ -4.610216852999939, 40.430858542000074 ], [ -4.610096641999974, 40.430761122000035 ], [ -4.609965503999945, 40.430699888000042 ], [ -4.609823869999957, 40.43069285200005 ], [ -4.609659953999937, 40.430740177000061 ], [ -4.609324414999946, 40.431006098000061 ], [ -4.609265918999938, 40.431024929000039 ], [ -4.609157492999942, 40.430927344000054 ], [ -4.609107133999941, 40.430792916000016 ], [ -4.609068559999969, 40.430658324000042 ], [ -4.609088910999957, 40.430522912000072 ], [ -4.60916839999993, 40.430395685000057 ], [ -4.609271889999945, 40.43028614200005 ], [ -4.609410946999957, 40.430185111000071 ], [ -4.609491292999962, 40.430093907000064 ], [ -4.609499860999961, 40.429958659000079 ], [ -4.609486570999933, 40.429895784000045 ], [ -4.609367006999946, 40.429825379000064 ], [ -4.609178020999934, 40.429809993000049 ], [ -4.608824476999928, 40.429814913000023 ], [ -4.608660991999954, 40.429880248000075 ], [ -4.608509719999972, 40.429963430000043 ], [ -4.608405586999936, 40.430045956000065 ], [ -4.608337880999954, 40.430173018000055 ], [ -4.608331672999952, 40.430407328000065 ], [ -4.608428741999943, 40.430523089000083 ], [ -4.608477810999944, 40.430603484000073 ], [ -4.60845960499995, 40.430828952000077 ], [ -4.608677096999942, 40.431051141000061 ], [ -4.608863313999962, 40.431444927000044 ], [ -4.608881750999956, 40.431723937000065 ], [ -4.608837613999981, 40.431850672000046 ], [ -4.608769906999953, 40.431977734000036 ], [ -4.608563137999965, 40.432205826000036 ], [ -4.608494143999962, 40.432278854000046 ], [ -4.608400504999962, 40.432307183000034 ], [ -4.608329578999928, 40.432299161000053 ], [ -4.608302790999971, 40.432164405000037 ], [ -4.608300001999964, 40.432047332000025 ], [ -4.608238287999939, 40.431931079000044 ], [ -4.608154075999948, 40.431860182000037 ], [ -4.607976010999949, 40.43180860700005 ], [ -4.60779923399997, 40.431811065000026 ], [ -4.607505462999939, 40.431851185000028 ], [ -4.607366184999933, 40.431943207000074 ], [ -4.607273617999966, 40.432016563000047 ], [ -4.607229048999955, 40.432125285000041 ], [ -4.607254977999957, 40.432224019000046 ], [ -4.607221551999941, 40.432305561000085 ], [ -4.606918779999944, 40.432462916000077 ], [ -4.606664002999935, 40.432655637000032 ], [ -4.606481008999936, 40.432892404000022 ], [ -4.606285585999955, 40.433102317000071 ], [ -4.606241657999931, 40.43323805600005 ], [ -4.606269941999927, 40.433435852000059 ], [ -4.606177586999933, 40.433518212000081 ], [ -4.606119301999968, 40.433546048000039 ], [ -4.606122515999971, 40.433681132000061 ], [ -4.606136870999932, 40.433789035000075 ], [ -4.606092942999966, 40.433924774000054 ], [ -4.606047085999933, 40.433979463000071 ], [ -4.605929658999969, 40.433999111000041 ], [ -4.605858517999935, 40.43398208200005 ], [ -4.605784805999974, 40.433856986000087 ], [ -4.605746879999971, 40.433749410000082 ], [ -4.605638239999962, 40.433642816000031 ], [ -4.605506244999957, 40.433545554000027 ], [ -4.605409175999966, 40.43342979100003 ], [ -4.605335251999974, 40.43329568800003 ], [ -4.605226613999946, 40.433189094000056 ], [ -4.605166829999973, 40.433153889000039 ], [ -4.605073188999938, 40.433182215000059 ], [ -4.604957903999945, 40.433291919000055 ], [ -4.604888261999975, 40.433337929000061 ], [ -4.604793977999975, 40.433339237000041 ], [ -4.604674197999941, 40.433259823000071 ], [ -4.60458870399998, 40.43313488900003 ], [ -4.604528706999929, 40.433090679000031 ], [ -4.604469779999931, 40.433091497000078 ], [ -4.604461203999961, 40.433226744000081 ], [ -4.604487770999982, 40.433352496000055 ], [ -4.604467623999938, 40.433496913000056 ], [ -4.604377405999968, 40.433669328000057 ], [ -4.604250316999981, 40.434274667000061 ], [ -4.604121744999929, 40.434321494000073 ], [ -4.603968531999953, 40.434323620000036 ], [ -4.603804602999958, 40.434370937000025 ], [ -4.603677313999981, 40.434471797000064 ], [ -4.603562024999974, 40.434581500000036 ], [ -4.603207788999953, 40.435054859000047 ], [ -4.602391917999966, 40.436444484000049 ], [ -4.602152105999949, 40.436772117000025 ], [ -4.602105603999973, 40.436799787000048 ], [ -4.60205738899998, 40.436755412000025 ], [ -4.602174212999955, 40.436213278000025 ], [ -4.602168869999957, 40.435988137000052 ], [ -4.602260378999972, 40.435869758000081 ], [ -4.602559116999942, 40.435541308000047 ], [ -4.602814369999975, 40.434871134000048 ], [ -4.60295988699994, 40.434544807000073 ], [ -4.602874607999979, 40.43442887800007 ], [ -4.602826394999965, 40.434384503000047 ], [ -4.602650465999943, 40.434422977000047 ], [ -4.602358176999928, 40.434526123000062 ], [ -4.602299248999941, 40.434526939000079 ], [ -4.602225969999949, 40.434419852000076 ], [ -4.602222764999965, 40.434284767000065 ], [ -4.602196414999979, 40.434168021000062 ], [ -4.602135991999944, 40.434105798000068 ], [ -4.602134066999951, 40.43402474800007 ], [ -4.602237573999957, 40.433915210000059 ], [ -4.602457651999941, 40.433750005000036 ], [ -4.602502869999967, 40.433668301000075 ], [ -4.602476733999936, 40.433560560000046 ], [ -4.602367886999956, 40.433444957000063 ], [ -4.602260320999961, 40.433383388000038 ], [ -4.602106468999978, 40.433358494000061 ], [ -4.601812901999949, 40.43340760500007 ], [ -4.601705977999926, 40.433373052000029 ], [ -4.601597344999959, 40.433266454000034 ], [ -4.601558783999963, 40.433131859000071 ], [ -4.601556647999928, 40.433041803000052 ], [ -4.601625437999928, 40.432959773000057 ], [ -4.601940651999939, 40.432829285000018 ], [ -4.602172298999959, 40.432654912000032 ], [ -4.602383610999937, 40.43212047600008 ], [ -4.602590615999929, 40.431901401000054 ], [ -4.602694116999943, 40.431791863000065 ], [ -4.602750477999962, 40.431682979000072 ], [ -4.602747912999973, 40.431574911000034 ], [ -4.602674209999975, 40.431449813000029 ], [ -4.602577363999956, 40.431343052000045 ], [ -4.60242244799997, 40.431273130000079 ], [ -4.602267745999939, 40.431212214000027 ], [ -4.602089900999943, 40.431169636000043 ], [ -4.601912483999968, 40.431145069000017 ], [ -4.601369943999941, 40.431134568000061 ], [ -4.601252092999971, 40.431136200000019 ], [ -4.600924672999952, 40.431248837000055 ], [ -4.600795250999965, 40.431259638000022 ], [ -4.600712114999965, 40.431233763000066 ], [ -4.60063841599998, 40.431108663000025 ], [ -4.600623427999949, 40.430973742000049 ], [ -4.60056151499998, 40.430848479000069 ], [ -4.600512452999965, 40.430768081000053 ], [ -4.600417105999953, 40.430724358000077 ], [ -4.600240330999952, 40.430726805000063 ], [ -4.600109841999938, 40.430692576000062 ], [ -4.599989431999973, 40.430586140000067 ], [ -4.59984609199995, 40.430507046000059 ], [ -4.599548267999978, 40.430376038000077 ], [ -4.598817173999976, 40.430368133000059 ], [ -4.598557052999979, 40.430335696000036 ], [ -4.598472, 40.430228769000053 ], [ -4.598446084999978, 40.430130032000079 ], [ -4.598337249999928, 40.430014425000024 ], [ -4.598193700999958, 40.429926324000064 ], [ -4.598156852999977, 40.429863773000086 ], [ -4.598178717999929, 40.429791402000028 ], [ -4.598130298999934, 40.429738020000052 ], [ -4.597964032999925, 40.429686266000033 ], [ -4.597598490999928, 40.429682309000043 ], [ -4.596859664999953, 40.429845663000037 ], [ -4.596811460999959, 40.429801285000053 ], [ -4.596899350999934, 40.429529813000045 ], [ -4.596885223999948, 40.429430914000079 ], [ -4.59677639199998, 40.429315305000046 ], [ -4.596704192999937, 40.429253242000087 ], [ -4.596621273999972, 40.429236370000076 ], [ -4.596516701999974, 40.429300874000035 ], [ -4.59645969299993, 40.429382739000069 ], [ -4.596319978999929, 40.429456737000059 ], [ -4.596003491999966, 40.429533175000081 ], [ -4.595898917999932, 40.42959767900004 ], [ -4.595763672999964, 40.429860795000025 ], [ -4.595672158999947, 40.429979170000031 ], [ -4.595556862999956, 40.430088865000066 ], [ -4.595265857999948, 40.430246027000067 ], [ -4.59509184999996, 40.430365539000036 ], [ -4.595030583999971, 40.430267290000074 ], [ -4.595027392999953, 40.430132205000064 ], [ -4.595115503999978, 40.429869740000065 ], [ -4.595120906999965, 40.429599407000062 ], [ -4.595190423999952, 40.429048923000039 ], [ -4.595152090999932, 40.428923332000068 ], [ -4.595078404999981, 40.428798228000055 ], [ -4.594872960999964, 40.428584856000036 ], [ -4.594718058999945, 40.428514924000062 ], [ -4.594375027999945, 40.428465603000056 ], [ -4.594091558999934, 40.428442486000044 ], [ -4.593959801999971, 40.428354217000042 ], [ -4.593730792999963, 40.428141167000028 ], [ -4.593610609999928, 40.428043729000073 ], [ -4.593278091999935, 40.427940209000042 ], [ -4.593160033999936, 40.427932827000063 ], [ -4.593066819999933, 40.427979155000052 ], [ -4.592987301999927, 40.428106371000069 ], [ -4.592921054999977, 40.42829646400002 ], [ -4.592792273999976, 40.428334273000075 ], [ -4.592544371999963, 40.428319671000061 ], [ -4.59247069099996, 40.428194565000062 ], [ -4.592422278999948, 40.428141180000068 ], [ -4.59224487299997, 40.428116598000031 ], [ -4.592068103999964, 40.428119032000041 ], [ -4.59190205799996, 40.42807627600007 ], [ -4.591806506999944, 40.428023540000027 ], [ -4.591629313999932, 40.428007962000045 ], [ -4.591016727999942, 40.428025402000067 ], [ -4.590944323999963, 40.42795433000002 ], [ -4.590931265999927, 40.427900458000067 ], [ -4.590836140999954, 40.427865732000043 ], [ -4.590671792999955, 40.427895019000054 ], [ -4.59050829399996, 40.427960329000022 ], [ -4.590344582999933, 40.42801663300002 ], [ -4.589815546999943, 40.428077960000046 ], [ -4.589638778999927, 40.428080391000037 ], [ -4.589556073999972, 40.428072519000068 ], [ -4.589470614999925, 40.427947574000022 ], [ -4.589408724999941, 40.427822304000067 ], [ -4.589372524999931, 40.427786767000043 ], [ -4.589267097999937, 40.427815242000058 ], [ -4.589151795999952, 40.427924931000057 ], [ -4.589058790999957, 40.427980261000073 ], [ -4.588988082999947, 40.427981232000029 ], [ -4.588879902999963, 40.427892633000049 ], [ -4.588842429999944, 40.427803062000052 ], [ -4.588710681999941, 40.427714786000024 ], [ -4.588412678999929, 40.427574743000029 ], [ -4.588183689999937, 40.427361682000026 ], [ -4.587919984999928, 40.427176124000034 ], [ -4.587788449999947, 40.427096853000073 ], [ -4.587610835999954, 40.427063257000043 ], [ -4.587469422999959, 40.427065199000026 ], [ -4.587317706999953, 40.427130342000041 ], [ -4.58674809799993, 40.427471480000058 ], [ -4.586644575999969, 40.427581004000054 ], [ -4.586544439999955, 40.427834619000066 ], [ -4.586341412999957, 40.428224775000047 ], [ -4.586204016999943, 40.428397824000065 ], [ -4.586254327999939, 40.428532263000086 ], [ -4.58633978299997, 40.428657211000029 ], [ -4.586461437999958, 40.428817697000056 ], [ -4.58635770199993, 40.428918215000067 ], [ -4.586217977999979, 40.428992201000028 ], [ -4.586010927999951, 40.429211248000058 ], [ -4.585883620999936, 40.429312089000057 ], [ -4.585626045999959, 40.429387691000059 ], [ -4.585519136999949, 40.429353122000066 ], [ -4.58545873199995, 40.429290890000061 ], [ -4.585328464999976, 40.429265651000037 ], [ -4.585152114999971, 40.429286086000062 ], [ -4.584988395999972, 40.429342382000073 ], [ -4.584848879999924, 40.429425372000019 ], [ -4.584628559999941, 40.429581539000026 ], [ -4.584217144999967, 40.429632220000016 ], [ -4.584167046999937, 40.42950678600004 ], [ -4.584187447999966, 40.429371377000045 ], [ -4.584169324999948, 40.429101367000051 ], [ -4.584104063999973, 40.428832003000018 ], [ -4.584082772999977, 40.428426907000066 ], [ -4.584052654999936, 40.428148053000022 ], [ -4.58404293899997, 40.427733790000048 ], [ -4.584001247999936, 40.427464103000027 ], [ -4.583984983999926, 40.426770662000074 ], [ -4.583907940999949, 40.426501460000047 ], [ -4.583857634999958, 40.426367019000054 ], [ -4.583795545999976, 40.426232741000035 ], [ -4.583734933999949, 40.42616150200007 ], [ -4.58358068299998, 40.426118572000064 ], [ -4.58303839499996, 40.426116990000018 ], [ -4.58286120799994, 40.426101398000078 ], [ -4.582517352999957, 40.426016019000031 ], [ -4.582255354999972, 40.425902493000088 ], [ -4.582181695999964, 40.425777381000046 ], [ -4.582097097999962, 40.425688452000031 ], [ -4.581978411999955, 40.425654042000069 ], [ -4.581837211999924, 40.42566498200005 ], [ -4.581055257999934, 40.425999988000065 ], [ -4.580552115999978, 40.426160014000054 ], [ -4.580375983999943, 40.426189448000059 ], [ -4.580022664999944, 40.426203285000035 ], [ -4.579846952999957, 40.42625072900006 ], [ -4.579683025999942, 40.426298012000082 ], [ -4.579368217999957, 40.426446451000054 ], [ -4.579297932999963, 40.426465428000029 ], [ -4.579226172999938, 40.426421366000056 ], [ -4.579208913999934, 40.426187377000062 ], [ -4.579147885999931, 40.426098125000074 ], [ -4.579016784999965, 40.426036855000056 ], [ -4.578839388999938, 40.426012252000064 ], [ -4.578673145999971, 40.425960470000057 ], [ -4.578219870999931, 40.425732434000047 ], [ -4.578053628999953, 40.425680652000047 ], [ -4.577709781999943, 40.425595258000044 ], [ -4.577532596999959, 40.425579658000053 ], [ -4.577202428999954, 40.425575154000057 ], [ -4.577047971999946, 40.425523210000051 ], [ -4.57673800799995, 40.425374291000018 ], [ -4.576522738999927, 40.42524209700008 ], [ -4.576381328999958, 40.42524402500004 ], [ -4.576113444999976, 40.425382806000066 ], [ -4.575743493999937, 40.425694142000047 ], [ -4.575452457999972, 40.425851255000048 ], [ -4.575323040999934, 40.425862027000051 ], [ -4.574780542999974, 40.425851400000056 ], [ -4.574616612999931, 40.425898676000024 ], [ -4.574562100999969, 40.426088599000018 ], [ -4.574470344999951, 40.426197952000038 ], [ -4.574330821999978, 40.426280930000068 ], [ -4.574191298999948, 40.426363907000045 ], [ -4.573736743999973, 40.426586302000025 ], [ -4.57323378899997, 40.42675530300005 ], [ -4.572861718999945, 40.426976572000051 ], [ -4.572815209999931, 40.427004231000069 ], [ -4.572651694999933, 40.427069515000028 ], [ -4.57248692099995, 40.427080765000028 ], [ -4.572403590999954, 40.427045864000043 ], [ -4.571841123999945, 40.426684159000047 ], [ -4.57167467599993, 40.426623361000047 ], [ -4.57149727899997, 40.426598747000064 ], [ -4.570954145999962, 40.42656108500006 ], [ -4.570588618999977, 40.426557043000059 ], [ -4.570400067999969, 40.426559604000047 ], [ -4.570108386999947, 40.426689686000032 ], [ -4.56993224799993, 40.426719104000014 ], [ -4.56958059699997, 40.426804956000069 ], [ -4.569392672999924, 40.42683453300004 ], [ -4.56903955599995, 40.426857343000052 ], [ -4.568875619999971, 40.426904611000055 ], [ -4.568142393999949, 40.427310938000062 ], [ -4.567978872999959, 40.42737621600002 ], [ -4.567449608999937, 40.427428436000071 ], [ -4.567285879999928, 40.427484708000065 ], [ -4.567134141999929, 40.427549825000021 ], [ -4.566751723999971, 40.427834275000059 ], [ -4.566592587999935, 40.428088673000047 ], [ -4.56640122999994, 40.428478637000069 ], [ -4.56638079399994, 40.428614043000039 ], [ -4.566387268999961, 40.428893223000046 ], [ -4.566402186999937, 40.429028150000072 ], [ -4.56647895499998, 40.429288360000051 ], [ -4.566505657999927, 40.429423128000053 ], [ -4.566429220999964, 40.429685413000072 ], [ -4.566466664999949, 40.429774992000027 ], [ -4.566574819999971, 40.429863613000073 ], [ -4.566872998999941, 40.430012719000047 ], [ -4.566993148999927, 40.430110185000061 ], [ -4.567042795999953, 40.430217616000057 ], [ -4.567046138999955, 40.430361708000063 ], [ -4.567013709999969, 40.43048826900008 ], [ -4.566842574999953, 40.43073382100004 ], [ -4.566809517999957, 40.43083336400008 ], [ -4.566760202999943, 40.43124842900005 ], [ -4.566704202999973, 40.431375308000035 ], [ -4.566671979999967, 40.431510874000033 ], [ -4.566698684999949, 40.431645642000035 ], [ -4.566654678999953, 40.431781367000042 ], [ -4.566495322999969, 40.432026759000053 ], [ -4.566497829999945, 40.432134829000063 ], [ -4.566655010999966, 40.43230386300008 ], [ -4.566907312999945, 40.432507642000068 ], [ -4.566908984999941, 40.432579688000025 ], [ -4.566863931999933, 40.432670385000051 ], [ -4.566606321999927, 40.432745945000072 ], [ -4.566454989999954, 40.43282907300005 ], [ -4.566188098999931, 40.433012861000073 ], [ -4.566131468999969, 40.433112723000079 ], [ -4.566179655999973, 40.43315711300005 ], [ -4.566431541999974, 40.433342882000026 ], [ -4.566528542999946, 40.433458679000061 ], [ -4.566648696999948, 40.433556146000065 ], [ -4.56698141499993, 40.433668749000049 ], [ -4.56715861899994, 40.433684364000044 ], [ -4.56733644999997, 40.433726996000082 ], [ -4.567396841999937, 40.433789238000024 ], [ -4.567482268999925, 40.433914200000068 ], [ -4.56747278299997, 40.434013424000057 ], [ -4.567428566999979, 40.434140144000033 ], [ -4.56734752899996, 40.434204303000051 ], [ -4.567255960999944, 40.434322656000056 ], [ -4.567211951999979, 40.434458382000052 ], [ -4.567132169999979, 40.43457657600004 ], [ -4.566901257999972, 40.434786904000077 ], [ -4.566809688999967, 40.434905257000025 ], [ -4.566673898999965, 40.435150329000052 ], [ -4.566641883999977, 40.435294901000077 ], [ -4.566645017999974, 40.435429988000053 ], [ -4.566698431999953, 40.43569952200005 ], [ -4.56674653899995, 40.436248396000053 ], [ -4.56679995199994, 40.436517930000029 ], [ -4.566861808999931, 40.436643213000025 ], [ -4.566958816999942, 40.436759010000046 ], [ -4.567090765999978, 40.436856316000053 ], [ -4.56725702899996, 40.436908114000069 ], [ -4.567789292999976, 40.436981974000041 ], [ -4.567896833999953, 40.437043576000065 ], [ -4.568017205999979, 40.437150047000046 ], [ -4.568100755999979, 40.437193957000034 ], [ -4.568220919999931, 40.437291421000054 ], [ -4.568519135999964, 40.437440522000031 ], [ -4.568532386999948, 40.437503402000054 ], [ -4.568207598999948, 40.437733024000053 ], [ -4.568104030999962, 40.437842532000047 ], [ -4.568024245999936, 40.437960726000021 ], [ -4.567897103999939, 40.438070554000028 ], [ -4.567805530999975, 40.438188908000022 ], [ -4.567784676999963, 40.43830630300004 ], [ -4.567834750999964, 40.43843174400007 ], [ -4.567918929999962, 40.43850267100003 ], [ -4.568074037999962, 40.438581645000056 ], [ -4.568111070999976, 40.438653211000023 ], [ -4.567810058999954, 40.438891518000048 ], [ -4.567571320999946, 40.439273117000035 ], [ -4.567527101999929, 40.439399837000046 ], [ -4.567552975999946, 40.439498581000066 ], [ -4.567637364999939, 40.439578514000075 ], [ -4.567734377999955, 40.439694310000043 ], [ -4.567703828999925, 40.439901923000043 ], [ -4.567730538999967, 40.440036689000067 ], [ -4.567710309999939, 40.440181101000071 ], [ -4.567713239999932, 40.440307182000012 ], [ -4.567751946999977, 40.440450795000061 ], [ -4.567743296999936, 40.440586041000074 ], [ -4.567546683999979, 40.44075086200008 ], [ -4.567339536999953, 40.44096987800004 ], [ -4.56694964999997, 40.441443610000086 ], [ -4.566919932999951, 40.441687246000072 ], [ -4.566875919999973, 40.441822971000079 ], [ -4.56678308599993, 40.441887290000054 ], [ -4.566665631999967, 40.44190689900006 ], [ -4.566559129999973, 40.441890325000031 ], [ -4.566381904999957, 40.441874709000047 ], [ -4.566217719999941, 40.441912968000054 ], [ -4.56591459699996, 40.442061212000056 ], [ -4.565822387999958, 40.442152547000035 ], [ -4.56578714699998, 40.442666515000042 ], [ -4.56571788499997, 40.442730513000065 ], [ -4.565658530999941, 40.442713300000037 ], [ -4.565371667999955, 40.442546021000055 ], [ -4.565265581999937, 40.442547458000043 ], [ -4.565184114999965, 40.442593604000088 ], [ -4.565176921999978, 40.442791890000088 ], [ -4.565120908999972, 40.442918769000066 ], [ -4.564860542999952, 40.442877251000034 ], [ -4.564861586999939, 40.442922280000062 ], [ -4.564874000999964, 40.442949138000067 ], [ -4.564973519999967, 40.443173005000062 ], [ -4.564976651999928, 40.443308092000052 ], [ -4.564967995999949, 40.443443338000066 ], [ -4.564820603999976, 40.443697574000055 ], [ -4.564776585999937, 40.443833299000062 ], [ -4.56480203999996, 40.443914032000059 ], [ -4.565039460999968, 40.443982887000061 ], [ -4.565194368999926, 40.44405285800007 ], [ -4.565526925999961, 40.444156458000066 ], [ -4.565599323999948, 40.444227547000018 ], [ -4.565672971999958, 40.444352670000058 ], [ -4.565793355999972, 40.444459142000035 ], [ -4.566280616999962, 40.444623705000033 ], [ -4.566458058999956, 40.444648326000049 ], [ -4.567354545999934, 40.444663201000026 ], [ -4.567721217999974, 40.444712280000033 ], [ -4.567852346999927, 40.44477356200008 ], [ -4.567972732999976, 40.444880033000068 ], [ -4.568012907999957, 40.445086685000035 ], [ -4.568074982999973, 40.445220972000065 ], [ -4.568160218999936, 40.445336928000067 ], [ -4.568292184999962, 40.445434232000018 ], [ -4.568388996999942, 40.445541022000043 ], [ -4.568495925999969, 40.445575605000052 ], [ -4.568767044999958, 40.445571927000053 ], [ -4.568780715999935, 40.445652818000035 ], [ -4.568853535999949, 40.445741916000031 ], [ -4.568972877999954, 40.445803357000038 ], [ -4.569057487999942, 40.445892294000025 ], [ -4.569317447999937, 40.445915791000061 ], [ -4.569341232999932, 40.445924477000055 ], [ -4.569365646999927, 40.445960180000043 ], [ -4.569354696999937, 40.445996363000056 ], [ -4.569285434999926, 40.446060363000065 ], [ -4.569085039999948, 40.44606308300007 ], [ -4.568907385999977, 40.446029460000041 ], [ -4.568679857999938, 40.445879402000052 ], [ -4.568573558999958, 40.445871836000045 ], [ -4.568397367999978, 40.445901252000048 ], [ -4.567918877999944, 40.446114941000076 ], [ -4.567815087999976, 40.446215443000028 ], [ -4.56781676099996, 40.446287489000035 ], [ -4.567878419999943, 40.446403764000017 ], [ -4.567856935999941, 40.446494142000063 ], [ -4.567421408999962, 40.446527074000073 ], [ -4.566930077999928, 40.446695889000068 ], [ -4.56676671799994, 40.446770172000079 ], [ -4.566535973999976, 40.446989506000072 ], [ -4.566456383999935, 40.447116704000052 ], [ -4.566447521999975, 40.447242945000021 ], [ -4.566559466999934, 40.447493668000043 ], [ -4.566718565999964, 40.447743753000061 ], [ -4.566935770999977, 40.44795701500005 ], [ -4.567055952999964, 40.448054481000042 ], [ -4.567045628999949, 40.448117681000049 ], [ -4.566444427999954, 40.448125829000041 ] ] ] ] } },
{ "type": "Feature", "properties": { "INFORME": "https://sig.mapama.gob.es/WebServices/clientews/snczi/Default.aspx?nombre=EGISPE_EMBALSE&claves=ID_EMBALSE&valores=2017", "ID_EMBALSE": 2017.0, "CODIGO": 2017, "NOMBRE": "SAN JUAN", "NMN_SUP": 6500000.0, "NMN_CAPAC": 137.8, "NMN_COTA": 580.0, "NAE_COTA": null, "ADMON_COMP": "Estado", "DEMARC": "TAJO", "PROVINCIA": "Madrid\nÁvila", "SUP_CUENCA": 1923.1, "AP_M_ANUAL": 576.0, "TIPO_EMBAL": "Embalse de presa", "DTOR_EXPLO": "SANTIAGO BUJAN", "TIPO_TITUL": "Estado\nEstado", "USO": "Abastecimiento\nGanadero\nDefensa frente avenidas", "ID_0": 215, "ISO": "ESP", "NAME_0": "Spain", "ID_1": 5, "NAME_1": "Castilla y León", "ID_2": 18, "NAME_2": "Ávila", "TYPE_2": "Provincia", "ENGTYPE_2": "Province", "area": 991338.124, "cuenca": "Alberche", "Tipo": "Embalse" }, "geometry": { "type": "MultiPolygon", "coordinates": [ [ [ [ -4.423049896999941, 40.403188635000042 ], [ -4.423223959999974, 40.403060370000055 ], [ -4.423281537999968, 40.402996600000044 ], [ -4.423280779999971, 40.40296057400009 ], [ -4.42325569999997, 40.402888813000061 ], [ -4.423231569999928, 40.402862083000059 ], [ -4.423159556999964, 40.402799908000077 ], [ -4.423143517105388, 40.402791288484408 ], [ -4.423285007476807, 40.402416229248047 ], [ -4.424446734699501, 40.401795427582698 ], [ -4.424505666999948, 40.401810386000079 ], [ -4.425012815999935, 40.401831163000054 ], [ -4.425153806999958, 40.401811408000064 ], [ -4.425270096999952, 40.401737905000054 ], [ -4.425420590999977, 40.401609927000031 ], [ -4.425489756999979, 40.401537004000026 ], [ -4.425512749999939, 40.401509694000026 ], [ -4.425568803999965, 40.401373872000072 ], [ -4.425604205379481, 40.401176877767028 ], [ -4.425884399281461, 40.4010271393403 ], [ -4.425879858999963, 40.401036712000064 ], [ -4.425859145999937, 40.401172099000057 ], [ -4.425874915999941, 40.401361089000034 ], [ -4.425984553999967, 40.40153090300003 ], [ -4.426020654999944, 40.401566493000068 ], [ -4.426224538999975, 40.401735145000032 ], [ -4.426285534999977, 40.401833489000069 ], [ -4.426275653999937, 40.401923699000058 ], [ -4.426206867999951, 40.402014635000057 ], [ -4.426183685999945, 40.402032938000055 ], [ -4.426102550999929, 40.402097 ], [ -4.425788641999929, 40.402299064000026 ], [ -4.425544848999948, 40.402473237000024 ], [ -4.425333360999957, 40.402502870000021 ], [ -4.424909242999946, 40.402508097000052 ], [ -4.424873709999929, 40.402499526000049 ], [ -4.424402468999972, 40.40250533200004 ], [ -4.424143476999973, 40.402517531000044 ], [ -4.424097109999935, 40.402554137000045 ], [ -4.424086656999976, 40.402617327000023 ], [ -4.424123897999948, 40.402706956000017 ], [ -4.424233342999969, 40.402867766000043 ], [ -4.424320365999961, 40.403082905000076 ], [ -4.424384963999956, 40.403352372000029 ], [ -4.424504862999925, 40.403449992000048 ], [ -4.424755304999962, 40.403591046000024 ], [ -4.42476841499996, 40.403653946000084 ], [ -4.424711026999944, 40.403726723000027 ], [ -4.424663901999963, 40.403727304000029 ], [ -4.424242053999933, 40.403840606000074 ], [ -4.424125, 40.403878083000052 ], [ -4.424055260999978, 40.403923985000063 ], [ -4.424036630999979, 40.404158443000028 ], [ -4.423931167999967, 40.404186768000045 ], [ -4.423542194999925, 40.404182548000058 ], [ -4.423378393999941, 40.404238617000033 ], [ -4.423309032999952, 40.404302533000077 ], [ -4.423313773999951, 40.404527693000027 ], [ -4.423316617999943, 40.404662790000025 ], [ -4.423236042999974, 40.404753869000039 ], [ -4.423167820999935, 40.404871823000057 ], [ -4.42312372799995, 40.405016506000038 ], [ -4.423118393999971, 40.40532287000007 ], [ -4.423155445999953, 40.405403493000051 ], [ -4.423300425999969, 40.405572875000068 ], [ -4.42332986799994, 40.405851784000056 ], [ -4.423366919999978, 40.405932407000073 ], [ -4.423523494999926, 40.406092637000029 ], [ -4.423748864999937, 40.406161932000032 ], [ -4.423819743999957, 40.406170068000051 ], [ -4.424243884999953, 40.406164845000042 ], [ -4.424516191999942, 40.406224552000019 ], [ -4.424728261999973, 40.406221939000034 ], [ -4.424939572999961, 40.406183300000066 ], [ -4.424975107999956, 40.40619187100004 ], [ -4.425118956999937, 40.406307212000058 ], [ -4.425249504999954, 40.406350647000068 ], [ -4.425393353999936, 40.406465987000047 ], [ -4.42557501899995, 40.406697976000032 ], [ -4.425669841999933, 40.406723833000051 ], [ -4.426164296999957, 40.40669971800002 ], [ -4.426258550999932, 40.406698555000048 ], [ -4.426520030999939, 40.406803435000022 ], [ -4.426814954999941, 40.406817813000032 ], [ -4.426921940999932, 40.406861537000061 ], [ -4.42713800699994, 40.407048054000029 ], [ -4.427475886999957, 40.407422251000071 ], [ -4.427645398999971, 40.407636369000038 ], [ -4.427804270999956, 40.40790467000005 ], [ -4.428126569999962, 40.408098882000047 ], [ -4.428210565999962, 40.40816991500003 ], [ -4.428295704999925, 40.408294986000044 ], [ -4.428324978999967, 40.408564887000068 ], [ -4.428375913999957, 40.408744433000038 ], [ -4.428436917999931, 40.408842775000025 ], [ -4.428640830999939, 40.409011423000038 ], [ -4.428807875999951, 40.40910845500008 ], [ -4.429128658999956, 40.409230613000034 ], [ -4.429259025999954, 40.409265037000061 ], [ -4.429306725999936, 40.409291473000053 ], [ -4.429367161999949, 40.409362796000046 ], [ -4.429391486999975, 40.409398531000072 ], [ -4.429581716999962, 40.409477257000049 ], [ -4.429606614999955, 40.40954001100004 ], [ -4.429564057999926, 40.409756747000067 ], [ -4.429684548999944, 40.409881380000058 ], [ -4.429685309999968, 40.409917406000027 ], [ -4.429534425999975, 40.41002737600008 ], [ -4.429523976999973, 40.410090567000061 ], [ -4.42962014099993, 40.410179465000063 ], [ -4.429917176999936, 40.410292906000052 ], [ -4.430047735999949, 40.410336335000054 ], [ -4.430426868999972, 40.410430742000067 ], [ -4.430451004999952, 40.410457469000043 ], [ -4.430453100999955, 40.410556540000073 ], [ -4.430303361999962, 40.410720550000065 ], [ -4.430234954999946, 40.410829501000087 ], [ -4.430226029999972, 40.410964743000072 ], [ -4.430286849999959, 40.411054078000056 ], [ -4.430430335999971, 40.411151399000055 ], [ -4.430454662999978, 40.411187133000041 ], [ -4.430456187999937, 40.411259184000066 ], [ -4.43038663699997, 40.411314097000052 ], [ -4.430175884999926, 40.411379765000049 ], [ -4.429751902999953, 40.411394018000067 ], [ -4.429693561999954, 40.411421765000057 ], [ -4.429624771999955, 40.411512703000014 ], [ -4.429639792999978, 40.41166566600004 ], [ -4.429677236999964, 40.411764300000065 ], [ -4.429762001999961, 40.411871357000052 ], [ -4.42990606099994, 40.411995698000062 ], [ -4.43014457299995, 40.412127879000025 ], [ -4.430299272999946, 40.412198035000074 ], [ -4.430606766999971, 40.412248284000043 ], [ -4.431113423999932, 40.412242014000064 ], [ -4.43130118299996, 40.412203655000035 ], [ -4.431463470999971, 40.412075523000041 ], [ -4.431593079999971, 40.412073919000079 ], [ -4.431724024999936, 40.412135358000057 ], [ -4.432119151999928, 40.412427754000085 ], [ -4.432214940999928, 40.412498637000056 ], [ -4.432297993999953, 40.412524635000068 ], [ -4.432604725999965, 40.412538852000075 ], [ -4.433076226999958, 40.41254201800006 ], [ -4.433325383999943, 40.412620008000033 ], [ -4.433599252999954, 40.412751744000047 ], [ -4.43388452399995, 40.412865320000044 ], [ -4.434263293999948, 40.412941701000079 ], [ -4.434688240999947, 40.41297246400007 ], [ -4.435242030999973, 40.412965591000038 ], [ -4.435336102999941, 40.412955415000056 ], [ -4.435665829999949, 40.412942312000034 ], [ -4.436171915999978, 40.41290900100006 ], [ -4.436465719999944, 40.412869316000069 ], [ -4.436700035999934, 40.412803344000046 ], [ -4.437181022999937, 40.412698270000085 ], [ -4.437556537999967, 40.412621532000053 ], [ -4.437721304999967, 40.412610475000058 ], [ -4.438016064999943, 40.41261581800007 ], [ -4.438264651999929, 40.412666778000066 ], [ -4.438717380999947, 40.412895373000026 ], [ -4.438741139999934, 40.412904086000026 ], [ -4.438907440999969, 40.412965078000063 ], [ -4.439049216999933, 40.412981331000019 ], [ -4.439095964999979, 40.412962732000032 ], [ -4.439130161999969, 40.412908254000065 ], [ -4.439141752999944, 40.412899101000043 ], [ -4.43919778999998, 40.412763272000056 ], [ -4.439442349999979, 40.412625096000056 ], [ -4.43965252099997, 40.41253239200006 ], [ -4.439863842999956, 40.412493726000044 ], [ -4.440123061999941, 40.412490498000068 ], [ -4.440288593999981, 40.412515462000044 ], [ -4.440419548999955, 40.412576892000061 ], [ -4.44071891699997, 40.412798380000027 ], [ -4.441171654999948, 40.413026966000068 ], [ -4.44135050999995, 40.413123832000046 ], [ -4.441613381999956, 40.413291721000057 ], [ -4.441911410999978, 40.413450162000053 ], [ -4.44207771799995, 40.413511149000044 ], [ -4.442183954999962, 40.413518833000062 ], [ -4.442277640999976, 40.413490638000034 ], [ -4.442604101999962, 40.413324408000051 ], [ -4.442732943999942, 40.413286765000073 ], [ -4.442780074999973, 40.413286177000032 ], [ -4.442816191999952, 40.413321762000059 ], [ -4.442829127999971, 40.413375653000045 ], [ -4.44280710099997, 40.413447997000056 ], [ -4.442715721999946, 40.413584269000062 ], [ -4.442472702999964, 40.413794502000037 ], [ -4.442418594999936, 40.414020395000072 ], [ -4.442528869999931, 40.41421721200004 ], [ -4.442793864999943, 40.414484167000062 ], [ -4.442787658999976, 40.414745498000045 ], [ -4.44278318399995, 40.41508788600003 ], [ -4.442857919999938, 40.415276137000042 ], [ -4.442978443999948, 40.415400755000057 ], [ -4.442968776999976, 40.415499972000077 ], [ -4.443035771999973, 40.415877503000047 ], [ -4.443134075999978, 40.416065459000031 ], [ -4.443230074999973, 40.416145339000032 ], [ -4.443372820999969, 40.416206619000043 ], [ -4.443669519999958, 40.416302010000038 ], [ -4.443836026999975, 40.41637200100007 ], [ -4.44394380899996, 40.416451734000077 ], [ -4.444065491999936, 40.416630389000034 ], [ -4.444129221999957, 40.41685481100005 ], [ -4.44424528299993, 40.41732181500003 ], [ -4.444368315999952, 40.417563514000044 ], [ -4.444395348999933, 40.417725334000068 ], [ -4.444586581999943, 40.417849067000063 ], [ -4.444743233999929, 40.418009267000052 ], [ -4.444948371999941, 40.418231921000014 ], [ -4.445153895999966, 40.418472588000043 ], [ -4.445416412999975, 40.418622455000047 ], [ -4.445632759999967, 40.418817942000032 ], [ -4.44575348799998, 40.418951564000054 ], [ -4.445945305999941, 40.419102313000053 ], [ -4.446140015999958, 40.419388157000078 ], [ -4.446417600999951, 40.41969098200007 ], [ -4.446584310999981, 40.419769975000058 ], [ -4.446715861999961, 40.419858416000075 ], [ -4.446776710999927, 40.419947742000033 ], [ -4.446765697999978, 40.419983914000049 ], [ -4.446609207999927, 40.420382257000028 ], [ -4.445699330999957, 40.420276524000045 ], [ -4.445528380999974, 40.419999391000033 ], [ -4.445345453999948, 40.419713398000063 ], [ -4.444869282999947, 40.419494132000068 ], [ -4.444595171999936, 40.419353417000032 ], [ -4.444319714999949, 40.41914965800003 ], [ -4.444126552999934, 40.418935861000072 ], [ -4.443907708999973, 40.418623289000024 ], [ -4.443797997999979, 40.418453493000065 ], [ -4.443617200999937, 40.418266567000053 ], [ -4.443458432999932, 40.418007297000024 ], [ -4.443408026999975, 40.417854777000052 ], [ -4.443332900999962, 40.417648514000049 ], [ -4.443210640999951, 40.417442840000035 ], [ -4.44280269199993, 40.417105599000017 ], [ -4.442349535999938, 40.416859009000042 ], [ -4.442264552999974, 40.416742955000068 ], [ -4.442118922999953, 40.416546580000038 ], [ -4.442056738999952, 40.416394207000053 ], [ -4.441918664999945, 40.415999544000044 ], [ -4.441779441999928, 40.415550844000045 ], [ -4.441640984999935, 40.415138168000055 ], [ -4.441479543999946, 40.41475280500002 ], [ -4.441212248999932, 40.414377771000034 ], [ -4.441030893999937, 40.414163821000038 ], [ -4.440826165999965, 40.413959172000034 ], [ -4.440670107999949, 40.413825985000074 ], [ -4.440407427999958, 40.413667100000048 ], [ -4.43993073799993, 40.41342079300005 ], [ -4.439836858999968, 40.413439980000078 ], [ -4.439767121999977, 40.413485892000026 ], [ -4.439756105999948, 40.413522064000055 ], [ -4.439745665999965, 40.413585255000037 ], [ -4.439711661999978, 40.413648740000035 ], [ -4.43945512299996, 40.413778056000069 ], [ -4.439209790999939, 40.413880207000027 ], [ -4.438765490999971, 40.414047893000038 ], [ -4.438403093999965, 40.414187534000057 ], [ -4.438227306999976, 40.414234764000064 ], [ -4.437840766999955, 40.414347676000034 ], [ -4.437396267999929, 40.414506352000046 ], [ -4.437220862999936, 40.414571593000062 ], [ -4.436798395999972, 40.414657923000043 ], [ -4.436467894999964, 40.414635003000065 ], [ -4.436279938999974, 40.414664364000032 ], [ -4.436011224999959, 40.414775807000069 ], [ -4.435822694999955, 40.414778148000032 ], [ -4.435692123999956, 40.414734726000056 ], [ -4.435537029999978, 40.414646564000059 ], [ -4.435346778999929, 40.414567847000058 ], [ -4.435204998999951, 40.414551590000031 ], [ -4.435028252999928, 40.41455378400007 ], [ -4.434944814999938, 40.414509776000038 ], [ -4.434810610999932, 40.414295231000025 ], [ -4.434581188999971, 40.41403682400005 ], [ -4.43447342099995, 40.413957083000071 ], [ -4.434201646999953, 40.413924419000075 ], [ -4.43362370899996, 40.413904560000056 ], [ -4.433198757999946, 40.41387379400004 ], [ -4.432773805999942, 40.413843025000062 ], [ -4.432572731999925, 40.413809482000033 ], [ -4.432264847999932, 40.41374122600007 ], [ -4.431837607999967, 40.413602378000057 ], [ -4.431396486999971, 40.413364603000048 ], [ -4.431169179999926, 40.413205260000034 ], [ -4.430943207999974, 40.413108960000031 ], [ -4.430669723999927, 40.412995231000018 ], [ -4.43049278999996, 40.412988411000072 ], [ -4.430187007999961, 40.413019220000074 ], [ -4.43011611999998, 40.413011088000076 ], [ -4.42983085399993, 40.412897503000067 ], [ -4.429582081999968, 40.41283751800006 ], [ -4.42911836199994, 40.412645058000066 ], [ -4.428868637999925, 40.412540039000078 ], [ -4.428619486999934, 40.412462039000047 ], [ -4.428393519999929, 40.412365734000048 ], [ -4.428237679999938, 40.41224153700005 ], [ -4.428153297999927, 40.412152492000068 ], [ -4.427897107999969, 40.411741253000073 ], [ -4.427800562999948, 40.411634340000028 ], [ -4.427621160999934, 40.411510433000046 ], [ -4.427442518999953, 40.411422551000044 ], [ -4.426966651999976, 40.411212215000027 ], [ -4.42683647399997, 40.411186795000049 ], [ -4.426636170999927, 40.411189267000047 ], [ -4.426377714999944, 40.411228490000049 ], [ -4.426387976999933, 40.411156294000087 ], [ -4.426492118999931, 40.411064921000055 ], [ -4.426560722999965, 40.41096497900002 ], [ -4.426627234999954, 40.410765965000046 ], [ -4.426634074999924, 40.410531653000078 ], [ -4.426593974999946, 40.410306929000051 ], [ -4.426508646999935, 40.410172851000034 ], [ -4.426149283999962, 40.409898012000042 ], [ -4.426131990999977, 40.409636972000051 ], [ -4.426009607999958, 40.409422271000047 ], [ -4.425913259999958, 40.409324363000053 ], [ -4.425677234999966, 40.409309256000022 ], [ -4.425570053999933, 40.409256525000039 ], [ -4.425533378999944, 40.40919391500006 ], [ -4.425554283999929, 40.409067535000069 ], [ -4.425714674999938, 40.40884934700005 ], [ -4.425770926999974, 40.40872253100008 ], [ -4.425777388999961, 40.408470206000054 ], [ -4.425772829999971, 40.408254052000068 ], [ -4.425745844999938, 40.408092227000054 ], [ -4.425683896999942, 40.407948851000071 ], [ -4.425524651999978, 40.407662534000053 ], [ -4.425415385999941, 40.407510732000041 ], [ -4.425295666999943, 40.407422120000028 ], [ -4.425022404999936, 40.407317383000091 ], [ -4.424904776999938, 40.407327842000022 ], [ -4.424811280999961, 40.407365029000054 ], [ -4.424754079999956, 40.407446812000039 ], [ -4.424720821999927, 40.407546319000062 ], [ -4.424674073999938, 40.407564912000062 ], [ -4.424544282999932, 40.407557502000031 ], [ -4.42441297399995, 40.40747804100004 ], [ -4.424103418999949, 40.407328705000047 ], [ -4.42369086399998, 40.407324777000028 ], [ -4.423441356999944, 40.40722875200003 ], [ -4.423227766999958, 40.407159311000044 ], [ -4.422955835999971, 40.407117614000079 ], [ -4.422507935999932, 40.407114117000049 ], [ -4.422340904999942, 40.407017075000041 ], [ -4.422222137999938, 40.406973492000077 ], [ -4.421986312999934, 40.406967384000033 ], [ -4.421597512999938, 40.406972164000088 ], [ -4.42133869099996, 40.406993364000066 ], [ -4.421092406999946, 40.407050444000056 ], [ -4.420882038999935, 40.407134108000037 ], [ -4.420600597999964, 40.407200627000066 ], [ -4.420532178999963, 40.407309573000084 ], [ -4.420489215999964, 40.407508293000028 ], [ -4.420443601999978, 40.407580924000051 ], [ -4.420139730999949, 40.407701770000081 ], [ -4.420034260999955, 40.407730092000058 ], [ -4.419939248999981, 40.407695224000065 ], [ -4.419748087999948, 40.407571448000063 ], [ -4.419546282999931, 40.407501856000067 ], [ -4.419048604999944, 40.407372833000061 ], [ -4.418788645999939, 40.407339988000054 ], [ -4.418339043999936, 40.407255417000037 ], [ -4.418126969999946, 40.407258018000057 ], [ -4.418045818999929, 40.407322074000042 ], [ -4.417930833999947, 40.407458616000049 ], [ -4.417874946999973, 40.407603441000042 ], [ -4.417890506999924, 40.407783426000037 ], [ -4.417928308999933, 40.407900076000033 ], [ -4.418073283999945, 40.40806946500004 ], [ -4.418052364999937, 40.408195844000034 ], [ -4.417830960999936, 40.408315673000061 ], [ -4.417750564999949, 40.408415756000068 ], [ -4.41776631299996, 40.408604746000037 ], [ -4.417816654999967, 40.408757278000053 ], [ -4.417937687999939, 40.408908943000021 ], [ -4.41811631099995, 40.408996840000043 ], [ -4.418153168999936, 40.409068458000036 ], [ -4.418148001999953, 40.409383828000053 ], [ -4.418172887999958, 40.409446584000072 ], [ -4.418451440999945, 40.409803518000039 ], [ -4.418560128999957, 40.40992830700003 ], [ -4.41856315299998, 40.410072410000048 ], [ -4.418494727999928, 40.410181355000077 ], [ -4.418413383999962, 40.410236405000042 ], [ -4.418144278999932, 40.410329794000063 ], [ -4.418063123999956, 40.41039385100003 ], [ -4.418017694999945, 40.410475487000042 ], [ -4.418044094999972, 40.410610294000044 ], [ -4.418176914999948, 40.410761814000068 ], [ -4.418142889999955, 40.410825293000066 ], [ -4.418061167999952, 40.410862330000043 ], [ -4.417920343999982, 40.410891083000024 ], [ -4.417770760999929, 40.411064084000031 ], [ -4.417700821999972, 40.411100977000039 ], [ -4.41751192299995, 40.411085275000055 ], [ -4.417475629999956, 40.411040676000027 ], [ -4.417363920999947, 40.41077178300003 ], [ -4.417327817999933, 40.41073619000008 ], [ -4.417232801999944, 40.410701320000037 ], [ -4.417080007999971, 40.410721210000077 ], [ -4.416986691999966, 40.410767398000061 ], [ -4.416894319999925, 40.410858617000031 ], [ -4.416849077999927, 40.410949259000063 ], [ -4.416840881999975, 40.411120526000047 ], [ -4.416818827999974, 40.411192867000061 ], [ -4.416761046999966, 40.41124762700008 ], [ -4.416679323999972, 40.411284663000067 ], [ -4.416596845999948, 40.411285674000048 ], [ -4.416513800999951, 40.411259665000046 ], [ -4.416346203999979, 40.411135596000079 ], [ -4.416216027999951, 40.411110164000043 ], [ -4.416122332999976, 40.411138338000058 ], [ -4.416064740999957, 40.411202104000033 ], [ -4.41606606199997, 40.411265149000023 ], [ -4.416258358999926, 40.411442969000056 ], [ -4.416295027999978, 40.411505582000068 ], [ -4.416248274999931, 40.411524172000036 ], [ -4.416001027999926, 40.411536209000076 ], [ -4.415471184999944, 40.411560714000075 ], [ -4.415036168999961, 40.411611082000029 ], [ -4.414625283999953, 40.411688180000056 ], [ -4.414427993999936, 40.411834734000024 ], [ -4.414286789999949, 40.411845470000053 ], [ -4.414145019999977, 40.411829186000034 ], [ -4.414050004999979, 40.41179431300003 ], [ -4.413832451999951, 40.411535719000021 ], [ -4.413773161999927, 40.411518427000026 ], [ -4.413431841999966, 40.411540617000064 ], [ -4.413114837999956, 40.411598544000078 ], [ -4.412645225999938, 40.411685362000071 ], [ -4.412291932999949, 40.411698686000086 ], [ -4.412275257999966, 40.411464662000064 ], [ -4.412250373999939, 40.411401905000048 ], [ -4.412155171999927, 40.411358024000037 ], [ -4.412001620999945, 40.411341881000048 ], [ -4.411507125999947, 40.411365937000021 ], [ -4.411401457999943, 40.411385244000044 ], [ -4.411355643999968, 40.411448865000068 ], [ -4.411373068999977, 40.411718915000051 ], [ -4.411339225999939, 40.411791398000041 ], [ -4.411258062999934, 40.411855450000068 ], [ -4.411116670999945, 40.411857176000062 ], [ -4.411019587999931, 40.411723229000089 ], [ -4.410923633999971, 40.411643321000042 ], [ -4.410804678999966, 40.411590720000042 ], [ -4.410591650999947, 40.41154827500003 ], [ -4.410414721999927, 40.411541425000053 ], [ -4.410364772999968, 40.41140690200006 ], [ -4.410304355999926, 40.411335569000073 ], [ -4.410137706999932, 40.41125652300007 ], [ -4.409936838999954, 40.411231946000044 ], [ -4.409842953999942, 40.411251108000044 ], [ -4.409749630999954, 40.411297290000043 ], [ -4.409657247999974, 40.411388504000051 ], [ -4.409623403999944, 40.411460987000041 ], [ -4.409651101999941, 40.411658842000065 ], [ -4.409687388999942, 40.411703444000068 ], [ -4.409818877999953, 40.411791928000071 ], [ -4.409867322999958, 40.411854399000049 ], [ -4.409856855999977, 40.411917588000044 ], [ -4.409776067999927, 40.411999652000084 ], [ -4.409731002999933, 40.412099297000054 ], [ -4.409735699999942, 40.41232445900004 ], [ -4.409811845999967, 40.412584785000035 ], [ -4.409884609999949, 40.412682994000079 ], [ -4.410052200999928, 40.412807073000067 ], [ -4.410041169999942, 40.412843243000054 ], [ -4.409948221999968, 40.41290743800004 ], [ -4.40968880899993, 40.412901592000019 ], [ -4.409534315999962, 40.412840414000065 ], [ -4.40935456699998, 40.412698465000055 ], [ -4.409076236999964, 40.412350515000071 ], [ -4.408932589999949, 40.412244161000039 ], [ -4.40887311299997, 40.412217859000059 ], [ -4.408707589999949, 40.412192850000046 ], [ -4.408683460999953, 40.412166117000027 ], [ -4.408681958999978, 40.412094065000083 ], [ -4.408644921999951, 40.412013438000024 ], [ -4.408561127999974, 40.411951397000045 ], [ -4.408382509999967, 40.411863485000019 ], [ -4.408181264999938, 40.411820893000026 ], [ -4.407874538999977, 40.411806610000035 ], [ -4.407556778999947, 40.411828496000041 ], [ -4.407463078999966, 40.411856663000037 ], [ -4.40732337399993, 40.411939443000051 ], [ -4.407099688999949, 40.411951174000073 ], [ -4.40698354799997, 40.412033666000063 ], [ -4.406788490999929, 40.412288285000045 ], [ -4.406706760999952, 40.412325314000043 ], [ -4.406624279999959, 40.412326318000055 ], [ -4.406540676999953, 40.412273282000051 ], [ -4.406466980999937, 40.412130038000036 ], [ -4.406440415999952, 40.411986221000056 ], [ -4.406367657999965, 40.411888010000041 ], [ -4.406260113999962, 40.411817248000027 ], [ -4.406165851999958, 40.411818394000086 ], [ -4.405860624999946, 40.411876158000027 ], [ -4.405624408999927, 40.411852004000018 ], [ -4.405565118999959, 40.411834707000025 ], [ -4.405199478999975, 40.411821134000029 ], [ -4.40469300799998, 40.411836297000036 ], [ -4.404151562999971, 40.411869900000056 ], [ -4.403645651999966, 40.411912077000068 ], [ -4.403434496999977, 40.411959684000067 ], [ -4.403213241999936, 40.412088493000056 ], [ -4.402929145999963, 40.412028879000047 ], [ -4.402751842999976, 40.41200400300005 ], [ -4.402480838999963, 40.412007291000066 ], [ -4.40224574399997, 40.41203716900003 ], [ -4.401964077999934, 40.412094637000045 ], [ -4.401763582999934, 40.412088059000041 ], [ -4.401232235999943, 40.412040447000038 ], [ -4.40109121499995, 40.412060173000043 ], [ -4.400962350999976, 40.412097770000059 ], [ -4.40076278999993, 40.412136223000054 ], [ -4.400704062999978, 40.412145943000048 ], [ -4.400361240999928, 40.412096043000076 ], [ -4.399877398999934, 40.412065867000081 ], [ -4.399618176999979, 40.412069005000035 ], [ -4.399394676999974, 40.412089728000069 ], [ -4.39890128899998, 40.412167768000074 ], [ -4.398701725999956, 40.412206218000051 ], [ -4.398409017999938, 40.412299846000067 ], [ -4.398256026999946, 40.412310705000046 ], [ -4.398149608999972, 40.412293974000072 ], [ -4.398088085999972, 40.412168595000018 ], [ -4.397943895999957, 40.412035207000024 ], [ -4.39768169499996, 40.411894236000066 ], [ -4.397514500999931, 40.411788152000049 ], [ -4.397230223999941, 40.411719518000048 ], [ -4.397017390999963, 40.411686054000022 ], [ -4.396746199999938, 40.411680322000038 ], [ -4.396380747999956, 40.411675727000038 ], [ -4.396146208999937, 40.411732612000044 ], [ -4.395982737999931, 40.411806656000074 ], [ -4.395843576999937, 40.411916441000074 ], [ -4.395761840999967, 40.411953463000017 ], [ -4.395620075999943, 40.411937157000061 ], [ -4.395467828999926, 40.411984038000071 ], [ -4.395200541999941, 40.412167439000029 ], [ -4.394862742999975, 40.412360699000033 ], [ -4.394792230999939, 40.412370558000063 ], [ -4.394744355999934, 40.412335101000039 ], [ -4.394644332999974, 40.412057035000032 ], [ -4.394425550999926, 40.411735358000051 ], [ -4.394306049999954, 40.411655720000049 ], [ -4.394152131999931, 40.411621541000038 ], [ -4.393833624999957, 40.411607363000037 ], [ -4.393597783999951, 40.411601197000032 ], [ -4.393561692999981, 40.411565597000042 ], [ -4.393499435999956, 40.411404190000042 ], [ -4.393389677999949, 40.411225337000062 ], [ -4.393221377999964, 40.411065207000043 ], [ -4.39291075899996, 40.410861747000062 ], [ -4.392826052999965, 40.410754662000038 ], [ -4.392374045999929, 40.410552904000042 ], [ -4.392240355999945, 40.410356321000037 ], [ -4.39216836199995, 40.410294126000053 ], [ -4.39207354499996, 40.410268242000029 ], [ -4.391600944999936, 40.410210869000025 ], [ -4.391128716999957, 40.410171508000062 ], [ -4.39057456699993, 40.410160156000082 ], [ -4.39051546899998, 40.41015185800007 ], [ -4.389996851999967, 40.410149085000057 ], [ -4.389513582999939, 40.41014588500007 ], [ -4.389183856999978, 40.410158855000077 ], [ -4.389042095999969, 40.410142541000027 ], [ -4.38881693299993, 40.410082184000032 ], [ -4.388545749999936, 40.410076432000039 ], [ -4.388404728999944, 40.410096143000032 ], [ -4.388171112999942, 40.410198045000065 ], [ -4.388032866999936, 40.410352854000053 ], [ -4.387951128999931, 40.410389870000074 ], [ -4.387821334999956, 40.41038241900003 ], [ -4.387737562999973, 40.410320363000039 ], [ -4.387652495999929, 40.410195261000069 ], [ -4.38754460399997, 40.410106468000045 ], [ -4.387449603999926, 40.410071573000039 ], [ -4.387296060999972, 40.410055398000047 ], [ -4.386989899999946, 40.410068079000048 ], [ -4.386755542999936, 40.410133952000088 ], [ -4.386319217999925, 40.410121166000067 ], [ -4.385883817999968, 40.410153412000064 ], [ -4.385754580999958, 40.410172979000038 ], [ -4.385330038999939, 40.41016004800008 ], [ -4.385057562999976, 40.410091242000078 ], [ -4.384939552999981, 40.410083647000071 ], [ -4.384457575999931, 40.410143472000073 ], [ -4.384141105999959, 40.41022834000006 ], [ -4.384058627999934, 40.41022932700001 ], [ -4.384010944999943, 40.410202871000081 ], [ -4.383853898999973, 40.410015567000073 ], [ -4.383674394999956, 40.409882583000062 ], [ -4.383614006999948, 40.40981123500007 ], [ -4.383525445999965, 40.409515005000067 ], [ -4.383452354999975, 40.409398765000056 ], [ -4.38338037099993, 40.409336565000054 ], [ -4.383297523999943, 40.409319539000073 ], [ -4.383156687999929, 40.40934825000005 ], [ -4.38296945899998, 40.40941355100005 ], [ -4.382608440999945, 40.409625070000054 ], [ -4.382245946999944, 40.409764536000068 ], [ -4.382175066999935, 40.409756375000022 ], [ -4.382182244999967, 40.409531069000025 ], [ -4.382145608999962, 40.409468446000055 ], [ -4.382109708999963, 40.409441848000036 ], [ -4.381779615999959, 40.409436785000025 ], [ -4.381509538999978, 40.409485056000044 ], [ -4.381135077999944, 40.409615652000078 ], [ -4.38097049199996, 40.409635636000075 ], [ -4.380919312999936, 40.409438054000077 ], [ -4.380798176999975, 40.409277342000053 ], [ -4.380690109999932, 40.409179536000067 ], [ -4.380487785999946, 40.409082855000058 ], [ -4.380272575999925, 40.408932275000033 ], [ -4.380131003999963, 40.408924956000078 ], [ -4.379836996999927, 40.408955491000029 ], [ -4.379306237999969, 40.408934797000022 ], [ -4.379047209999953, 40.408946896000032 ], [ -4.378838065999958, 40.409093530000064 ], [ -4.378651935999926, 40.40921286400004 ], [ -4.378523430999963, 40.409268449000074 ], [ -4.378358476999949, 40.409270415000037 ], [ -4.378122277999978, 40.409246205000038 ], [ -4.378038881999941, 40.409202154000063 ], [ -4.377966350999941, 40.409112931000031 ], [ -4.377880753999932, 40.408960802000017 ], [ -4.377748760999965, 40.408845260000071 ], [ -4.377595222999958, 40.40882907200006 ], [ -4.377512929999966, 40.408839061000037 ], [ -4.377372642999944, 40.40889478500003 ], [ -4.37710715299994, 40.409168211000072 ], [ -4.377002578999964, 40.409241527000063 ], [ -4.376874072999954, 40.409297110000075 ], [ -4.376838724999971, 40.40929753100005 ], [ -4.376802643999952, 40.409261925000074 ], [ -4.37678700899994, 40.409072927000068 ], [ -4.376617652999926, 40.408858732000041 ], [ -4.376531690999968, 40.408688588000075 ], [ -4.376516423999931, 40.408517603000057 ], [ -4.376549752999949, 40.408418109000024 ], [ -4.376712870999937, 40.408326080000052 ], [ -4.376722635999953, 40.40822686700006 ], [ -4.376710118999938, 40.408190980000029 ], [ -4.376544433999925, 40.408156918000032 ], [ -4.376131871999973, 40.408152820000048 ], [ -4.375780236999958, 40.408247092000067 ], [ -4.375603869999964, 40.408267208000034 ], [ -4.375354975999926, 40.408198098000071 ], [ -4.375071651999974, 40.408174442000067 ], [ -4.37486030499997, 40.408212990000038 ], [ -4.374808960999928, 40.40800639800004 ], [ -4.37473515399995, 40.407854126000075 ], [ -4.374650663999943, 40.407756034000052 ], [ -4.374555672999975, 40.407721128000048 ], [ -4.374343593999924, 40.407723649000047 ], [ -4.374027305999959, 40.407817496000071 ], [ -4.373933230999966, 40.40782762200007 ], [ -4.373908933999928, 40.407791876000026 ], [ -4.373931033999952, 40.407719543000049 ], [ -4.374153442250986, 40.407527423272334 ], [ -4.376792907714787, 40.407421112060547 ], [ -4.400564193725586, 40.411422729492301 ], [ -4.413768768310547, 40.410560607910156 ], [ -4.417335987091008, 40.406471252441527 ], [ -4.421778202056828, 40.406410217285213 ], [ -4.422969745044137, 40.403251913510317 ], [ -4.423049896999941, 40.403188635000042 ] ] ] ] } },
{ "type": "Feature", "properties": { "INFORME": "https://sig.mapama.gob.es/WebServices/clientews/snczi/Default.aspx?nombre=EGISPE_EMBALSE&claves=ID_EMBALSE&valores=1115", "ID_EMBALSE": 1115.0, "CODIGO": 1115, "NOMBRE": "HINCHONA, LA", "NMN_SUP": 200000.0, "NMN_CAPAC": 1.3, "NMN_COTA": null, "NAE_COTA": null, "ADMON_COMP": "Estado", "DEMARC": "TAJO", "PROVINCIA": "Ávila", "SUP_CUENCA": null, "AP_M_ANUAL": null, "TIPO_EMBAL": "Embalse de presa", "DTOR_EXPLO": null, "TIPO_TITUL": "Ayuntamientos y/o Diputaciones", "USO": "Abastecimiento", "ID_0": 215, "ISO": "ESP", "NAME_0": "Spain", "ID_1": 5, "NAME_1": "Castilla y León", "ID_2": 18, "NAME_2": "Ávila", "TYPE_2": "Provincia", "ENGTYPE_2": "Province", "area": 10107.161, "cuenca": "Alberche", "Tipo": "Embalse" }, "geometry": { "type": "MultiPolygon", "coordinates": [ [ [ [ -4.509173764999957, 40.382511698000023 ], [ -4.509178886999962, 40.382642257000043 ], [ -4.509150716999955, 40.382683164000063 ], [ -4.50910166799997, 40.382728848000056 ], [ -4.509052953999968, 40.382756510000029 ], [ -4.508809114999964, 40.382849779000018 ], [ -4.508575412999961, 40.382951924000047 ], [ -4.508329497999967, 40.383018193000055 ], [ -4.508207107999964, 40.383060328000056 ], [ -4.508166222999932, 40.383092392000023 ], [ -4.508117809999931, 40.383282207000022 ], [ -4.508114129999967, 40.383381351000011 ], [ -4.508167664999974, 40.383569836000049 ], [ -4.508188644999962, 40.383767755000072 ], [ -4.508262723999962, 40.383969485000073 ], [ -4.50834182099993, 40.384148628000055 ], [ -4.508330145999935, 40.384351477000038 ], [ -4.508333359999938, 40.384545123000066 ], [ -4.508297225999969, 40.384658203000072 ], [ -4.508279526999956, 40.384689964000074 ], [ -4.508104972999945, 40.384836381000063 ], [ -4.508092457999965, 40.384588804000039 ], [ -4.507964777999974, 40.384410294000077 ], [ -4.507862427999953, 40.384344063000064 ], [ -4.507823548999966, 40.384317544000069 ], [ -4.507809361999932, 40.384308720000035 ], [ -4.507517870999948, 40.384213424000052 ], [ -4.507672783999965, 40.384143839000039 ], [ -4.507689680999931, 40.384076053000058 ], [ -4.507693461999963, 40.384030960000075 ], [ -4.50766321499998, 40.383846676000068 ], [ -4.50761567099994, 40.383662616000038 ], [ -4.507616506999966, 40.383617562000033 ], [ -4.50765321199998, 40.383513483000058 ], [ -4.507705305999934, 40.383323620000063 ], [ -4.507738529999926, 40.383129499000056 ], [ -4.507832377999932, 40.382930084000058 ], [ -4.507873263999954, 40.382898020000034 ], [ -4.50792970699996, 40.382870258000025 ], [ -4.508153404999973, 40.382781758000071 ], [ -4.508405711999956, 40.382737928000033 ], [ -4.508660760999931, 40.382734601000038 ], [ -4.508904499999971, 40.38268637700002 ], [ -4.509120099999961, 40.382597981000067 ], [ -4.509158207999974, 40.382556944000051 ], [ -4.509173764999957, 40.382511698000023 ] ] ] ] } },
{ "type": "Feature", "properties": { "INFORME": "https://sig.mapama.gob.es/WebServices/clientews/snczi/Default.aspx?nombre=EGISPE_EMBALSE&claves=ID_EMBALSE&valores=2082", "ID_EMBALSE": 2082.0, "CODIGO": 2082, "NOMBRE": "SANTA LUCIA DE LA SIERRA", "NMN_SUP": 88000.0, "NMN_CAPAC": 0.64, "NMN_COTA": null, "NAE_COTA": null, "ADMON_COMP": "Estado", "DEMARC": "DUERO", "PROVINCIA": "Ávila", "SUP_CUENCA": null, "AP_M_ANUAL": null, "TIPO_EMBAL": "Embalse de presa", "DTOR_EXPLO": null, "TIPO_TITUL": "Privado", "USO": "Abastecimiento", "ID_0": 215, "ISO": "ESP", "NAME_0": "Spain", "ID_1": 5, "NAME_1": "Castilla y León", "ID_2": 18, "NAME_2": "Ávila", "TYPE_2": "Provincia", "ENGTYPE_2": "Province", "area": 118398.408, "cuenca": "Tormes", "Tipo": "Embalse" }, "geometry": { "type": "MultiPolygon", "coordinates": [ [ [ [ -5.59367197699993, 40.341185639000059 ], [ -5.594155281999974, 40.341116244000034 ], [ -5.594968713999946, 40.34086829000006 ], [ -5.595328047999941, 40.34069358000005 ], [ -5.595594016999939, 40.340597531000064 ], [ -5.595651031999978, 40.340578235000066 ], [ -5.595851702999937, 40.340506171000065 ], [ -5.596070432999967, 40.34033912000006 ], [ -5.596289244999978, 40.340212602000065 ], [ -5.596696416999976, 40.340086356000029 ], [ -5.597271606999924, 40.339911433000047 ], [ -5.597741214999928, 40.339894338000079 ], [ -5.598162827999942, 40.339963374000028 ], [ -5.598552278999932, 40.340085473000045 ], [ -5.599090474999969, 40.340295822000037 ], [ -5.599675155999933, 40.340603262000059 ], [ -5.600053055999978, 40.34064710400002 ], [ -5.600126926999963, 40.340789379000064 ], [ -5.599637206999944, 40.340950873000061 ], [ -5.599273874999937, 40.341063725000026 ], [ -5.599016823999932, 40.341272325000034 ], [ -5.597792393999952, 40.341450328000057 ], [ -5.597118980999936, 40.34172716300003 ], [ -5.596540540999967, 40.342028032000023 ], [ -5.596268898999937, 40.342302380000035 ], [ -5.596336977999954, 40.342516757000048 ], [ -5.596492747999945, 40.342788047000049 ], [ -5.596517610999967, 40.342990309000072 ], [ -5.596224614999924, 40.343153913000023 ], [ -5.595870039999966, 40.343495548000078 ], [ -5.595855694999954, 40.34379028700004 ], [ -5.595679041999971, 40.343866223000077 ], [ -5.595456411999976, 40.343858137000041 ], [ -5.595138820999978, 40.343603563000052 ], [ -5.594605643999955, 40.343301486000023 ], [ -5.593458854999938, 40.343052431000046 ], [ -5.593006310999954, 40.343069126000046 ], [ -5.593492226999955, 40.341245923000017 ], [ -5.59367197699993, 40.341185639000059 ] ] ] ] } },
{ "type": "Feature", "properties": { "INFORME": "https://sig.mapama.gob.es/WebServices/clientews/snczi/Default.aspx?nombre=EGISPE_EMBALSE&claves=ID_EMBALSE&valores=158", "ID_EMBALSE": 158.0, "CODIGO": 158, "NOMBRE": "ARAVALLE", "NMN_SUP": 25500.0, "NMN_CAPAC": 0.06, "NMN_COTA": null, "NAE_COTA": null, "ADMON_COMP": "Estado", "DEMARC": "DUERO", "PROVINCIA": "Ávila", "SUP_CUENCA": null, "AP_M_ANUAL": null, "TIPO_EMBAL": "Embalse de presa", "DTOR_EXPLO": null, "TIPO_TITUL": "Estado\nEstado", "USO": "Abastecimiento", "ID_0": 215, "ISO": "ESP", "NAME_0": "Spain", "ID_1": 5, "NAME_1": "Castilla y León", "ID_2": 18, "NAME_2": "Ávila", "TYPE_2": "Provincia", "ENGTYPE_2": "Province", "area": 19708.114, "cuenca": "Tormes", "Tipo": "Embalse" }, "geometry": { "type": "MultiPolygon", "coordinates": [ [ [ [ -5.586160214999951, 40.323928491000053 ], [ -5.585946514999931, 40.323870217000035 ], [ -5.585745604999943, 40.323838680000051 ], [ -5.585589840999943, 40.323756590000059 ], [ -5.585487507999971, 40.323686817000066 ], [ -5.585462100999962, 40.323637843000029 ], [ -5.585658714999965, 40.323556880000062 ], [ -5.585701073999928, 40.323587460000056 ], [ -5.585796839999943, 40.323639364000023 ], [ -5.585891402999948, 40.323659769000074 ], [ -5.586079694999967, 40.323669069000054 ], [ -5.586420141999951, 40.32366595700006 ], [ -5.586562428999968, 40.323703308000056 ], [ -5.586658538999926, 40.323764212000057 ], [ -5.586791644999948, 40.323869327000075 ], [ -5.586988566999935, 40.32395049400003 ], [ -5.587087636999968, 40.323934765000047 ], [ -5.587173984999935, 40.323865275000053 ], [ -5.587305406999975, 40.32377225700003 ], [ -5.587451545999953, 40.323602344000051 ], [ -5.587546854999969, 40.32347860700002 ], [ -5.587655101999929, 40.323395115000039 ], [ -5.587845809999974, 40.323323288000033 ], [ -5.58816603699995, 40.323253066000049 ], [ -5.588421439999934, 40.32317078300008 ], [ -5.588605751999978, 40.32308558700003 ], [ -5.58878767799996, 40.32292838300004 ], [ -5.58888849599998, 40.322804521000087 ], [ -5.588984660999925, 40.322703283000067 ], [ -5.588930682999944, 40.322830599000042 ], [ -5.588894171999924, 40.322953021000032 ], [ -5.588823610999952, 40.323098724000033 ], [ -5.588712596999927, 40.323186783000047 ], [ -5.588529951999932, 40.323267438000066 ], [ -5.588278488999947, 40.323318107000027 ], [ -5.588153455999929, 40.323356937000014 ], [ -5.588011668999967, 40.323409653000049 ], [ -5.587872827999946, 40.323529861000054 ], [ -5.587767597999971, 40.323653820000061 ], [ -5.587646863999964, 40.323805150000041 ], [ -5.587484555999936, 40.323975425000071 ], [ -5.587304117999962, 40.324123587000031 ], [ -5.587165789999972, 40.324257294000056 ], [ -5.587138514999936, 40.324429051000031 ], [ -5.587093132999938, 40.324569686000054 ], [ -5.586965317999955, 40.324757204000036 ], [ -5.586859397999944, 40.324863163000025 ], [ -5.586612050999975, 40.32502182800004 ], [ -5.586286851999943, 40.325231776000052 ], [ -5.585997538999947, 40.325418402000025 ], [ -5.585806436999973, 40.325566800000047 ], [ -5.585692355999982, 40.325699963000019 ], [ -5.585562402999925, 40.325860505000037 ], [ -5.585459861999936, 40.326006921000044 ], [ -5.585324756999967, 40.32610001900008 ], [ -5.585259124999936, 40.326114999000026 ], [ -5.585139030999925, 40.32609066100008 ], [ -5.585007371999951, 40.326062078000049 ], [ -5.585006756999974, 40.326017053000037 ], [ -5.585000701999945, 40.325945127000075 ], [ -5.584982494999963, 40.325882480000075 ], [ -5.584944763999942, 40.325838285000025 ], [ -5.58489213799993, 40.325798927000051 ], [ -5.584919990999935, 40.325757769000056 ], [ -5.585034983999947, 40.325696648000068 ], [ -5.585156543999972, 40.325653395000067 ], [ -5.585223663999954, 40.325561817000043 ], [ -5.58524168599996, 40.325417291000058 ], [ -5.585276806999958, 40.325267879000087 ], [ -5.585460635999937, 40.325160179000086 ], [ -5.585628715999974, 40.325102374000039 ], [ -5.585877710999966, 40.325015736000069 ], [ -5.586178247999954, 40.324891913000044 ], [ -5.58634051799993, 40.324807214000032 ], [ -5.586522772999956, 40.324668021000022 ], [ -5.586612549999925, 40.324553416000072 ], [ -5.586660629999925, 40.324435240000064 ], [ -5.586686073999942, 40.324331082000072 ], [ -5.586659805999942, 40.324259608000034 ], [ -5.58653862999995, 40.324158730000072 ], [ -5.586327222999954, 40.323996817000079 ], [ -5.586160214999951, 40.323928491000053 ] ] ] ] } },
{ "type": "Feature", "properties": { "INFORME": "https://sig.mapama.gob.es/WebServices/clientews/snczi/Default.aspx?nombre=EGISPE_EMBALSE&claves=ID_EMBALSE&valores=1707", "ID_EMBALSE": 1707.0, "CODIGO": 1707, "NOMBRE": "PIEDRALAVES", "NMN_SUP": 25000.0, "NMN_CAPAC": 0.35, "NMN_COTA": null, "NAE_COTA": null, "ADMON_COMP": "Estado", "DEMARC": "TAJO", "PROVINCIA": "Ávila", "SUP_CUENCA": null, "AP_M_ANUAL": null, "TIPO_EMBAL": "Embalse de presa", "DTOR_EXPLO": null, "TIPO_TITUL": "Ayuntamientos y/o Diputaciones", "USO": "Abastecimiento\nDefensa frente avenidas", "ID_0": 215, "ISO": "ESP", "NAME_0": "Spain", "ID_1": 5, "NAME_1": "Castilla y León", "ID_2": 18, "NAME_2": "Ávila", "TYPE_2": "Provincia", "ENGTYPE_2": "Province", "area": 43022.773, "cuenca": "Tietar", "Tipo": "Embalse" }, "geometry": { "type": "MultiPolygon", "coordinates": [ [ [ [ -4.705416246999959, 40.340191385000011 ], [ -4.70530931299993, 40.340210979000062 ], [ -4.705202264999969, 40.340226070000028 ], [ -4.705170860999942, 40.340176985000021 ], [ -4.705148282999971, 40.340127771000013 ], [ -4.705142622999971, 40.340078307000041 ], [ -4.705230683999956, 40.339995931000033 ], [ -4.705340331999934, 40.339908732000026 ], [ -4.705420047999951, 40.339830983000063 ], [ -4.705555437999976, 40.339743405000036 ], [ -4.705694899999969, 40.339642253000079 ], [ -4.705766129999971, 40.33957814200005 ], [ -4.705837046999931, 40.339487010000028 ], [ -4.705941370999937, 40.339363855000045 ], [ -4.705959865999943, 40.339250974000038 ], [ -4.705970015999981, 40.339142721000016 ], [ -4.705947428999934, 40.338917838000036 ], [ -4.705921874999945, 40.33876506800005 ], [ -4.705891482999959, 40.338580839000045 ], [ -4.705848104999973, 40.338392297000041 ], [ -4.705734029999973, 40.338128224000059 ], [ -4.705736401999956, 40.338047112000012 ], [ -4.707638878999944, 40.337978502000055 ], [ -4.707623010999953, 40.338370613000052 ], [ -4.707623025999964, 40.338546281000042 ], [ -4.707687282999927, 40.338716496000067 ], [ -4.707782519999967, 40.338904272000036 ], [ -4.707939114999931, 40.339059611000039 ], [ -4.707991736999929, 40.339103877000078 ], [ -4.708023141999945, 40.339152961000025 ], [ -4.708194559999981, 40.339312585000066 ], [ -4.708275110999978, 40.339428508000019 ], [ -4.708285840999962, 40.339518436000048 ], [ -4.70827694299993, 40.339676218000079 ], [ -4.70815340799993, 40.339723086000056 ], [ -4.708029530999966, 40.339756445000035 ], [ -4.707880591999981, 40.339817201000074 ], [ -4.707323937999945, 40.339816410000026 ], [ -4.707200171999944, 40.339854271000029 ], [ -4.707081162999941, 40.339905575000046 ], [ -4.706886963999978, 40.340039066000031 ], [ -4.706548434999946, 40.340255764000055 ], [ -4.706331514999931, 40.340349051000025 ], [ -4.706152982999924, 40.340432762000027 ], [ -4.706021551999925, 40.340502265000055 ], [ -4.705906158999937, 40.340521985000059 ], [ -4.705811301999972, 40.340509871000044 ], [ -4.705737548999934, 40.340488437000026 ], [ -4.705636578999929, 40.340408848000038 ], [ -4.705565990999957, 40.340337820000052 ], [ -4.705499930999963, 40.340271229000059 ], [ -4.70548569899995, 40.340217387000052 ], [ -4.705416246999959, 40.340191385000011 ] ] ] ] } },
{ "type": "Feature", "properties": { "INFORME": "https://sig.mapama.gob.es/WebServices/clientews/snczi/Default.aspx?nombre=EGISPE_EMBALSE&claves=ID_EMBALSE&valores=842", "ID_EMBALSE": 842.0, "CODIGO": 842, "NOMBRE": "DUQUE, EL", "NMN_SUP": 270000.0, "NMN_CAPAC": 2.2, "NMN_COTA": null, "NAE_COTA": null, "ADMON_COMP": "Estado", "DEMARC": "DUERO", "PROVINCIA": "Ávila", "SUP_CUENCA": null, "AP_M_ANUAL": null, "TIPO_EMBAL": "Embalse de presa", "DTOR_EXPLO": null, "TIPO_TITUL": "Privado", "USO": "Abastecimiento\nDefensa frente avenidas", "ID_0": 215, "ISO": "ESP", "NAME_0": "Spain", "ID_1": 5, "NAME_1": "Castilla y León", "ID_2": 18, "NAME_2": "Ávila", "TYPE_2": "Provincia", "ENGTYPE_2": "Province", "area": 220890.302, "cuenca": "Tormes", "Tipo": "Embalse" }, "geometry": { "type": "MultiPolygon", "coordinates": [ [ [ [ -5.684400092999965, 40.304683040000043 ], [ -5.684221956999976, 40.304669160000067 ], [ -5.684135822999964, 40.304666655000062 ], [ -5.683796427999936, 40.304656518000051 ], [ -5.68360451199993, 40.304647460000069 ], [ -5.683403045999966, 40.304638624000049 ], [ -5.683177167999929, 40.304616843000069 ], [ -5.682790019999971, 40.304607810000043 ], [ -5.682416004999936, 40.304224657000084 ], [ -5.682124553999927, 40.304060273000069 ], [ -5.681800490999933, 40.303982217000048 ], [ -5.681766573999937, 40.303933462000032 ], [ -5.681820148999976, 40.303828632000034 ], [ -5.681995253999958, 40.303766021000072 ], [ -5.682190918999935, 40.303711941000067 ], [ -5.682383298999979, 40.303639922000052 ], [ -5.682553137999946, 40.30352789100003 ], [ -5.682707725999933, 40.303420718000041 ], [ -5.682818991999965, 40.303296534000026 ], [ -5.682902918999956, 40.303150465000037 ], [ -5.682999512999971, 40.303008606000049 ], [ -5.683088915999973, 40.302889433000075 ], [ -5.683227718999944, 40.302773618000067 ], [ -5.683384308999961, 40.302679908000073 ], [ -5.683495749999964, 40.302560224000047 ], [ -5.683530667999947, 40.302541398000088 ], [ -5.683618144999968, 40.302494330000059 ], [ -5.68381097799994, 40.302498863000039 ], [ -5.683907227999952, 40.302487621000061 ], [ -5.684029141999927, 40.302363189000069 ], [ -5.684044212999935, 40.302353832000037 ], [ -5.684116073999975, 40.302311630000069 ], [ -5.684132613999964, 40.302302238000038 ], [ -5.684150244999956, 40.302301829000037 ], [ -5.684162, 40.302301556000032 ], [ -5.68432851999995, 40.302347232000031 ], [ -5.684431504999965, 40.302385376000068 ], [ -5.684585444999925, 40.302354779000041 ], [ -5.68488855399994, 40.302136064000074 ], [ -5.685239504999969, 40.30199280100004 ], [ -5.685441382999953, 40.301956587000063 ], [ -5.68564362899997, 40.301920363000072 ], [ -5.685826805999966, 40.301857559000034 ], [ -5.68602257499998, 40.301862020000044 ], [ -5.686224987999934, 40.301839303000051 ], [ -5.686393460999966, 40.301785848000065 ], [ -5.68655477699997, 40.301728054000073 ], [ -5.686750031999963, 40.301700999000033 ], [ -5.686970264999958, 40.301673363000077 ], [ -5.687160680999966, 40.301700465000067 ], [ -5.687367877999975, 40.301668627000033 ], [ -5.687455349999937, 40.301621556000036 ], [ -5.68759397599996, 40.301649861000037 ], [ -5.687723910999977, 40.301570277000046 ], [ -5.687837032999938, 40.301576655000069 ], [ -5.687900148999971, 40.301629233000028 ], [ -5.688040841999963, 40.30161695500005 ], [ -5.688196487999959, 40.301536773000066 ], [ -5.688591956999971, 40.301478037000045 ], [ -5.688807056999963, 40.301441509000021 ], [ -5.689274865999947, 40.301399104000048 ], [ -5.689518027999951, 40.301393449000045 ], [ -5.689747587999931, 40.301397117000079 ], [ -5.689988336999931, 40.30141403600004 ], [ -5.690137078999954, 40.301428591000061 ], [ -5.690303182999969, 40.301519307000021 ], [ -5.69038476299994, 40.301648019000019 ], [ -5.690482150999968, 40.301767355000038 ], [ -5.690660188999972, 40.301862296000017 ], [ -5.690846546999976, 40.301907501000073 ], [ -5.691063222999957, 40.301938490000047 ], [ -5.691262119999974, 40.301938365000055 ], [ -5.691444933999946, 40.301866553000018 ], [ -5.691537962999973, 40.301774312000077 ], [ -5.691745, 40.301719951000045 ], [ -5.691860335999934, 40.301717266000026 ], [ -5.691990604999944, 40.301831332000056 ], [ -5.692019335999929, 40.301925243000021 ], [ -5.692029948999959, 40.301961026000079 ], [ -5.691989614999954, 40.302065552000045 ], [ -5.692030596999927, 40.302208720000053 ], [ -5.692044219999958, 40.302348020000068 ], [ -5.692116612999938, 40.30248595200004 ], [ -5.692174222999938, 40.302538656000017 ], [ -5.692151867999939, 40.302660779000064 ], [ -5.692004454999959, 40.302772302000044 ], [ -5.691838128999961, 40.302879761000042 ], [ -5.691684311999951, 40.302968913000036 ], [ -5.691587756999979, 40.303092763000045 ], [ -5.691547033999939, 40.303215313000059 ], [ -5.69142274099994, 40.303344312000043 ], [ -5.691284299999949, 40.303478144000053 ], [ -5.69116773899998, 40.303588948000026 ], [ -5.691013549999981, 40.303678108000057 ], [ -5.69086342399993, 40.30374915900007 ], [ -5.690703566999957, 40.303815932000077 ], [ -5.690566086999978, 40.303909206000064 ], [ -5.690388001999963, 40.304016937000029 ], [ -5.690180778999944, 40.304066796000022 ], [ -5.689973575999943, 40.304098639000074 ], [ -5.689807134999968, 40.304138541000043 ], [ -5.689733052999941, 40.304198813000028 ], [ -5.689676245999975, 40.304249676000026 ], [ -5.689584709999963, 40.304314858000048 ], [ -5.689403615999936, 40.304319070000069 ], [ -5.689235766999958, 40.304304959000035 ], [ -5.689033138999946, 40.304350205000041 ], [ -5.688862594999931, 40.304444247000056 ], [ -5.688688985999931, 40.304488818000038 ], [ -5.688479754999946, 40.304525209000076 ], [ -5.688254928999924, 40.30454845100008 ], [ -5.688025325999943, 40.304571803000037 ], [ -5.687801599999943, 40.304595019000033 ], [ -5.687701685999968, 40.30459734100004 ], [ -5.68733875199996, 40.304614784000066 ], [ -5.686872408999931, 40.304639132000041 ], [ -5.686633831999926, 40.304640171000088 ], [ -5.686372835999976, 40.304650739000067 ], [ -5.686116059999961, 40.304665711000041 ], [ -5.685692894999931, 40.304675540000055 ], [ -5.68547578999994, 40.304689590000059 ], [ -5.685260532999961, 40.304694589000057 ], [ -5.68504086799993, 40.304699690000064 ], [ -5.684814780999942, 40.304700435000029 ], [ -5.684596961999944, 40.304696485000065 ], [ -5.684400092999965, 40.304683040000043 ] ] ] ] } },
{ "type": "Feature", "properties": { "INFORME": "https://sig.mapama.gob.es/WebServices/clientews/snczi/Default.aspx?nombre=EGISPE_EMBALSE&claves=ID_EMBALSE&valores=170", "ID_EMBALSE": 170.0, "CODIGO": 170, "NOMBRE": "ARENAS DE SAN PEDRO", "NMN_SUP": 90000.0, "NMN_CAPAC": 0.45, "NMN_COTA": null, "NAE_COTA": null, "ADMON_COMP": "Estado", "DEMARC": "TAJO", "PROVINCIA": "Ávila", "SUP_CUENCA": null, "AP_M_ANUAL": null, "TIPO_EMBAL": "Embalse de presa", "DTOR_EXPLO": "EMILIO DE CASTRO", "TIPO_TITUL": "Ayuntamientos y/o Diputaciones", "USO": "Abastecimiento", "ID_0": 215, "ISO": "ESP", "NAME_0": "Spain", "ID_1": 5, "NAME_1": "Castilla y León", "ID_2": 18, "NAME_2": "Ávila", "TYPE_2": "Provincia", "ENGTYPE_2": "Province", "area": 82064.204, "cuenca": "Tietar", "Tipo": "Embalse" }, "geometry": { "type": "MultiPolygon", "coordinates": [ [ [ [ -5.105521465999971, 40.215220617000057 ], [ -5.105349342999944, 40.215223750000064 ], [ -5.105111550999936, 40.215169523000036 ], [ -5.10479842199993, 40.215089642000059 ], [ -5.104588295999974, 40.215039415000042 ], [ -5.10434939099997, 40.214949173000043 ], [ -5.10416725799996, 40.214925461000064 ], [ -5.103998425999976, 40.214892499000037 ], [ -5.103815508999957, 40.214855288000074 ], [ -5.103623505999963, 40.214809234000022 ], [ -5.103486462999967, 40.214771188000036 ], [ -5.103247560999933, 40.214680945000055 ], [ -5.10303838599998, 40.214590160000057 ], [ -5.102832386999978, 40.214530846000066 ], [ -5.102576755999962, 40.214481443000068 ], [ -5.102348699999936, 40.214445050000052 ], [ -5.10214353799995, 40.214412745000061 ], [ -5.101856622999946, 40.214372917000048 ], [ -5.101610446999928, 40.214332347000038 ], [ -5.101373355999954, 40.214300621000064 ], [ -5.101183696999954, 40.214259024000057 ], [ -5.101063110999974, 40.214171131000064 ], [ -5.100907952999933, 40.213998287000045 ], [ -5.10084001499996, 40.213855387000081 ], [ -5.10077489899993, 40.213649378000085 ], [ -5.100639116999957, 40.213521223000036 ], [ -5.100508383999966, 40.213401984000022 ], [ -5.100424826999927, 40.213335939000046 ], [ -5.100357795999968, 40.213305627000068 ], [ -5.100420776999953, 40.212408154000045 ], [ -5.100482875999944, 40.212361985000037 ], [ -5.10076644299994, 40.212293778000053 ], [ -5.101145286999951, 40.212219336000025 ], [ -5.101580251999962, 40.212202426000033 ], [ -5.101930315999937, 40.212218587000045 ], [ -5.102096520999964, 40.212238088000042 ], [ -5.102258954999969, 40.212361253000033 ], [ -5.102506286999926, 40.212581967000062 ], [ -5.102540440999973, 40.212653413000062 ], [ -5.102450728999941, 40.21283971400004 ], [ -5.102431086999958, 40.213083296000043 ], [ -5.102480957999944, 40.213235531000066 ], [ -5.102569565999942, 40.21331049100008 ], [ -5.10270724999998, 40.213357535000043 ], [ -5.102985907999937, 40.213415528000034 ], [ -5.103236486999947, 40.213456014000023 ], [ -5.103597591999972, 40.21354403600003 ], [ -5.103890945999979, 40.213637793000025 ], [ -5.10421602599996, 40.21380754200004 ], [ -5.104474718999938, 40.213955978000051 ], [ -5.10470954799996, 40.214068814000022 ], [ -5.104958371999943, 40.214194908000024 ], [ -5.10514337799998, 40.214299641000018 ], [ -5.105407872999932, 40.214493011000059 ], [ -5.105643261999944, 40.214623851000056 ], [ -5.10613088599996, 40.214907745000048 ], [ -5.106403305999947, 40.215060431000033 ], [ -5.106592213999932, 40.215160587000071 ], [ -5.106858140999976, 40.215245827000054 ], [ -5.107128612999929, 40.215335488000058 ], [ -5.107407840999939, 40.215411477000032 ], [ -5.107620311999938, 40.215466160000062 ], [ -5.107903804999977, 40.215537565000027 ], [ -5.108169735999979, 40.215622803000016 ], [ -5.108384218999959, 40.215659431000056 ], [ -5.108580212999925, 40.215691892000052 ], [ -5.10878041999996, 40.215706259000058 ], [ -5.109030869999969, 40.215742231000029 ], [ -5.109204337999927, 40.215770598000063 ], [ -5.109436278999964, 40.215860956000029 ], [ -5.109602386999938, 40.215948010000027 ], [ -5.109800337999957, 40.21604349100005 ], [ -5.110034900999948, 40.216147313000072 ], [ -5.110255327999936, 40.216233375000058 ], [ -5.110499067999968, 40.216337028000055 ], [ -5.110563816999957, 40.216376385000039 ], [ -5.110560809999981, 40.216421481000047 ], [ -5.110497177999946, 40.216418138000044 ], [ -5.110382236999953, 40.216370689000023 ], [ -5.110212281999964, 40.216301723000072 ], [ -5.110006131999967, 40.216237921000072 ], [ -5.109575130999929, 40.216241277000059 ], [ -5.10946922599993, 40.216189158000063 ], [ -5.109321099999931, 40.216101776000073 ], [ -5.109174178999979, 40.216041397000033 ], [ -5.109032220999949, 40.215998943000031 ], [ -5.108871774999955, 40.21595232300006 ], [ -5.108553478999966, 40.215931100000034 ], [ -5.108126412999979, 40.215907354000088 ], [ -5.107935659999953, 40.215901822000028 ], [ -5.107809710999958, 40.215854571000079 ], [ -5.107580340999958, 40.215764163000067 ], [ -5.107336467999971, 40.21565600100007 ], [ -5.107107428999938, 40.215588107000031 ], [ -5.106874127999959, 40.215524794000025 ], [ -5.106613300999925, 40.215461981000026 ], [ -5.106307839999943, 40.215404485000079 ], [ -5.106134372999975, 40.215376114000044 ], [ -5.10592823099995, 40.215312305000047 ], [ -5.105704941999932, 40.215275832000039 ], [ -5.105521465999971, 40.215220617000057 ] ] ] ] } },
{ "type": "Feature", "properties": { "INFORME": "https://sig.mapama.gob.es/WebServices/clientews/snczi/Default.aspx?nombre=EGISPE_EMBALSE&claves=ID_EMBALSE&valores=1951", "ID_EMBALSE": 1951.0, "CODIGO": 1951, "NOMBRE": "ROSARITO", "NMN_SUP": 13905000.0, "NMN_CAPAC": 81.93, "NMN_COTA": 307.8, "NAE_COTA": null, "ADMON_COMP": "Estado", "DEMARC": "TAJO", "PROVINCIA": "Toledo\nÁvila", "SUP_CUENCA": 1754.0, "AP_M_ANUAL": 824.0, "TIPO_EMBAL": "Embalse de presa", "DTOR_EXPLO": "MARIANO PASCUAL LAGUNA", "TIPO_TITUL": "Estado\nEstado", "USO": "Abastecimiento\nDefensa frente avenidas", "ID_0": 215, "ISO": "ESP", "NAME_0": "Spain", "ID_1": 5, "NAME_1": "Castilla y León", "ID_2": 18, "NAME_2": "Ávila", "TYPE_2": "Provincia", "ENGTYPE_2": "Province", "area": 3302214.039, "cuenca": "Tietar", "Tipo": "Embalse" }, "geometry": { "type": "MultiPolygon", "coordinates": [ [ [ [ -5.320066426999971, 40.110650767000038 ], [ -5.319970796999938, 40.11059863200007 ], [ -5.319920839999952, 40.110509549000035 ], [ -5.31993939399996, 40.11036504600002 ], [ -5.320005455999933, 40.110237608000034 ], [ -5.32004776399998, 40.11010163800006 ], [ -5.320078346999934, 40.109965902000049 ], [ -5.320108930999935, 40.109830165000055 ], [ -5.320106482999961, 40.109758147000029 ], [ -5.320032771999935, 40.109660530000042 ], [ -5.319901664999975, 40.109600096000058 ], [ -5.319724884999971, 40.109576610000019 ], [ -5.319537603999947, 40.109589367000069 ], [ -5.319362658999979, 40.109619893000065 ], [ -5.319188019999957, 40.109659422000057 ], [ -5.319038358999932, 40.109743492000064 ], [ -5.318912449999971, 40.109836095000055 ], [ -5.318798571999935, 40.10993746500003 ], [ -5.318636878999939, 40.110012766000075 ], [ -5.318474573999937, 40.11007006300008 ], [ -5.318359776999956, 40.110144425000044 ], [ -5.318281986999978, 40.11027209700007 ], [ -5.318202974999963, 40.110363760000048 ], [ -5.318040973999928, 40.110430058000084 ], [ -5.317901810999957, 40.110477882000048 ], [ -5.317775898999968, 40.110570483000053 ], [ -5.317512961999967, 40.110773923000067 ], [ -5.31726144299995, 40.110968125000056 ], [ -5.317123196999945, 40.111042955000073 ], [ -5.316948550999938, 40.11108248000005 ], [ -5.316772989999946, 40.111094998000056 ], [ -5.316597734999959, 40.111116518000067 ], [ -5.316422173999968, 40.111129035000026 ], [ -5.316128756999944, 40.111125891000029 ], [ -5.316009679999979, 40.11107422200007 ], [ -5.315911607999964, 40.110950066000036 ], [ -5.315862572999947, 40.110887988000052 ], [ -5.315697208999951, 40.110855259000068 ], [ -5.315333141999929, 40.110844517000025 ], [ -5.315239652999935, 40.110855393000072 ], [ -5.31512546099998, 40.11094775600003 ], [ -5.31499331599997, 40.111202627000068 ], [ -5.314927242999943, 40.111330062000036 ], [ -5.314873199999965, 40.111466266000043 ], [ -5.314818850999927, 40.111593467000034 ], [ -5.314729022999926, 40.111712368000035 ], [ -5.314603104999946, 40.111804966000086 ], [ -5.314428762999967, 40.111853489000055 ], [ -5.314265838999971, 40.111892775000051 ], [ -5.314138394999929, 40.111940361000045 ], [ -5.314024811999956, 40.112050728000042 ], [ -5.313947010999925, 40.112178397000029 ], [ -5.313833120999958, 40.112279762000057 ], [ -5.313755319999927, 40.112407431000072 ], [ -5.313665488999959, 40.112526331000026 ], [ -5.313551597999947, 40.112627696000054 ], [ -5.313472270999966, 40.11271035400005 ], [ -5.31346298699998, 40.112782605000049 ], [ -5.313499686999932, 40.112826914000031 ], [ -5.313639773999967, 40.112806100000057 ], [ -5.313904560999959, 40.112656682000072 ], [ -5.314055761999952, 40.112617630000038 ], [ -5.314126414999975, 40.112625228000077 ], [ -5.314187784999945, 40.112705076000047 ], [ -5.31418063899997, 40.112840343000073 ], [ -5.314126592999968, 40.11297654600002 ], [ -5.314060515999927, 40.113103981000059 ], [ -5.313982715999942, 40.113231650000046 ], [ -5.313904913999976, 40.113359318000043 ], [ -5.313815387999966, 40.113487221000071 ], [ -5.313725860999966, 40.113615124000042 ], [ -5.313659783999981, 40.113742559000059 ], [ -5.313640910999936, 40.113878059000058 ], [ -5.313644266999973, 40.113977083000066 ], [ -5.313729698999964, 40.114074468000069 ], [ -5.313873145999935, 40.114152679000028 ], [ -5.314039125999954, 40.114203414000023 ], [ -5.314132925999956, 40.114201541000057 ], [ -5.314282908999927, 40.114126480000031 ], [ -5.31440883199997, 40.114033883000047 ], [ -5.314512829999955, 40.11398676500005 ], [ -5.314606934999972, 40.113993893000035 ], [ -5.314738961999979, 40.114081339000052 ], [ -5.314813280999942, 40.114196962000044 ], [ -5.314864760999967, 40.114331057000072 ], [ -5.314927659999968, 40.114455916000047 ], [ -5.314943659999926, 40.114581712000074 ], [ -5.314901032999955, 40.114708679000039 ], [ -5.314799171999936, 40.11481881200006 ], [ -5.314709340999968, 40.114937714000057 ], [ -5.314688331999946, 40.115010200000029 ], [ -5.314774376999935, 40.115125588000076 ], [ -5.314846559999978, 40.115178196000045 ], [ -5.314838192999956, 40.115277454000065 ], [ -5.31464680299996, 40.115515491000053 ], [ -5.314544938999973, 40.115625624000081 ], [ -5.314419318999967, 40.115727224000068 ], [ -5.314329485999963, 40.115846125000068 ], [ -5.314298887999939, 40.115981860000034 ], [ -5.314256261999958, 40.116108826000072 ], [ -5.314202212999931, 40.116245029000019 ], [ -5.314124102999926, 40.116363696000072 ], [ -5.31399848199993, 40.116465295000062 ], [ -5.313860218999934, 40.116540122000053 ], [ -5.313710535999973, 40.116624185000028 ], [ -5.313560544999973, 40.116699245000056 ], [ -5.31341116699997, 40.116792310000051 ], [ -5.313285236999945, 40.11688490600006 ], [ -5.31318337099998, 40.11699503800002 ], [ -5.313093532999972, 40.117113939000035 ], [ -5.313039480999975, 40.117250141000056 ], [ -5.312997156999926, 40.117386110000034 ], [ -5.312990006999939, 40.11752137600007 ], [ -5.312994583999966, 40.117656408000073 ], [ -5.31302261099995, 40.117790972000066 ], [ -5.313108961999944, 40.117915364000055 ], [ -5.313195313999927, 40.11803975600003 ], [ -5.313293085999931, 40.118154912000094 ], [ -5.313511776999974, 40.118375752000077 ], [ -5.313537974999974, 40.118456303000073 ], [ -5.313494734999949, 40.118565265000036 ], [ -5.313369107999961, 40.118666864000026 ], [ -5.313254901999925, 40.118759226000066 ], [ -5.313092571999959, 40.118816516000038 ], [ -5.312976533999972, 40.11885486500006 ], [ -5.31287496799996, 40.118973999000048 ], [ -5.312796852999951, 40.119092665000025 ], [ -5.312707012999965, 40.11921156600004 ], [ -5.312569352999958, 40.119304395000036 ], [ -5.312443418999976, 40.119396991000031 ], [ -5.312329819999945, 40.119507356000042 ], [ -5.312215914999967, 40.119608720000024 ], [ -5.31207825499996, 40.119701549000069 ], [ -5.311952622999968, 40.119803146000031 ], [ -5.311826992999953, 40.119904743000063 ], [ -5.311688720999939, 40.11997956700003 ], [ -5.311551362999978, 40.120081398000025 ], [ -5.311461519999967, 40.120200297000054 ], [ -5.311383704999968, 40.120327965000058 ], [ -5.311305890999961, 40.120455632000073 ], [ -5.311227772999929, 40.120574297000076 ], [ -5.311173714999938, 40.120710499000026 ], [ -5.311118437999937, 40.120810692000077 ], [ -5.311049605999925, 40.120857106000066 ], [ -5.310873712999977, 40.120860614000037 ], [ -5.310696905999976, 40.120837115000022 ], [ -5.310509287999934, 40.12084085500004 ], [ -5.31039263599996, 40.120861198000043 ], [ -5.310227554999926, 40.12083746400004 ], [ -5.310131915999931, 40.120785321000021 ], [ -5.309955414999933, 40.120770823000036 ], [ -5.309780132999947, 40.120792333000061 ], [ -5.309617489999938, 40.120840616000059 ], [ -5.309455150999951, 40.120897901000035 ], [ -5.309303625999973, 40.120927945000055 ], [ -5.309126817999924, 40.120904444000075 ], [ -5.308962346999977, 40.120898713000031 ], [ -5.308799398999952, 40.120937992000059 ], [ -5.30863766799996, 40.121013281000046 ], [ -5.308499998999935, 40.121106106000077 ], [ -5.308386390999943, 40.121216468000057 ], [ -5.308260751999968, 40.121318061000075 ], [ -5.30811013899995, 40.121375110000024 ], [ -5.30802866299996, 40.121394750000036 ], [ -5.307884902999944, 40.121307530000017 ], [ -5.307754391999936, 40.12126508800003 ], [ -5.307578192999927, 40.121259589000033 ], [ -5.30740321299993, 40.121290098000031 ], [ -5.307264627999928, 40.121355915000045 ], [ -5.307150712999941, 40.121457273000026 ], [ -5.307060859999978, 40.121576170000019 ], [ -5.306994762999977, 40.121703601000043 ], [ -5.306950900999936, 40.121794557000044 ], [ -5.306893485999979, 40.121831732000025 ], [ -5.306716373999961, 40.121799225000089 ], [ -5.30658677499997, 40.121783788000066 ], [ -5.306424127999946, 40.121832067000071 ], [ -5.306250057999932, 40.121889581000062 ], [ -5.306087713999943, 40.121946861000019 ], [ -5.305925368999966, 40.122004141000048 ], [ -5.305762416999926, 40.122043416000054 ], [ -5.305576618999964, 40.122101163000025 ], [ -5.305437422999944, 40.122148973000037 ], [ -5.305323200999964, 40.122241328000023 ], [ -5.305257098999959, 40.122368759000032 ], [ -5.305250239999964, 40.122513027000018 ], [ -5.305217187999971, 40.122576742000035 ], [ -5.305112561999976, 40.122605848000021 ], [ -5.304770668999935, 40.122558599000051 ], [ -5.30460740999996, 40.122588871000055 ], [ -5.304258653999966, 40.122685888000035 ], [ -5.304108640999971, 40.122760937000066 ], [ -5.303982688999952, 40.122853524000043 ], [ -5.303857039999968, 40.122955113000053 ], [ -5.303755147999937, 40.123065238000038 ], [ -5.303641529999936, 40.123175595000092 ], [ -5.303539636999971, 40.123285720000077 ], [ -5.303413986999942, 40.123387308000069 ], [ -5.303312091999942, 40.123497433000061 ], [ -5.303210503999936, 40.12361655900002 ], [ -5.302994684999931, 40.123828038000056 ], [ -5.302881061999926, 40.123938395000046 ], [ -5.302755410999964, 40.124039983000053 ], [ -5.30264148599997, 40.124141337000033 ], [ -5.302583458999947, 40.124160507000056 ], [ -5.302546758999938, 40.124116195000049 ], [ -5.302612866999937, 40.123988766000032 ], [ -5.302703642999973, 40.123896880000068 ], [ -5.302714457999968, 40.123869640000066 ], [ -5.302828079999927, 40.123759283000027 ], [ -5.302905911999972, 40.123631621000072 ], [ -5.302937446999976, 40.123522895000065 ], [ -5.302897709999968, 40.12338856100007 ], [ -5.30283451899993, 40.123254693000028 ], [ -5.302831480999942, 40.123164671000048 ], [ -5.302909313999976, 40.12303700800004 ], [ -5.302999175999957, 40.122918115000068 ], [ -5.30319093199995, 40.12268909800008 ], [ -5.303292823999925, 40.122578974000078 ], [ -5.303406442999972, 40.122468616000049 ], [ -5.303508332999967, 40.122358492000039 ], [ -5.303622255999925, 40.122257137000091 ], [ -5.303725362999955, 40.122183021000076 ], [ -5.303888315999927, 40.122143748000042 ], [ -5.304064213999936, 40.122140251000069 ], [ -5.304251531999966, 40.122127518000063 ], [ -5.304414182999949, 40.122079243000037 ], [ -5.304551859999947, 40.121986423000067 ], [ -5.30464202199994, 40.121876530000058 ], [ -5.304672944999936, 40.121749800000025 ], [ -5.30465848199998, 40.12166901300003 ], [ -5.304586299999926, 40.121616399000061 ], [ -5.304409491999934, 40.121592891000034 ], [ -5.30422217499995, 40.121605624000026 ], [ -5.304046279999966, 40.12160912100007 ], [ -5.303870079999967, 40.121603616000066 ], [ -5.303693576999933, 40.12158910800008 ], [ -5.303529104999938, 40.121583369000064 ], [ -5.303374838999956, 40.121532386000069 ], [ -5.303256967999971, 40.121516713000062 ], [ -5.303141222999955, 40.121564054000032 ], [ -5.303058834999945, 40.121556683000058 ], [ -5.302974624999933, 40.121495299000053 ], [ -5.302960770999958, 40.121432517000066 ], [ -5.303041032999942, 40.121376872000035 ], [ -5.303216318999943, 40.121355372000039 ], [ -5.303392213999927, 40.121351876000055 ], [ -5.303557901999966, 40.121393624000071 ], [ -5.303734403999953, 40.121408132000056 ], [ -5.303921720999938, 40.12139539900005 ], [ -5.304096399999936, 40.121355893000057 ], [ -5.304246409999962, 40.121280845000065 ], [ -5.304534095999942, 40.121112975000067 ], [ -5.304671769999969, 40.121020155000053 ], [ -5.304901427999937, 40.120871455000049 ], [ -5.30494742299993, 40.120843516000029 ], [ -5.305097125999964, 40.120759464000059 ], [ -5.305247133999956, 40.120684414000038 ], [ -5.305373991999943, 40.120618832000048 ], [ -5.305397140999957, 40.120609364000074 ], [ -5.305709792999949, 40.120486036000045 ], [ -5.305871829999945, 40.120419754000061 ], [ -5.306046199999968, 40.120371243000072 ], [ -5.306384736999973, 40.120319465000073 ], [ -5.306559714999935, 40.120288957000071 ], [ -5.306734084999958, 40.120240445000022 ], [ -5.306896424999935, 40.120183164000032 ], [ -5.30703409399996, 40.120090341000036 ], [ -5.307148006999967, 40.119988983000042 ], [ -5.307226131999926, 40.119870320000075 ], [ -5.307304866999971, 40.119769662000067 ], [ -5.307454564999943, 40.119685607000058 ], [ -5.307604262999972, 40.119601552000056 ], [ -5.307766599999979, 40.119544269000073 ], [ -5.307928936999929, 40.119486987000066 ], [ -5.308091272999945, 40.119429704000027 ], [ -5.308229548999976, 40.119354884000067 ], [ -5.308379244999968, 40.119270828000012 ], [ -5.308458890999929, 40.11919717600005 ], [ -5.308563509999941, 40.119168067000039 ], [ -5.308646199999941, 40.119184436000069 ], [ -5.308808230999944, 40.11911815000007 ], [ -5.308900209999932, 40.119062268000043 ], [ -5.309087214999976, 40.119040526000042 ], [ -5.309263102999978, 40.119037021000047 ], [ -5.309438686999954, 40.119024514000039 ], [ -5.30960132499996, 40.118976231000033 ], [ -5.309751018999975, 40.118892174000052 ], [ -5.309901016999958, 40.118817118000031 ], [ -5.310038984999949, 40.11873329400003 ], [ -5.310176951999948, 40.118649469000047 ], [ -5.310302583999943, 40.118547874000065 ], [ -5.310416183999962, 40.118437510000028 ], [ -5.310518057999957, 40.118327380000032 ], [ -5.310560388999932, 40.118191412000044 ], [ -5.310610787999963, 40.117947185000048 ], [ -5.310712661999957, 40.117837054000063 ], [ -5.31083829199997, 40.117735459000073 ], [ -5.310895089999974, 40.117680277000034 ], [ -5.31086767599993, 40.117563716000049 ], [ -5.310781634999956, 40.117448325000048 ], [ -5.310707013999945, 40.117323697000081 ], [ -5.310609246999944, 40.117208539000032 ], [ -5.310583357999974, 40.117136989000066 ], [ -5.310617010999977, 40.117091277000036 ], [ -5.310792892999928, 40.117087770000062 ], [ -5.310851215999946, 40.117077599000027 ], [ -5.310800655999969, 40.116970508000065 ], [ -5.310716748999937, 40.11691813200008 ], [ -5.31067760999997, 40.11680180500008 ], [ -5.310738819999926, 40.116530337000036 ], [ -5.310769422999954, 40.116394603000053 ], [ -5.310871294999969, 40.116284473000057 ], [ -5.310925653999958, 40.116157273000056 ], [ -5.310920776999978, 40.116013238000036 ], [ -5.310916510999959, 40.115887208000061 ], [ -5.310925796999925, 40.115814957000048 ], [ -5.311041524999951, 40.115767608000056 ], [ -5.311217404999979, 40.115764100000035 ], [ -5.311380034999956, 40.115715815000037 ], [ -5.31149606799994, 40.115677468000051 ], [ -5.311625655999933, 40.115692900000056 ], [ -5.311781132999953, 40.115779881000037 ], [ -5.311911330999976, 40.115813317000061 ], [ -5.312004828999931, 40.115802443000064 ], [ -5.312131366999949, 40.115727853000074 ], [ -5.312209173999975, 40.115600185000062 ], [ -5.312239775999957, 40.115464450000047 ], [ -5.312224085999958, 40.115347656000033 ], [ -5.312126318999959, 40.115232500000047 ], [ -5.312099209999928, 40.115124942000072 ], [ -5.312153259999944, 40.114988739000061 ], [ -5.312207616999955, 40.11486153900006 ], [ -5.312238216999958, 40.114725805000035 ], [ -5.312270343999955, 40.114635082000063 ], [ -5.312245063999966, 40.114581537000042 ], [ -5.312138926999978, 40.114565638000045 ], [ -5.311975996999933, 40.11460492100008 ], [ -5.311812759999953, 40.114635202000045 ], [ -5.311683174999928, 40.114619771000037 ], [ -5.311575209999944, 40.114549858000032 ], [ -5.311501504999968, 40.114452238000069 ], [ -5.31148490399994, 40.114308437000034 ], [ -5.311504084999966, 40.114181939000041 ], [ -5.311547325999925, 40.114072977000035 ], [ -5.311604426999962, 40.114026797000065 ], [ -5.31183892599995, 40.114022119000026 ], [ -5.311893282999961, 40.113894919000067 ], [ -5.311878813999953, 40.113814134000052 ], [ -5.311830388999966, 40.113770059000046 ], [ -5.311748314999932, 40.113771696000072 ], [ -5.311622693999936, 40.113873292000051 ], [ -5.31156528899993, 40.113910470000064 ], [ -5.311388195999939, 40.113877970000033 ], [ -5.311212015999956, 40.113872475000051 ], [ -5.31104695199997, 40.113848742000066 ], [ -5.310880972999939, 40.113798002000074 ], [ -5.310750169999949, 40.113746561000021 ], [ -5.310689716999945, 40.113693717000032 ], [ -5.310732653999935, 40.113575753000077 ], [ -5.310846246999972, 40.113465389000055 ], [ -5.310879287999967, 40.113401673000048 ], [ -5.310816701999955, 40.113285813000061 ], [ -5.310696100999961, 40.113189127000055 ], [ -5.310552354999971, 40.113101911000051 ], [ -5.310385768999935, 40.113033166000029 ], [ -5.31022040299996, 40.113000429000067 ], [ -5.310137720999932, 40.112984061000077 ], [ -5.310076049999963, 40.112895208000047 ], [ -5.310074830999951, 40.11285919900007 ], [ -5.310073002999956, 40.112805186000053 ], [ -5.310162535999949, 40.112677286000064 ], [ -5.310185680999951, 40.112667816000048 ], [ -5.310288156999945, 40.112575691000075 ], [ -5.31041377699995, 40.112474096000014 ], [ -5.310527672999967, 40.112372734000083 ], [ -5.310594973999968, 40.112281310000071 ], [ -5.310605174999978, 40.11223606500004 ], [ -5.31050954899996, 40.112183922000035 ], [ -5.31032195399996, 40.112187662000053 ], [ -5.310146084999928, 40.112191168000038 ], [ -5.309971127999972, 40.112221680000061 ], [ -5.309783836999941, 40.112234421000039 ], [ -5.309607052999978, 40.112210920000059 ], [ -5.30909771399996, 40.11206792900002 ], [ -5.308942857999966, 40.111998948000057 ], [ -5.308777189999944, 40.111957207000039 ], [ -5.308588985999961, 40.111942940000056 ], [ -5.308460624999952, 40.111963513000035 ], [ -5.308310942999982, 40.112047569000026 ], [ -5.308173290999946, 40.112140393000047 ], [ -5.30802300099998, 40.112206444000037 ], [ -5.307873318999954, 40.112290499000046 ], [ -5.307747389999975, 40.112383089000041 ], [ -5.307609432999925, 40.11246691100007 ], [ -5.307483502999959, 40.112559501000078 ], [ -5.307358182999963, 40.112670095000055 ], [ -5.307268338999961, 40.112788991000059 ], [ -5.307200729999976, 40.112871412000054 ], [ -5.307061552999926, 40.112919223000048 ], [ -5.306886288999976, 40.112940729000066 ], [ -5.306522514999926, 40.112938961000054 ], [ -5.306347250999976, 40.112960466000075 ], [ -5.306184318999954, 40.112999741000067 ], [ -5.306046661999972, 40.113092563000066 ], [ -5.305932758999973, 40.113193920000079 ], [ -5.305752458999961, 40.113413706000081 ], [ -5.305614496999965, 40.113497525000071 ], [ -5.305465112999967, 40.113590579000061 ], [ -5.305326845999958, 40.113665396000044 ], [ -5.305222840999932, 40.11371250600007 ], [ -5.305156443999977, 40.113830934000084 ], [ -5.30514745499994, 40.113912187000039 ], [ -5.305045881999945, 40.114031315000027 ], [ -5.304919944999938, 40.114123902000067 ], [ -5.304781981999952, 40.114207721000078 ], [ -5.304644319999966, 40.114300541000027 ], [ -5.304494629999964, 40.114384592000086 ], [ -5.304219304999946, 40.114570232000055 ], [ -5.304081034999968, 40.11464504700006 ], [ -5.303919009999958, 40.114711326000084 ], [ -5.303756983999961, 40.114777605000029 ], [ -5.30361901699996, 40.11486142200004 ], [ -5.303503586999965, 40.114917766000069 ], [ -5.303351766999981, 40.114938800000061 ], [ -5.303328316999965, 40.114939266000079 ], [ -5.303151526999954, 40.11491575400003 ], [ -5.30298524799997, 40.114856001000071 ], [ -5.302865261999956, 40.114777311000076 ], [ -5.302779237999971, 40.114661913000077 ], [ -5.302765689999944, 40.114608133000047 ], [ -5.30276295699997, 40.114527112000076 ], [ -5.302758400999949, 40.114392079000012 ], [ -5.302755970999954, 40.114320061000051 ], [ -5.30265822299998, 40.114204896000054 ], [ -5.302514482999925, 40.114117669000052 ], [ -5.302348207999955, 40.114057915000039 ], [ -5.302193958999964, 40.11400692900002 ], [ -5.302133208999977, 40.113945078000036 ], [ -5.302105204999974, 40.113810511000047 ], [ -5.30212501099993, 40.113702018000033 ], [ -5.302215167999975, 40.113592128000043 ], [ -5.302271666999956, 40.113527948000062 ], [ -5.302281569999934, 40.113473701000032 ], [ -5.30213783399995, 40.113386474000038 ], [ -5.301982980999981, 40.113317484000042 ], [ -5.301816706999944, 40.113257729000061 ], [ -5.301650432999963, 40.113197973000077 ], [ -5.301484462999952, 40.113147220000023 ], [ -5.301307374999965, 40.113114703000065 ], [ -5.30113150099993, 40.113118195000027 ], [ -5.300955019999946, 40.11310368300007 ], [ -5.300778841999942, 40.113098172000036 ], [ -5.300591850999979, 40.113119901000061 ], [ -5.300416583999947, 40.113141397000049 ], [ -5.300240709999969, 40.113144887000033 ], [ -5.300078077999956, 40.113193157000076 ], [ -5.299950923999972, 40.113249730000064 ], [ -5.299810527999966, 40.113261524000045 ], [ -5.299632832999976, 40.113211001000025 ], [ -5.29945695899994, 40.113214490000068 ], [ -5.299327681999955, 40.113208047000057 ], [ -5.299196279999932, 40.113138588000034 ], [ -5.299111173999961, 40.113050193000056 ], [ -5.299071450999976, 40.112915857000068 ], [ -5.299069025999926, 40.11284383900005 ], [ -5.298996856999963, 40.112791221000066 ], [ -5.298867276999943, 40.112775775000046 ], [ -5.298723849999931, 40.112697546000049 ], [ -5.29855818699997, 40.112655790000076 ], [ -5.298394037999969, 40.112659046000026 ], [ -5.298219680999979, 40.112707545000035 ], [ -5.298057047999976, 40.112755811000063 ], [ -5.297894717999953, 40.112813079000041 ], [ -5.297754625999971, 40.112833874000039 ], [ -5.297600686999942, 40.112791884000046 ], [ -5.297468986999944, 40.112713421000066 ], [ -5.297382972999969, 40.112598018000028 ], [ -5.297332739999944, 40.112499923000023 ], [ -5.29721337099994, 40.112439231000039 ], [ -5.297142718999964, 40.112431623000084 ], [ -5.297051343999953, 40.112505501000051 ], [ -5.297008988999949, 40.112641464000049 ], [ -5.296919430999935, 40.112769355000061 ], [ -5.296841294999979, 40.112888011000052 ], [ -5.296761037999943, 40.112943651000087 ], [ -5.296585769999978, 40.112965141000075 ], [ -5.296444767999958, 40.112958927000072 ], [ -5.296349756999972, 40.112924777000046 ], [ -5.29625201999994, 40.112809606000042 ], [ -5.296165705999954, 40.112685200000044 ], [ -5.296079695999935, 40.112569796000059 ], [ -5.29599338199995, 40.112445390000069 ], [ -5.295942847999926, 40.112338292000068 ], [ -5.295869169999946, 40.112240661000051 ], [ -5.295761525999979, 40.112179735000041 ], [ -5.295584746999964, 40.112156213000041 ], [ -5.295408572999976, 40.112150695000032 ], [ -5.295220370999971, 40.112136407000037 ], [ -5.295043591999956, 40.112112884000062 ], [ -5.294866508999974, 40.112080358000078 ], [ -5.294748354999967, 40.112055674000018 ], [ -5.294571877999942, 40.112041152000074 ], [ -5.294396006999932, 40.112044635000061 ], [ -5.294221042999937, 40.112075124000057 ], [ -5.294057501999929, 40.112096379000043 ], [ -5.293880419999936, 40.112063852000055 ], [ -5.293751144999931, 40.112057403000044 ], [ -5.29343850899994, 40.112180699000078 ], [ -5.293345314999954, 40.112200560000076 ], [ -5.293267475999926, 40.112328217000034 ], [ -5.29321308599998, 40.11245540900007 ], [ -5.293170723999935, 40.112591372000054 ], [ -5.293139479999979, 40.112709098000039 ], [ -5.293105515999969, 40.112745803000053 ], [ -5.293023138999955, 40.112738425000025 ], [ -5.292936830999963, 40.112614017000055 ], [ -5.292864364999957, 40.112552394000033 ], [ -5.292825864999941, 40.112454064000069 ], [ -5.292869134999933, 40.112345109000053 ], [ -5.292855292999946, 40.112282325000081 ], [ -5.292736230999935, 40.112230631000045 ], [ -5.292618982999954, 40.112232951000067 ], [ -5.292468676999931, 40.112298983000073 ], [ -5.292364967999958, 40.112355085000047 ], [ -5.292294013999935, 40.112338472000026 ], [ -5.292231158999924, 40.112213599000029 ], [ -5.292182141999945, 40.112151511000029 ], [ -5.292004757999961, 40.112109979000024 ], [ -5.291861341999947, 40.112031741000067 ], [ -5.291695380999953, 40.111980974000062 ], [ -5.291530024999929, 40.111948211000033 ], [ -5.291353549999939, 40.111933685000054 ], [ -5.291223368999964, 40.111900226000046 ], [ -5.29110279799994, 40.111803519000034 ], [ -5.291005071999961, 40.111688344000065 ], [ -5.290895923999925, 40.111582403000064 ], [ -5.290823762999935, 40.111529780000062 ], [ -5.290718241999969, 40.111531866000064 ], [ -5.290626255999938, 40.111587734000061 ], [ -5.290451291999943, 40.111618218000046 ], [ -5.290298870999948, 40.111621231000065 ], [ -5.290171406999946, 40.111668792000039 ], [ -5.290089333999958, 40.111670414000052 ], [ -5.289987134999933, 40.111771525000037 ], [ -5.289906873999939, 40.111827161000072 ], [ -5.289720183999975, 40.111857875000055 ], [ -5.289555432999975, 40.111843114000074 ], [ -5.28936693099996, 40.111819814000036 ], [ -5.289190153999924, 40.11179628200005 ], [ -5.289024195999956, 40.111745511000031 ], [ -5.288714222999943, 40.11159849400007 ], [ -5.288547962999928, 40.111538720000048 ], [ -5.288371186999939, 40.111515186000076 ], [ -5.28818359099995, 40.11151889100006 ], [ -5.288020953999933, 40.111567144000041 ], [ -5.287845686999957, 40.111588622000049 ], [ -5.287692359999936, 40.111564624000032 ], [ -5.287622314999965, 40.111575016000081 ], [ -5.287603690999958, 40.111719516000058 ], [ -5.287560713999937, 40.111837472000055 ], [ -5.287458809999976, 40.111947583000074 ], [ -5.287378848999936, 40.112012220000047 ], [ -5.287320225999963, 40.112013377000039 ], [ -5.287199357999953, 40.111907664000057 ], [ -5.287078791999932, 40.111810953000038 ], [ -5.286923956999942, 40.111741943000027 ], [ -5.286815719999936, 40.111663004000022 ], [ -5.286690027999953, 40.11141325300008 ], [ -5.28660554399994, 40.111342854000036 ], [ -5.286428464999972, 40.111310315000026 ], [ -5.286251389999961, 40.111277776000058 ], [ -5.286085434999961, 40.111227001000032 ], [ -5.285919781999951, 40.111185228000068 ], [ -5.28574300799994, 40.111161690000074 ], [ -5.28555541299994, 40.111165391000036 ], [ -5.285016077999956, 40.111176028000052 ], [ -5.284840508999934, 40.111188499000029 ], [ -5.284653214999934, 40.111201200000039 ], [ -5.284477947999959, 40.111222673000029 ], [ -5.284115385999939, 40.111256845000078 ], [ -5.283765751999965, 40.111326795000025 ], [ -5.283578157999955, 40.111330493000033 ], [ -5.283402286999944, 40.111333959000028 ], [ -5.283248058999957, 40.111282948000039 ], [ -5.283104350999962, 40.111195697000035 ], [ -5.282983490999925, 40.111089979000027 ], [ -5.282874054999979, 40.110975027000052 ], [ -5.282753496999931, 40.110878311000093 ], [ -5.282645566999975, 40.110808371000076 ], [ -5.282468794999942, 40.110784829000075 ], [ -5.282293225999979, 40.110797295000054 ], [ -5.282106534999969, 40.110827998000055 ], [ -5.281931567999948, 40.11085846800006 ], [ -5.281755396999927, 40.110852930000078 ], [ -5.281602976999978, 40.11085593100006 ], [ -5.281277995999972, 40.11096142100007 ], [ -5.281034183999964, 40.111038288000024 ], [ -5.28077894699993, 40.111124387000068 ], [ -5.280687255999964, 40.111189250000052 ], [ -5.280558584999937, 40.111200791000051 ], [ -5.280463884999961, 40.111175630000048 ], [ -5.280378202999941, 40.111069216000026 ], [ -5.28024652499994, 40.110990733000051 ], [ -5.280069451999964, 40.110958185000072 ], [ -5.279893280999943, 40.110952643000076 ], [ -5.279718310999954, 40.110983111000053 ], [ -5.279567995999968, 40.111049126000069 ], [ -5.27939362799998, 40.111097598000065 ], [ -5.279278184999954, 40.111153919000053 ], [ -5.279188293999937, 40.111272795000055 ], [ -5.279154622999955, 40.111318499000042 ], [ -5.278978450999944, 40.11131295600007 ], [ -5.278790252999954, 40.111298640000037 ], [ -5.278613180999968, 40.111266090000072 ], [ -5.278436708999948, 40.111251543000037 ], [ -5.278236184999968, 40.111219453000039 ], [ -5.278012515999932, 40.111196826000011 ], [ -5.277658367999948, 40.111131722000032 ], [ -5.277481897999961, 40.111117174000064 ], [ -5.277305425999941, 40.111102626000047 ], [ -5.277129254999978, 40.111097080000036 ], [ -5.276953383999966, 40.111100536000038 ], [ -5.276765187999956, 40.111086218000025 ], [ -5.27659923999994, 40.111035429000033 ], [ -5.276433592999979, 40.110993642000039 ], [ -5.276268245999972, 40.110960857000073 ], [ -5.276079748999961, 40.110937535000055 ], [ -5.275904178999951, 40.110949992000037 ], [ -5.275752657999931, 40.110979993000058 ], [ -5.275576486999968, 40.110974445000068 ], [ -5.27542376599996, 40.110968436000071 ], [ -5.275261119999925, 40.111016671000073 ], [ -5.275156197999934, 40.111036748000053 ], [ -5.275038049999977, 40.111012043000073 ], [ -5.274977625999952, 40.110959179000076 ], [ -5.274800554999956, 40.110926623000069 ], [ -5.274624684999935, 40.110930075000041 ], [ -5.274449712999965, 40.110960535000054 ], [ -5.27409647199994, 40.110922427000048 ], [ -5.273742930999958, 40.110875315000044 ], [ -5.273555335999959, 40.110878996000061 ], [ -5.273380064999968, 40.110900452000052 ], [ -5.273215018999964, 40.110876665000035 ], [ -5.273071923999963, 40.110807406000042 ], [ -5.272940253999934, 40.110728914000049 ], [ -5.272763184999975, 40.110696355000066 ], [ -5.272586115999956, 40.110663794000061 ], [ -5.272410243999957, 40.110667244000062 ], [ -5.272222949999958, 40.110679925000063 ], [ -5.272047378999956, 40.110692376000024 ], [ -5.271871208999925, 40.110686822000041 ], [ -5.27169473899994, 40.110672266000059 ], [ -5.271518568999966, 40.110666711000086 ], [ -5.271260325999947, 40.110662765000029 ], [ -5.271139484999934, 40.110557034000081 ], [ -5.27103036799997, 40.110451073000036 ], [ -5.270946797999954, 40.110407670000022 ], [ -5.270770628999969, 40.110402114000067 ], [ -5.270595057999969, 40.110414563000063 ], [ -5.270420684999976, 40.110463021000044 ], [ -5.270270958999959, 40.11054703000007 ], [ -5.270157005999976, 40.110648354000027 ], [ -5.27009114799995, 40.110784769000084 ], [ -5.270048439999925, 40.110911722000026 ], [ -5.270041505999927, 40.111055991000043 ], [ -5.270057720999943, 40.111190798000045 ], [ -5.270085660999939, 40.111325375000042 ], [ -5.270090151999965, 40.111460412000035 ], [ -5.270057072999976, 40.111524118000027 ], [ -5.269930194999973, 40.111589662000021 ], [ -5.26983669599997, 40.111600502000044 ], [ -5.269710713999928, 40.111693053000067 ], [ -5.269573009999932, 40.111785833000056 ], [ -5.269435004999933, 40.111869611000031 ], [ -5.269389600999943, 40.111915542000077 ], [ -5.269202302999928, 40.111928218000067 ], [ -5.26911962899993, 40.111911821000035 ], [ -5.269015600999978, 40.111958900000054 ], [ -5.268948841999929, 40.112068307000072 ], [ -5.268929878999927, 40.112203803000064 ], [ -5.268968346999941, 40.112302141000036 ], [ -5.269089188999941, 40.112407874000027 ], [ -5.269221155999958, 40.112495373000058 ], [ -5.269353423999974, 40.112591874000039 ], [ -5.269583383999929, 40.112803569000043 ], [ -5.269721039999979, 40.113062113000062 ], [ -5.269783857999926, 40.113186999000042 ], [ -5.269835248999924, 40.113321117000055 ], [ -5.269863190999956, 40.113455694000031 ], [ -5.269942222999929, 40.113715387000063 ], [ -5.269993614999976, 40.113849504000022 ], [ -5.270056133999959, 40.113965387000064 ], [ -5.270176979999973, 40.114071119000073 ], [ -5.270297825999932, 40.114176851000025 ], [ -5.27038409599993, 40.114301277000038 ], [ -5.27051636799996, 40.114397777000072 ], [ -5.270670893999978, 40.114457806000082 ], [ -5.270837145999963, 40.114517606000057 ], [ -5.270991971999933, 40.114586638000041 ], [ -5.271123947999968, 40.114674135000037 ], [ -5.271244495999952, 40.114770863000047 ], [ -5.271353918999978, 40.114885826000034 ], [ -5.271463342999937, 40.115000789000085 ], [ -5.271561041999973, 40.115115981000024 ], [ -5.271658740999952, 40.115231174000023 ], [ -5.271768165999958, 40.115346136000021 ], [ -5.271889014999942, 40.115451866000058 ], [ -5.271974990999979, 40.115567288000072 ], [ -5.272049539999956, 40.115691943000058 ], [ -5.272123488999966, 40.11579859200004 ], [ -5.272139410999955, 40.115924396000018 ], [ -5.272097003999932, 40.116060352000034 ], [ -5.272099400999934, 40.116132372000038 ], [ -5.27221995399998, 40.116229099000059 ], [ -5.272279781999941, 40.116263959000023 ], [ -5.272260825999979, 40.116399455000078 ], [ -5.272239172999946, 40.116453929000045 ], [ -5.272360025999943, 40.116559659000089 ], [ -5.272455630999958, 40.116611834000025 ], [ -5.272480880999979, 40.116665388000065 ], [ -5.272412025999926, 40.11671178000006 ], [ -5.272236438999925, 40.11672423200001 ], [ -5.27206055299996, 40.11672768100005 ], [ -5.271884067999962, 40.116713125000047 ], [ -5.27171840899996, 40.116671332000067 ], [ -5.271563577999927, 40.116602301000057 ], [ -5.271397319999948, 40.11654250200008 ], [ -5.27129119099993, 40.116526566000054 ], [ -5.271128826999928, 40.116583799000075 ], [ -5.270990814999947, 40.116667579000072 ], [ -5.270816725999964, 40.116725041000052 ], [ -5.270641737999938, 40.116755495000064 ], [ -5.270454425999958, 40.116768174000072 ], [ -5.270267112999931, 40.116780853000066 ], [ -5.269375355999954, 40.116780306000067 ], [ -5.269210596999925, 40.116765516000051 ], [ -5.269055766999941, 40.116696482000066 ], [ -5.268912065999927, 40.116609213000054 ], [ -5.268791216999943, 40.116503480000056 ], [ -5.26865864299998, 40.116397976000016 ], [ -5.268515539999953, 40.116328712000048 ], [ -5.268326731999935, 40.116296375000054 ], [ -5.268150846999958, 40.116299818000073 ], [ -5.267974960999937, 40.116303261000034 ], [ -5.26779907599996, 40.116306704000067 ], [ -5.267424152999979, 40.116323050000055 ], [ -5.267072081999969, 40.116320931000075 ], [ -5.26689559999994, 40.116306367000043 ], [ -5.266718815999979, 40.116282801000061 ], [ -5.266541734999975, 40.11625023200002 ], [ -5.26637518299998, 40.116181423000057 ], [ -5.266231485999981, 40.11609415100002 ], [ -5.26611034299998, 40.115979413000034 ], [ -5.266001224999968, 40.115873447000062 ], [ -5.265903235999929, 40.115749247000053 ], [ -5.265719281999964, 40.115509620000061 ], [ -5.265621592999935, 40.115394422000065 ], [ -5.26550164899993, 40.115315693000063 ], [ -5.265394922999973, 40.115281746000036 ], [ -5.265243385999952, 40.115311734000045 ], [ -5.265105070999937, 40.115386504000071 ], [ -5.264955027999974, 40.115461504000045 ], [ -5.264803191999931, 40.11548248900003 ], [ -5.26469945499997, 40.115538566000062 ], [ -5.264609830999973, 40.11566643400004 ], [ -5.264564124999936, 40.115703361000044 ], [ -5.264399069999968, 40.115679562000032 ], [ -5.264221393999946, 40.115628984000068 ], [ -5.264055741999925, 40.115587180000027 ], [ -5.263878961999979, 40.115563609000056 ], [ -5.263702181999974, 40.115540038000049 ], [ -5.263608675999933, 40.115550873000075 ], [ -5.263495002999946, 40.115661193000037 ], [ -5.263437866999936, 40.115707351000012 ], [ -5.263343763999956, 40.115700181000079 ], [ -5.263296562999925, 40.115692095000043 ], [ -5.26314174099997, 40.115623052000053 ], [ -5.262998346999949, 40.115544778000064 ], [ -5.262866081999959, 40.115448270000059 ], [ -5.262745542999938, 40.11535153300008 ], [ -5.262590424999928, 40.115273487000032 ], [ -5.262413347999939, 40.115240912000061 ], [ -5.262225141999977, 40.115226570000054 ], [ -5.26204925899998, 40.115230004000068 ], [ -5.261886293999964, 40.11526921800003 ], [ -5.261769337999964, 40.115280510000041 ], [ -5.261603388999958, 40.115229699000054 ], [ -5.261437142999966, 40.115169886000047 ], [ -5.261271791999945, 40.115137080000068 ], [ -5.261083884999948, 40.115131739000049 ], [ -5.260906808999948, 40.115099161000046 ], [ -5.260799787999928, 40.115056207000066 ], [ -5.260750499999971, 40.114985103000038 ], [ -5.260746325999945, 40.114859068000044 ], [ -5.26081310099994, 40.114749665000033 ], [ -5.260927074999927, 40.114648350000024 ], [ -5.26108884499996, 40.114573126000039 ], [ -5.261238591999927, 40.114489129000049 ], [ -5.261389232999932, 40.114432139000037 ], [ -5.261564816999964, 40.114419704000042 ], [ -5.261692899999957, 40.114390179000061 ], [ -5.261818896999955, 40.11429763600006 ], [ -5.261920845999953, 40.114187546000039 ], [ -5.262022793999962, 40.114077456000068 ], [ -5.262136465999959, 40.113967137000031 ], [ -5.262238115999935, 40.113848045000054 ], [ -5.262441711999941, 40.113618861000077 ], [ -5.262543658999959, 40.113508771000056 ], [ -5.262645306999956, 40.113389678000026 ], [ -5.262712076999946, 40.113280274000033 ], [ -5.262719324999979, 40.113145008000046 ], [ -5.262679672999979, 40.113010658000064 ], [ -5.26264002199997, 40.112876307000072 ], [ -5.262588644999937, 40.112742186000048 ], [ -5.262537267999959, 40.112608064000028 ], [ -5.262509341999931, 40.112473485000073 ], [ -5.262446240999963, 40.112339592000069 ], [ -5.262350052999976, 40.112269404000074 ], [ -5.262267083999973, 40.112243999000043 ], [ -5.262173878999931, 40.112263835000078 ], [ -5.262072231999979, 40.112382928000038 ], [ -5.261970285999951, 40.112493018000066 ], [ -5.261880661999953, 40.11262088400008 ], [ -5.261766989999956, 40.112731203000067 ], [ -5.261652422999931, 40.112814514000043 ], [ -5.261571241999945, 40.112843123000061 ], [ -5.261287452999966, 40.112776596000067 ], [ -5.261147346999961, 40.112797346000029 ], [ -5.261009628999943, 40.112890117000063 ], [ -5.26073418699997, 40.113075658000078 ], [ -5.260422077999976, 40.113216872000066 ], [ -5.260271736999925, 40.113282863000052 ], [ -5.260109073999956, 40.113331078000044 ], [ -5.259934387999976, 40.113370518000075 ], [ -5.259758806999969, 40.113382951000069 ], [ -5.25957120299995, 40.113386610000077 ], [ -5.259394131999954, 40.11335402900005 ], [ -5.259239616999935, 40.113293984000045 ], [ -5.25909682899993, 40.113233710000038 ], [ -5.258976000999952, 40.113127966000029 ], [ -5.258878325999944, 40.113012762000039 ], [ -5.258734941999933, 40.112934482000071 ], [ -5.258637267999973, 40.112819278000075 ], [ -5.258564235999927, 40.112739627000039 ], [ -5.258445196999958, 40.11268789700005 ], [ -5.258256998999968, 40.112673549000071 ], [ -5.258174326999949, 40.112657143000035 ], [ -5.258125639999947, 40.112604042000051 ], [ -5.258180095999933, 40.11247686400003 ], [ -5.258223719999932, 40.112376923000056 ], [ -5.258209909999948, 40.112314133000041 ], [ -5.25806623099993, 40.112226850000077 ], [ -5.257899994999946, 40.112167032000059 ], [ -5.257624660999965, 40.112001239000037 ], [ -5.25752966999994, 40.111967056000033 ], [ -5.257436464999956, 40.111986889000043 ], [ -5.257346534999954, 40.112105749000079 ], [ -5.257280352999942, 40.112233155000062 ], [ -5.257226192999951, 40.112369335000032 ], [ -5.25713626199996, 40.112488195000012 ], [ -5.25707882699993, 40.11252534700003 ], [ -5.256996155999956, 40.112508941000037 ], [ -5.256945088999942, 40.112383819000058 ], [ -5.256964072999948, 40.112248324000063 ], [ -5.256959905999964, 40.112122289000069 ], [ -5.256885387999943, 40.111997624000026 ], [ -5.256799442999978, 40.111882189000028 ], [ -5.256667789999938, 40.111803679000047 ], [ -5.256479, 40.111771322000045 ], [ -5.256324490999931, 40.111711273000019 ], [ -5.256216881999933, 40.11165031000008 ], [ -5.256040412999937, 40.111635729000049 ], [ -5.255877452999925, 40.111674935000046 ], [ -5.255725027999972, 40.111677903000043 ], [ -5.255559092999931, 40.11162708300003 ], [ -5.255406368999957, 40.111621048000075 ], [ -5.25525156599997, 40.111551994000074 ], [ -5.255085333999943, 40.111492171000059 ], [ -5.254908566999973, 40.111468587000047 ], [ -5.25473150299996, 40.11143599900003 ], [ -5.254565271999979, 40.111376175000032 ], [ -5.254410468999936, 40.111307121000038 ], [ -5.254304349999927, 40.111291169000019 ], [ -5.254222869999979, 40.111310771000035 ], [ -5.254190667999979, 40.11140148000004 ], [ -5.254230599999971, 40.111544837000046 ], [ -5.254368196999962, 40.111803401000039 ], [ -5.254382002999932, 40.111866191000033 ], [ -5.25433658999998, 40.111912116000042 ], [ -5.254159821999963, 40.111888530000037 ], [ -5.254101196999954, 40.111889670000046 ], [ -5.254129105999938, 40.112024252000026 ], [ -5.254120353999951, 40.112114506000061 ], [ -5.254052678999926, 40.112196897000047 ], [ -5.253971791999959, 40.112234504000071 ], [ -5.25385364899995, 40.112209777000039 ], [ -5.253709975999925, 40.112122489000058 ], [ -5.253566896999928, 40.112053205000045 ], [ -5.253378105999958, 40.112020843000039 ], [ -5.253120748999947, 40.112043865000032 ], [ -5.253030810999974, 40.112162722000043 ], [ -5.252917125999942, 40.112273032000076 ], [ -5.252859688999933, 40.112310182000044 ], [ -5.252798091999978, 40.112221297000069 ], [ -5.252795417999949, 40.112140274000069 ], [ -5.252758756999981, 40.112095945000071 ], [ -5.252596386999927, 40.11215315100003 ], [ -5.252538653999976, 40.112181299000035 ], [ -5.252465925999957, 40.112110646000076 ], [ -5.252463549999957, 40.112038626000064 ], [ -5.252331306999963, 40.111942105000018 ], [ -5.252200844999948, 40.111899599000019 ], [ -5.252095319999968, 40.111901650000043 ], [ -5.25194556699995, 40.11198563600005 ], [ -5.251830097999971, 40.112041930000032 ], [ -5.251716409999972, 40.112152239000054 ], [ -5.251614744999928, 40.112271323000073 ], [ -5.251513078999948, 40.112390407000071 ], [ -5.251423137999949, 40.112509263000042 ], [ -5.251332899999966, 40.112619116000076 ], [ -5.251286592999976, 40.112638032000064 ], [ -5.250969122999947, 40.112973004000025 ], [ -5.250417370999968, 40.112974713000021 ], [ -5.250272137999956, 40.112828896000046 ], [ -5.250128467999956, 40.112741603000075 ], [ -5.250019379999968, 40.112635622000013 ], [ -5.249921719999975, 40.112520410000052 ], [ -5.249801203999938, 40.112423658000068 ], [ -5.249752226999931, 40.112361551000049 ], [ -5.249609150999959, 40.112292262000039 ], [ -5.249488338999981, 40.112186508000036 ], [ -5.249378955999929, 40.112071523000047 ], [ -5.249258442999974, 40.111974771000064 ], [ -5.249126498999943, 40.111887249000056 ], [ -5.248959974999934, 40.111818414000027 ], [ -5.248700836999945, 40.111787410000034 ], [ -5.247973287999968, 40.111783511000063 ], [ -5.247797115999958, 40.111777920000058 ], [ -5.247608624999941, 40.111754552000029 ], [ -5.247431266999968, 40.111712950000012 ], [ -5.246898303999956, 40.111561136000027 ], [ -5.246720650999976, 40.111510531000086 ], [ -5.246543885999927, 40.111486934000034 ], [ -5.246367712999928, 40.111481341000058 ], [ -5.246180705999961, 40.11150298300003 ], [ -5.246005422999928, 40.111524397000032 ], [ -5.245830138999962, 40.111545811000028 ], [ -5.24545612199995, 40.111589093000084 ], [ -5.245280837999928, 40.11161050700008 ], [ -5.245117574999938, 40.111640695000055 ], [ -5.244931157999929, 40.111680341000067 ], [ -5.244744443999935, 40.111710983000087 ], [ -5.24456915999997, 40.111732395000047 ], [ -5.24401955999997, 40.111788082000032 ], [ -5.243832549999978, 40.111809720000046 ], [ -5.243645243999935, 40.111822356000054 ], [ -5.243458233999945, 40.111843993000029 ], [ -5.243282356999941, 40.111847399000055 ], [ -5.243106775999934, 40.111859806000041 ], [ -5.242931194999926, 40.111872213000026 ], [ -5.24254544799993, 40.11191571300003 ], [ -5.242182559999947, 40.111940752000081 ], [ -5.24198382299994, 40.111962615000039 ], [ -5.241807945999938, 40.11196601700005 ], [ -5.241631772999938, 40.111960418000081 ], [ -5.241443282999967, 40.111937039000047 ], [ -5.241265631999966, 40.11188642500008 ], [ -5.241087980999964, 40.111835811000049 ], [ -5.240921759999936, 40.111775968000074 ], [ -5.240766673999928, 40.111697892000052 ], [ -5.24061158799998, 40.111619816000037 ], [ -5.240491971999972, 40.111550062000042 ], [ -5.240315504999955, 40.111535457000059 ], [ -5.240139037999939, 40.111520853000066 ], [ -5.239963161999981, 40.111524254000081 ], [ -5.239787284999977, 40.111527655000025 ], [ -5.239599978999933, 40.111540286000029 ], [ -5.23942380799997, 40.111534683000066 ], [ -5.239236501999926, 40.111547313000081 ], [ -5.239073531999964, 40.111586497000062 ], [ -5.23873645499998, 40.111683095000032 ], [ -5.238561759999925, 40.111722505000046 ], [ -5.238375043999951, 40.111753139000022 ], [ -5.23819975699996, 40.111774542000042 ], [ -5.238023879999958, 40.111777941000078 ], [ -5.237848297999959, 40.11179034200007 ], [ -5.237660695999978, 40.111793966000057 ], [ -5.237285195999958, 40.111792211000079 ], [ -5.237109318999955, 40.111795608000087 ], [ -5.236922896999942, 40.111835242000041 ], [ -5.236760514999957, 40.111892428000026 ], [ -5.236598426999933, 40.111958616000031 ], [ -5.236448063999944, 40.112024578000053 ], [ -5.236273365999977, 40.112063984000024 ], [ -5.236097487999928, 40.112067379000045 ], [ -5.235721987999967, 40.112065620000074 ], [ -5.235546403999933, 40.112078017000023 ], [ -5.235184395999965, 40.112130045000072 ], [ -5.235008811999933, 40.11214244100006 ], [ -5.234633309999936, 40.11214067800006 ], [ -5.23444511699995, 40.112126292000028 ], [ -5.234256629999948, 40.112102902000061 ], [ -5.234090708999928, 40.112052053000063 ], [ -5.233935333999965, 40.111964966000073 ], [ -5.233862036999938, 40.111876296000048 ], [ -5.233834461999948, 40.111750711000077 ], [ -5.233865217999948, 40.111614993000039 ], [ -5.233954893999965, 40.111487146000059 ], [ -5.234009983999955, 40.111377983000068 ], [ -5.234007037999959, 40.111287957000066 ], [ -5.233909701999949, 40.11118173400007 ], [ -5.233766054999933, 40.111094421000075 ], [ -5.23361127299995, 40.111025339000022 ], [ -5.233301708999932, 40.110887174000034 ], [ -5.233135496999977, 40.110827320000055 ], [ -5.232969284999967, 40.110767466000034 ], [ -5.232814209999957, 40.110689380000039 ], [ -5.232717759999957, 40.110610164000029 ], [ -5.232679345999942, 40.110511813000073 ], [ -5.232689597999979, 40.110466573000053 ], [ -5.232865766999964, 40.110472186000038 ], [ -5.232948430999955, 40.110488609000079 ], [ -5.233080644999972, 40.110585152000063 ], [ -5.233235425999965, 40.110654235000027 ], [ -5.233378481999978, 40.11072354300007 ], [ -5.233544693999931, 40.110783397000041 ], [ -5.23371031599993, 40.110825245000058 ], [ -5.233887075999973, 40.110848861000072 ], [ -5.234052698999959, 40.110890709000039 ], [ -5.234230047999971, 40.110932330000033 ], [ -5.23438423999994, 40.110983406000059 ], [ -5.234550159999968, 40.111034255000057 ], [ -5.234738938999953, 40.111066646000026 ], [ -5.234915109999975, 40.11107225600005 ], [ -5.235090690999925, 40.111059860000069 ], [ -5.235253366999928, 40.111011679000072 ], [ -5.235415453999963, 40.110945492000027 ], [ -5.235541480999927, 40.110852976000047 ], [ -5.235643467999977, 40.110742908000084 ], [ -5.235757178999961, 40.110632613000064 ], [ -5.235894929999972, 40.110539871000064 ], [ -5.235975529999962, 40.110493273000031 ], [ -5.236032974999943, 40.110456131000035 ], [ -5.236320789999979, 40.110288424000032 ], [ -5.23635448999994, 40.110242732000067 ], [ -5.236257150999961, 40.110136511000057 ], [ -5.236124933999974, 40.110039971000056 ], [ -5.235970151999935, 40.109970893000025 ], [ -5.235471811999957, 40.109800343000074 ], [ -5.235305895999943, 40.109749495000074 ], [ -5.235139978999939, 40.109698646000027 ], [ -5.234986081999977, 40.109656573000052 ], [ -5.234820167999942, 40.109605724000055 ], [ -5.234642231999941, 40.109546098000081 ], [ -5.234476611999979, 40.109504251000025 ], [ -5.234452867999948, 40.109495700000018 ], [ -5.234298971999976, 40.109453627000043 ], [ -5.234133057999941, 40.109402777000064 ], [ -5.233966849999944, 40.109342923000042 ], [ -5.233789798999965, 40.109310304000068 ], [ -5.23362476899996, 40.109286461000075 ], [ -5.233436877999964, 40.109281076000066 ], [ -5.233343668999964, 40.109300890000043 ], [ -5.233229071999972, 40.109384175000059 ], [ -5.23316284699996, 40.109511570000052 ], [ -5.233085190999929, 40.109648194000044 ], [ -5.233039762999964, 40.109694112000057 ], [ -5.232887930999937, 40.109715055000031 ], [ -5.232816992999972, 40.109698406000057 ], [ -5.232803794999939, 40.109653618000038 ], [ -5.232777989999931, 40.109582048000057 ], [ -5.232797022999932, 40.109446555000041 ], [ -5.232874973999968, 40.109318934000044 ], [ -5.232941198999981, 40.109191540000047 ], [ -5.233032346999948, 40.109108707000061 ], [ -5.233136396999953, 40.109061659000083 ], [ -5.23326566399993, 40.109068175000054 ], [ -5.233312561999981, 40.109067271000072 ], [ -5.233489021999958, 40.10908188500008 ], [ -5.233665775999952, 40.109105502000027 ], [ -5.233842530999937, 40.109129119000038 ], [ -5.23403071499996, 40.109143506000073 ], [ -5.234207175999927, 40.109158119000021 ], [ -5.234384223999939, 40.109190738000045 ], [ -5.234561274999975, 40.10922335600003 ], [ -5.234903650999968, 40.109288818000053 ], [ -5.235069859999953, 40.109348670000031 ], [ -5.235224638999965, 40.109417751000073 ], [ -5.235390849999931, 40.109477602000034 ], [ -5.235545333999937, 40.109537680000059 ], [ -5.235722975999978, 40.109588302000077 ], [ -5.235888595999939, 40.109630147000075 ], [ -5.236054513999931, 40.109680995000076 ], [ -5.236219839999933, 40.109713837000072 ], [ -5.23638634699995, 40.109782690000031 ], [ -5.236695616999953, 40.109911844000067 ], [ -5.236861829999952, 40.109971693000034 ], [ -5.237039472999924, 40.110022313000066 ], [ -5.237205094999979, 40.110064156000071 ], [ -5.237371013999961, 40.110115001000054 ], [ -5.237547476999963, 40.110129609000069 ], [ -5.23772452999998, 40.110162222000028 ], [ -5.237902173999941, 40.11021284000001 ], [ -5.238078636999944, 40.110227447000057 ], [ -5.238254510999979, 40.110224049000067 ], [ -5.238441517999944, 40.110202419000061 ], [ -5.238791491999963, 40.110141605000088 ], [ -5.239140284999961, 40.110044779000077 ], [ -5.239314680999939, 40.109996366000068 ], [ -5.23945301599997, 40.10992162500002 ], [ -5.23952159199996, 40.109866249000042 ], [ -5.239517456999977, 40.109740211000023 ], [ -5.239454698999964, 40.109615306000073 ], [ -5.239391645999945, 40.10948139900006 ], [ -5.239340315999925, 40.109347265000054 ], [ -5.239301005999948, 40.10922190700007 ], [ -5.23921007499996, 40.108953412000062 ], [ -5.239147021999941, 40.10881950400006 ], [ -5.239026232999946, 40.10871373800007 ], [ -5.238871450999966, 40.108644663000064 ], [ -5.238705238999954, 40.108584816000082 ], [ -5.23853902899998, 40.108524970000076 ], [ -5.238361980999968, 40.108492357000038 ], [ -5.238184929999931, 40.108459745000062 ], [ -5.237996451999948, 40.108436361000038 ], [ -5.237819993999949, 40.108421754000069 ], [ -5.237643533999972, 40.108407146000054 ], [ -5.236916020999956, 40.108403181000021 ], [ -5.236740447999977, 40.108415580000035 ], [ -5.236552853999967, 40.108419202000057 ], [ -5.236376690999974, 40.108413595000059 ], [ -5.236176782999963, 40.108399438000063 ], [ -5.236012638999966, 40.10840260700008 ], [ -5.235823866999966, 40.108370217000072 ], [ -5.235647702999927, 40.108364609000027 ], [ -5.235471539999935, 40.108359 ], [ -5.235295375999953, 40.10835339100003 ], [ -5.235118917999956, 40.108338780000054 ], [ -5.234931324999935, 40.108342399000044 ], [ -5.234579291999977, 40.108340183000053 ], [ -5.234391109999932, 40.108325796000024 ], [ -5.234038783999948, 40.108314575000072 ], [ -5.233862914999975, 40.108317967000062 ], [ -5.233675026999947, 40.108312582000053 ], [ -5.233487139999967, 40.108307196000048 ], [ -5.233310975999927, 40.108301585000042 ], [ -5.232946924999965, 40.108290586000059 ], [ -5.232406417999925, 40.10826497100004 ], [ -5.232230253999944, 40.108259358000055 ], [ -5.232054090999951, 40.108253744000088 ], [ -5.231865908999964, 40.108239353000045 ], [ -5.231689745999972, 40.10823373900007 ], [ -5.231490132999966, 40.108228576000045 ], [ -5.231314558999941, 40.108240967000022 ], [ -5.231126964999929, 40.108244580000068 ], [ -5.230951096999945, 40.108247968000057 ], [ -5.230775521999931, 40.108260358000059 ], [ -5.230587633999959, 40.108254968000026 ], [ -5.230059732999962, 40.108256124000022 ], [ -5.229883274999963, 40.10824150400002 ], [ -5.229706524999927, 40.10821788100003 ], [ -5.229529773999957, 40.108194258000033 ], [ -5.22935272899997, 40.108161632000083 ], [ -5.229187114999943, 40.10811977700007 ], [ -5.229010363999975, 40.108096153000076 ], [ -5.228833319999978, 40.10806352600008 ], [ -5.228656275999981, 40.108030899000028 ], [ -5.228313617999958, 40.107956416000043 ], [ -5.228136280999934, 40.107914785000041 ], [ -5.227793623999957, 40.107840300000078 ], [ -5.22762771799995, 40.107789440000033 ], [ -5.227295905999938, 40.107687719000076 ], [ -5.227131846781451, 40.107649204130716 ], [ -5.249242782592773, 40.108734130859482 ], [ -5.260619163513183, 40.107948303222777 ], [ -5.267082214355469, 40.111091613769524 ], [ -5.27063798904419, 40.109714508056705 ], [ -5.293361186981143, 40.109600067138778 ], [ -5.296730995178164, 40.110111236572315 ], [ -5.301498889923039, 40.107421874999929 ], [ -5.315728187560978, 40.107040405273374 ], [ -5.322606733465095, 40.110040575825508 ], [ -5.322520964999966, 40.110034084000056 ], [ -5.322262724999973, 40.110030251000069 ], [ -5.322110616999964, 40.110042307000064 ], [ -5.321970844999954, 40.11007213200002 ], [ -5.32179559399998, 40.110093660000075 ], [ -5.321621260999961, 40.110142193000051 ], [ -5.321458345999928, 40.110181490000059 ], [ -5.321284318999972, 40.110239025000062 ], [ -5.321122015999948, 40.110296325000036 ], [ -5.321017721999965, 40.110334447000064 ], [ -5.320762541999955, 40.110420631000068 ], [ -5.320599931999937, 40.110468929000035 ], [ -5.320347504999972, 40.110636131000049 ], [ -5.320184281999957, 40.110666424000037 ], [ -5.320066426999971, 40.110650767000038 ] ] ], [ [ [ -5.224604825999961, 40.107550256000025 ], [ -5.22443042499998, 40.107598648000071 ], [ -5.224255143999925, 40.107620031000067 ], [ -5.224080156999946, 40.10765041600007 ], [ -5.223904873999969, 40.107671798000069 ], [ -5.223717573999976, 40.107684403000057 ], [ -5.22354229299998, 40.107705784000075 ], [ -5.223367009999947, 40.107727166000075 ], [ -5.22319172899995, 40.107748547000035 ], [ -5.223016152999946, 40.107760925000044 ], [ -5.222652984999968, 40.107776903000058 ], [ -5.222466270999973, 40.107807511000026 ], [ -5.222303298999976, 40.107846671000061 ], [ -5.222128308999971, 40.107877054000028 ], [ -5.221941887999947, 40.107916664000072 ], [ -5.221779207999931, 40.107964826000057 ], [ -5.221292046999963, 40.108136321000067 ], [ -5.221129659999974, 40.108193486000047 ], [ -5.221001859999944, 40.108231970000077 ], [ -5.22096287599993, 40.108228214000071 ], [ -5.22090974799994, 40.108229232000042 ], [ -5.220298089999971, 40.108146370000043 ], [ -5.22032623399997, 40.108019712000036 ], [ -5.220324477999953, 40.107965695000082 ], [ -5.220205765999935, 40.10792292800005 ], [ -5.220029603999932, 40.107917296000046 ], [ -5.219854319999967, 40.107938672000046 ], [ -5.219679328999973, 40.107969051000062 ], [ -5.219504921999942, 40.108017435000086 ], [ -5.219341948999955, 40.108056592000018 ], [ -5.219155524999962, 40.108096197000066 ], [ -5.218980532999979, 40.108126575000028 ], [ -5.218805540999938, 40.108156952000066 ], [ -5.218630840999936, 40.108196332000034 ], [ -5.218456140999932, 40.108235712000067 ], [ -5.218281148999949, 40.10826608900004 ], [ -5.218105862999947, 40.108287462000071 ], [ -5.217930284999965, 40.108299833000046 ], [ -5.217754706999926, 40.108312203000018 ], [ -5.217567404999954, 40.108324797000087 ], [ -5.217380393999974, 40.10834639400008 ], [ -5.216840763999926, 40.108347715000022 ], [ -5.216665186999932, 40.108360083000029 ], [ -5.216489314999932, 40.10836344900008 ], [ -5.216454140999929, 40.108364122000054 ], [ -5.216313443999979, 40.108366814000071 ], [ -5.216126432999943, 40.108388409000042 ], [ -5.215951146999941, 40.108409779000056 ], [ -5.215787876999967, 40.108439928000053 ], [ -5.215600572999961, 40.108452519000025 ], [ -5.215424993999932, 40.108464886000029 ], [ -5.215249705999951, 40.108486255000052 ], [ -5.215062402999934, 40.108498846000032 ], [ -5.214945154999953, 40.108501088000025 ], [ -5.214522771999952, 40.108500155000051 ], [ -5.214334883999926, 40.108494739000037 ], [ -5.21415813599998, 40.108471092000045 ], [ -5.214015686999972, 40.108419764000075 ], [ -5.213883502999977, 40.108323198000051 ], [ -5.213785909999957, 40.108207953000019 ], [ -5.213654310999972, 40.108129392000066 ], [ -5.213488412999935, 40.10807851200007 ], [ -5.213334824999947, 40.10804541300007 ], [ -5.213311374999932, 40.108045861000051 ], [ -5.213134920999948, 40.108031216000036 ], [ -5.212958175999972, 40.108007567000065 ], [ -5.212781428999961, 40.107983918000052 ], [ -5.212604974999977, 40.107969272000055 ], [ -5.212427937999962, 40.107936620000025 ], [ -5.212262333999944, 40.107894740000049 ], [ -5.212096145999965, 40.107834855000071 ], [ -5.211941099999933, 40.107756740000063 ], [ -5.211654165999961, 40.107591058000018 ], [ -5.211510846999942, 40.107512719000056 ], [ -5.211356092999949, 40.107443606000061 ], [ -5.21126083799993, 40.107400382000044 ], [ -5.211201049999942, 40.107365489000074 ], [ -5.211057728999948, 40.107287149000058 ], [ -5.210770799999978, 40.107121465000041 ], [ -5.210627189999967, 40.107034122000073 ], [ -5.210495304999938, 40.106946554000039 ], [ -5.21037456199997, 40.106840757000043 ], [ -5.210253818999944, 40.10673495900005 ], [ -5.210228912999981, 40.106690392000083 ], [ -5.210286368999959, 40.106653262000073 ], [ -5.210438786999929, 40.10665035400006 ], [ -5.210604970999952, 40.106710241000023 ], [ -5.210746830999939, 40.106743568000063 ], [ -5.210770279999964, 40.106743120000033 ], [ -5.210947894999948, 40.106793781000071 ], [ -5.21110264799995, 40.106862895000063 ], [ -5.21123453299998, 40.106950462000036 ], [ -5.21138957599993, 40.10702857800004 ], [ -5.211555178999958, 40.107070458000074 ], [ -5.211731337999936, 40.107076103000061 ], [ -5.211908372999972, 40.107108757000056 ], [ -5.212073973999963, 40.107150637000075 ], [ -5.212406055999963, 40.107261404000042 ], [ -5.212583381999935, 40.10730305900006 ], [ -5.212760418999949, 40.107335711000069 ], [ -5.212937454999973, 40.107368363000035 ], [ -5.213113322999959, 40.107365003000041 ], [ -5.213265158999945, 40.107344085000065 ], [ -5.213322905999973, 40.107315957000033 ], [ -5.213320862999978, 40.107252936000059 ], [ -5.21318897499998, 40.107165372000047 ], [ -5.213056793999954, 40.10706880500004 ], [ -5.212936046999971, 40.106963010000072 ], [ -5.212922390136876, 40.106949729338311 ], [ -5.214940759578962, 40.107049193038122 ], [ -5.215039989999979, 40.107084948000079 ], [ -5.21536064299994, 40.107204935000034 ], [ -5.215526538999938, 40.107255812000055 ], [ -5.215692143999945, 40.107297687000028 ], [ -5.21586976499998, 40.107348340000051 ], [ -5.216058527999962, 40.107380763000052 ], [ -5.216412016999924, 40.107428050000067 ], [ -5.216600194999955, 40.107442466000073 ], [ -5.216776355999968, 40.107448103000024 ], [ -5.216951932999962, 40.107435735000031 ], [ -5.217139233999943, 40.107423141000019 ], [ -5.217314515999931, 40.107401769000035 ], [ -5.217489506999925, 40.10737139400004 ], [ -5.217839195999943, 40.107301640000067 ], [ -5.218188591999932, 40.107222882000023 ], [ -5.21823852001292, 40.107211627600933 ], [ -5.224713060509219, 40.107530261462728 ], [ -5.224604825999961, 40.107550256000025 ] ] ] ] } },
{ "type": "Feature", "properties": { "INFORME": "https://sig.mapama.gob.es/WebServices/clientews/snczi/Default.aspx?nombre=EGISPE_EMBALSE&claves=ID_EMBALSE&valores=691", "ID_EMBALSE": 691.0, "CODIGO": 691, "NOMBRE": "CIUDAD DUCAL", "NMN_SUP": 53000.0, "NMN_CAPAC": 0.3, "NMN_COTA": null, "NAE_COTA": null, "ADMON_COMP": "Estado", "DEMARC": "TAJO", "PROVINCIA": "Ávila", "SUP_CUENCA": null, "AP_M_ANUAL": null, "TIPO_EMBAL": "Embalse de presa", "DTOR_EXPLO": null, "TIPO_TITUL": "Ayuntamientos y/o Diputaciones", "USO": "Abastecimiento", "ID_0": 215, "ISO": "ESP", "NAME_0": "Spain", "ID_1": 5, "NAME_1": "Castilla y León", "ID_2": 18, "NAME_2": "Ávila", "TYPE_2": "Provincia", "ENGTYPE_2": "Province", "area": 53016.309, "cuenca": "Alberche", "Tipo": "Embalse" }, "geometry": { "type": "MultiPolygon", "coordinates": [ [ [ [ -4.375327913999968, 40.571120068000027 ], [ -4.375898889999974, 40.57131145500005 ], [ -4.375910700999952, 40.571311315000067 ], [ -4.376089153999943, 40.571372248000038 ], [ -4.376113697999926, 40.571416998000061 ], [ -4.37598672799993, 40.571562647000064 ], [ -4.375979710999958, 40.571796952000035 ], [ -4.376040424999928, 40.571877305000044 ], [ -4.376147829999979, 40.57193007700004 ], [ -4.376526333999948, 40.571952592000052 ], [ -4.376879002999942, 40.571867312000066 ], [ -4.377163941999925, 40.571935984000049 ], [ -4.377412340999967, 40.571951039000055 ], [ -4.377576586999965, 40.571895029000068 ], [ -4.378206998999928, 40.57210371300004 ], [ -4.378455768999971, 40.572136779000068 ], [ -4.378939094999963, 40.572085967000078 ], [ -4.379628938999928, 40.572311951000074 ], [ -4.379889150999929, 40.57232686000004 ], [ -4.380186090999928, 40.572404389000049 ], [ -4.380683078999937, 40.572443492000041 ], [ -4.380920593999975, 40.572503712000078 ], [ -4.381111236999971, 40.572582509000028 ], [ -4.381530732999977, 40.57287477300008 ], [ -4.381704234999972, 40.573269072000073 ], [ -4.381708122999952, 40.573458204000083 ], [ -4.381700199999955, 40.573647477000065 ], [ -4.381629517999954, 40.573657331000042 ], [ -4.381542210999953, 40.573433163000061 ], [ -4.381263148999949, 40.573076160000028 ], [ -4.380905113999972, 40.572900271000037 ], [ -4.380208627999934, 40.57292661300005 ], [ -4.37976294899994, 40.573085082000034 ], [ -4.379553305999934, 40.57323172200006 ], [ -4.379479665999953, 40.573097474000065 ], [ -4.379384067999979, 40.57304456400005 ], [ -4.37895757299998, 40.572986597000074 ], [ -4.378791108999962, 40.57293453300008 ], [ -4.378507456999955, 40.572928910000016 ], [ -4.377717033999942, 40.572983383000057 ], [ -4.377621621999936, 40.572939479000063 ], [ -4.377488376999963, 40.572778915000072 ], [ -4.377250309999965, 40.572691668000061 ], [ -4.376954478999948, 40.572668170000043 ], [ -4.376820817999942, 40.572645012000066 ], [ -4.376681843999961, 40.572750197000069 ], [ -4.376578198999936, 40.572748708000063 ], [ -4.376375179999968, 40.572692552000035 ], [ -4.376174504999938, 40.572663612000042 ], [ -4.376060594999956, 40.572626051000043 ], [ -4.375938538999947, 40.572671268000079 ], [ -4.375678878999963, 40.57268336900006 ], [ -4.375262727999939, 40.572553197000047 ], [ -4.375083349999954, 40.572447230000087 ], [ -4.374963028999957, 40.572340560000043 ], [ -4.374672747999966, 40.572010701000075 ], [ -4.374704312999938, 40.571821146000055 ], [ -4.374960468999973, 40.571637927000033 ], [ -4.375096672999972, 40.571366051000041 ], [ -4.375154989999943, 40.571329322000054 ], [ -4.375209252999979, 40.571094455000036 ], [ -4.375327913999968, 40.571120068000027 ] ] ] ] } },
{ "type": "Feature", "properties": { "INFORME": "https://sig.mapama.gob.es/WebServices/clientews/snczi/Default.aspx?nombre=EGISPE_EMBALSE&claves=ID_EMBALSE&valores=2434", "ID_EMBALSE": 2434.0, "CODIGO": 2434, "NOMBRE": "VALTRAVIES (ARROYO)", "NMN_SUP": 140000.0, "NMN_CAPAC": 0.54, "NMN_COTA": null, "NAE_COTA": null, "ADMON_COMP": "Estado", "DEMARC": "TAJO", "PROVINCIA": "Ávila", "SUP_CUENCA": null, "AP_M_ANUAL": null, "TIPO_EMBAL": "Embalse de presa", "DTOR_EXPLO": null, "TIPO_TITUL": "Ayuntamientos y/o Diputaciones", "USO": "Abastecimiento", "ID_0": 215, "ISO": "ESP", "NAME_0": "Spain", "ID_1": 5, "NAME_1": "Castilla y León", "ID_2": 18, "NAME_2": "Ávila", "TYPE_2": "Provincia", "ENGTYPE_2": "Province", "area": 75114.372, "cuenca": "Alberche", "Tipo": "Embalse" }, "geometry": { "type": "MultiPolygon", "coordinates": [ [ [ [ -4.321229453999933, 40.637507426000063 ], [ -4.321817496999927, 40.63744364300004 ], [ -4.322134046999964, 40.637304893000078 ], [ -4.322747049999975, 40.637207788000083 ], [ -4.323844071999928, 40.63706909900003 ], [ -4.324375379999935, 40.63702697300004 ], [ -4.325274613999965, 40.637052691000058 ], [ -4.325522177999972, 40.637013815000046 ], [ -4.325935969999932, 40.637009065000029 ], [ -4.326138201999925, 40.637069802000042 ], [ -4.326434301999938, 40.637093426000021 ], [ -4.326767120999932, 40.637179687000064 ], [ -4.326946241999963, 40.637267713000021 ], [ -4.327065716999925, 40.637329399000066 ], [ -4.327337816999943, 40.637335280000059 ], [ -4.327104572999929, 40.637500112000041 ], [ -4.326986879999935, 40.637528490000072 ], [ -4.326571657999977, 40.637461193000028 ], [ -4.325971192999929, 40.63759420800006 ], [ -4.325687268999957, 40.637588459000035 ], [ -4.325523708999981, 40.637689429000027 ], [ -4.325264853999954, 40.637755459000054 ], [ -4.324574782999946, 40.638141730000029 ], [ -4.324530337999931, 40.638286375000071 ], [ -4.324534074999975, 40.638475509000038 ], [ -4.324654972999951, 40.638609248000073 ], [ -4.324668753999958, 40.63870818300007 ], [ -4.324623240999926, 40.638798789000077 ], [ -4.324442030999932, 40.638904465000046 ], [ -4.324473989999944, 40.639025712000027 ], [ -4.324581642999931, 40.639087536000034 ], [ -4.324644672999966, 40.639284998000051 ], [ -4.324728424999932, 40.639932643000066 ], [ -4.324732339999968, 40.640130784000071 ], [ -4.324665493999931, 40.640338744000069 ], [ -4.324529387999974, 40.640034019000041 ], [ -4.32416864399994, 40.639731870000048 ], [ -4.323057894999977, 40.639177071000056 ], [ -4.322947754999973, 40.638989157000026 ], [ -4.322745518999966, 40.638928414000077 ], [ -4.32259004499997, 40.63884011100005 ], [ -4.322340695999969, 40.63878891600006 ], [ -4.322044588999972, 40.638765281000076 ], [ -4.321903600999973, 40.638811937000064 ], [ -4.32178608199996, 40.638849316000055 ], [ -4.321556029999954, 40.638969959000079 ], [ -4.321229453999933, 40.637507426000063 ] ] ] ] } },
{ "type": "Feature", "properties": { "INFORME": "https://sig.mapama.gob.es/WebServices/clientews/snczi/Default.aspx?nombre=EGISPE_EMBALSE&claves=ID_EMBALSE&valores=10", "ID_EMBALSE": 10.0, "CODIGO": 10, "NOMBRE": "ACEÑA, LA", "NMN_SUP": 1150000.0, "NMN_CAPAC": 23.7, "NMN_COTA": null, "NAE_COTA": null, "ADMON_COMP": "Estado", "DEMARC": "TAJO", "PROVINCIA": "Ávila", "SUP_CUENCA": null, "AP_M_ANUAL": null, "TIPO_EMBAL": "Embalse de presa", "DTOR_EXPLO": "JUAN PABLO DE FRANCISCO DIAZ", "TIPO_TITUL": "Privado", "USO": "Abastecimiento\nDefensa frente avenidas", "ID_0": 215, "ISO": "ESP", "NAME_0": "Spain", "ID_1": 5, "NAME_1": "Castilla y León", "ID_2": 18, "NAME_2": "Ávila", "TYPE_2": "Provincia", "ENGTYPE_2": "Province", "area": 1079294.093, "cuenca": "Alberche", "Tipo": "Embalse" }, "geometry": { "type": "MultiPolygon", "coordinates": [ [ [ [ -4.220838238999931, 40.623051645000032 ], [ -4.220944314999939, 40.622383895000048 ], [ -4.221126392999963, 40.621994604000065 ], [ -4.221451135999928, 40.621648848000063 ], [ -4.221530762999976, 40.621476844000021 ], [ -4.221514021999951, 40.62120676600005 ], [ -4.220918414999971, 40.62096082500004 ], [ -4.220669696999948, 40.62093642800005 ], [ -4.220573987999956, 40.620874380000032 ], [ -4.220477131999928, 40.620749284000055 ], [ -4.220153889999948, 40.620527486000064 ], [ -4.220055232999925, 40.620303316000047 ], [ -4.219948031999934, 40.620259405000056 ], [ -4.219770401999937, 40.620243264000074 ], [ -4.219522014999939, 40.620236879000053 ], [ -4.219286428999965, 40.620284408000025 ], [ -4.219016365999948, 40.620386352 ], [ -4.21884151699993, 40.620523325000079 ], [ -4.21835819599994, 40.620600492000051 ], [ -4.218110134999962, 40.620612117000064 ], [ -4.217028880999976, 40.620965837000028 ], [ -4.216781796999952, 40.621031500000072 ], [ -4.216534386999967, 40.621079148000028 ], [ -4.216298796999979, 40.621126672000052 ], [ -4.21608815299993, 40.621246 ], [ -4.21597027599995, 40.621265258000051 ], [ -4.21592250499998, 40.621238736000059 ], [ -4.215796955999963, 40.620834674000037 ], [ -4.21543891999994, 40.62064926400005 ], [ -4.215213029999973, 40.620579572000061 ], [ -4.214976135999962, 40.620555039000074 ], [ -4.214600332999964, 40.620694119000063 ], [ -4.214143743999955, 40.620942149000037 ], [ -4.213920299999927, 40.621007557000041 ], [ -4.213603593999949, 40.621146012000047 ], [ -4.213119448999975, 40.621178124000032 ], [ -4.212551581999946, 40.621157061000083 ], [ -4.21241103899996, 40.621230604000068 ], [ -4.212281177999955, 40.621240975000042 ], [ -4.211858572999972, 40.621407563000055 ], [ -4.211728385999947, 40.621399920000052 ], [ -4.211561596999957, 40.621329602000067 ], [ -4.211325515999931, 40.621350095000018 ], [ -4.210984348999943, 40.621443757000058 ], [ -4.210381345999963, 40.621441069000063 ], [ -4.21004196399997, 40.621633803000066 ], [ -4.209923922999963, 40.621644049000054 ], [ -4.20988781099993, 40.621608393000038 ], [ -4.209684914999968, 40.621502416000055 ], [ -4.209637470999951, 40.621493904000033 ], [ -4.209660298999949, 40.621448622000045 ], [ -4.209953048999978, 40.62129241100007 ], [ -4.210303110999973, 40.621036506000046 ], [ -4.210996934999969, 40.620831046000028 ], [ -4.211406904999933, 40.620619552000051 ], [ -4.211735757999975, 40.620498992000073 ], [ -4.211981379999941, 40.620352279000031 ], [ -4.212111238999966, 40.620341908000057 ], [ -4.21245158499994, 40.620203208000078 ], [ -4.212687336999977, 40.620164699000043 ], [ -4.213357014999929, 40.619932454000036 ], [ -4.213978593999968, 40.619655667000067 ], [ -4.214390992999938, 40.619579264000038 ], [ -4.214966261999962, 40.619357011000034 ], [ -4.215307412999948, 40.619263337000064 ], [ -4.216170925999961, 40.619290282000058 ], [ -4.216418492999936, 40.619251641000069 ], [ -4.216889169999945, 40.619129573000073 ], [ -4.217464262999954, 40.618898300000062 ], [ -4.218247367999936, 40.618403584000077 ], [ -4.218443398999966, 40.618131261000023 ], [ -4.21874760399993, 40.61795689000008 ], [ -4.218886333999932, 40.617784265000068 ], [ -4.219131765999975, 40.617628530000047 ], [ -4.219386888999963, 40.617355582000073 ], [ -4.219680906999939, 40.617271401000046 ], [ -4.219983958999933, 40.617033979000041 ], [ -4.220359893999954, 40.616903889000064 ], [ -4.220510926999964, 40.616758157000049 ], [ -4.22060499199995, 40.61673013800003 ], [ -4.220686253999928, 40.616648202000071 ], [ -4.220801335999965, 40.616475825000066 ], [ -4.220892777999949, 40.616303696000038 ], [ -4.220913138999947, 40.616123311000081 ], [ -4.221109807999937, 40.615887011000041 ], [ -4.221210445999929, 40.615570649000063 ], [ -4.221361310999953, 40.615415909000021 ], [ -4.221555187999968, 40.615026493000073 ], [ -4.221809306999944, 40.614699499000039 ], [ -4.221757930999956, 40.614474829000066 ], [ -4.221778125999947, 40.614285437000035 ], [ -4.221703930999979, 40.614106051000086 ], [ -4.221547658999953, 40.613963568000031 ], [ -4.221176678999939, 40.613715252000077 ], [ -4.221127763999959, 40.61362568400007 ], [ -4.220948346999933, 40.613510469000062 ], [ -4.220841813999925, 40.613502587000028 ], [ -4.22060707199995, 40.613595153000055 ], [ -4.220427493999978, 40.613470931000045 ], [ -4.220483148999961, 40.613281164000057 ], [ -4.22076581999994, 40.613224126000034 ], [ -4.22099957699993, 40.613077519000058 ], [ -4.221279952999964, 40.612894385000061 ], [ -4.221556882999948, 40.612522107000075 ], [ -4.221601042999964, 40.612350479000042 ], [ -4.221653906999961, 40.612007596000062 ], [ -4.221650626999974, 40.611827460000029 ], [ -4.221516359999953, 40.611594658000058 ], [ -4.221668525999974, 40.611511973000063 ], [ -4.221727289999934, 40.611493334000038 ], [ -4.221989268999948, 40.611598665000038 ], [ -4.222238280999932, 40.611641073000044 ], [ -4.223153569999965, 40.611919658000041 ], [ -4.223356457999955, 40.612025612000018 ], [ -4.223664893999967, 40.61208540400002 ], [ -4.224273398999969, 40.612394255000027 ], [ -4.224405377999972, 40.612500958000055 ], [ -4.225205623999955, 40.612951907000024 ], [ -4.225420171999929, 40.613048725000056 ], [ -4.225728120999975, 40.613081492000056 ], [ -4.226017533999936, 40.613393719000044 ], [ -4.22640034899996, 40.613641893000079 ], [ -4.226841602999969, 40.613853412000019 ], [ -4.226998050999954, 40.614004895000051 ], [ -4.227039765999962, 40.614346775000058 ], [ -4.227268446999972, 40.614569559000067 ], [ -4.22835140799998, 40.614963431000035 ], [ -4.22854084499994, 40.614979433000023 ], [ -4.229042530999949, 40.61526236900005 ], [ -4.229268746999935, 40.615350047000035 ], [ -4.229529595999963, 40.615392313000036 ], [ -4.230100223999956, 40.615566408000063 ], [ -4.230953195999974, 40.615665423000067 ], [ -4.231238015999963, 40.615725447000038 ], [ -4.231262150999953, 40.615752216000025 ], [ -4.231274300999927, 40.615770103000038 ], [ -4.230969641999934, 40.615917486000058 ], [ -4.230772016999936, 40.616099762000026 ], [ -4.230538105999926, 40.616237382000065 ], [ -4.230462306999926, 40.616616547000028 ], [ -4.230205581999939, 40.616799451000077 ], [ -4.229759246999946, 40.616957349000067 ], [ -4.229582282999957, 40.616977250000048 ], [ -4.229252984999959, 40.617070839000064 ], [ -4.229054196999925, 40.617190065000052 ], [ -4.228381633999959, 40.61726027900005 ], [ -4.227873060999968, 40.617247669000051 ], [ -4.227624354999932, 40.617223287000066 ], [ -4.227518637999935, 40.617260445000056 ], [ -4.226642503999926, 40.617188675000065 ], [ -4.226171859999965, 40.617310783000043 ], [ -4.225773776999971, 40.617522204000061 ], [ -4.22424462799995, 40.61859241600007 ], [ -4.22377544699998, 40.618795575000036 ], [ -4.223365691999959, 40.619016119000023 ], [ -4.223226808999925, 40.619179743000082 ], [ -4.223194796999962, 40.619369261000024 ], [ -4.223291328999949, 40.619476341000052 ], [ -4.223282956999981, 40.619665608000048 ], [ -4.22333072999993, 40.619692128000047 ], [ -4.223448764999944, 40.619681869000019 ], [ -4.223545297999976, 40.619788949000053 ], [ -4.223700436999934, 40.619868382000043 ], [ -4.22369124599993, 40.620012615000057 ], [ -4.22398166599993, 40.620378887000072 ], [ -4.22431772599998, 40.620654589000026 ], [ -4.224748350999959, 40.620929287000074 ], [ -4.224907934999975, 40.621251901000051 ], [ -4.224891200999934, 40.621630436000032 ], [ -4.224954578999927, 40.621863985000047 ], [ -4.225146172999927, 40.621997080000028 ], [ -4.225527389999968, 40.622155189000061 ], [ -4.225744436999945, 40.622387107000065 ], [ -4.225911076999978, 40.622448398000067 ], [ -4.226020588999972, 40.62261839800005 ], [ -4.226176890999965, 40.622760874000051 ], [ -4.22623026499997, 40.623093622000049 ], [ -4.226338791999979, 40.623209581000033 ], [ -4.226198753999938, 40.623310161000056 ], [ -4.226213043999961, 40.623445137000033 ], [ -4.226272476999952, 40.623462523000057 ], [ -4.226365889999955, 40.62339847100003 ], [ -4.22648376799998, 40.623379203000063 ], [ -4.226969074999942, 40.62341008300006 ], [ -4.227145396999958, 40.623354159000037 ], [ -4.227853648999939, 40.623292581000037 ], [ -4.228232899999966, 40.623342600000051 ], [ -4.228731843999981, 40.623472421000024 ], [ -4.228958251999927, 40.623569105000058 ], [ -4.229161513999941, 40.623693061000033 ], [ -4.229410409999957, 40.623726447000031 ], [ -4.22948265499997, 40.623797746000037 ], [ -4.229542088999949, 40.623815130000025 ], [ -4.229672447999974, 40.623831759000041 ], [ -4.229910018999931, 40.623892289000018 ], [ -4.230077987999949, 40.624025628000027 ], [ -4.230268110999929, 40.624077654000061 ], [ -4.230305059999978, 40.624158337000047 ], [ -4.230494688999954, 40.624183343000027 ], [ -4.230730278999943, 40.624135790000025 ], [ -4.230776900999957, 40.624099259000054 ], [ -4.231202118999931, 40.62407671100005 ], [ -4.232172085999935, 40.624102401000073 ], [ -4.23223152099996, 40.624119784000072 ], [ -4.23222052799997, 40.624164944000015 ], [ -4.232185725999955, 40.624201349000025 ], [ -4.23170272699997, 40.624296586000071 ], [ -4.231230389999951, 40.62432864700002 ], [ -4.230796984999927, 40.624549470000034 ], [ -4.230739367999945, 40.624631160000035 ], [ -4.230680593999978, 40.624649804000065 ], [ -4.230573709999931, 40.624623917000072 ], [ -4.230267521999963, 40.624690238000021 ], [ -4.23008036999994, 40.62480033300006 ], [ -4.229832460999943, 40.624820990000039 ], [ -4.229515606999939, 40.624950482000031 ], [ -4.229446001999975, 40.625023291000041 ], [ -4.229398057999957, 40.62498776700005 ], [ -4.229360118999978, 40.624853044000062 ], [ -4.22930101299994, 40.624853673000075 ], [ -4.229030782999927, 40.624946634000032 ], [ -4.228547277999951, 40.62501483700003 ], [ -4.228312507999931, 40.625107418000034 ], [ -4.227841316999956, 40.625202513000026 ], [ -4.227759888999969, 40.625275447000035 ], [ -4.227630351999948, 40.625303849000034 ], [ -4.227431206999939, 40.625405059000059 ], [ -4.227024060999952, 40.625769725000048 ], [ -4.226920965999966, 40.625950990000028 ], [ -4.226948066999967, 40.626139880000032 ], [ -4.226927061999959, 40.626284239000015 ], [ -4.227010961999952, 40.626346407000028 ], [ -4.227023607999968, 40.62639131600001 ], [ -4.226921829999981, 40.626644635000034 ], [ -4.226982418999967, 40.626725067000052 ], [ -4.22702150799995, 40.626922839000031 ], [ -4.227024968999955, 40.627111981000041 ], [ -4.227120362999926, 40.627156010000078 ], [ -4.227133996999953, 40.627254958000037 ], [ -4.227099191999969, 40.627291362000051 ], [ -4.226850777999971, 40.627284992000064 ], [ -4.226485304999927, 40.62734292500005 ], [ -4.226334259999931, 40.627488664000062 ], [ -4.226291255999968, 40.627723342000024 ], [ -4.226093583999955, 40.627905610000042 ], [ -4.226049756999941, 40.628095254000065 ], [ -4.226034015999971, 40.628527828000067 ], [ -4.225999373999969, 40.628573238000051 ], [ -4.225763929999971, 40.628629788000062 ], [ -4.225624867999954, 40.628784408000065 ], [ -4.225331300999926, 40.628895625000034 ], [ -4.225261522999971, 40.628959425000069 ], [ -4.225050377999934, 40.629051749000041 ], [ -4.224991433999946, 40.629061383000064 ], [ -4.224743177999926, 40.62906401500004 ], [ -4.224261611999964, 40.629240282000069 ], [ -4.224028300999976, 40.629413916000026 ], [ -4.223996286999977, 40.629603434000046 ], [ -4.223926671999949, 40.629676239000041 ], [ -4.22341948299993, 40.629744672000079 ], [ -4.223244783999974, 40.629890658000079 ], [ -4.222890292999977, 40.629903421000058 ], [ -4.222715591999928, 40.630049406000069 ], [ -4.222625121999955, 40.630275576000031 ], [ -4.222732011999939, 40.63030147000007 ], [ -4.223055145999979, 40.630514252000076 ], [ -4.223141513999962, 40.630711525000038 ], [ -4.223180593999928, 40.63090929800007 ], [ -4.223152355999957, 40.631305970000028 ], [ -4.222825937999971, 40.632210275000027 ], [ -4.222458625999934, 40.632817732000035 ], [ -4.222284901999956, 40.633017757000061 ], [ -4.222181618999969, 40.633190012000064 ], [ -4.222149598999977, 40.633379529000081 ], [ -4.222033343999954, 40.633488861000046 ], [ -4.22175731699997, 40.633915180000038 ], [ -4.221628908999946, 40.634006623000062 ], [ -4.221569467999926, 40.633989234000055 ], [ -4.221679324999968, 40.633528640000065 ], [ -4.221886057999939, 40.633193139000085 ], [ -4.221973908999928, 40.632822861000079 ], [ -4.222014304999958, 40.632444078000042 ], [ -4.222149441999932, 40.632073300000052 ], [ -4.222393932999978, 40.631863517000049 ], [ -4.222509034999973, 40.631691138000065 ], [ -4.222599671999944, 40.63147397500007 ], [ -4.222584401999938, 40.631284958000037 ], [ -4.222211021999954, 40.630910553000035 ], [ -4.22197359599994, 40.630859014000066 ], [ -4.221747337999943, 40.630771323000047 ], [ -4.221567382999979, 40.630629090000063 ], [ -4.22145786799996, 40.630459087000069 ], [ -4.221362307999926, 40.630406047000065 ], [ -4.221159038999929, 40.630282077000054 ], [ -4.220850847999941, 40.630240293000035 ], [ -4.220838206999929, 40.630195384000046 ], [ -4.221291716999929, 40.629776199000048 ], [ -4.22135772699994, 40.629505246000051 ], [ -4.221162837999941, 40.629192009000064 ], [ -4.221147572999938, 40.629002992000032 ], [ -4.221205203999944, 40.628921307000041 ], [ -4.221428340999978, 40.628837871000016 ], [ -4.221651639999948, 40.628763441000046 ], [ -4.221838653999952, 40.628644353000027 ], [ -4.222024190999946, 40.628444203000058 ], [ -4.222245681999937, 40.628270698000051 ], [ -4.222643510999945, 40.628041275000044 ], [ -4.222701140999959, 40.627959589000042 ], [ -4.222738246999938, 40.62740066900006 ], [ -4.222629226999969, 40.626609076000065 ], [ -4.22266584099998, 40.626023136000072 ], [ -4.222509210999931, 40.625862641000026 ], [ -4.221923410999977, 40.625508499000034 ], [ -4.22177679999993, 40.625248804000087 ], [ -4.221380145999944, 40.624892659000068 ], [ -4.221183630999974, 40.624489354000048 ], [ -4.221039976999975, 40.624391779000064 ], [ -4.22077401599995, 40.624070285000066 ], [ -4.220767295999963, 40.623701007000072 ], [ -4.220668631999956, 40.623476837000062 ], [ -4.220756804999951, 40.623124574000023 ], [ -4.220838238999931, 40.623051645000032 ] ] ] ] } },
{ "type": "Feature", "properties": { "INFORME": "https://sig.mapama.gob.es/WebServices/clientews/snczi/Default.aspx?nombre=EGISPE_EMBALSE&claves=ID_EMBALSE&valores=1519", "ID_EMBALSE": 1519.0, "CODIGO": 1519, "NOMBRE": "NAVAS DEL MARQUES, LAS", "NMN_SUP": null, "NMN_CAPAC": 2.0, "NMN_COTA": 0.0, "NAE_COTA": null, "ADMON_COMP": "Estado", "DEMARC": "TAJO", "PROVINCIA": "Ávila", "SUP_CUENCA": 0.0, "AP_M_ANUAL": 0.0, "TIPO_EMBAL": "Embalse de presa", "DTOR_EXPLO": null, "TIPO_TITUL": "Ayuntamientos y/o Diputaciones", "USO": "Abastecimiento", "ID_0": 215, "ISO": "ESP", "NAME_0": "Spain", "ID_1": 5, "NAME_1": "Castilla y León", "ID_2": 18, "NAME_2": "Ávila", "TYPE_2": "Provincia", "ENGTYPE_2": "Province", "area": 218864.877, "cuenca": "Alberche", "Tipo": "Embalse" }, "geometry": { "type": "MultiPolygon", "coordinates": [ [ [ [ -4.30175208199995, 40.63865023000006 ], [ -4.301673228999959, 40.638548630000052 ], [ -4.301524298999936, 40.638467342000069 ], [ -4.301431784999976, 40.638321973000075 ], [ -4.301063467999938, 40.638160190000058 ], [ -4.30049018699998, 40.638000714000036 ], [ -4.300066120999929, 40.637937163000061 ], [ -4.299731536999957, 40.637862843000043 ], [ -4.299430683999958, 40.637875990000047 ], [ -4.299291660999927, 40.637975162000018 ], [ -4.299106666999933, 40.638016287000028 ], [ -4.298938807999945, 40.637949849000051 ], [ -4.298770666999929, 40.637868774000026 ], [ -4.298611198999936, 40.637904730000066 ], [ -4.298463763999962, 40.637940198000081 ], [ -4.298265791999938, 40.637933016000026 ], [ -4.298099634999971, 40.637954405000073 ], [ -4.297932532999936, 40.637927001000037 ], [ -4.297772687999951, 40.637943439000026 ], [ -4.29757242599993, 40.637857842000066 ], [ -4.297475214999963, 40.637800370000036 ], [ -4.297480581999936, 40.637746625000034 ], [ -4.297556593999958, 40.637701847000073 ], [ -4.297742815999925, 40.637724157000036 ], [ -4.29780582899997, 40.637669764000066 ], [ -4.297925731999953, 40.637575689000073 ], [ -4.298308339999949, 40.637483541000059 ], [ -4.298595059999968, 40.637402230000077 ], [ -4.298880926999971, 40.637277005000051 ], [ -4.299028528999941, 40.637289986000042 ], [ -4.299136658999941, 40.637249726000043 ], [ -4.299281045999976, 40.63709681000006 ], [ -4.299652515999981, 40.636760762000044 ], [ -4.299775792999981, 40.636510474000033 ], [ -4.299812520999978, 40.636422214000042 ], [ -4.300079828999968, 40.636331357000067 ], [ -4.300421440999968, 40.636107893000016 ], [ -4.301147574999958, 40.636221723000062 ], [ -4.30195536499997, 40.636251662000056 ], [ -4.302703422999969, 40.636174900000071 ], [ -4.30327712299993, 40.636026895000043 ], [ -4.303311329999928, 40.636138758000065 ], [ -4.303448205999928, 40.63625922300001 ], [ -4.303638314999944, 40.636481576000051 ], [ -4.303843229999927, 40.636806249000053 ], [ -4.30402930799994, 40.637150656000074 ], [ -4.304114282999933, 40.637237544000065 ], [ -4.30440422099997, 40.637322116000064 ], [ -4.304721109999947, 40.637474709000067 ], [ -4.305184462999932, 40.63758172200005 ], [ -4.305562175999967, 40.637567692000061 ], [ -4.305832046999967, 40.637608564000061 ], [ -4.306152208999947, 40.637600063000022 ], [ -4.306433748999949, 40.637582237000053 ], [ -4.306555636999973, 40.637590618000047 ], [ -4.30665313999998, 40.637662721000027 ], [ -4.30689720099997, 40.637694122000035 ], [ -4.307217076999962, 40.637670980000038 ], [ -4.30735072899995, 40.63762554300007 ], [ -4.307626245999927, 40.637627304000027 ], [ -4.307875949999926, 40.637619596000036 ], [ -4.308220969999979, 40.637571764000022 ], [ -4.308450887999925, 40.637534996000042 ], [ -4.308667328999946, 40.637464218000048 ], [ -4.308896196999967, 40.63737377700005 ], [ -4.309271430999956, 40.63723287200002 ], [ -4.309744167999952, 40.637164066000032 ], [ -4.310129426999936, 40.63720850000005 ], [ -4.310476922999953, 40.637287524000044 ], [ -4.31077298799994, 40.637357369000043 ], [ -4.310894779999956, 40.637360867000041 ], [ -4.311034736999942, 40.63731047400006 ], [ -4.311155671999927, 40.637270058000055 ], [ -4.311361206999948, 40.637297007000036 ], [ -4.311533476999954, 40.637260887000018 ], [ -4.311720082999955, 40.637302691000059 ], [ -4.312010222999959, 40.637397003000046 ], [ -4.312254856999971, 40.637457669000057 ], [ -4.312314412999967, 40.637554600000037 ], [ -4.312181050999924, 40.637614680000063 ], [ -4.312047498999959, 40.637665002000055 ], [ -4.311855820999938, 40.637691581000055 ], [ -4.31167647999996, 40.637693619000068 ], [ -4.311491015999934, 40.637710366000078 ], [ -4.311350866999931, 40.637751001000026 ], [ -4.311224004999929, 40.637815887000045 ], [ -4.311078688999943, 40.637920025000028 ], [ -4.310951350999971, 40.637960514000035 ], [ -4.310804317999953, 40.637976824000077 ], [ -4.310647567999979, 40.637982811000022 ], [ -4.310502454999948, 40.637998305000053 ], [ -4.310389620999956, 40.63799127700004 ], [ -4.310324412999933, 40.638003095000037 ], [ -4.310260396999978, 40.63807582500003 ], [ -4.310236361999955, 40.638148101000063 ], [ -4.310252469999966, 40.638228230000024 ], [ -4.310275845999968, 40.638308277000064 ], [ -4.31028880699995, 40.638413366000066 ], [ -4.310287444999972, 40.638529695000045 ], [ -4.310279191999939, 40.638665488000079 ], [ -4.310219891999964, 40.638793552000031 ], [ -4.31016987299995, 40.638838430000078 ], [ -4.310120394999956, 40.638910995000053 ], [ -4.310073847999944, 40.638947525000056 ], [ -4.310011842999927, 40.63893715100005 ], [ -4.309962968999969, 40.638854624000025 ], [ -4.309953913999948, 40.638763337000064 ], [ -4.309904392999954, 40.638647585000065 ], [ -4.309824872999968, 40.638485094000018 ], [ -4.309765041999981, 40.638399922000083 ], [ -4.309669946999975, 40.638370538000061 ], [ -4.309434546999967, 40.63836815500008 ], [ -4.309184457999947, 40.638356350000031 ], [ -4.308992301999978, 40.638358528000026 ], [ -4.308819837999978, 40.638384885000058 ], [ -4.308636086999968, 40.638489456000059 ], [ -4.308350994999955, 40.638653739000056 ], [ -4.308095832999925, 40.638710314000051 ], [ -4.307769831999963, 40.63874816900006 ], [ -4.307451568999966, 40.638854262000052 ], [ -4.307209405999971, 40.638920448000079 ], [ -4.306953575999954, 40.638942866000036 ], [ -4.306672124999976, 40.638965572000075 ], [ -4.306409889999941, 40.63898806100007 ], [ -4.306166679999933, 40.639000573000033 ], [ -4.305981781999947, 40.639046588000035 ], [ -4.305657204999931, 40.639157627000024 ], [ -4.305465425999955, 40.639179317000064 ], [ -4.305272791999926, 40.639157092000055 ], [ -4.305041156999948, 40.639106026000036 ], [ -4.304727962999948, 40.639143728000086 ], [ -4.304497657999947, 40.639160971000081 ], [ -4.304391140999939, 40.639284184000076 ], [ -4.304336245999934, 40.639426336000042 ], [ -4.30421051299993, 40.63954976600008 ], [ -4.303854756999953, 40.639705075000045 ], [ -4.303505024999936, 40.639840795000048 ], [ -4.303397555999936, 40.639915214000041 ], [ -4.30336196899998, 40.640062027000056 ], [ -4.303359263999937, 40.640252393000033 ], [ -4.303346308999949, 40.640574646000061 ], [ -4.303448840999977, 40.640905355000029 ], [ -4.303522431999967, 40.641065578000052 ], [ -4.303389339999967, 40.641140286000045 ], [ -4.303246332999947, 40.641034531000059 ], [ -4.303117084999941, 40.640977425000067 ], [ -4.302831166999965, 40.640770794000041 ], [ -4.302731766999954, 40.640601102000062 ], [ -4.302582166999968, 40.640485660000017 ], [ -4.302411549999932, 40.640277727000068 ], [ -4.302388162999931, 40.640063253000037 ], [ -4.302382001999946, 40.639746097000064 ], [ -4.302288345999955, 40.639542177000074 ], [ -4.302116879999971, 40.639290330000051 ], [ -4.302028777999965, 40.639042423000035 ], [ -4.301904709999974, 40.638921812000028 ], [ -4.301800139999955, 40.638815622000038 ], [ -4.30175208199995, 40.63865023000006 ] ] ] ] } },
{ "type": "Feature", "properties": { "INFORME": "https://sig.mapama.gob.es/WebServices/clientews/snczi/Default.aspx?nombre=EGISPE_EMBALSE&claves=ID_EMBALSE&valores=2073", "ID_EMBALSE": 2073.0, "CODIGO": 2073, "NOMBRE": "SANTA CRUZ DE PINARES", "NMN_SUP": 76000.0, "NMN_CAPAC": 0.8, "NMN_COTA": 1088.0, "NAE_COTA": null, "ADMON_COMP": "Estado", "DEMARC": "TAJO", "PROVINCIA": "Ávila", "SUP_CUENCA": 5.0, "AP_M_ANUAL": 1.1, "TIPO_EMBAL": "Embalse de presa", "DTOR_EXPLO": null, "TIPO_TITUL": "Privado", "USO": "Abastecimiento", "ID_0": 215, "ISO": "ESP", "NAME_0": "Spain", "ID_1": 5, "NAME_1": "Castilla y León", "ID_2": 18, "NAME_2": "Ávila", "TYPE_2": "Provincia", "ENGTYPE_2": "Province", "area": 71041.151, "cuenca": "Alberche", "Tipo": "Embalse" }, "geometry": { "type": "MultiPolygon", "coordinates": [ [ [ [ -4.588873099999945, 40.55498930400006 ], [ -4.588699126999927, 40.55507727600007 ], [ -4.588541484999951, 40.555137999000067 ], [ -4.588484238999968, 40.555120769000034 ], [ -4.588482323999926, 40.555039720000025 ], [ -4.588514461999978, 40.554962706000026 ], [ -4.588374483999928, 40.554802480000042 ], [ -4.588265846999946, 40.554781452000057 ], [ -4.58817007899995, 40.55480529000004 ], [ -4.587968175999947, 40.554929678000065 ], [ -4.587871875999951, 40.554931002000053 ], [ -4.587852939999948, 40.554863699000066 ], [ -4.587879010999927, 40.554764248000019 ], [ -4.58803989599994, 40.554590877000074 ], [ -4.588037131999953, 40.554473806000026 ], [ -4.588199454999938, 40.554376986000072 ], [ -4.588254679999978, 40.554308664000068 ], [ -4.588263990999963, 40.554218452000043 ], [ -4.58854660399993, 40.553917289000012 ], [ -4.588750629999936, 40.55388295400008 ], [ -4.588833837999972, 40.553796230000046 ], [ -4.588859801999945, 40.553692276000042 ], [ -4.588834052999971, 40.553571017000024 ], [ -4.588699719999966, 40.553415216000083 ], [ -4.58851165599998, 40.553156558000069 ], [ -4.588416637999956, 40.552977696000028 ], [ -4.59076508399994, 40.552558024000056 ], [ -4.591174588999935, 40.553065864000075 ], [ -4.591296046999958, 40.553145267000048 ], [ -4.591460606999932, 40.553377220000066 ], [ -4.591608753999935, 40.553523818000038 ], [ -4.591787565999938, 40.553624951000067 ], [ -4.591953185999954, 40.553667711000053 ], [ -4.592323256999976, 40.553694141000051 ], [ -4.59290320599996, 40.553699659000067 ], [ -4.593329406999942, 40.553711799000041 ], [ -4.593488854999975, 40.553727617000042 ], [ -4.593617201999962, 40.553739359000069 ], [ -4.593719722999936, 40.553751458000079 ], [ -4.593820963999973, 40.553709523000059 ], [ -4.593876394999938, 40.553650204000057 ], [ -4.593973061999975, 40.553648870000067 ], [ -4.594036375999962, 40.553688535000035 ], [ -4.594020470999965, 40.553733796000074 ], [ -4.593930027999932, 40.553748557000063 ], [ -4.593811339999945, 40.553786228000028 ], [ -4.593687165999938, 40.553810462000065 ], [ -4.593528465999952, 40.553826163000053 ], [ -4.593324441999926, 40.553860506000028 ], [ -4.593082112999979, 40.553944924000056 ], [ -4.592715772999951, 40.554076092000052 ], [ -4.592388640999957, 40.554179694000027 ], [ -4.592247123999925, 40.554204165000037 ], [ -4.591903016999936, 40.554308 ], [ -4.591510680999931, 40.554417002000044 ], [ -4.591426836999972, 40.554476711000056 ], [ -4.59120546099996, 40.554479760000056 ], [ -4.59101468199998, 40.554590488000031 ], [ -4.590729627999963, 40.55478809400006 ], [ -4.590590559999952, 40.554916126000073 ], [ -4.59057656899995, 40.555042437000054 ], [ -4.590402704999974, 40.555134914000057 ], [ -4.590279754999925, 40.55522669100003 ], [ -4.590157761999933, 40.555358991000048 ], [ -4.590084395999951, 40.555378018000056 ], [ -4.589970115999961, 40.555352566000067 ], [ -4.58990111199995, 40.555321986000088 ], [ -4.58988818399996, 40.555259105000061 ], [ -4.589773797999953, 40.555229149000077 ], [ -4.589447525999957, 40.554994916000055 ], [ -4.588873099999945, 40.55498930400006 ] ] ] ] } },
{ "type": "Feature", "properties": { "INFORME": "https://sig.mapama.gob.es/WebServices/clientews/snczi/Default.aspx?nombre=EGISPE_EMBALSE&claves=ID_EMBALSE&valores=303", "ID_EMBALSE": 303.0, "CODIGO": 303, "NOMBRE": "BECERRIL", "NMN_SUP": 400000.0, "NMN_CAPAC": 1.74, "NMN_COTA": null, "NAE_COTA": null, "ADMON_COMP": "Estado", "DEMARC": "DUERO", "PROVINCIA": "Ávila", "SUP_CUENCA": null, "AP_M_ANUAL": null, "TIPO_EMBAL": "Embalse de presa", "DTOR_EXPLO": "RAFAEL BITTINI COPANO", "TIPO_TITUL": "Ayuntamientos y/o Diputaciones", "USO": "Abastecimiento", "ID_0": 215, "ISO": "ESP", "NAME_0": "Spain", "ID_1": 5, "NAME_1": "Castilla y León", "ID_2": 18, "NAME_2": "Ávila", "TYPE_2": "Provincia", "ENGTYPE_2": "Province", "area": 288602.822, "cuenca": "Adaja", "Tipo": "Embalse" }, "geometry": { "type": "MultiPolygon", "coordinates": [ [ [ [ -4.641122991999964, 40.574311534000067 ], [ -4.641053238999973, 40.574312525000032 ], [ -4.640965881999931, 40.574318270000056 ], [ -4.640716319999967, 40.574348840000034 ], [ -4.640646566999975, 40.574349830000067 ], [ -4.640403575999926, 40.574362289000078 ], [ -4.640152316999944, 40.574383874000034 ], [ -4.640089168999964, 40.574398283000043 ], [ -4.640026427999942, 40.574399173000074 ], [ -4.639954241999931, 40.574391190000021 ], [ -4.639719378999927, 40.574358490000058 ], [ -4.639658335999967, 40.574368365000062 ], [ -4.639580022999951, 40.574351460000052 ], [ -4.63953644399993, 40.574320549000035 ], [ -4.639485221999962, 40.574294251000026 ], [ -4.639416805999928, 40.574259188000042 ], [ -4.639337827999952, 40.57426030900006 ], [ -4.639222979999942, 40.574243922000043 ], [ -4.639248712999972, 40.574194011000024 ], [ -4.639322603999972, 40.574165938000071 ], [ -4.639384864999955, 40.574160550000045 ], [ -4.639630108999938, 40.574134549000064 ], [ -4.639896718999978, 40.574121756000061 ], [ -4.640124914999945, 40.574077979000045 ], [ -4.64017359899998, 40.574045759000057 ], [ -4.640206822999971, 40.574000245000036 ], [ -4.640266594999957, 40.573877784000047 ], [ -4.64026427899995, 40.573828271000025 ], [ -4.640280125999936, 40.573751475000044 ], [ -4.64031777699995, 40.573705899000068 ], [ -4.640361922999943, 40.573669239000026 ], [ -4.640416511999945, 40.573636934000028 ], [ -4.640494429999933, 40.573577274000058 ], [ -4.640531861999931, 40.573522692000033 ], [ -4.640607690999956, 40.573377482000069 ], [ -4.64070947099998, 40.573191365000071 ], [ -4.640777038999943, 40.573010239000034 ], [ -4.640760328999932, 40.572960930000086 ], [ -4.640737549999926, 40.572799103000079 ], [ -4.640744349999977, 40.572744957000054 ], [ -4.64076096399998, 40.572699679000046 ], [ -4.640796330999933, 40.572636118000048 ], [ -4.640836454999942, 40.572586003000026 ], [ -4.640880897999978, 40.572531321000035 ], [ -4.641025329999934, 40.572398649000036 ], [ -4.641076705999978, 40.572370894000073 ], [ -4.641133208999975, 40.572356579000029 ], [ -4.641207167999936, 40.572346520000046 ], [ -4.641318918999956, 40.572326915000062 ], [ -4.641375202999939, 40.572303595000058 ], [ -4.641440272999944, 40.572262133000031 ], [ -4.641479508999965, 40.572221038000059 ], [ -4.641511402999924, 40.572166535000072 ], [ -4.641535806999968, 40.572107634000062 ], [ -4.641567049999935, 40.571981073000082 ], [ -4.641630812999948, 40.571795496000036 ], [ -4.641661709999937, 40.571745511000074 ], [ -4.64173908899994, 40.571573253000054 ], [ -4.641737218999936, 40.571496708000041 ], [ -4.641707606999944, 40.571357500000033 ], [ -4.641685471999949, 40.571312773000031 ], [ -4.641585230999965, 40.571138534000056 ], [ -4.641544274999944, 40.571094074000037 ], [ -4.641469954999934, 40.571059097000031 ], [ -4.641399766999939, 40.571042078000055 ], [ -4.641236806999927, 40.570990343000048 ], [ -4.641183782999974, 40.570950559000039 ], [ -4.641072645999941, 40.570844037000029 ], [ -4.641013717999953, 40.570804337000034 ], [ -4.640951796999957, 40.570778191000038 ], [ -4.640835266999943, 40.57070778000007 ], [ -4.640783718999955, 40.57066797400006 ], [ -4.640809331999947, 40.570658602000037 ], [ -4.640838634999966, 40.570649177000064 ], [ -4.64090882299996, 40.57066619700003 ], [ -4.640958823999938, 40.57068800800004 ], [ -4.641172922999943, 40.570793067000082 ], [ -4.641276395999967, 40.570827630000053 ], [ -4.641342822999945, 40.570826686000025 ], [ -4.641423791999955, 40.570816528000087 ], [ -4.641480184999977, 40.570797710000072 ], [ -4.641533882999965, 40.570774426000071 ], [ -4.641681615999971, 40.570731789000028 ], [ -4.641763723999929, 40.570753143000047 ], [ -4.641827120999949, 40.570779267000034 ], [ -4.641881141999932, 40.570814533000025 ], [ -4.64206169199997, 40.570951596000036 ], [ -4.64222943599998, 40.571093345000051 ], [ -4.642267291999929, 40.571146857000024 ], [ -4.642279203999975, 40.571196234000062 ], [ -4.642322354999976, 40.571375787000079 ], [ -4.642374323999945, 40.571568728000038 ], [ -4.642396939999969, 40.571617952000054 ], [ -4.642411175999938, 40.571671800000047 ], [ -4.64240670299995, 40.571730418000072 ], [ -4.642384954999955, 40.571807298000074 ], [ -4.642335558999945, 40.571916100000067 ], [ -4.642258289999972, 40.572092861000037 ], [ -4.642216392999956, 40.57216101900007 ], [ -4.642095136999957, 40.572320389000019 ], [ -4.641964395999935, 40.572484397000039 ], [ -4.641843246999941, 40.572648269000062 ], [ -4.641822942999965, 40.572693600000036 ], [ -4.641807765999943, 40.572752370000046 ], [ -4.641826580999975, 40.572797144000056 ], [ -4.64186458699993, 40.572841646000022 ], [ -4.641962371999966, 40.572930339000038 ], [ -4.642021190999969, 40.572965537000073 ], [ -4.642114075999928, 40.573004754000074 ], [ -4.642246079999949, 40.573043415000029 ], [ -4.64240997099995, 40.573072614000068 ], [ -4.642471343999943, 40.573076246000028 ], [ -4.642714918999957, 40.573072783000043 ], [ -4.642892503999974, 40.573088274000042 ], [ -4.64295911499994, 40.573109848000058 ], [ -4.643127324999965, 40.573134480000085 ], [ -4.643196746999934, 40.573119980000051 ], [ -4.64326103999997, 40.573092041000045 ], [ -4.643308393999973, 40.573050830000064 ], [ -4.643470198999978, 40.572949436000044 ], [ -4.64349717899995, 40.572935540000067 ], [ -4.643568812999945, 40.57292100800003 ], [ -4.643805898999972, 40.572863585000043 ], [ -4.644036742999958, 40.572837779000054 ], [ -4.644109076999939, 40.572836750000079 ], [ -4.644306705999952, 40.572811416000036 ], [ -4.644372103999956, 40.572783460000032 ], [ -4.644442191999929, 40.572750933000073 ], [ -4.644484119999959, 40.572714303000055 ], [ -4.644520660999945, 40.572668741000022 ], [ -4.644570818999966, 40.572636498000072 ], [ -4.644593335999957, 40.572591136000028 ], [ -4.644604709999953, 40.57252791600007 ], [ -4.644629441999939, 40.572482522000037 ], [ -4.644684286999961, 40.572445708000025 ], [ -4.644845052999926, 40.572362344000048 ], [ -4.644973859999936, 40.572270426000046 ], [ -4.644988149999961, 40.572220677000075 ], [ -4.645020053999928, 40.572031047000046 ], [ -4.645080818999929, 40.571859024000048 ], [ -4.645130973999926, 40.571826780000031 ], [ -4.645191575999945, 40.571798892000061 ], [ -4.645367283999974, 40.571737836000061 ], [ -4.645444710999924, 40.571718716000085 ], [ -4.645672458999968, 40.57161187600007 ], [ -4.645718593999958, 40.571566177000079 ], [ -4.645765437999954, 40.571443897000044 ], [ -4.645805668999969, 40.571398283000065 ], [ -4.645846117999951, 40.571361673000062 ], [ -4.64592547099994, 40.571270459000061 ], [ -4.645932376999951, 40.571220815000054 ], [ -4.645950981999931, 40.571166500000061 ], [ -4.645999703999963, 40.571075722000046 ], [ -4.646083412999928, 40.570966429000059 ], [ -4.646125966999932, 40.570925285000051 ], [ -4.646160291999934, 40.570879755000078 ], [ -4.646192071999962, 40.570820747000027 ], [ -4.646286120999945, 40.570621224000028 ], [ -4.64638843299997, 40.570457616000049 ], [ -4.646472699999947, 40.570280752000023 ], [ -4.646529870999927, 40.570203366000037 ], [ -4.646584712999925, 40.570166551000057 ], [ -4.646671180999931, 40.570124781000061 ], [ -4.64673668699993, 40.570101327000025 ], [ -4.646786361999943, 40.570064585000061 ], [ -4.646818916999962, 40.56999205400006 ], [ -4.646821282999952, 40.569937971000058 ], [ -4.646810699999946, 40.569852542000035 ], [ -4.646794134999936, 40.56979422400007 ], [ -4.646774220999931, 40.56961434100004 ], [ -4.646795408999935, 40.569559989000012 ], [ -4.646891923999931, 40.569400967000036 ], [ -4.646933369999942, 40.569359839000072 ], [ -4.647094057999936, 40.569213414000039 ], [ -4.647200938999958, 40.56908577400003 ], [ -4.64722433999998, 40.569031390000085 ], [ -4.647206408999978, 40.568977596000032 ], [ -4.647180690999959, 40.568937425000051 ], [ -4.647062984999933, 40.568758936000044 ], [ -4.647041364999949, 40.56870519400006 ], [ -4.647033028999942, 40.568651263000049 ], [ -4.647047202999943, 40.568597011000058 ], [ -4.647078612999962, 40.568538009000058 ], [ -4.647122199999956, 40.568478833000022 ], [ -4.647238526999956, 40.568360066000032 ], [ -4.64728509899993, 40.56833237700004 ], [ -4.647354181999957, 40.568304367000046 ], [ -4.647414002999937, 40.56829000100003 ], [ -4.647646750999968, 40.568237136000057 ], [ -4.64778823599994, 40.568226110000069 ], [ -4.647978617999968, 40.568191865000074 ], [ -4.648027072999981, 40.568150636000034 ], [ -4.648064974999954, 40.568100550000054 ], [ -4.648087377999957, 40.568050684000077 ], [ -4.648099079999952, 40.56800097100006 ], [ -4.648146285999928, 40.567878685000025 ], [ -4.648174779999977, 40.56780621200005 ], [ -4.648223566999946, 40.56777849100007 ], [ -4.648332100999937, 40.567673347000039 ], [ -4.648341587999937, 40.567623665000049 ], [ -4.648396876999925, 40.567469735000032 ], [ -4.648445331999937, 40.567428506000049 ], [ -4.648567445999958, 40.567350192000035 ], [ -4.648675205999949, 40.567258571000025 ], [ -4.648708307999924, 40.567208553000071 ], [ -4.648777944999949, 40.567158013000039 ], [ -4.648838428999966, 40.567125621000059 ], [ -4.64902227999994, 40.567005888000033 ], [ -4.64917689899994, 40.56700368100006 ], [ -4.649245720999943, 40.567025219000072 ], [ -4.649351441999954, 40.567046231000063 ], [ -4.649423290999948, 40.567040701000053 ], [ -4.649512887999946, 40.567021405000041 ], [ -4.649579496999933, 40.566997933000032 ], [ -4.649629758999935, 40.56697019000007 ], [ -4.649683009999932, 40.566928892000071 ], [ -4.649872282999978, 40.566804577000035 ], [ -4.650073733999931, 40.566680087000066 ], [ -4.650117758999953, 40.566638921000042 ], [ -4.650162190999937, 40.566584236000047 ], [ -4.650193078999961, 40.566534249000014 ], [ -4.650211457999943, 40.566470928000044 ], [ -4.650211127999966, 40.566412378000052 ], [ -4.650199468999972, 40.566358495000031 ], [ -4.650155005999977, 40.566291567000057 ], [ -4.650112940999975, 40.56620208500005 ], [ -4.65011272099997, 40.566148038000044 ], [ -4.650127889999965, 40.566089267000052 ], [ -4.65015840999996, 40.566039285000045 ], [ -4.650200775999963, 40.565930580000035 ], [ -4.650171035999961, 40.565876955000071 ], [ -4.650136499999974, 40.565778356000067 ], [ -4.650156686999935, 40.565728522000022 ], [ -4.650191226999936, 40.565691995000066 ], [ -4.650236468999935, 40.565655315000072 ], [ -4.650292374999935, 40.565631996000029 ], [ -4.650355771999954, 40.565613074000048 ], [ -4.650527324999928, 40.56557909400005 ], [ -4.650758620999965, 40.565512730000073 ], [ -4.650811205999958, 40.565489458000059 ], [ -4.650868256999956, 40.565452610000079 ], [ -4.651044055999932, 40.565305964000061 ], [ -4.651064021999957, 40.565247124000045 ], [ -4.651061106999975, 40.565188612000021 ], [ -4.651059447999955, 40.565121073000057 ], [ -4.651056461999929, 40.564999503000024 ], [ -4.651068639999949, 40.564954287000042 ], [ -4.651098161999926, 40.56490882300006 ], [ -4.651152184999943, 40.564854001000057 ], [ -4.651232406999953, 40.564843846000031 ], [ -4.65129177999995, 40.564856510000034 ], [ -4.65135192799994, 40.56485565000002 ], [ -4.651414438999949, 40.564845749000021 ], [ -4.651448866999942, 40.564804719000051 ], [ -4.651468682999962, 40.564754890000074 ], [ -4.651527613999974, 40.564704501000044 ], [ -4.651635806999933, 40.564630888000067 ], [ -4.651697172999945, 40.56463451500008 ], [ -4.651710087999959, 40.564679372000057 ], [ -4.65169739299995, 40.564733603000043 ], [ -4.651656062999962, 40.564779236000057 ], [ -4.651614513999959, 40.564815863000028 ], [ -4.651463217999947, 40.564908110000026 ], [ -4.65140225999994, 40.564936006000039 ], [ -4.651286941999955, 40.565005217000085 ], [ -4.651263546999929, 40.565059602000076 ], [ -4.651263656999959, 40.565109146000047 ], [ -4.651265353999974, 40.565118130000023 ], [ -4.651273101999948, 40.565163061000071 ], [ -4.651321659999951, 40.565351542000016 ], [ -4.65131239599998, 40.565410229000058 ], [ -4.651255564999929, 40.565591208000065 ], [ -4.651219770999944, 40.565636761000064 ], [ -4.651173532999962, 40.565677960000073 ], [ -4.651102791999961, 40.565728517000032 ], [ -4.650896362999958, 40.56587560000002 ], [ -4.65084296699996, 40.565925909000036 ], [ -4.650817355999947, 40.565980325000041 ], [ -4.65082801899996, 40.566038727000034 ], [ -4.650850527999979, 40.56608344700004 ], [ -4.650882150999963, 40.566123533000045 ], [ -4.650999418999957, 40.566284007000029 ], [ -4.651011447999963, 40.566337886000042 ], [ -4.651041076999946, 40.566387008000049 ], [ -4.651068789999954, 40.566463183000053 ], [ -4.651043178999942, 40.566517599000065 ], [ -4.651009855999972, 40.566558613000034 ], [ -4.650971624999954, 40.566595192000079 ], [ -4.650918154999943, 40.56662748600008 ], [ -4.650713162999978, 40.566743019000057 ], [ -4.650650759999962, 40.566802465000087 ], [ -4.650502225999958, 40.566962233000019 ], [ -4.650387123999963, 40.567130532000085 ], [ -4.650361733999944, 40.567193953000078 ], [ -4.650337189999959, 40.567306908000035 ], [ -4.650303643999962, 40.567383958000057 ], [ -4.650256296999943, 40.567425172000071 ], [ -4.650172267999949, 40.567520960000031 ], [ -4.650130714999931, 40.567557587000067 ], [ -4.650047389999941, 40.56757679400004 ], [ -4.649984655999958, 40.567577690000071 ], [ -4.64973446099998, 40.567581263000086 ], [ -4.649651354999946, 40.567609474000044 ], [ -4.64959618599994, 40.567632783000079 ], [ -4.649382517999924, 40.567725917000068 ], [ -4.649172723999925, 40.567841517000033 ], [ -4.649118549999969, 40.567860307000053 ], [ -4.649027767999939, 40.567906644000068 ], [ -4.648983520999933, 40.56793880500004 ], [ -4.648916797999959, 40.568002816000046 ], [ -4.648892697999941, 40.568043697000057 ], [ -4.648884687999953, 40.568093357000066 ], [ -4.648885902999949, 40.568142886000032 ], [ -4.648875042999975, 40.568332216000037 ], [ -4.648847177999925, 40.568400176000068 ], [ -4.648810752999963, 40.568450242000033 ], [ -4.648684610999964, 40.568605184000027 ], [ -4.648589654999966, 40.568692119000048 ], [ -4.648539650999965, 40.568715353000066 ], [ -4.648476139999957, 40.568729772000033 ], [ -4.64827483099998, 40.568800207000031 ], [ -4.648219880999932, 40.568832520000043 ], [ -4.648172421999959, 40.568869230000075 ], [ -4.648067129999959, 40.569001353000033 ], [ -4.64805664599993, 40.569055553000069 ], [ -4.648006484999939, 40.569177881000023 ], [ -4.647961129999943, 40.569210057000085 ], [ -4.647783395999965, 40.569338709000078 ], [ -4.647709400999928, 40.569407327000079 ], [ -4.647545613999966, 40.569562805000025 ], [ -4.647482429999968, 40.569635773000073 ], [ -4.647462460999975, 40.569694612000035 ], [ -4.647457660999976, 40.569739722000051 ], [ -4.647464, 40.569847732000028 ], [ -4.647483037999962, 40.569901510000072 ], [ -4.647538605999955, 40.569999810000063 ], [ -4.647595175999925, 40.570048549000028 ], [ -4.64764097099993, 40.570079425000074 ], [ -4.64781998199993, 40.570198484000052 ], [ -4.647873229999958, 40.570247271000021 ], [ -4.647905960999934, 40.570287341000032 ], [ -4.648043416999939, 40.570443027000067 ], [ -4.648069355999951, 40.570492202000018 ], [ -4.64807879999995, 40.570546118000024 ], [ -4.648054291999927, 40.570600517000052 ], [ -4.648013843999934, 40.570637128000044 ], [ -4.647961474999931, 40.570669404000057 ], [ -4.647905083999945, 40.570688225000026 ], [ -4.647838140999965, 40.570698188000051 ], [ -4.64768461799997, 40.570745420000044 ], [ -4.647612282999944, 40.570791493000051 ], [ -4.647495400999958, 40.570887748000068 ], [ -4.647295738999957, 40.571025720000073 ], [ -4.647123349999958, 40.571176815000051 ], [ -4.647093822999977, 40.571222278000043 ], [ -4.647052113999962, 40.571312956000043 ], [ -4.647046646999968, 40.571376093000026 ], [ -4.647050064999973, 40.571560715000018 ], [ -4.647034891999965, 40.571619485000042 ], [ -4.646983400999943, 40.571732824000044 ], [ -4.646951290999937, 40.571778323000046 ], [ -4.646929992999957, 40.571828173000029 ], [ -4.646924415999934, 40.571886806000066 ], [ -4.646943894999935, 40.571958595000069 ], [ -4.646973525999954, 40.572007719000055 ], [ -4.64702452299997, 40.572070050000036 ], [ -4.64719884699997, 40.572238723000055 ], [ -4.647261470999979, 40.572278368000063 ], [ -4.647452850999969, 40.572374731000018 ], [ -4.647575371999948, 40.57241802500004 ], [ -4.647593306999966, 40.572426777000032 ], [ -4.647651468999926, 40.572434956000045 ], [ -4.647883078999939, 40.572485703000041 ], [ -4.647986557999956, 40.572520260000019 ], [ -4.648212816999944, 40.57259360300003 ], [ -4.648290462999966, 40.572628529000035 ], [ -4.648306069999932, 40.57267785200002 ], [ -4.648276613999941, 40.572786372000053 ], [ -4.64825557599994, 40.572831714000067 ], [ -4.64824383499996, 40.572894940000019 ], [ -4.648208069999953, 40.572972021000055 ], [ -4.648166400999969, 40.57300414500002 ], [ -4.647981977999962, 40.573146405000038 ], [ -4.64788871199994, 40.573242323000045 ], [ -4.647728793999931, 40.573375225000056 ], [ -4.647651912999947, 40.57346190100003 ], [ -4.647624264999934, 40.573538866000035 ], [ -4.647619685999928, 40.573592981000054 ], [ -4.647580513999969, 40.573787219000039 ], [ -4.647521572999948, 40.573837605000051 ], [ -4.64735142799998, 40.573975157000056 ], [ -4.647190729999977, 40.574121582000025 ], [ -4.647158728999954, 40.574171584000048 ], [ -4.64715536999995, 40.574185144000069 ], [ -4.647146028999941, 40.574225815000027 ], [ -4.64711804999996, 40.574289272000044 ], [ -4.647079922999978, 40.574330353000057 ], [ -4.64701563099993, 40.57435829500001 ], [ -4.64694669299996, 40.574332253000073 ], [ -4.646904143999961, 40.574283313000066 ], [ -4.646807899999943, 40.574212619000029 ], [ -4.646738702999926, 40.574191084000063 ], [ -4.646585620999928, 40.574166241000057 ], [ -4.646518744999979, 40.574194219000049 ], [ -4.646507414999974, 40.574198885000044 ], [ -4.646451351999928, 40.574231213000068 ], [ -4.646406470999978, 40.57426788600003 ], [ -4.646229938999966, 40.574401023000064 ], [ -4.646130988999971, 40.574460987000066 ], [ -4.646048870999948, 40.57448467800004 ], [ -4.645975461999967, 40.57451725300006 ], [ -4.645929434999971, 40.574567455000079 ], [ -4.645812501999956, 40.57472226200008 ], [ -4.645801018999976, 40.574780980000064 ], [ -4.645802452999932, 40.574839514000068 ], [ -4.645811992999938, 40.575033057000041 ], [ -4.645835717999944, 40.575082265000049 ], [ -4.645863652999935, 40.575122405000052 ], [ -4.645989523999958, 40.575287266000039 ], [ -4.646010666999928, 40.575336510000056 ], [ -4.646113029999981, 40.575506210000071 ], [ -4.646194109999954, 40.575545592000012 ], [ -4.64631677999995, 40.575624919000056 ], [ -4.646330354999975, 40.575696792000031 ], [ -4.646396142999948, 40.575880526000056 ], [ -4.646432676999949, 40.575925047000041 ], [ -4.646590956999944, 40.576071428000041 ], [ -4.646750603999976, 40.576213286000041 ], [ -4.646756726999967, 40.576267249000068 ], [ -4.646743546999971, 40.576316982000037 ], [ -4.646683715999927, 40.576376390000064 ], [ -4.64662754099993, 40.576404215000018 ], [ -4.646402807999948, 40.576483989000046 ], [ -4.646170250999944, 40.576545857000035 ], [ -4.646083552999926, 40.576578622000056 ], [ -4.645945405999954, 40.576621128000056 ], [ -4.645890227999928, 40.576644435000055 ], [ -4.64569567999996, 40.576750802000049 ], [ -4.645675266999945, 40.576791631000042 ], [ -4.645620456999949, 40.576814932000048 ], [ -4.645558749999963, 40.576797795000054 ], [ -4.645509370999946, 40.576771473000065 ], [ -4.64543050499998, 40.576732059000051 ], [ -4.645245348999936, 40.576649117000038 ], [ -4.645005611999977, 40.576553439000051 ], [ -4.644769966999945, 40.576489232000029 ], [ -4.644723540999961, 40.576462868000071 ], [ -4.644661464999955, 40.576445735000043 ], [ -4.644602303999932, 40.576442073000067 ], [ -4.644570122999937, 40.576424514000053 ], [ -4.644512844999951, 40.576407313000061 ], [ -4.644280447999961, 40.576370084000068 ], [ -4.644042583999976, 40.576350948000034 ], [ -4.643805937999958, 40.576336299000047 ], [ -4.643742974999952, 40.576328186000069 ], [ -4.643681269999945, 40.576311048000029 ], [ -4.643630783999924, 40.576284741000052 ], [ -4.643549489999941, 40.576191310000063 ], [ -4.643497125999942, 40.576133501000072 ], [ -4.64346295799993, 40.576079937000038 ], [ -4.643426536999925, 40.576039918000042 ], [ -4.643380518999947, 40.57600003500005 ], [ -4.643251978999955, 40.575952317000024 ], [ -4.643200607999972, 40.575935031000029 ], [ -4.642999405999944, 40.575829793000018 ], [ -4.64277805699993, 40.575715832000064 ], [ -4.64257353499994, 40.575610641000033 ], [ -4.64238292799996, 40.575500746000039 ], [ -4.642292256999951, 40.575461498000031 ], [ -4.642204676999938, 40.575458239000056 ], [ -4.641969290999953, 40.575434560000076 ], [ -4.641912681999941, 40.575399331000021 ], [ -4.641807881999967, 40.575310737000052 ], [ -4.641762752999966, 40.575261832000088 ], [ -4.641583454999933, 40.57507070100008 ], [ -4.641572649999945, 40.575021309000071 ], [ -4.641570441999932, 40.574976298000024 ], [ -4.641589222999925, 40.574777848000053 ], [ -4.641611631999979, 40.574727984000042 ], [ -4.641635045999975, 40.574628559000075 ], [ -4.641609219999964, 40.574583884000042 ], [ -4.641571582999972, 40.574539378000047 ], [ -4.641509108999969, 40.574490719000039 ], [ -4.641321388999927, 40.574362766000036 ], [ -4.641260571999966, 40.574336605000042 ], [ -4.641195176999928, 40.574319517000042 ], [ -4.641122991999964, 40.574311534000067 ] ] ] ] } }
]
}
