{
"type": "FeatureCollection",
"name": "puntos_centro",
"crs": { "type": "name", "properties": { "name": "urn:ogc:def:crs:OGC:1.3:CRS84" } },
"features": [
{ "type": "Feature", "properties": { "ID": 142361611.0, "NOMBRE": "Lavajo la Gorda", "TIPO_0316": "01", "REGIM_0316": "02", "F_ALTA": "2021-05-25", "area": 2121.539, "cuenca": "Zapardiel", "Tipo": "Laguna", "variacion": 110.00153350830078 }, "geometry": { "type": "Point", "coordinates": [ -4.977122389845308, 41.14561832977909 ] } },
{ "type": "Feature", "properties": { "ID": 142361633.0, "NOMBRE": "Charco del Chamorro", "TIPO_0316": "01", "REGIM_0316": "02", "F_ALTA": "2021-05-25", "area": 17791.846, "cuenca": "Trabancos", "Tipo": "Laguna", "variacion": 113.94976043701172 }, "geometry": { "type": "Point", "coordinates": [ -5.080377774716664, 41.055880806054347 ] } },
{ "type": "Feature", "properties": { "ID": 142393142.0, "NOMBRE": null, "TIPO_0316": "01", "REGIM_0316": "01", "F_ALTA": "2022-08-25", "area": 630.254, "cuenca": "Trabancos", "Tipo": "Laguna", "variacion": 118.33065032958984 }, "geometry": { "type": "Point", "coordinates": [ -5.122044418360687, 41.055988806932454 ] } },
{ "type": "Feature", "properties": { "ID": 142361612.0, "NOMBRE": "Lavajo de la Culebra", "TIPO_0316": "01", "REGIM_0316": "02", "F_ALTA": "2021-05-25", "area": 543.008, "cuenca": "Zapardiel", "Tipo": "Laguna", "variacion": 105.29238128662109 }, "geometry": { "type": "Point", "coordinates": [ -4.979380084585386, 41.057772623038524 ] } },
{ "type": "Feature", "properties": { "ID": 142376874.0, "NOMBRE": null, "TIPO_0316": "01", "REGIM_0316": "02", "F_ALTA": "2018-06-14", "area": 231.006, "cuenca": "Trabancos", "Tipo": "Laguna", "variacion": 117.17617034912109 }, "geometry": { "type": "Point", "coordinates": [ -5.107967001926734, 41.059960076125961 ] } },
{ "type": "Feature", "properties": { "ID": 142393141.0, "NOMBRE": null, "TIPO_0316": "01", "REGIM_0316": "01", "F_ALTA": "2018-06-15", "area": 869.02, "cuenca": "Zapardiel", "Tipo": "Laguna", "variacion": 108.88040924072266 }, "geometry": { "type": "Point", "coordinates": [ -5.018817180603738, 41.060067858718888 ] } },
{ "type": "Feature", "properties": { "ID": 142376872.0, "NOMBRE": null, "TIPO_0316": "01", "REGIM_0316": "02", "F_ALTA": "2018-06-14", "area": 719.055, "cuenca": "Zapardiel", "Tipo": "Laguna", "variacion": 110.67870330810547 }, "geometry": { "type": "Point", "coordinates": [ -5.038064334703439, 41.062042087983706 ] } },
{ "type": "Feature", "properties": { "ID": 142376695.0, "NOMBRE": null, "TIPO_0316": "01", "REGIM_0316": "02", "F_ALTA": "2018-06-14", "area": 328.764, "cuenca": "Zapardiel", "Tipo": "Laguna", "variacion": 106.36330413818359 }, "geometry": { "type": "Point", "coordinates": [ -4.987926093257531, 41.062693095563276 ] } },
{ "type": "Feature", "properties": { "ID": 142376670.0, "NOMBRE": null, "TIPO_0316": "01", "REGIM_0316": "02", "F_ALTA": "2018-06-14", "area": 522.546, "cuenca": "Zapardiel", "Tipo": "Laguna", "variacion": 109.28560638427734 }, "geometry": { "type": "Point", "coordinates": [ -5.021137365391345, 41.062831891289512 ] } },
{ "type": "Feature", "properties": { "ID": 142376668.0, "NOMBRE": null, "TIPO_0316": "01", "REGIM_0316": "02", "F_ALTA": "2018-06-14", "area": 199.011, "cuenca": "Trabancos", "Tipo": "Laguna", "variacion": 113.75002288818359 }, "geometry": { "type": "Point", "coordinates": [ -5.068820755600809, 41.065094471050223 ] } },
{ "type": "Feature", "properties": { "ID": 142376667.0, "NOMBRE": null, "TIPO_0316": "01", "REGIM_0316": "02", "F_ALTA": "2018-06-14", "area": 839.059, "cuenca": "Zapardiel", "Tipo": "Laguna", "variacion": 111.84465789794922 }, "geometry": { "type": "Point", "coordinates": [ -5.047228105214863, 41.065991697813473 ] } },
{ "type": "Feature", "properties": { "ID": 142376666.0, "NOMBRE": null, "TIPO_0316": "01", "REGIM_0316": "02", "F_ALTA": "2018-06-14", "area": 375.005, "cuenca": "Trabancos", "Tipo": "Laguna", "variacion": 119.62962341308594 }, "geometry": { "type": "Point", "coordinates": [ -5.125209892864986, 41.065893380893023 ] } },
{ "type": "Feature", "properties": { "ID": 142361606.0, "NOMBRE": "Laguna de la Cuba", "TIPO_0316": "01", "REGIM_0316": "02", "F_ALTA": "2021-05-25", "area": 413.512, "cuenca": "Trabancos", "Tipo": "Laguna", "variacion": 117.43754577636719 }, "geometry": { "type": "Point", "coordinates": [ -5.104697212995248, 41.066118201858487 ] } },
{ "type": "Feature", "properties": { "ID": 142393083.0, "NOMBRE": null, "TIPO_0316": "01", "REGIM_0316": "01", "F_ALTA": "2018-06-15", "area": 2729.628, "cuenca": "Trabancos", "Tipo": "Laguna", "variacion": 115.66338348388672 }, "geometry": { "type": "Point", "coordinates": [ -5.080946987962109, 41.073097267359657 ] } },
{ "type": "Feature", "properties": { "ID": 142361600.0, "NOMBRE": "Lavajo de las Mulas", "TIPO_0316": "01", "REGIM_0316": "02", "F_ALTA": "2021-05-25", "area": 728.532, "cuenca": "Trabancos", "Tipo": "Laguna", "variacion": 116.28842163085938 }, "geometry": { "type": "Point", "coordinates": [ -5.085095056887232, 41.075539442722885 ] } },
{ "type": "Feature", "properties": { "ID": 142393082.0, "NOMBRE": null, "TIPO_0316": "01", "REGIM_0316": "01", "F_ALTA": "2018-06-15", "area": 1178.098, "cuenca": "Zapardiel", "Tipo": "Laguna", "variacion": 111.1595458984375 }, "geometry": { "type": "Point", "coordinates": [ -5.027936334413666, 41.07907149429451 ] } },
{ "type": "Feature", "properties": { "ID": 142376662.0, "NOMBRE": null, "TIPO_0316": "01", "REGIM_0316": "02", "F_ALTA": "2018-06-14", "area": 1622.006, "cuenca": "Trabancos", "Tipo": "Laguna", "variacion": 122.51926422119141 }, "geometry": { "type": "Point", "coordinates": [ -5.139356119928985, 41.081475774041273 ] } },
{ "type": "Feature", "properties": { "ID": 142361599.0, "NOMBRE": "Lavajo Burgueño", "TIPO_0316": "01", "REGIM_0316": "02", "F_ALTA": "2021-05-25", "area": 1592.642, "cuenca": "Zapardiel", "Tipo": "Laguna", "variacion": 110.72344970703125 }, "geometry": { "type": "Point", "coordinates": [ -5.021569563462449, 41.08134179607881 ] } },
{ "type": "Feature", "properties": { "ID": 142376661.0, "NOMBRE": null, "TIPO_0316": "01", "REGIM_0316": "02", "F_ALTA": "2018-06-14", "area": 392.53, "cuenca": "Zapardiel", "Tipo": "Laguna", "variacion": 112.45146942138672 }, "geometry": { "type": "Point", "coordinates": [ -5.039785156544708, 41.081622033701585 ] } },
{ "type": "Feature", "properties": { "ID": 142376690.0, "NOMBRE": null, "TIPO_0316": "01", "REGIM_0316": "02", "F_ALTA": "2018-06-14", "area": 382.069, "cuenca": "Zapardiel", "Tipo": "Laguna", "variacion": 103.94108581542969 }, "geometry": { "type": "Point", "coordinates": [ -4.956070805084043, 41.082245634263394 ] } },
{ "type": "Feature", "properties": { "ID": 142376689.0, "NOMBRE": null, "TIPO_0316": "01", "REGIM_0316": "02", "F_ALTA": "2018-06-14", "area": 1041.831, "cuenca": "Zapardiel", "Tipo": "Laguna", "variacion": 103.21238708496094 }, "geometry": { "type": "Point", "coordinates": [ -4.949792185412901, 41.082680570135167 ] } },
{ "type": "Feature", "properties": { "ID": 142376659.0, "NOMBRE": null, "TIPO_0316": "01", "REGIM_0316": "02", "F_ALTA": "2018-06-14", "area": 640.525, "cuenca": "Trabancos", "Tipo": "Laguna", "variacion": 117.79881286621094 }, "geometry": { "type": "Point", "coordinates": [ -5.090871011744373, 41.086356530176147 ] } },
{ "type": "Feature", "properties": { "ID": 142361598.0, "NOMBRE": "Lavajo Grande", "TIPO_0316": "01", "REGIM_0316": "02", "F_ALTA": "2021-05-25", "area": 3953.196, "cuenca": "Trabancos", "Tipo": "Laguna", "variacion": 116.56796264648438 }, "geometry": { "type": "Point", "coordinates": [ -5.078140495457836, 41.087085151117968 ] } },
{ "type": "Feature", "properties": { "ID": 142361595.0, "NOMBRE": "Lavajo Muñoz", "TIPO_0316": "01", "REGIM_0316": "02", "F_ALTA": "2021-05-25", "area": 4851.797, "cuenca": "Zapardiel", "Tipo": "Laguna", "variacion": 115.14437866210938 }, "geometry": { "type": "Point", "coordinates": [ -5.062264792371007, 41.088349589554412 ] } },
{ "type": "Feature", "properties": { "ID": 142376691.0, "NOMBRE": null, "TIPO_0316": "01", "REGIM_0316": "02", "F_ALTA": "2018-06-14", "area": 466.898, "cuenca": "Zapardiel", "Tipo": "Laguna", "variacion": 104.30984497070312 }, "geometry": { "type": "Point", "coordinates": [ -4.957020713020267, 41.08831706701416 ] } },
{ "type": "Feature", "properties": { "ID": 142361594.0, "NOMBRE": "Lavajo Campos", "TIPO_0316": "01", "REGIM_0316": "02", "F_ALTA": "2021-05-25", "area": 841.062, "cuenca": "Zapardiel", "Tipo": "Laguna", "variacion": 113.46003723144531 }, "geometry": { "type": "Point", "coordinates": [ -5.043948190485018, 41.089750681505166 ] } },
{ "type": "Feature", "properties": { "ID": 142393090.0, "NOMBRE": null, "TIPO_0316": "01", "REGIM_0316": "01", "F_ALTA": "2018-06-15", "area": 448.84, "cuenca": "Zapardiel", "Tipo": "Laguna", "variacion": 106.52318572998047 }, "geometry": { "type": "Point", "coordinates": [ -4.969346362698271, 41.104392684754536 ] } },
{ "type": "Feature", "properties": { "ID": 142393088.0, "NOMBRE": null, "TIPO_0316": "01", "REGIM_0316": "01", "F_ALTA": "2018-06-15", "area": 600.96, "cuenca": "Zapardiel", "Tipo": "Laguna", "variacion": 106.12612915039062 }, "geometry": { "type": "Point", "coordinates": [ -4.965572073642148, 41.105487045943548 ] } },
{ "type": "Feature", "properties": { "ID": 142393087.0, "NOMBRE": null, "TIPO_0316": "01", "REGIM_0316": "01", "F_ALTA": "2018-06-15", "area": 1148.386, "cuenca": "Zapardiel", "Tipo": "Laguna", "variacion": 106.02062225341797 }, "geometry": { "type": "Point", "coordinates": [ -4.964606462015805, 41.105680293011027 ] } },
{ "type": "Feature", "properties": { "ID": 142393091.0, "NOMBRE": null, "TIPO_0316": "01", "REGIM_0316": "01", "F_ALTA": "2018-06-15", "area": 755.153, "cuenca": "Zapardiel", "Tipo": "Laguna", "variacion": 106.99990844726562 }, "geometry": { "type": "Point", "coordinates": [ -4.972416847464626, 41.106347527455291 ] } },
{ "type": "Feature", "properties": { "ID": 142376655.0, "NOMBRE": null, "TIPO_0316": "01", "REGIM_0316": "02", "F_ALTA": "2018-06-14", "area": 681.428, "cuenca": "Zapardiel", "Tipo": "Laguna", "variacion": 112.30027008056641 }, "geometry": { "type": "Point", "coordinates": [ -5.018840722226287, 41.10950462033 ] } },
{ "type": "Feature", "properties": { "ID": 142376654.0, "NOMBRE": null, "TIPO_0316": "01", "REGIM_0316": "02", "F_ALTA": "2018-06-14", "area": 376.02, "cuenca": "Zapardiel", "Tipo": "Laguna", "variacion": 117.71293640136719 }, "geometry": { "type": "Point", "coordinates": [ -5.071016807413026, 41.111227199611157 ] } },
{ "type": "Feature", "properties": { "ID": 142393092.0, "NOMBRE": null, "TIPO_0316": "01", "REGIM_0316": "01", "F_ALTA": "2018-06-15", "area": 1515.437, "cuenca": "Zapardiel", "Tipo": "Laguna", "variacion": 107.62802886962891 }, "geometry": { "type": "Point", "coordinates": [ -4.975386210927731, 41.11134902231521 ] } },
{ "type": "Feature", "properties": { "ID": 142393089.0, "NOMBRE": null, "TIPO_0316": "01", "REGIM_0316": "01", "F_ALTA": "2018-06-15", "area": 1352.195, "cuenca": "Zapardiel", "Tipo": "Laguna", "variacion": 106.90945434570312 }, "geometry": { "type": "Point", "coordinates": [ -4.968776319554093, 41.112630671699932 ] } },
{ "type": "Feature", "properties": { "ID": 142361613.0, "NOMBRE": "Laguna de la Pesquera", "TIPO_0316": "01", "REGIM_0316": "02", "F_ALTA": "2021-05-25", "area": 14144.904, "cuenca": "Zapardiel", "Tipo": "Laguna", "variacion": 110.09889221191406 }, "geometry": { "type": "Point", "coordinates": [ -4.989218087723561, 41.125855486133297 ] } },
{ "type": "Feature", "properties": { "ID": 142393191.0, "NOMBRE": null, "TIPO_0316": "01", "REGIM_0316": "01", "F_ALTA": "2018-06-15", "area": 745.024, "cuenca": "Trabancos", "Tipo": "Laguna", "variacion": 102.61531066894531 }, "geometry": { "type": "Point", "coordinates": [ -5.097049425491632, 40.966940552830678 ] } },
{ "type": "Feature", "properties": { "ID": 142376992.0, "NOMBRE": null, "TIPO_0316": "01", "REGIM_0316": "02", "F_ALTA": "2018-06-14", "area": 666.326, "cuenca": "Zapardiel", "Tipo": "Laguna", "variacion": 99.519210815429688 }, "geometry": { "type": "Point", "coordinates": [ -4.940027407733352, 41.001037217607191 ] } },
{ "type": "Feature", "properties": { "ID": 142376988.0, "NOMBRE": null, "TIPO_0316": "01", "REGIM_0316": "02", "F_ALTA": "2018-06-14", "area": 452.034, "cuenca": "Zapardiel", "Tipo": "Laguna", "variacion": 103.68871307373047 }, "geometry": { "type": "Point", "coordinates": [ -5.0389196340287, 41.004128130764336 ] } },
{ "type": "Feature", "properties": { "ID": 142376987.0, "NOMBRE": null, "TIPO_0316": "01", "REGIM_0316": "02", "F_ALTA": "2018-06-14", "area": 7955.428, "cuenca": "Trabancos", "Tipo": "Laguna", "variacion": 106.39783477783203 }, "geometry": { "type": "Point", "coordinates": [ -5.069824648432789, 41.005702805549078 ] } },
{ "type": "Feature", "properties": { "ID": 142376985.0, "NOMBRE": null, "TIPO_0316": "01", "REGIM_0316": "02", "F_ALTA": "2018-06-14", "area": 285.517, "cuenca": "Trabancos", "Tipo": "Laguna", "variacion": 106.37606048583984 }, "geometry": { "type": "Point", "coordinates": [ -5.060400965230855, 41.010707110599029 ] } },
{ "type": "Feature", "properties": { "ID": 142376984.0, "NOMBRE": null, "TIPO_0316": "01", "REGIM_0316": "02", "F_ALTA": "2018-06-14", "area": 1368.582, "cuenca": "Trabancos", "Tipo": "Laguna", "variacion": 106.65106201171875 }, "geometry": { "type": "Point", "coordinates": [ -5.060096919636669, 41.012790712969739 ] } },
{ "type": "Feature", "properties": { "ID": 142376983.0, "NOMBRE": null, "TIPO_0316": "01", "REGIM_0316": "02", "F_ALTA": "2018-06-14", "area": 317.017, "cuenca": "Trabancos", "Tipo": "Laguna", "variacion": 107.33699035644531 }, "geometry": { "type": "Point", "coordinates": [ -5.067170182415452, 41.013118571332498 ] } },
{ "type": "Feature", "properties": { "ID": 142376899.0, "NOMBRE": null, "TIPO_0316": "01", "REGIM_0316": "02", "F_ALTA": "2018-06-14", "area": 768.549, "cuenca": "Trabancos", "Tipo": "Laguna", "variacion": 106.42301177978516 }, "geometry": { "type": "Point", "coordinates": [ -5.055109564373362, 41.014007978187777 ] } },
{ "type": "Feature", "properties": { "ID": 232014078.0, "NOMBRE": "Lavajo de la Nacia", "TIPO_0316": "01", "REGIM_0316": "02", "F_ALTA": "2022-08-25", "area": 971.794, "cuenca": "Zapardiel", "Tipo": "Laguna", "variacion": 104.11919403076172 }, "geometry": { "type": "Point", "coordinates": [ -5.019958388945499, 41.014349947301213 ] } },
{ "type": "Feature", "properties": { "ID": 142376898.0, "NOMBRE": null, "TIPO_0316": "01", "REGIM_0316": "02", "F_ALTA": "2018-06-14", "area": 205.009, "cuenca": "Trabancos", "Tipo": "Laguna", "variacion": 109.15449523925781 }, "geometry": { "type": "Point", "coordinates": [ -5.083576621059382, 41.01463893453721 ] } },
{ "type": "Feature", "properties": { "ID": 142376897.0, "NOMBRE": null, "TIPO_0316": "01", "REGIM_0316": "02", "F_ALTA": "2018-06-14", "area": 2501.642, "cuenca": "Trabancos", "Tipo": "Laguna", "variacion": 107.72574615478516 }, "geometry": { "type": "Point", "coordinates": [ -5.065447543101603, 41.016737301744151 ] } },
{ "type": "Feature", "properties": { "ID": 142376895.0, "NOMBRE": null, "TIPO_0316": "01", "REGIM_0316": "02", "F_ALTA": "2018-06-14", "area": 3108.716, "cuenca": "Trabancos", "Tipo": "Laguna", "variacion": 106.53736877441406 }, "geometry": { "type": "Point", "coordinates": [ -5.048151676556449, 41.018445904493298 ] } },
{ "type": "Feature", "properties": { "ID": 142376894.0, "NOMBRE": null, "TIPO_0316": "01", "REGIM_0316": "02", "F_ALTA": "2018-06-14", "area": 435.029, "cuenca": "Trabancos", "Tipo": "Laguna", "variacion": 106.97836303710938 }, "geometry": { "type": "Point", "coordinates": [ -5.048273739162389, 41.021498025090672 ] } },
{ "type": "Feature", "properties": { "ID": 142376893.0, "NOMBRE": null, "TIPO_0316": "01", "REGIM_0316": "02", "F_ALTA": "2018-06-14", "area": 392.535, "cuenca": "Zapardiel", "Tipo": "Laguna", "variacion": 105.41729736328125 }, "geometry": { "type": "Point", "coordinates": [ -5.025392114865387, 41.021711114937141 ] } },
{ "type": "Feature", "properties": { "ID": 142376891.0, "NOMBRE": null, "TIPO_0316": "01", "REGIM_0316": "02", "F_ALTA": "2018-06-14", "area": 570.535, "cuenca": "Trabancos", "Tipo": "Laguna", "variacion": 108.13648986816406 }, "geometry": { "type": "Point", "coordinates": [ -5.059113693859548, 41.023363459588701 ] } },
{ "type": "Feature", "properties": { "ID": 142393152.0, "NOMBRE": null, "TIPO_0316": "01", "REGIM_0316": "01", "F_ALTA": "2018-06-15", "area": 643.046, "cuenca": "Trabancos", "Tipo": "Laguna", "variacion": 107.20446014404297 }, "geometry": { "type": "Point", "coordinates": [ -5.044277089418408, 41.025235587859562 ] } },
{ "type": "Feature", "properties": { "ID": 142376890.0, "NOMBRE": null, "TIPO_0316": "01", "REGIM_0316": "02", "F_ALTA": "2018-06-14", "area": 1218.544, "cuenca": "Trabancos", "Tipo": "Laguna", "variacion": 112.04415130615234 }, "geometry": { "type": "Point", "coordinates": [ -5.093358300577125, 41.02818789484926 ] } },
{ "type": "Feature", "properties": { "ID": 142376889.0, "NOMBRE": null, "TIPO_0316": "01", "REGIM_0316": "02", "F_ALTA": "2018-06-14", "area": 48968.622, "cuenca": "Trabancos", "Tipo": "Laguna", "variacion": 116.57913970947266 }, "geometry": { "type": "Point", "coordinates": [ -5.124852623757024, 41.035956744242924 ] } },
{ "type": "Feature", "properties": { "ID": 142393151.0, "NOMBRE": null, "TIPO_0316": "01", "REGIM_0316": "01", "F_ALTA": "2018-06-15", "area": 14070.732, "cuenca": "Trabancos", "Tipo": "Laguna", "variacion": 110.61408233642578 }, "geometry": { "type": "Point", "coordinates": [ -5.074752424814785, 41.031615578698975 ] } },
{ "type": "Feature", "properties": { "ID": 142393150.0, "NOMBRE": null, "TIPO_0316": "01", "REGIM_0316": "01", "F_ALTA": "2018-06-15", "area": 1242.539, "cuenca": "Trabancos", "Tipo": "Laguna", "variacion": 113.29897308349609 }, "geometry": { "type": "Point", "coordinates": [ -5.101411165718583, 41.031025037202149 ] } },
{ "type": "Feature", "properties": { "ID": 142393149.0, "NOMBRE": null, "TIPO_0316": "01", "REGIM_0316": "01", "F_ALTA": "2018-06-15", "area": 671.521, "cuenca": "Trabancos", "Tipo": "Laguna", "variacion": 113.60881805419922 }, "geometry": { "type": "Point", "coordinates": [ -5.100930110652873, 41.034087417270975 ] } },
{ "type": "Feature", "properties": { "ID": 142393148.0, "NOMBRE": null, "TIPO_0316": "01", "REGIM_0316": "01", "F_ALTA": "2018-06-15", "area": 820.34, "cuenca": "Zapardiel", "Tipo": "Laguna", "variacion": 106.00433349609375 }, "geometry": { "type": "Point", "coordinates": [ -5.012105487637689, 41.034204377353149 ] } },
{ "type": "Feature", "properties": { "ID": 142393147.0, "NOMBRE": null, "TIPO_0316": "01", "REGIM_0316": "01", "F_ALTA": "2018-06-15", "area": 584.52, "cuenca": "Trabancos", "Tipo": "Laguna", "variacion": 113.25432586669922 }, "geometry": { "type": "Point", "coordinates": [ -5.09721083267692, 41.034412878320552 ] } },
{ "type": "Feature", "properties": { "ID": 142393146.0, "NOMBRE": null, "TIPO_0316": "01", "REGIM_0316": "01", "F_ALTA": "2018-06-15", "area": 570.02, "cuenca": "Trabancos", "Tipo": "Laguna", "variacion": 113.3431396484375 }, "geometry": { "type": "Point", "coordinates": [ -5.095146675195494, 41.037134634909592 ] } },
{ "type": "Feature", "properties": { "ID": 142376885.0, "NOMBRE": null, "TIPO_0316": "01", "REGIM_0316": "02", "F_ALTA": "2018-06-14", "area": 1069.523, "cuenca": "Trabancos", "Tipo": "Laguna", "variacion": 115.61588287353516 }, "geometry": { "type": "Point", "coordinates": [ -5.115269610517458, 41.037503783766219 ] } },
{ "type": "Feature", "properties": { "ID": 142376884.0, "NOMBRE": null, "TIPO_0316": "01", "REGIM_0316": "02", "F_ALTA": "2018-06-14", "area": 704.934, "cuenca": "Zapardiel", "Tipo": "Laguna", "variacion": 104.86637878417969 }, "geometry": { "type": "Point", "coordinates": [ -4.990432356114272, 41.03798625774472 ] } },
{ "type": "Feature", "properties": { "ID": 142361610.0, "NOMBRE": "Laguna de la Arcilla", "TIPO_0316": "01", "REGIM_0316": "02", "F_ALTA": "2021-05-25", "area": 1871.114, "cuenca": "Zapardiel", "Tipo": "Laguna", "variacion": 102.48011779785156 }, "geometry": { "type": "Point", "coordinates": [ -4.958120724657348, 41.038082110163273 ] } },
{ "type": "Feature", "properties": { "ID": 142376883.0, "NOMBRE": null, "TIPO_0316": "01", "REGIM_0316": "02", "F_ALTA": "2018-06-14", "area": 649.513, "cuenca": "Trabancos", "Tipo": "Laguna", "variacion": 115.72711181640625 }, "geometry": { "type": "Point", "coordinates": [ -5.115573790042133, 41.03829317943574 ] } },
{ "type": "Feature", "properties": { "ID": 142376882.0, "NOMBRE": null, "TIPO_0316": "01", "REGIM_0316": "02", "F_ALTA": "2018-06-14", "area": 4955.817, "cuenca": "Trabancos", "Tipo": "Laguna", "variacion": 109.94280242919922 }, "geometry": { "type": "Point", "coordinates": [ -5.057040408939533, 41.038918872973433 ] } },
{ "type": "Feature", "properties": { "ID": 142393145.0, "NOMBRE": null, "TIPO_0316": "01", "REGIM_0316": "01", "F_ALTA": "2018-06-15", "area": 1053.56, "cuenca": "Trabancos", "Tipo": "Laguna", "variacion": 110.7171630859375 }, "geometry": { "type": "Point", "coordinates": [ -5.065913733137658, 41.038996072399385 ] } },
{ "type": "Feature", "properties": { "ID": 142393144.0, "NOMBRE": null, "TIPO_0316": "01", "REGIM_0316": "01", "F_ALTA": "2018-06-15", "area": 708.043, "cuenca": "Trabancos", "Tipo": "Laguna", "variacion": 110.39144134521484 }, "geometry": { "type": "Point", "coordinates": [ -5.061221331391494, 41.039594878426335 ] } },
{ "type": "Feature", "properties": { "ID": 142393143.0, "NOMBRE": null, "TIPO_0316": "01", "REGIM_0316": "01", "F_ALTA": "2018-06-15", "area": 810.047, "cuenca": "Trabancos", "Tipo": "Laguna", "variacion": 111.04530334472656 }, "geometry": { "type": "Point", "coordinates": [ -5.064172291688589, 41.042977398991731 ] } },
{ "type": "Feature", "properties": { "ID": 142361637.0, "NOMBRE": "Lavajo Salado", "TIPO_0316": "01", "REGIM_0316": "01", "F_ALTA": "2021-05-25", "area": 4339.809, "cuenca": "Trabancos", "Tipo": "Laguna", "variacion": 109.84099578857422 }, "geometry": { "type": "Point", "coordinates": [ -5.049555229330401, 41.043519138425161 ] } },
{ "type": "Feature", "properties": { "ID": 142361636.0, "NOMBRE": "Lavajo de la Budina", "TIPO_0316": "01", "REGIM_0316": "01", "F_ALTA": "2021-05-25", "area": 808.562, "cuenca": "Trabancos", "Tipo": "Laguna", "variacion": 108.87073516845703 }, "geometry": { "type": "Point", "coordinates": [ -5.038270909170823, 41.04312136706087 ] } },
{ "type": "Feature", "properties": { "ID": 142376692.0, "NOMBRE": null, "TIPO_0316": "01", "REGIM_0316": "02", "F_ALTA": "2018-06-14", "area": 12148.791, "cuenca": "Zapardiel", "Tipo": "Laguna", "variacion": 102.9400634765625 }, "geometry": { "type": "Point", "coordinates": [ -4.959232877621628, 41.04632255404637 ] } },
{ "type": "Feature", "properties": { "ID": 142376877.0, "NOMBRE": null, "TIPO_0316": "01", "REGIM_0316": "02", "F_ALTA": "2018-06-14", "area": 4694.234, "cuenca": "Trabancos", "Tipo": "Laguna", "variacion": 113.03642272949219 }, "geometry": { "type": "Point", "coordinates": [ -5.077484178978515, 41.049741391694305 ] } },
{ "type": "Feature", "properties": { "ID": 142361635.0, "NOMBRE": "Lavajo el Zamorano", "TIPO_0316": "01", "REGIM_0316": "02", "F_ALTA": "2021-05-25", "area": 1267.075, "cuenca": "Trabancos", "Tipo": "Laguna", "variacion": 111.73832702636719 }, "geometry": { "type": "Point", "coordinates": [ -5.063453247121079, 41.049803918890078 ] } },
{ "type": "Feature", "properties": { "ID": 142361634.0, "NOMBRE": "Lavajo de la Espolacía", "TIPO_0316": "01", "REGIM_0316": "01", "F_ALTA": "2021-05-25", "area": 2948.181, "cuenca": "Trabancos", "Tipo": "Laguna", "variacion": 111.91256713867188 }, "geometry": { "type": "Point", "coordinates": [ -5.060898971082358, 41.053787693409532 ] } },
{ "type": "Feature", "properties": { "ID": 142376876.0, "NOMBRE": null, "TIPO_0316": "01", "REGIM_0316": "02", "F_ALTA": "2018-06-14", "area": 678.818, "cuenca": "Zapardiel", "Tipo": "Laguna", "variacion": 108.08512115478516 }, "geometry": { "type": "Point", "coordinates": [ -5.015228638996762, 41.054301154541101 ] } },
{ "type": "Feature", "properties": { "ID": 142361622.0, "NOMBRE": "Charca del Lavajo del Obispo", "TIPO_0316": "01", "REGIM_0316": "02", "F_ALTA": "2021-05-25", "area": 11224.945, "cuenca": "Zapardiel", "Tipo": "Laguna", "variacion": 87.329917907714844 }, "geometry": { "type": "Point", "coordinates": [ -4.830210471916788, 41.024502860029344 ] } },
{ "type": "Feature", "properties": { "ID": 142376795.0, "NOMBRE": null, "TIPO_0316": "01", "REGIM_0316": "02", "F_ALTA": "2018-06-14", "area": 5309.374, "cuenca": "Zapardiel", "Tipo": "Laguna", "variacion": 81.985389709472656 }, "geometry": { "type": "Point", "coordinates": [ -4.797129685749534, 41.026899294682742 ] } },
{ "type": "Feature", "properties": { "ID": 142376792.0, "NOMBRE": null, "TIPO_0316": "01", "REGIM_0316": "02", "F_ALTA": "2018-06-14", "area": 3040.529, "cuenca": "Zapardiel", "Tipo": "Laguna", "variacion": 81.415641784667969 }, "geometry": { "type": "Point", "coordinates": [ -4.793497039650105, 41.027228919948413 ] } },
{ "type": "Feature", "properties": { "ID": 142376794.0, "NOMBRE": null, "TIPO_0316": "01", "REGIM_0316": "02", "F_ALTA": "2018-06-14", "area": 4287.736, "cuenca": "Zapardiel", "Tipo": "Laguna", "variacion": 81.79974365234375 }, "geometry": { "type": "Point", "coordinates": [ -4.795071162441982, 41.026271571886639 ] } },
{ "type": "Feature", "properties": { "ID": 142376797.0, "NOMBRE": null, "TIPO_0316": "01", "REGIM_0316": "02", "F_ALTA": "2018-06-14", "area": 1281.685, "cuenca": "Zapardiel", "Tipo": "Laguna", "variacion": 83.024604797363281 }, "geometry": { "type": "Point", "coordinates": [ -4.799817198099612, 41.023148663914675 ] } },
{ "type": "Feature", "properties": { "ID": 142376791.0, "NOMBRE": null, "TIPO_0316": "01", "REGIM_0316": "02", "F_ALTA": "2018-06-14", "area": 62.205, "cuenca": "Zapardiel", "Tipo": "Laguna", "variacion": 81.874000549316406 }, "geometry": { "type": "Point", "coordinates": [ -4.791364372870344, 41.023088465261004 ] } },
{ "type": "Feature", "properties": { "ID": 142376793.0, "NOMBRE": null, "TIPO_0316": "01", "REGIM_0316": "02", "F_ALTA": "2018-06-14", "area": 1965.776, "cuenca": "Zapardiel", "Tipo": "Laguna", "variacion": 82.289382934570312 }, "geometry": { "type": "Point", "coordinates": [ -4.79366419930367, 41.022439198927302 ] } },
{ "type": "Feature", "properties": { "ID": 232014084.0, "NOMBRE": null, "TIPO_0316": "01", "REGIM_0316": "02", "F_ALTA": "2022-08-25", "area": 2435.989, "cuenca": "Adaja", "Tipo": "Laguna", "variacion": 78.867561340332031 }, "geometry": { "type": "Point", "coordinates": [ -4.763375600892886, 41.022863440323938 ] } },
{ "type": "Feature", "properties": { "ID": 142376783.0, "NOMBRE": null, "TIPO_0316": "01", "REGIM_0316": "02", "F_ALTA": "2018-06-14", "area": 576.848, "cuenca": "Adaja", "Tipo": "Laguna", "variacion": 80.973655700683594 }, "geometry": { "type": "Point", "coordinates": [ -4.779616908842287, 41.020279507800907 ] } },
{ "type": "Feature", "properties": { "ID": 142376804.0, "NOMBRE": null, "TIPO_0316": "01", "REGIM_0316": "02", "F_ALTA": "2018-06-14", "area": 1097.76, "cuenca": "Zapardiel", "Tipo": "Laguna", "variacion": 89.157455444335938 }, "geometry": { "type": "Point", "coordinates": [ -4.833472719364409, 41.013918781282847 ] } },
{ "type": "Feature", "properties": { "ID": 142376785.0, "NOMBRE": null, "TIPO_0316": "01", "REGIM_0316": "02", "F_ALTA": "2018-06-14", "area": 846.753, "cuenca": "Adaja", "Tipo": "Laguna", "variacion": 81.732009887695312 }, "geometry": { "type": "Point", "coordinates": [ -4.781242734875145, 41.017365070008729 ] } },
{ "type": "Feature", "properties": { "ID": 142376786.0, "NOMBRE": null, "TIPO_0316": "01", "REGIM_0316": "02", "F_ALTA": "2018-06-14", "area": 243.897, "cuenca": "Adaja", "Tipo": "Laguna", "variacion": 81.812797546386719 }, "geometry": { "type": "Point", "coordinates": [ -4.781920018811875, 41.017348624318331 ] } },
{ "type": "Feature", "properties": { "ID": 142376989.0, "NOMBRE": "Laguna de las Cardenchas", "TIPO_0316": "01", "REGIM_0316": "02", "F_ALTA": "2022-08-25", "area": 1819.291, "cuenca": "Zapardiel", "Tipo": "Laguna", "variacion": 97.980735778808594 }, "geometry": { "type": "Point", "coordinates": [ -4.909206883085303, 41.003290067456831 ] } },
{ "type": "Feature", "properties": { "ID": 142376803.0, "NOMBRE": null, "TIPO_0316": "01", "REGIM_0316": "02", "F_ALTA": "2018-06-14", "area": 722.286, "cuenca": "Zapardiel", "Tipo": "Laguna", "variacion": 88.977317810058594 }, "geometry": { "type": "Point", "coordinates": [ -4.82930819844798, 41.010900110315369 ] } },
{ "type": "Feature", "properties": { "ID": 142376991.0, "NOMBRE": null, "TIPO_0316": "01", "REGIM_0316": "02", "F_ALTA": "2018-06-14", "area": 3143.067, "cuenca": "Zapardiel", "Tipo": "Laguna", "variacion": 98.902496337890625 }, "geometry": { "type": "Point", "coordinates": [ -4.925560602525587, 41.001342003339907 ] } },
{ "type": "Feature", "properties": { "ID": 142376990.0, "NOMBRE": null, "TIPO_0316": "01", "REGIM_0316": "02", "F_ALTA": "2018-06-14", "area": 174.389, "cuenca": "Zapardiel", "Tipo": "Laguna", "variacion": 95.154136657714844 }, "geometry": { "type": "Point", "coordinates": [ -4.874888936909951, 41.002437222856067 ] } },
{ "type": "Feature", "properties": { "ID": 142376796.0, "NOMBRE": null, "TIPO_0316": "01", "REGIM_0316": "02", "F_ALTA": "2018-06-14", "area": 1098.37, "cuenca": "Adaja", "Tipo": "Laguna", "variacion": 85.530662536621094 }, "geometry": { "type": "Point", "coordinates": [ -4.79755793724791, 41.007190210937196 ] } },
{ "type": "Feature", "properties": { "ID": 142376782.0, "NOMBRE": null, "TIPO_0316": "01", "REGIM_0316": "02", "F_ALTA": "2018-06-14", "area": 379.173, "cuenca": "Adaja", "Tipo": "Laguna", "variacion": 83.327735900878906 }, "geometry": { "type": "Point", "coordinates": [ -4.777349379789502, 41.007745808518763 ] } },
{ "type": "Feature", "properties": { "ID": 142376790.0, "NOMBRE": null, "TIPO_0316": "01", "REGIM_0316": "02", "F_ALTA": "2018-06-14", "area": 3505.121, "cuenca": "Adaja", "Tipo": "Laguna", "variacion": 84.712715148925781 }, "geometry": { "type": "Point", "coordinates": [ -4.78656380388822, 41.005227812326638 ] } },
{ "type": "Feature", "properties": { "ID": 142376798.0, "NOMBRE": null, "TIPO_0316": "01", "REGIM_0316": "02", "F_ALTA": "2018-06-14", "area": 888.995, "cuenca": "Adaja", "Tipo": "Laguna", "variacion": 86.790786743164062 }, "geometry": { "type": "Point", "coordinates": [ -4.799043168552409, 41.000852789431484 ] } },
{ "type": "Feature", "properties": { "ID": 142361661.0, "NOMBRE": "Laguna del Monte", "TIPO_0316": "01", "REGIM_0316": "01", "F_ALTA": "2021-05-25", "area": 463.192, "cuenca": "Zapardiel", "Tipo": "Laguna", "variacion": 97.272438049316406 }, "geometry": { "type": "Point", "coordinates": [ -4.898504752610234, 40.987888652476194 ] } },
{ "type": "Feature", "properties": { "ID": 142393260.0, "NOMBRE": null, "TIPO_0316": "01", "REGIM_0316": "01", "F_ALTA": "2018-06-15", "area": 410.309, "cuenca": "Adaja", "Tipo": "Laguna", "variacion": 84.458061218261719 }, "geometry": { "type": "Point", "coordinates": [ -4.765382049525898, 40.997771919668544 ] } },
{ "type": "Feature", "properties": { "ID": 142376993.0, "NOMBRE": null, "TIPO_0316": "01", "REGIM_0316": "02", "F_ALTA": "2018-06-14", "area": 92.059, "cuenca": "Zapardiel", "Tipo": "Laguna", "variacion": 97.382072448730469 }, "geometry": { "type": "Point", "coordinates": [ -4.903666304935461, 40.979416867611931 ] } },
{ "type": "Feature", "properties": { "ID": 142376994.0, "NOMBRE": null, "TIPO_0316": "01", "REGIM_0316": "02", "F_ALTA": "2018-06-14", "area": 1372.613, "cuenca": "Zapardiel", "Tipo": "Laguna", "variacion": 97.415794372558594 }, "geometry": { "type": "Point", "coordinates": [ -4.925623211890073, 40.972153803054532 ] } },
{ "type": "Feature", "properties": { "ID": 142377035.0, "NOMBRE": null, "TIPO_0316": "01", "REGIM_0316": "02", "F_ALTA": "2018-06-14", "area": 499.746, "cuenca": "Zapardiel", "Tipo": "Laguna", "variacion": 94.802253723144531 }, "geometry": { "type": "Point", "coordinates": [ -4.858340985210463, 40.978809016686291 ] } },
{ "type": "Feature", "properties": { "ID": 142361662.0, "NOMBRE": "Laguna del Olmillo", "TIPO_0316": "01", "REGIM_0316": "02", "F_ALTA": "2021-05-25", "area": 1204.867, "cuenca": "Zapardiel", "Tipo": "Laguna", "variacion": 97.124351501464844 }, "geometry": { "type": "Point", "coordinates": [ -4.900742098813789, 40.972835904630195 ] } },
{ "type": "Feature", "properties": { "ID": 142376995.0, "NOMBRE": null, "TIPO_0316": "01", "REGIM_0316": "02", "F_ALTA": "2018-06-14", "area": 1162.644, "cuenca": "Zapardiel", "Tipo": "Laguna", "variacion": 97.247474670410156 }, "geometry": { "type": "Point", "coordinates": [ -4.909415756628486, 40.971106016046505 ] } },
{ "type": "Feature", "properties": { "ID": 142376997.0, "NOMBRE": null, "TIPO_0316": "01", "REGIM_0316": "02", "F_ALTA": "2018-06-14", "area": 1306.529, "cuenca": "Zapardiel", "Tipo": "Laguna", "variacion": 97.007331848144531 }, "geometry": { "type": "Point", "coordinates": [ -4.929265625340342, 40.967032757361494 ] } },
{ "type": "Feature", "properties": { "ID": 142393246.0, "NOMBRE": null, "TIPO_0316": "01", "REGIM_0316": "01", "F_ALTA": "2018-06-15", "area": 3337.675, "cuenca": "Zapardiel", "Tipo": "Laguna", "variacion": 95.403266906738281 }, "geometry": { "type": "Point", "coordinates": [ -4.863267467181431, 40.968392254353823 ] } },
{ "type": "Feature", "properties": { "ID": 142376998.0, "NOMBRE": null, "TIPO_0316": "01", "REGIM_0316": "02", "F_ALTA": "2018-06-14", "area": 4437.173, "cuenca": "Zapardiel", "Tipo": "Laguna", "variacion": 96.430450439453125 }, "geometry": { "type": "Point", "coordinates": [ -4.928861785734363, 40.960084122085931 ] } },
{ "type": "Feature", "properties": { "ID": 142361663.0, "NOMBRE": "Laguna del Regajal", "TIPO_0316": "01", "REGIM_0316": "01", "F_ALTA": "2021-05-25", "area": 1599.99, "cuenca": "Zapardiel", "Tipo": "Laguna", "variacion": 95.363113403320312 }, "geometry": { "type": "Point", "coordinates": [ -4.862222916504335, 40.966535879618633 ] } },
{ "type": "Feature", "properties": { "ID": 142377069.0, "NOMBRE": null, "TIPO_0316": "01", "REGIM_0316": "02", "F_ALTA": "2018-06-14", "area": 450.718, "cuenca": "Adaja", "Tipo": "Laguna", "variacion": 88.074928283691406 }, "geometry": { "type": "Point", "coordinates": [ -4.759689623057754, 40.974444141137589 ] } },
{ "type": "Feature", "properties": { "ID": 142377068.0, "NOMBRE": null, "TIPO_0316": "01", "REGIM_0316": "02", "F_ALTA": "2018-06-14", "area": 1536.802, "cuenca": "Adaja", "Tipo": "Laguna", "variacion": 88.116119384765625 }, "geometry": { "type": "Point", "coordinates": [ -4.75945826377854, 40.974146762695689 ] } },
{ "type": "Feature", "properties": { "ID": 142361664.0, "NOMBRE": "Laguna de la Sarna", "TIPO_0316": "01", "REGIM_0316": "02", "F_ALTA": "2021-05-25", "area": 817.485, "cuenca": "Zapardiel", "Tipo": "Laguna", "variacion": 96.259727478027344 }, "geometry": { "type": "Point", "coordinates": [ -4.927805713618056, 40.957820446284721 ] } },
{ "type": "Feature", "properties": { "ID": 142393247.0, "NOMBRE": null, "TIPO_0316": "01", "REGIM_0316": "01", "F_ALTA": "2018-06-15", "area": 364.326, "cuenca": "Zapardiel", "Tipo": "Laguna", "variacion": 96.614501953125 }, "geometry": { "type": "Point", "coordinates": [ -4.905048028362962, 40.957655274590905 ] } },
{ "type": "Feature", "properties": { "ID": 142377021.0, "NOMBRE": null, "TIPO_0316": "01", "REGIM_0316": "02", "F_ALTA": "2022-08-25", "area": 697.862, "cuenca": "Adaja", "Tipo": "Laguna", "variacion": 91.462478637695312 }, "geometry": { "type": "Point", "coordinates": [ -4.806319907750992, 40.963110681107501 ] } },
{ "type": "Feature", "properties": { "ID": 142393248.0, "NOMBRE": null, "TIPO_0316": "01", "REGIM_0316": "01", "F_ALTA": "2018-06-15", "area": 1369.7, "cuenca": "Zapardiel", "Tipo": "Laguna", "variacion": 96.366043090820312 }, "geometry": { "type": "Point", "coordinates": [ -4.894948227410588, 40.952572040269189 ] } },
{ "type": "Feature", "properties": { "ID": 142361675.0, "NOMBRE": "Lavajo Campo", "TIPO_0316": "01", "REGIM_0316": "02", "F_ALTA": "2021-05-25", "area": 1388.556, "cuenca": "Adaja", "Tipo": "Laguna", "variacion": 93.02911376953125 }, "geometry": { "type": "Point", "coordinates": [ -4.826865565934959, 40.958619796086964 ] } },
{ "type": "Feature", "properties": { "ID": 142361666.0, "NOMBRE": "Laguna del Ojuelo", "TIPO_0316": "01", "REGIM_0316": "01", "F_ALTA": "2021-05-25", "area": 8857.948, "cuenca": "Zapardiel", "Tipo": "Laguna", "variacion": 95.060867309570312 }, "geometry": { "type": "Point", "coordinates": [ -4.933387472590452, 40.947519609195858 ] } },
{ "type": "Feature", "properties": { "ID": 142393249.0, "NOMBRE": null, "TIPO_0316": "01", "REGIM_0316": "01", "F_ALTA": "2018-06-15", "area": 1088.597, "cuenca": "Zapardiel", "Tipo": "Laguna", "variacion": 96.318099975585938 }, "geometry": { "type": "Point", "coordinates": [ -4.89401550836186, 40.951567803376633 ] } },
{ "type": "Feature", "properties": { "ID": 142377024.0, "NOMBRE": null, "TIPO_0316": "01", "REGIM_0316": "02", "F_ALTA": "2018-06-14", "area": 422.883, "cuenca": "Adaja", "Tipo": "Laguna", "variacion": 93.083808898925781 }, "geometry": { "type": "Point", "coordinates": [ -4.827530887602471, 40.955498054672745 ] } },
{ "type": "Feature", "properties": { "ID": 142393251.0, "NOMBRE": null, "TIPO_0316": "01", "REGIM_0316": "01", "F_ALTA": "2018-06-15", "area": 383.309, "cuenca": "Zapardiel", "Tipo": "Laguna", "variacion": 95.887901306152344 }, "geometry": { "type": "Point", "coordinates": [ -4.90634957214184, 40.94383332000492 ] } },
{ "type": "Feature", "properties": { "ID": 142393250.0, "NOMBRE": null, "TIPO_0316": "01", "REGIM_0316": "01", "F_ALTA": "2018-06-15", "area": 834.111, "cuenca": "Zapardiel", "Tipo": "Laguna", "variacion": 96.022628784179688 }, "geometry": { "type": "Point", "coordinates": [ -4.888233386374354, 40.944921104793039 ] } },
{ "type": "Feature", "properties": { "ID": 142393252.0, "NOMBRE": null, "TIPO_0316": "01", "REGIM_0316": "01", "F_ALTA": "2018-06-15", "area": 942.542, "cuenca": "Zapardiel", "Tipo": "Laguna", "variacion": 95.457008361816406 }, "geometry": { "type": "Point", "coordinates": [ -4.907258630681099, 40.936611482296655 ] } },
{ "type": "Feature", "properties": { "ID": 142361667.0, "NOMBRE": "Laguna de la Hoguera", "TIPO_0316": "01", "REGIM_0316": "01", "F_ALTA": "2021-05-25", "area": 3861.105, "cuenca": "Adaja", "Tipo": "Laguna", "variacion": 95.388343811035156 }, "geometry": { "type": "Point", "coordinates": [ -4.870877797804721, 40.939092350229124 ] } },
{ "type": "Feature", "properties": { "ID": 142361671.0, "NOMBRE": "Laguna del Tejar", "TIPO_0316": "01", "REGIM_0316": "01", "F_ALTA": "2021-05-25", "area": 3305.938, "cuenca": "Zapardiel", "Tipo": "Laguna", "variacion": 95.4202880859375 }, "geometry": { "type": "Point", "coordinates": [ -4.906250465293944, 40.93536172238003 ] } },
{ "type": "Feature", "properties": { "ID": 142393267.0, "NOMBRE": null, "TIPO_0316": "01", "REGIM_0316": "01", "F_ALTA": "2018-06-15", "area": 389.624, "cuenca": "Adaja", "Tipo": "Laguna", "variacion": 94.553451538085938 }, "geometry": { "type": "Point", "coordinates": [ -4.854010072401901, 40.939907691377648 ] } },
{ "type": "Feature", "properties": { "ID": 142377019.0, "NOMBRE": null, "TIPO_0316": "01", "REGIM_0316": "02", "F_ALTA": "2018-06-14", "area": 265.098, "cuenca": "Adaja", "Tipo": "Laguna", "variacion": 89.784561157226562 }, "geometry": { "type": "Point", "coordinates": [ -4.781693349521416, 40.946361186854951 ] } },
{ "type": "Feature", "properties": { "ID": 142377029.0, "NOMBRE": null, "TIPO_0316": "01", "REGIM_0316": "02", "F_ALTA": "2018-06-14", "area": 256.621, "cuenca": "Adaja", "Tipo": "Laguna", "variacion": 93.867111206054688 }, "geometry": { "type": "Point", "coordinates": [ -4.843546020478581, 40.940301673506994 ] } },
{ "type": "Feature", "properties": { "ID": 142393268.0, "NOMBRE": null, "TIPO_0316": "01", "REGIM_0316": "01", "F_ALTA": "2018-06-15", "area": 585.148, "cuenca": "Adaja", "Tipo": "Laguna", "variacion": 94.669326782226562 }, "geometry": { "type": "Point", "coordinates": [ -4.856669230541547, 40.938440771287695 ] } },
{ "type": "Feature", "properties": { "ID": 142377002.0, "NOMBRE": null, "TIPO_0316": "01", "REGIM_0316": "02", "F_ALTA": "2018-06-14", "area": 385.853, "cuenca": "Zapardiel", "Tipo": "Laguna", "variacion": 95.244743347167969 }, "geometry": { "type": "Point", "coordinates": [ -4.904876436771654, 40.931262731564139 ] } },
{ "type": "Feature", "properties": { "ID": 142377003.0, "NOMBRE": null, "TIPO_0316": "01", "REGIM_0316": "02", "F_ALTA": "2018-06-14", "area": 633.521, "cuenca": "Zapardiel", "Tipo": "Laguna", "variacion": 93.249649047851562 }, "geometry": { "type": "Point", "coordinates": [ -4.932153793948106, 40.928131910764854 ] } },
{ "type": "Feature", "properties": { "ID": 142377006.0, "NOMBRE": null, "TIPO_0316": "01", "REGIM_0316": "02", "F_ALTA": "2018-06-14", "area": 210.779, "cuenca": "Adaja", "Tipo": "Laguna", "variacion": 88.818115234375 }, "geometry": { "type": "Point", "coordinates": [ -4.764811784101267, 40.943494966785103 ] } },
{ "type": "Feature", "properties": { "ID": 142361913.0, "NOMBRE": "Laguna Grande", "TIPO_0316": "01", "REGIM_0316": "01", "F_ALTA": "2021-05-25", "area": 3665.192, "cuenca": "Adaja", "Tipo": "Laguna", "variacion": 93.214080810546875 }, "geometry": { "type": "Point", "coordinates": [ -4.837718043564089, 40.935836963986745 ] } },
{ "type": "Feature", "properties": { "ID": 142393261.0, "NOMBRE": null, "TIPO_0316": "01", "REGIM_0316": "01", "F_ALTA": "2018-06-15", "area": 4236.349, "cuenca": "Adaja", "Tipo": "Laguna", "variacion": 89.102790832519531 }, "geometry": { "type": "Point", "coordinates": [ -4.774597559521458, 40.941966795211357 ] } },
{ "type": "Feature", "properties": { "ID": 142377031.0, "NOMBRE": null, "TIPO_0316": "01", "REGIM_0316": "02", "F_ALTA": "2018-06-14", "area": 541.94, "cuenca": "Adaja", "Tipo": "Laguna", "variacion": 93.774650573730469 }, "geometry": { "type": "Point", "coordinates": [ -4.845976907629076, 40.934485137788243 ] } },
{ "type": "Feature", "properties": { "ID": 142361676.0, "NOMBRE": "Laguna Redonda", "TIPO_0316": "01", "REGIM_0316": "01", "F_ALTA": "2021-05-25", "area": 937.941, "cuenca": "Adaja", "Tipo": "Laguna", "variacion": 93.253639221191406 }, "geometry": { "type": "Point", "coordinates": [ -4.838751540778689, 40.934829206438778 ] } },
{ "type": "Feature", "properties": { "ID": 142393254.0, "NOMBRE": null, "TIPO_0316": "01", "REGIM_0316": "01", "F_ALTA": "2018-06-15", "area": 1042.501, "cuenca": "Adaja", "Tipo": "Laguna", "variacion": 94.658004760742188 }, "geometry": { "type": "Point", "coordinates": [ -4.862046680795473, 40.930728066562715 ] } },
{ "type": "Feature", "properties": { "ID": 142377033.0, "NOMBRE": null, "TIPO_0316": "01", "REGIM_0316": "02", "F_ALTA": "2018-06-14", "area": 866.431, "cuenca": "Adaja", "Tipo": "Laguna", "variacion": 93.90399169921875 }, "geometry": { "type": "Point", "coordinates": [ -4.851748667155577, 40.928920337509133 ] } },
{ "type": "Feature", "properties": { "ID": 142377188.0, "NOMBRE": null, "TIPO_0316": "01", "REGIM_0316": "02", "F_ALTA": "2018-06-14", "area": 1408.055, "cuenca": "Zapardiel", "Tipo": "Laguna", "variacion": 95.224853515625 }, "geometry": { "type": "Point", "coordinates": [ -4.891826252022707, 40.924583580793318 ] } },
{ "type": "Feature", "properties": { "ID": 142393294.0, "NOMBRE": null, "TIPO_0316": "01", "REGIM_0316": "01", "F_ALTA": "2018-06-15", "area": 1056.03, "cuenca": "Zapardiel", "Tipo": "Laguna", "variacion": 93.794418334960938 }, "geometry": { "type": "Point", "coordinates": [ -4.920489368713351, 40.921464638749519 ] } },
{ "type": "Feature", "properties": { "ID": 142377014.0, "NOMBRE": null, "TIPO_0316": "01", "REGIM_0316": "02", "F_ALTA": "2018-06-14", "area": 2814.558, "cuenca": "Adaja", "Tipo": "Laguna", "variacion": 88.504592895507812 }, "geometry": { "type": "Point", "coordinates": [ -4.777146043261609, 40.935427464279442 ] } },
{ "type": "Feature", "properties": { "ID": 142377034.0, "NOMBRE": null, "TIPO_0316": "01", "REGIM_0316": "02", "F_ALTA": "2018-06-14", "area": 250.906, "cuenca": "Adaja", "Tipo": "Laguna", "variacion": 93.856986999511719 }, "geometry": { "type": "Point", "coordinates": [ -4.852565377483084, 40.926969383975759 ] } },
{ "type": "Feature", "properties": { "ID": 142393292.0, "NOMBRE": null, "TIPO_0316": "01", "REGIM_0316": "01", "F_ALTA": "2018-06-15", "area": 902.835, "cuenca": "Zapardiel", "Tipo": "Laguna", "variacion": 95.148681640625 }, "geometry": { "type": "Point", "coordinates": [ -4.893081418188371, 40.922870968288436 ] } },
{ "type": "Feature", "properties": { "ID": 142393266.0, "NOMBRE": null, "TIPO_0316": "01", "REGIM_0316": "01", "F_ALTA": "2018-06-15", "area": 2140.875, "cuenca": "Adaja", "Tipo": "Laguna", "variacion": 93.800384521484375 }, "geometry": { "type": "Point", "coordinates": [ -4.852034593823443, 40.926593531582924 ] } },
{ "type": "Feature", "properties": { "ID": 142393265.0, "NOMBRE": null, "TIPO_0316": "01", "REGIM_0316": "01", "F_ALTA": "2018-06-15", "area": 361.776, "cuenca": "Adaja", "Tipo": "Laguna", "variacion": 93.682022094726562 }, "geometry": { "type": "Point", "coordinates": [ -4.850677426225359, 40.926363672116302 ] } },
{ "type": "Feature", "properties": { "ID": 142393293.0, "NOMBRE": null, "TIPO_0316": "01", "REGIM_0316": "01", "F_ALTA": "2018-06-15", "area": 523.669, "cuenca": "Adaja", "Tipo": "Laguna", "variacion": 94.076766967773438 }, "geometry": { "type": "Point", "coordinates": [ -4.859590112938507, 40.921959962517555 ] } },
{ "type": "Feature", "properties": { "ID": 142393297.0, "NOMBRE": null, "TIPO_0316": "01", "REGIM_0316": "01", "F_ALTA": "2018-06-15", "area": 2026.77, "cuenca": "Adaja", "Tipo": "Laguna", "variacion": 93.802345275878906 }, "geometry": { "type": "Point", "coordinates": [ -4.858238144415582, 40.918769892701029 ] } },
{ "type": "Feature", "properties": { "ID": 142377189.0, "NOMBRE": null, "TIPO_0316": "01", "REGIM_0316": "02", "F_ALTA": "2018-06-14", "area": 1048.141, "cuenca": "Adaja", "Tipo": "Laguna", "variacion": 94.730697631835938 }, "geometry": { "type": "Point", "coordinates": [ -4.877660038184309, 40.915646301731577 ] } },
{ "type": "Feature", "properties": { "ID": 142361704.0, "NOMBRE": "Laguna del Torrejón", "TIPO_0316": "01", "REGIM_0316": "01", "F_ALTA": "2021-05-25", "area": 997.779, "cuenca": "Adaja", "Tipo": "Laguna", "variacion": 94.795753479003906 }, "geometry": { "type": "Point", "coordinates": [ -4.880707675981692, 40.915074056664515 ] } },
{ "type": "Feature", "properties": { "ID": 142393300.0, "NOMBRE": null, "TIPO_0316": "01", "REGIM_0316": "01", "F_ALTA": "2018-06-15", "area": 891.551, "cuenca": "Adaja", "Tipo": "Laguna", "variacion": 94.091827392578125 }, "geometry": { "type": "Point", "coordinates": [ -4.867089307564177, 40.91271628334912 ] } },
{ "type": "Feature", "properties": { "ID": 142393301.0, "NOMBRE": "Laguna del Burro", "TIPO_0316": "01", "REGIM_0316": "01", "F_ALTA": "2022-08-25", "area": 724.216, "cuenca": "Adaja", "Tipo": "Laguna", "variacion": 93.763160705566406 }, "geometry": { "type": "Point", "coordinates": [ -4.863354579193993, 40.911467237394916 ] } },
{ "type": "Feature", "properties": { "ID": 142377010.0, "NOMBRE": null, "TIPO_0316": "01", "REGIM_0316": "02", "F_ALTA": "2018-06-14", "area": 321.3, "cuenca": "Adaja", "Tipo": "Laguna", "variacion": 81.942573547363281 }, "geometry": { "type": "Point", "coordinates": [ -4.772312381000972, 40.907539861810356 ] } },
{ "type": "Feature", "properties": { "ID": 142377020.0, "NOMBRE": null, "TIPO_0316": "01", "REGIM_0316": "02", "F_ALTA": "2018-06-14", "area": 181.296, "cuenca": "Adaja", "Tipo": "Laguna", "variacion": 82.380058288574219 }, "geometry": { "type": "Point", "coordinates": [ -4.779237329560722, 40.906741078440412 ] } },
{ "type": "Feature", "properties": { "ID": 142377013.0, "NOMBRE": null, "TIPO_0316": "01", "REGIM_0316": "02", "F_ALTA": "2018-06-14", "area": 299.824, "cuenca": "Adaja", "Tipo": "Laguna", "variacion": 81.888023376464844 }, "geometry": { "type": "Point", "coordinates": [ -4.775315345938074, 40.90631403672279 ] } },
{ "type": "Feature", "properties": { "ID": 142377011.0, "NOMBRE": null, "TIPO_0316": "01", "REGIM_0316": "02", "F_ALTA": "2018-06-14", "area": 129.131, "cuenca": "Adaja", "Tipo": "Laguna", "variacion": 81.566429138183594 }, "geometry": { "type": "Point", "coordinates": [ -4.772422028437597, 40.906267008349658 ] } },
{ "type": "Feature", "properties": { "ID": 142377022.0, "NOMBRE": null, "TIPO_0316": "01", "REGIM_0316": "02", "F_ALTA": "2018-06-14", "area": 708.454, "cuenca": "Adaja", "Tipo": "Laguna", "variacion": 86.384765625 }, "geometry": { "type": "Point", "coordinates": [ -4.815499530483014, 40.901569860844639 ] } },
{ "type": "Feature", "properties": { "ID": 142377007.0, "NOMBRE": null, "TIPO_0316": "01", "REGIM_0316": "02", "F_ALTA": "2018-06-14", "area": 91.617, "cuenca": "Adaja", "Tipo": "Laguna", "variacion": 79.858352661132812 }, "geometry": { "type": "Point", "coordinates": [ -4.770622918337115, 40.90153401468077 ] } },
{ "type": "Feature", "properties": { "ID": 142361703.0, "NOMBRE": "Laguna de Vallejos", "TIPO_0316": "01", "REGIM_0316": "01", "F_ALTA": "2021-05-25", "area": 1009.545, "cuenca": "Trabancos", "Tipo": "Laguna", "variacion": 89.831085205078125 }, "geometry": { "type": "Point", "coordinates": [ -5.078237553767646, 40.915519361950658 ] } },
{ "type": "Feature", "properties": { "ID": 142377190.0, "NOMBRE": null, "TIPO_0316": "01", "REGIM_0316": "02", "F_ALTA": "2018-06-14", "area": 602.532, "cuenca": "Trabancos", "Tipo": "Laguna", "variacion": 85.035736083984375 }, "geometry": { "type": "Point", "coordinates": [ -5.066952443066835, 40.890670773341959 ] } },
{ "type": "Feature", "properties": { "ID": 142377191.0, "NOMBRE": null, "TIPO_0316": "01", "REGIM_0316": "02", "F_ALTA": "2018-06-14", "area": 262.514, "cuenca": "Trabancos", "Tipo": "Laguna", "variacion": 84.941673278808594 }, "geometry": { "type": "Point", "coordinates": [ -5.066402758969746, 40.890638683786584 ] } },
{ "type": "Feature", "properties": { "ID": 142393367.0, "NOMBRE": null, "TIPO_0316": "01", "REGIM_0316": "01", "F_ALTA": "2018-06-15", "area": 728.543, "cuenca": "Trabancos", "Tipo": "Laguna", "variacion": 85.282012939453125 }, "geometry": { "type": "Point", "coordinates": [ -5.056942829034059, 40.860773172803476 ] } },
{ "type": "Feature", "properties": { "ID": 142393306.0, "NOMBRE": null, "TIPO_0316": "01", "REGIM_0316": "01", "F_ALTA": "2018-06-15", "area": 656.538, "cuenca": "Trabancos", "Tipo": "Laguna", "variacion": 85.064056396484375 }, "geometry": { "type": "Point", "coordinates": [ -5.059252583048428, 40.90586761107113 ] } },
{ "type": "Feature", "properties": { "ID": 142393366.0, "NOMBRE": null, "TIPO_0316": "01", "REGIM_0316": "01", "F_ALTA": "2018-06-15", "area": 1502.593, "cuenca": "Trabancos", "Tipo": "Laguna", "variacion": 83.844253540039062 }, "geometry": { "type": "Point", "coordinates": [ -5.05390611964811, 40.865949026065564 ] } },
{ "type": "Feature", "properties": { "ID": 142361723.0, "NOMBRE": null, "TIPO_0316": "01", "REGIM_0316": "01", "F_ALTA": "2022-08-25", "area": 1626.112, "cuenca": "Trabancos", "Tipo": "Laguna", "variacion": 87.183242797851562 }, "geometry": { "type": "Point", "coordinates": [ -5.043564839754407, 40.845831355171924 ] } },
{ "type": "Feature", "properties": { "ID": 142393305.0, "NOMBRE": null, "TIPO_0316": "01", "REGIM_0316": "01", "F_ALTA": "2018-06-15", "area": 795.555, "cuenca": "Zapardiel", "Tipo": "Laguna", "variacion": 83.239173889160156 }, "geometry": { "type": "Point", "coordinates": [ -5.044724444585643, 40.906731081343132 ] } },
{ "type": "Feature", "properties": { "ID": 142393304.0, "NOMBRE": null, "TIPO_0316": "01", "REGIM_0316": "01", "F_ALTA": "2018-06-15", "area": 1245.087, "cuenca": "Zapardiel", "Tipo": "Laguna", "variacion": 83.132369995117188 }, "geometry": { "type": "Point", "coordinates": [ -5.04285432397303, 40.907103863523858 ] } },
{ "type": "Feature", "properties": { "ID": 142393295.0, "NOMBRE": null, "TIPO_0316": "01", "REGIM_0316": "01", "F_ALTA": "2018-06-15", "area": 1477.106, "cuenca": "Zapardiel", "Tipo": "Laguna", "variacion": 85.615615844726562 }, "geometry": { "type": "Point", "coordinates": [ -5.041353787736491, 40.921128857188009 ] } },
{ "type": "Feature", "properties": { "ID": 142393308.0, "NOMBRE": null, "TIPO_0316": "01", "REGIM_0316": "01", "F_ALTA": "2018-06-15", "area": 309.022, "cuenca": "Zapardiel", "Tipo": "Laguna", "variacion": 81.177192687988281 }, "geometry": { "type": "Point", "coordinates": [ -5.036775813605726, 40.896852083091062 ] } },
{ "type": "Feature", "properties": { "ID": 142361722.0, "NOMBRE": "Charca Chica", "TIPO_0316": "01", "REGIM_0316": "01", "F_ALTA": "2021-05-25", "area": 1574.122, "cuenca": "Trabancos", "Tipo": "Laguna", "variacion": 85.369735717773438 }, "geometry": { "type": "Point", "coordinates": [ -5.030697186281159, 40.847957391474523 ] } },
{ "type": "Feature", "properties": { "ID": 142393313.0, "NOMBRE": null, "TIPO_0316": "01", "REGIM_0316": "01", "F_ALTA": "2018-06-15", "area": 862.566, "cuenca": "Zapardiel", "Tipo": "Laguna", "variacion": 80.212654113769531 }, "geometry": { "type": "Point", "coordinates": [ -5.033535071195528, 40.886557048366953 ] } },
{ "type": "Feature", "properties": { "ID": 142361707.0, "NOMBRE": "Laguna de Navarredonda", "TIPO_0316": "01", "REGIM_0316": "01", "F_ALTA": "2021-05-25", "area": 1651.128, "cuenca": "Zapardiel", "Tipo": "Laguna", "variacion": 80.496452331542969 }, "geometry": { "type": "Point", "coordinates": [ -5.032591919559721, 40.892675204881805 ] } },
{ "type": "Feature", "properties": { "ID": 142393299.0, "NOMBRE": null, "TIPO_0316": "01", "REGIM_0316": "01", "F_ALTA": "2018-06-15", "area": 1385.66, "cuenca": "Zapardiel", "Tipo": "Laguna", "variacion": 84.167022705078125 }, "geometry": { "type": "Point", "coordinates": [ -5.033815335897012, 40.916618880283714 ] } },
{ "type": "Feature", "properties": { "ID": 142393319.0, "NOMBRE": null, "TIPO_0316": "01", "REGIM_0316": "01", "F_ALTA": "2018-06-15", "area": 2661.219, "cuenca": "Zapardiel", "Tipo": "Laguna", "variacion": 79.760025024414062 }, "geometry": { "type": "Point", "coordinates": [ -5.02633397410644, 40.880187950823696 ] } },
{ "type": "Feature", "properties": { "ID": 142393317.0, "NOMBRE": null, "TIPO_0316": "01", "REGIM_0316": "01", "F_ALTA": "2018-06-15", "area": 1072.589, "cuenca": "Zapardiel", "Tipo": "Laguna", "variacion": 79.689498901367188 }, "geometry": { "type": "Point", "coordinates": [ -5.024637544037784, 40.881647992111645 ] } },
{ "type": "Feature", "properties": { "ID": 142393307.0, "NOMBRE": null, "TIPO_0316": "01", "REGIM_0316": "01", "F_ALTA": "2018-06-15", "area": 203.353, "cuenca": "Zapardiel", "Tipo": "Laguna", "variacion": 81.557456970214844 }, "geometry": { "type": "Point", "coordinates": [ -5.0199831045347, 40.904961934668599 ] } },
{ "type": "Feature", "properties": { "ID": 142393256.0, "NOMBRE": null, "TIPO_0316": "01", "REGIM_0316": "01", "F_ALTA": "2018-06-15", "area": 973.844, "cuenca": "Zapardiel", "Tipo": "Laguna", "variacion": 86.292716979980469 }, "geometry": { "type": "Point", "coordinates": [ -5.01923242888058, 40.928259828509823 ] } },
{ "type": "Feature", "properties": { "ID": 142393359.0, "NOMBRE": null, "TIPO_0316": "01", "REGIM_0316": "01", "F_ALTA": "2018-06-15", "area": 1027.767, "cuenca": "Zapardiel", "Tipo": "Laguna", "variacion": 84.40643310546875 }, "geometry": { "type": "Point", "coordinates": [ -5.01273342364816, 40.849947896764633 ] } },
{ "type": "Feature", "properties": { "ID": 142393259.0, "NOMBRE": null, "TIPO_0316": "01", "REGIM_0316": "01", "F_ALTA": "2018-06-15", "area": 641.139, "cuenca": "Zapardiel", "Tipo": "Laguna", "variacion": 86.104263305664062 }, "geometry": { "type": "Point", "coordinates": [ -5.014267078713123, 40.927385972038579 ] } },
{ "type": "Feature", "properties": { "ID": 142393312.0, "NOMBRE": null, "TIPO_0316": "01", "REGIM_0316": "01", "F_ALTA": "2022-08-25", "area": 6561.373, "cuenca": "Zapardiel", "Tipo": "Laguna", "variacion": 79.927444458007812 }, "geometry": { "type": "Point", "coordinates": [ -5.009410159996041, 40.887683797165039 ] } },
{ "type": "Feature", "properties": { "ID": 142393303.0, "NOMBRE": null, "TIPO_0316": "01", "REGIM_0316": "01", "F_ALTA": "2018-06-15", "area": 580.734, "cuenca": "Zapardiel", "Tipo": "Laguna", "variacion": 82.072906494140625 }, "geometry": { "type": "Point", "coordinates": [ -5.010908819816366, 40.907500804748729 ] } },
{ "type": "Feature", "properties": { "ID": 142393323.0, "NOMBRE": null, "TIPO_0316": "01", "REGIM_0316": "01", "F_ALTA": "2018-06-15", "area": 2651.229, "cuenca": "Zapardiel", "Tipo": "Laguna", "variacion": 80.66864013671875 }, "geometry": { "type": "Point", "coordinates": [ -5.002251279423206, 40.872512798603928 ] } },
{ "type": "Feature", "properties": { "ID": 142393298.0, "NOMBRE": null, "TIPO_0316": "01", "REGIM_0316": "01", "F_ALTA": "2018-06-15", "area": 443.288, "cuenca": "Zapardiel", "Tipo": "Laguna", "variacion": 84.484489440917969 }, "geometry": { "type": "Point", "coordinates": [ -4.999556373854605, 40.917630124286298 ] } },
{ "type": "Feature", "properties": { "ID": 142393322.0, "NOMBRE": null, "TIPO_0316": "01", "REGIM_0316": "01", "F_ALTA": "2018-06-15", "area": 2266.881, "cuenca": "Zapardiel", "Tipo": "Laguna", "variacion": 81.334709167480469 }, "geometry": { "type": "Point", "coordinates": [ -4.993526967308789, 40.875076289132465 ] } },
{ "type": "Feature", "properties": { "ID": 142393314.0, "NOMBRE": null, "TIPO_0316": "01", "REGIM_0316": "01", "F_ALTA": "2018-06-15", "area": 642.632, "cuenca": "Zapardiel", "Tipo": "Laguna", "variacion": 82.089042663574219 }, "geometry": { "type": "Point", "coordinates": [ -4.985921016744857, 40.8861937548008 ] } },
{ "type": "Feature", "properties": { "ID": 142393296.0, "NOMBRE": null, "TIPO_0316": "01", "REGIM_0316": "01", "F_ALTA": "2018-06-15", "area": 550.6, "cuenca": "Zapardiel", "Tipo": "Laguna", "variacion": 86.112991333007812 }, "geometry": { "type": "Point", "coordinates": [ -4.984840884557019, 40.919870608722562 ] } },
{ "type": "Feature", "properties": { "ID": 142393309.0, "NOMBRE": null, "TIPO_0316": "01", "REGIM_0316": "01", "F_ALTA": "2018-06-15", "area": 974.116, "cuenca": "Zapardiel", "Tipo": "Laguna", "variacion": 83.287696838378906 }, "geometry": { "type": "Point", "coordinates": [ -4.978502091656901, 40.890259791901471 ] } },
{ "type": "Feature", "properties": { "ID": 142393311.0, "NOMBRE": null, "TIPO_0316": "01", "REGIM_0316": "01", "F_ALTA": "2018-06-15", "area": 848.608, "cuenca": "Zapardiel", "Tipo": "Laguna", "variacion": 84.450393676757812 }, "geometry": { "type": "Point", "coordinates": [ -4.97126717212167, 40.88794744827333 ] } },
{ "type": "Feature", "properties": { "ID": 142361728.0, "NOMBRE": "Laguna de las Eras", "TIPO_0316": "01", "REGIM_0316": "01", "F_ALTA": "2021-05-25", "area": 1423.432, "cuenca": "Zapardiel", "Tipo": "Laguna", "variacion": 86.075027465820312 }, "geometry": { "type": "Point", "coordinates": [ -4.962153496726063, 40.886308747703708 ] } },
{ "type": "Feature", "properties": { "ID": 142393324.0, "NOMBRE": null, "TIPO_0316": "01", "REGIM_0316": "01", "F_ALTA": "2018-06-15", "area": 719.721, "cuenca": "Zapardiel", "Tipo": "Laguna", "variacion": 87.408012390136719 }, "geometry": { "type": "Point", "coordinates": [ -4.959415090440279, 40.870413469347348 ] } },
{ "type": "Feature", "properties": { "ID": 142361702.0, "NOMBRE": "Laguna de los Prados del Cardillejo", "TIPO_0316": "01", "REGIM_0316": "02", "F_ALTA": "2021-05-25", "area": 818.415, "cuenca": "Zapardiel", "Tipo": "Laguna", "variacion": 88.873268127441406 }, "geometry": { "type": "Point", "coordinates": [ -4.959904824040358, 40.918273448161194 ] } },
{ "type": "Feature", "properties": { "ID": 232014079.0, "NOMBRE": "Laguna del Pozo#Laguna de Fontiveros", "TIPO_0316": "01", "REGIM_0316": "01", "F_ALTA": "2022-08-25", "area": 12395.926, "cuenca": "Zapardiel", "Tipo": "Laguna", "variacion": 90.129203796386719 }, "geometry": { "type": "Point", "coordinates": [ -4.959030091076541, 40.926402240725551 ] } },
{ "type": "Feature", "properties": { "ID": 142393316.0, "NOMBRE": "Laguna Muñoza", "TIPO_0316": "01", "REGIM_0316": "01", "F_ALTA": "2022-08-25", "area": 487.279, "cuenca": "Zapardiel", "Tipo": "Laguna", "variacion": 88.036766052246094 }, "geometry": { "type": "Point", "coordinates": [ -4.951949050574131, 40.882615688710764 ] } },
{ "type": "Feature", "properties": { "ID": 142377004.0, "NOMBRE": null, "TIPO_0316": "01", "REGIM_0316": "02", "F_ALTA": "2018-06-14", "area": 397.818, "cuenca": "Zapardiel", "Tipo": "Laguna", "variacion": 90.756629943847656 }, "geometry": { "type": "Point", "coordinates": [ -4.953453326197168, 40.926274032277277 ] } },
{ "type": "Feature", "properties": { "ID": 142393318.0, "NOMBRE": null, "TIPO_0316": "01", "REGIM_0316": "01", "F_ALTA": "2018-06-15", "area": 222.086, "cuenca": "Zapardiel", "Tipo": "Laguna", "variacion": 88.505027770996094 }, "geometry": { "type": "Point", "coordinates": [ -4.949927491970773, 40.881059760666091 ] } },
{ "type": "Feature", "properties": { "ID": 142393320.0, "NOMBRE": null, "TIPO_0316": "01", "REGIM_0316": "01", "F_ALTA": "2018-06-15", "area": 209.395, "cuenca": "Zapardiel", "Tipo": "Laguna", "variacion": 89.35687255859375 }, "geometry": { "type": "Point", "coordinates": [ -4.946061661862442, 40.878382041867788 ] } },
{ "type": "Feature", "properties": { "ID": 142393258.0, "NOMBRE": null, "TIPO_0316": "01", "REGIM_0316": "01", "F_ALTA": "2018-06-15", "area": 473.739, "cuenca": "Zapardiel", "Tipo": "Laguna", "variacion": 91.778022766113281 }, "geometry": { "type": "Point", "coordinates": [ -4.945773631421221, 40.927435488555602 ] } },
{ "type": "Feature", "properties": { "ID": 142376999.0, "NOMBRE": null, "TIPO_0316": "01", "REGIM_0316": "02", "F_ALTA": "2018-06-14", "area": 1024.966, "cuenca": "Zapardiel", "Tipo": "Laguna", "variacion": 94.735946655273438 }, "geometry": { "type": "Point", "coordinates": [ -4.942740380992595, 40.949654583492368 ] } },
{ "type": "Feature", "properties": { "ID": 142361668.0, "NOMBRE": "Lavajo de la Lagunilla", "TIPO_0316": "01", "REGIM_0316": "01", "F_ALTA": "2021-05-25", "area": 769.498, "cuenca": "Zapardiel", "Tipo": "Laguna", "variacion": 93.39215087890625 }, "geometry": { "type": "Point", "coordinates": [ -4.941785360052357, 40.93770050742966 ] } },
{ "type": "Feature", "properties": { "ID": 142393253.0, "NOMBRE": null, "TIPO_0316": "01", "REGIM_0316": "01", "F_ALTA": "2018-06-15", "area": 328.888, "cuenca": "Zapardiel", "Tipo": "Laguna", "variacion": 92.735610961914062 }, "geometry": { "type": "Point", "coordinates": [ -4.940556031523618, 40.931044037136097 ] } },
{ "type": "Feature", "properties": { "ID": 142377000.0, "NOMBRE": null, "TIPO_0316": "01", "REGIM_0316": "02", "F_ALTA": "2018-06-14", "area": 705.468, "cuenca": "Zapardiel", "Tipo": "Laguna", "variacion": 94.782562255859375 }, "geometry": { "type": "Point", "coordinates": [ -4.941323400726607, 40.94928425951074 ] } },
{ "type": "Feature", "properties": { "ID": 142393315.0, "NOMBRE": null, "TIPO_0316": "01", "REGIM_0316": "01", "F_ALTA": "2018-06-15", "area": 4290.218, "cuenca": "Zapardiel", "Tipo": "Laguna", "variacion": 91.236648559570312 }, "geometry": { "type": "Point", "coordinates": [ -4.93333394839773, 40.885059830701643 ] } },
{ "type": "Feature", "properties": { "ID": 142393342.0, "NOMBRE": null, "TIPO_0316": "01", "REGIM_0316": "01", "F_ALTA": "2018-06-15", "area": 825.486, "cuenca": "Tormes", "Tipo": "Laguna", "variacion": 119.49820709228516 }, "geometry": { "type": "Point", "coordinates": [ -5.159029625659469, 40.840115153486451 ] } },
{ "type": "Feature", "properties": { "ID": 142377350.0, "NOMBRE": null, "TIPO_0316": "01", "REGIM_0316": "02", "F_ALTA": "2018-06-14", "area": 229.997, "cuenca": "Tormes", "Tipo": "Laguna", "variacion": 114.34921264648438 }, "geometry": { "type": "Point", "coordinates": [ -5.156224985317306, 40.857170679765389 ] } },
{ "type": "Feature", "properties": { "ID": 142393343.0, "NOMBRE": null, "TIPO_0316": "01", "REGIM_0316": "01", "F_ALTA": "2018-06-15", "area": 1710.988, "cuenca": "Tormes", "Tipo": "Laguna", "variacion": 114.96392059326172 }, "geometry": { "type": "Point", "coordinates": [ -5.146720027540373, 40.842656363721495 ] } },
{ "type": "Feature", "properties": { "ID": 142361719.0, "NOMBRE": "Laguna de Pinaderos", "TIPO_0316": "01", "REGIM_0316": "01", "F_ALTA": "2021-05-25", "area": 2242.986, "cuenca": "Trabancos", "Tipo": "Laguna", "variacion": 110.51876068115234 }, "geometry": { "type": "Point", "coordinates": [ -5.147103970710742, 40.861603760620888 ] } },
{ "type": "Feature", "properties": { "ID": 142393341.0, "NOMBRE": null, "TIPO_0316": "01", "REGIM_0316": "01", "F_ALTA": "2018-06-15", "area": 1476.994, "cuenca": "Tormes", "Tipo": "Laguna", "variacion": 116.18788146972656 }, "geometry": { "type": "Point", "coordinates": [ -5.145146060550329, 40.836826922302564 ] } },
{ "type": "Feature", "properties": { "ID": 142393347.0, "NOMBRE": null, "TIPO_0316": "01", "REGIM_0316": "01", "F_ALTA": "2018-06-15", "area": 848.003, "cuenca": "Trabancos", "Tipo": "Laguna", "variacion": 106.01731109619141 }, "geometry": { "type": "Point", "coordinates": [ -5.1328528804266, 40.861191662303035 ] } },
{ "type": "Feature", "properties": { "ID": 142393198.0, "NOMBRE": null, "TIPO_0316": "01", "REGIM_0316": "01", "F_ALTA": "2018-06-15", "area": 1342.515, "cuenca": "Trabancos", "Tipo": "Laguna", "variacion": 101.09381866455078 }, "geometry": { "type": "Point", "coordinates": [ -5.124016872335694, 40.875136177511685 ] } },
{ "type": "Feature", "properties": { "ID": 142393340.0, "NOMBRE": null, "TIPO_0316": "01", "REGIM_0316": "01", "F_ALTA": "2018-06-15", "area": 575.008, "cuenca": "Tormes", "Tipo": "Laguna", "variacion": 107.93972015380859 }, "geometry": { "type": "Point", "coordinates": [ -5.118663527216888, 40.837000095214137 ] } },
{ "type": "Feature", "properties": { "ID": 142393345.0, "NOMBRE": null, "TIPO_0316": "01", "REGIM_0316": "01", "F_ALTA": "2018-06-15", "area": 1141.517, "cuenca": "Trabancos", "Tipo": "Laguna", "variacion": 102.16178131103516 }, "geometry": { "type": "Point", "coordinates": [ -5.117793981502269, 40.856539225890685 ] } },
{ "type": "Feature", "properties": { "ID": 142393196.0, "NOMBRE": null, "TIPO_0316": "01", "REGIM_0316": "01", "F_ALTA": "2018-06-15", "area": 1472.526, "cuenca": "Trabancos", "Tipo": "Laguna", "variacion": 97.418586730957031 }, "geometry": { "type": "Point", "coordinates": [ -5.115527480532005, 40.893732835961288 ] } },
{ "type": "Feature", "properties": { "ID": 142361649.0, "NOMBRE": "Laguna de la Mujer", "TIPO_0316": "01", "REGIM_0316": "01", "F_ALTA": "2021-05-25", "area": 1267.523, "cuenca": "Trabancos", "Tipo": "Laguna", "variacion": 97.098129272460938 }, "geometry": { "type": "Point", "coordinates": [ -5.114180647886587, 40.888539181654117 ] } },
{ "type": "Feature", "properties": { "ID": 142361648.0, "NOMBRE": "Laguna de San Román", "TIPO_0316": "01", "REGIM_0316": "01", "F_ALTA": "2021-05-25", "area": 5767.608, "cuenca": "Trabancos", "Tipo": "Laguna", "variacion": 101.6395263671875 }, "geometry": { "type": "Point", "coordinates": [ -5.116291306261703, 40.940661295194666 ] } },
{ "type": "Feature", "properties": { "ID": 142393344.0, "NOMBRE": null, "TIPO_0316": "01", "REGIM_0316": "01", "F_ALTA": "2018-06-15", "area": 626.012, "cuenca": "Trabancos", "Tipo": "Laguna", "variacion": 100.53843688964844 }, "geometry": { "type": "Point", "coordinates": [ -5.110146732696448, 40.853329213655165 ] } },
{ "type": "Feature", "properties": { "ID": 142393195.0, "NOMBRE": null, "TIPO_0316": "01", "REGIM_0316": "01", "F_ALTA": "2018-06-15", "area": 1121.022, "cuenca": "Trabancos", "Tipo": "Laguna", "variacion": 97.036888122558594 }, "geometry": { "type": "Point", "coordinates": [ -5.111722544461695, 40.87780098562169 ] } },
{ "type": "Feature", "properties": { "ID": 142393192.0, "NOMBRE": null, "TIPO_0316": "01", "REGIM_0316": "01", "F_ALTA": "2018-06-15", "area": 3686.101, "cuenca": "Trabancos", "Tipo": "Laguna", "variacion": 96.952491760253906 }, "geometry": { "type": "Point", "coordinates": [ -5.105859360050583, 40.923259407330953 ] } },
{ "type": "Feature", "properties": { "ID": 142361647.0, "NOMBRE": "Balsón de Abajo", "TIPO_0316": "01", "REGIM_0316": "01", "F_ALTA": "2021-05-25", "area": 1659.048, "cuenca": "Trabancos", "Tipo": "Laguna", "variacion": 93.064788818359375 }, "geometry": { "type": "Point", "coordinates": [ -5.098597096379567, 40.878512961977258 ] } },
{ "type": "Feature", "properties": { "ID": 142361724.0, "NOMBRE": "Laguna Sanesáez", "TIPO_0316": "01", "REGIM_0316": "01", "F_ALTA": "2022-08-25", "area": 1379.782, "cuenca": "Trabancos", "Tipo": "Laguna", "variacion": 91.979789733886719 }, "geometry": { "type": "Point", "coordinates": [ -5.090203437572401, 40.866870246591645 ] } },
{ "type": "Feature", "properties": { "ID": 142377001.0, "NOMBRE": null, "TIPO_0316": "01", "REGIM_0316": "02", "F_ALTA": "2018-06-14", "area": 1863.068, "cuenca": "Trabancos", "Tipo": "Laguna", "variacion": 98.264495849609375 }, "geometry": { "type": "Point", "coordinates": [ -5.092331810958175, 40.94783560399442 ] } },
{ "type": "Feature", "properties": { "ID": 142393369.0, "NOMBRE": null, "TIPO_0316": "01", "REGIM_0316": "01", "F_ALTA": "2018-06-15", "area": 1389.555, "cuenca": "Trabancos", "Tipo": "Laguna", "variacion": 93.432090759277344 }, "geometry": { "type": "Point", "coordinates": [ -5.084659883143508, 40.852517728127175 ] } },
{ "type": "Feature", "properties": { "ID": 142393257.0, "NOMBRE": null, "TIPO_0316": "01", "REGIM_0316": "01", "F_ALTA": "2018-06-15", "area": 4933.199, "cuenca": "Trabancos", "Tipo": "Laguna", "variacion": 93.359420776367188 }, "geometry": { "type": "Point", "coordinates": [ -5.085789427913915, 40.927845395071643 ] } },
{ "type": "Feature", "properties": { "ID": 142377358.0, "NOMBRE": null, "TIPO_0316": "01", "REGIM_0316": "02", "F_ALTA": "2018-06-14", "area": 229.013, "cuenca": "Adaja", "Tipo": "Laguna", "variacion": 111.91105651855469 }, "geometry": { "type": "Point", "coordinates": [ -4.884840513305894, 40.783788529601786 ] } },
{ "type": "Feature", "properties": { "ID": 142377360.0, "NOMBRE": null, "TIPO_0316": "01", "REGIM_0316": "02", "F_ALTA": "2018-06-14", "area": 222.295, "cuenca": "Adaja", "Tipo": "Laguna", "variacion": 106.23504638671875 }, "geometry": { "type": "Point", "coordinates": [ -4.897818989020538, 40.805808899875167 ] } },
{ "type": "Feature", "properties": { "ID": 142377361.0, "NOMBRE": null, "TIPO_0316": "01", "REGIM_0316": "02", "F_ALTA": "2018-06-14", "area": 1194.086, "cuenca": "Adaja", "Tipo": "Laguna", "variacion": 105.53179931640625 }, "geometry": { "type": "Point", "coordinates": [ -4.914628332167705, 40.812527513714898 ] } },
{ "type": "Feature", "properties": { "ID": 142377354.0, "NOMBRE": null, "TIPO_0316": "01", "REGIM_0316": "02", "F_ALTA": "2018-06-14", "area": 130.547, "cuenca": "Adaja", "Tipo": "Laguna", "variacion": 98.19232177734375 }, "geometry": { "type": "Point", "coordinates": [ -4.867185360714043, 40.81299931861124 ] } },
{ "type": "Feature", "properties": { "ID": 142377353.0, "NOMBRE": null, "TIPO_0316": "01", "REGIM_0316": "02", "F_ALTA": "2018-06-14", "area": 10027.059, "cuenca": "Adaja", "Tipo": "Laguna", "variacion": 96.975540161132812 }, "geometry": { "type": "Point", "coordinates": [ -4.864812230516654, 40.815428071066684 ] } },
{ "type": "Feature", "properties": { "ID": 142377352.0, "NOMBRE": null, "TIPO_0316": "01", "REGIM_0316": "02", "F_ALTA": "2018-06-14", "area": 357.166, "cuenca": "Adaja", "Tipo": "Laguna", "variacion": 95.227485656738281 }, "geometry": { "type": "Point", "coordinates": [ -4.861611402217115, 40.819129842789359 ] } },
{ "type": "Feature", "properties": { "ID": 142393354.0, "NOMBRE": null, "TIPO_0316": "01", "REGIM_0316": "01", "F_ALTA": "2018-06-15", "area": 1309.888, "cuenca": "Adaja", "Tipo": "Laguna", "variacion": 102.59874725341797 }, "geometry": { "type": "Point", "coordinates": [ -4.924569483510165, 40.822499055194001 ] } },
{ "type": "Feature", "properties": { "ID": 142377386.0, "NOMBRE": null, "TIPO_0316": "01", "REGIM_0316": "02", "F_ALTA": "2018-06-14", "area": 226.197, "cuenca": "Adaja", "Tipo": "Laguna", "variacion": 68.920539855957031 }, "geometry": { "type": "Point", "coordinates": [ -4.801111714425555, 40.837112968423845 ] } },
{ "type": "Feature", "properties": { "ID": 142377362.0, "NOMBRE": null, "TIPO_0316": "01", "REGIM_0316": "02", "F_ALTA": "2018-06-14", "area": 357.556, "cuenca": "Adaja", "Tipo": "Laguna", "variacion": 98.156890869140625 }, "geometry": { "type": "Point", "coordinates": [ -4.926875261590713, 40.839084350074131 ] } },
{ "type": "Feature", "properties": { "ID": 142393351.0, "NOMBRE": null, "TIPO_0316": "01", "REGIM_0316": "01", "F_ALTA": "2018-06-15", "area": 1858.639, "cuenca": "Adaja", "Tipo": "Laguna", "variacion": 97.849327087402344 }, "geometry": { "type": "Point", "coordinates": [ -4.896589595007518, 40.842669002787709 ] } },
{ "type": "Feature", "properties": { "ID": 142393348.0, "NOMBRE": null, "TIPO_0316": "01", "REGIM_0316": "01", "F_ALTA": "2018-06-15", "area": 398.333, "cuenca": "Adaja", "Tipo": "Laguna", "variacion": 90.370811462402344 }, "geometry": { "type": "Point", "coordinates": [ -4.856078473553103, 40.843554679741551 ] } },
{ "type": "Feature", "properties": { "ID": 232014077.0, "NOMBRE": "Laguna del Oso", "TIPO_0316": "01", "REGIM_0316": "01", "F_ALTA": "2022-08-25", "area": 3187.034, "cuenca": "Adaja", "Tipo": "Laguna", "variacion": 60.594009399414062 }, "geometry": { "type": "Point", "coordinates": [ -4.764446162803868, 40.854573314931791 ] } },
{ "type": "Feature", "properties": { "ID": 142361726.0, "NOMBRE": "Laguna del Hoyo", "TIPO_0316": "01", "REGIM_0316": "02", "F_ALTA": "2021-05-25", "area": 23561.639, "cuenca": "Adaja", "Tipo": "Laguna", "variacion": 61.032459259033203 }, "geometry": { "type": "Point", "coordinates": [ -4.76377556679491, 40.856323496151475 ] } },
{ "type": "Feature", "properties": { "ID": 142377381.0, "NOMBRE": null, "TIPO_0316": "01", "REGIM_0316": "02", "F_ALTA": "2018-06-14", "area": 454.553, "cuenca": "Adaja", "Tipo": "Laguna", "variacion": 67.830352783203125 }, "geometry": { "type": "Point", "coordinates": [ -4.790358508406886, 40.855946820100044 ] } },
{ "type": "Feature", "properties": { "ID": 142377380.0, "NOMBRE": null, "TIPO_0316": "01", "REGIM_0316": "02", "F_ALTA": "2018-06-14", "area": 109.982, "cuenca": "Adaja", "Tipo": "Laguna", "variacion": 60.028469085693359 }, "geometry": { "type": "Point", "coordinates": [ -4.751279175815016, 40.857827765355857 ] } },
{ "type": "Feature", "properties": { "ID": 142377379.0, "NOMBRE": null, "TIPO_0316": "01", "REGIM_0316": "02", "F_ALTA": "2018-06-14", "area": 8965.329, "cuenca": "Adaja", "Tipo": "Laguna", "variacion": 77.449615478515625 }, "geometry": { "type": "Point", "coordinates": [ -4.816394756069651, 40.858211759677559 ] } },
{ "type": "Feature", "properties": { "ID": 142361720.0, "NOMBRE": "Laguna del Redondo", "TIPO_0316": "01", "REGIM_0316": "02", "F_ALTA": "2021-05-25", "area": 591.226, "cuenca": "Adaja", "Tipo": "Laguna", "variacion": 95.239944458007812 }, "geometry": { "type": "Point", "coordinates": [ -4.885135652148414, 40.858108697142377 ] } },
{ "type": "Feature", "properties": { "ID": 142377378.0, "NOMBRE": null, "TIPO_0316": "01", "REGIM_0316": "02", "F_ALTA": "2018-06-14", "area": 352.222, "cuenca": "Adaja", "Tipo": "Laguna", "variacion": 60.134468078613281 }, "geometry": { "type": "Point", "coordinates": [ -4.750852422999759, 40.858216444940396 ] } },
{ "type": "Feature", "properties": { "ID": 142393349.0, "NOMBRE": null, "TIPO_0316": "01", "REGIM_0316": "01", "F_ALTA": "2018-06-15", "area": 1187.567, "cuenca": "Adaja", "Tipo": "Laguna", "variacion": 91.482414245605469 }, "geometry": { "type": "Point", "coordinates": [ -4.861785387497497, 40.860005266189127 ] } },
{ "type": "Feature", "properties": { "ID": 142393350.0, "NOMBRE": null, "TIPO_0316": "01", "REGIM_0316": "01", "F_ALTA": "2018-06-15", "area": 2913.739, "cuenca": "Adaja", "Tipo": "Laguna", "variacion": 94.281524658203125 }, "geometry": { "type": "Point", "coordinates": [ -4.878514593313165, 40.862294589593766 ] } },
{ "type": "Feature", "properties": { "ID": 142377374.0, "NOMBRE": null, "TIPO_0316": "01", "REGIM_0316": "02", "F_ALTA": "2018-06-14", "area": 229.041, "cuenca": "Adaja", "Tipo": "Laguna", "variacion": 62.359107971191406 }, "geometry": { "type": "Point", "coordinates": [ -4.752627321245115, 40.863466242684453 ] } },
{ "type": "Feature", "properties": { "ID": 142377373.0, "NOMBRE": null, "TIPO_0316": "01", "REGIM_0316": "02", "F_ALTA": "2018-06-14", "area": 535.925, "cuenca": "Adaja", "Tipo": "Laguna", "variacion": 74.133247375488281 }, "geometry": { "type": "Point", "coordinates": [ -4.803264146899981, 40.863985785349215 ] } },
{ "type": "Feature", "properties": { "ID": 142361674.0, "NOMBRE": "Laguna del Ejido", "TIPO_0316": "01", "REGIM_0316": "02", "F_ALTA": "2021-05-25", "area": 30406.558, "cuenca": "Adaja", "Tipo": "Laguna", "variacion": 74.651847839355469 }, "geometry": { "type": "Point", "coordinates": [ -4.802793645547879, 40.866438018053202 ] } },
{ "type": "Feature", "properties": { "ID": 142377027.0, "NOMBRE": null, "TIPO_0316": "01", "REGIM_0316": "02", "F_ALTA": "2018-06-14", "area": 505.963, "cuenca": "Adaja", "Tipo": "Laguna", "variacion": 82.073783874511719 }, "geometry": { "type": "Point", "coordinates": [ -4.826161692428769, 40.866155959857075 ] } },
{ "type": "Feature", "properties": { "ID": 142393262.0, "NOMBRE": null, "TIPO_0316": "01", "REGIM_0316": "01", "F_ALTA": "2018-06-15", "area": 129.454, "cuenca": "Adaja", "Tipo": "Laguna", "variacion": 68.38360595703125 }, "geometry": { "type": "Point", "coordinates": [ -4.778600419998218, 40.867923240139653 ] } },
{ "type": "Feature", "properties": { "ID": 142377355.0, "NOMBRE": null, "TIPO_0316": "01", "REGIM_0316": "02", "F_ALTA": "2018-06-14", "area": 1310.572, "cuenca": "Adaja", "Tipo": "Laguna", "variacion": 93.131362915039062 }, "geometry": { "type": "Point", "coordinates": [ -4.871226024061966, 40.86827703712995 ] } },
{ "type": "Feature", "properties": { "ID": 142377015.0, "NOMBRE": null, "TIPO_0316": "01", "REGIM_0316": "02", "F_ALTA": "2018-06-14", "area": 1490.37, "cuenca": "Adaja", "Tipo": "Laguna", "variacion": 70.587974548339844 }, "geometry": { "type": "Point", "coordinates": [ -4.773554828001929, 40.876263592057704 ] } },
{ "type": "Feature", "properties": { "ID": 142377030.0, "NOMBRE": null, "TIPO_0316": "01", "REGIM_0316": "02", "F_ALTA": "2018-06-14", "area": 4763.54, "cuenca": "Adaja", "Tipo": "Laguna", "variacion": 87.776191711425781 }, "geometry": { "type": "Point", "coordinates": [ -4.841110333958033, 40.878472666467829 ] } },
{ "type": "Feature", "properties": { "ID": 142393321.0, "NOMBRE": null, "TIPO_0316": "01", "REGIM_0316": "01", "F_ALTA": "2018-06-15", "area": 630.278, "cuenca": "Adaja", "Tipo": "Laguna", "variacion": 94.597236633300781 }, "geometry": { "type": "Point", "coordinates": [ -4.89005952511133, 40.878322660391525 ] } },
{ "type": "Feature", "properties": { "ID": 142377193.0, "NOMBRE": null, "TIPO_0316": "01", "REGIM_0316": "02", "F_ALTA": "2018-06-14", "area": 1007.044, "cuenca": "Adaja", "Tipo": "Laguna", "variacion": 91.909927368164062 }, "geometry": { "type": "Point", "coordinates": [ -4.860971429004064, 40.882681258723778 ] } },
{ "type": "Feature", "properties": { "ID": 142377017.0, "NOMBRE": "Lagunas de las Saladas#Lagunas del Cerbujón", "TIPO_0316": "01", "REGIM_0316": "02", "F_ALTA": "2022-08-25", "area": 13909.96, "cuenca": "Adaja", "Tipo": "Laguna", "variacion": 76.364028930664062 }, "geometry": { "type": "Point", "coordinates": [ -4.775841714976326, 40.890202097309285 ] } },
{ "type": "Feature", "properties": { "ID": 142377192.0, "NOMBRE": null, "TIPO_0316": "01", "REGIM_0316": "02", "F_ALTA": "2018-06-14", "area": 1229.348, "cuenca": "Zapardiel", "Tipo": "Laguna", "variacion": 93.588088989257812 }, "geometry": { "type": "Point", "coordinates": [ -4.913041391148915, 40.890791392443219 ] } },
{ "type": "Feature", "properties": { "ID": 142377012.0, "NOMBRE": null, "TIPO_0316": "01", "REGIM_0316": "02", "F_ALTA": "2018-06-14", "area": 6702.225, "cuenca": "Adaja", "Tipo": "Laguna", "variacion": 76.462745666503906 }, "geometry": { "type": "Point", "coordinates": [ -4.773016716541157, 40.891496558301384 ] } },
{ "type": "Feature", "properties": { "ID": 142361725.0, "NOMBRE": "Laguna del Hoyo", "TIPO_0316": "01", "REGIM_0316": "02", "F_ALTA": "2021-05-25", "area": 2655.959, "cuenca": "Adaja", "Tipo": "Laguna", "variacion": 85.499885559082031 }, "geometry": { "type": "Point", "coordinates": [ -4.821532013290703, 40.8915159685845 ] } },
{ "type": "Feature", "properties": { "ID": 142361705.0, "NOMBRE": "Manantial de la Hoya", "TIPO_0316": "01", "REGIM_0316": "01", "F_ALTA": "2021-05-25", "area": 389.128, "cuenca": "Zapardiel", "Tipo": "Laguna", "variacion": 94.460868835449219 }, "geometry": { "type": "Point", "coordinates": [ -4.89230937406757, 40.892763400322501 ] } },
{ "type": "Feature", "properties": { "ID": 142377546.0, "NOMBRE": null, "TIPO_0316": "01", "REGIM_0316": "02", "F_ALTA": "2018-06-14", "area": 1515.432, "cuenca": "Tormes", "Tipo": "Laguna", "variacion": 151.80131530761719 }, "geometry": { "type": "Point", "coordinates": [ -5.195756774081869, 40.779783003202319 ] } },
{ "type": "Feature", "properties": { "ID": 142393404.0, "NOMBRE": null, "TIPO_0316": "01", "REGIM_0316": "01", "F_ALTA": "2018-06-15", "area": 2441.879, "cuenca": "Tormes", "Tipo": "Laguna", "variacion": 155.69322204589844 }, "geometry": { "type": "Point", "coordinates": [ -5.200655700519114, 40.773090227937161 ] } },
{ "type": "Feature", "properties": { "ID": 142377338.0, "NOMBRE": null, "TIPO_0316": "01", "REGIM_0316": "02", "F_ALTA": "2018-06-14", "area": 856.249, "cuenca": "Tormes", "Tipo": "Laguna", "variacion": 126.42872619628906 }, "geometry": { "type": "Point", "coordinates": [ -5.155036148556607, 40.81629620519238 ] } },
{ "type": "Feature", "properties": { "ID": 142377318.0, "NOMBRE": null, "TIPO_0316": "01", "REGIM_0316": "02", "F_ALTA": "2018-06-14", "area": 342.639, "cuenca": "Tormes", "Tipo": "Laguna", "variacion": 135.83015441894531 }, "geometry": { "type": "Point", "coordinates": [ -5.151731329652757, 40.792592546912225 ] } },
{ "type": "Feature", "properties": { "ID": 142377570.0, "NOMBRE": null, "TIPO_0316": "01", "REGIM_0316": "02", "F_ALTA": "2018-06-14", "area": 373.271, "cuenca": "Tormes", "Tipo": "Laguna", "variacion": 162.91558837890625 }, "geometry": { "type": "Point", "coordinates": [ -5.14523530861985, 40.736829329971187 ] } },
{ "type": "Feature", "properties": { "ID": 142377596.0, "NOMBRE": null, "TIPO_0316": "01", "REGIM_0316": "02", "F_ALTA": "2018-06-14", "area": 160.649, "cuenca": "Tormes", "Tipo": "Laguna", "variacion": 142.53228759765625 }, "geometry": { "type": "Point", "coordinates": [ -5.148070139450789, 40.777043489073947 ] } },
{ "type": "Feature", "properties": { "ID": 142377595.0, "NOMBRE": null, "TIPO_0316": "01", "REGIM_0316": "02", "F_ALTA": "2018-06-14", "area": 307.031, "cuenca": "Tormes", "Tipo": "Laguna", "variacion": 142.79953002929688 }, "geometry": { "type": "Point", "coordinates": [ -5.146713479696378, 40.77598593339011 ] } },
{ "type": "Feature", "properties": { "ID": 142377577.0, "NOMBRE": null, "TIPO_0316": "01", "REGIM_0316": "02", "F_ALTA": "2018-06-14", "area": 273.8, "cuenca": "Tormes", "Tipo": "Laguna", "variacion": 155.93544006347656 }, "geometry": { "type": "Point", "coordinates": [ -5.143410573523583, 40.749492307626532 ] } },
{ "type": "Feature", "properties": { "ID": 142393337.0, "NOMBRE": null, "TIPO_0316": "01", "REGIM_0316": "01", "F_ALTA": "2018-06-15", "area": 1287.657, "cuenca": "Tormes", "Tipo": "Laguna", "variacion": 119.19431304931641 }, "geometry": { "type": "Point", "coordinates": [ -5.144969134943493, 40.82771037373432 ] } },
{ "type": "Feature", "properties": { "ID": 142377597.0, "NOMBRE": null, "TIPO_0316": "01", "REGIM_0316": "02", "F_ALTA": "2018-06-14", "area": 187.467, "cuenca": "Tormes", "Tipo": "Laguna", "variacion": 139.135498046875 }, "geometry": { "type": "Point", "coordinates": [ -5.139357129876585, 40.779771204874834 ] } },
{ "type": "Feature", "properties": { "ID": 142377341.0, "NOMBRE": null, "TIPO_0316": "01", "REGIM_0316": "02", "F_ALTA": "2018-06-14", "area": 435.353, "cuenca": "Tormes", "Tipo": "Laguna", "variacion": 120.96415710449219 }, "geometry": { "type": "Point", "coordinates": [ -5.141841667659943, 40.820455348100481 ] } },
{ "type": "Feature", "properties": { "ID": 142377591.0, "NOMBRE": null, "TIPO_0316": "01", "REGIM_0316": "02", "F_ALTA": "2022-08-25", "area": 140.615, "cuenca": "Tormes", "Tipo": "Laguna", "variacion": 143.34068298339844 }, "geometry": { "type": "Point", "coordinates": [ -5.135675891621985, 40.770282805745481 ] } },
{ "type": "Feature", "properties": { "ID": 142377575.0, "NOMBRE": null, "TIPO_0316": "01", "REGIM_0316": "02", "F_ALTA": "2018-06-14", "area": 399.495, "cuenca": "Tormes", "Tipo": "Laguna", "variacion": 154.92198181152344 }, "geometry": { "type": "Point", "coordinates": [ -5.131729381732039, 40.747666628414009 ] } },
{ "type": "Feature", "properties": { "ID": 142393339.0, "NOMBRE": null, "TIPO_0316": "01", "REGIM_0316": "01", "F_ALTA": "2018-06-15", "area": 1146.621, "cuenca": "Tormes", "Tipo": "Laguna", "variacion": 115.34259033203125 }, "geometry": { "type": "Point", "coordinates": [ -5.137260926328874, 40.831987934167003 ] } },
{ "type": "Feature", "properties": { "ID": 142377326.0, "NOMBRE": null, "TIPO_0316": "01", "REGIM_0316": "02", "F_ALTA": "2018-06-14", "area": 153.776, "cuenca": "Tormes", "Tipo": "Laguna", "variacion": 126.97463989257812 }, "geometry": { "type": "Point", "coordinates": [ -5.130097808371893, 40.799592842548897 ] } },
{ "type": "Feature", "properties": { "ID": 142377330.0, "NOMBRE": null, "TIPO_0316": "01", "REGIM_0316": "02", "F_ALTA": "2018-06-14", "area": 873.73, "cuenca": "Tormes", "Tipo": "Laguna", "variacion": 121.25003051757812 }, "geometry": { "type": "Point", "coordinates": [ -5.125601321497317, 40.809119957599485 ] } },
{ "type": "Feature", "properties": { "ID": 142377319.0, "NOMBRE": null, "TIPO_0316": "01", "REGIM_0316": "02", "F_ALTA": "2018-06-14", "area": 361.046, "cuenca": "Tormes", "Tipo": "Laguna", "variacion": 127.15731048583984 }, "geometry": { "type": "Point", "coordinates": [ -5.124397916249497, 40.796351661443751 ] } },
{ "type": "Feature", "properties": { "ID": 142377332.0, "NOMBRE": null, "TIPO_0316": "01", "REGIM_0316": "02", "F_ALTA": "2018-06-14", "area": 790.324, "cuenca": "Tormes", "Tipo": "Laguna", "variacion": 120.20127105712891 }, "geometry": { "type": "Point", "coordinates": [ -5.124080957140084, 40.810521770925639 ] } },
{ "type": "Feature", "properties": { "ID": 142377316.0, "NOMBRE": null, "TIPO_0316": "01", "REGIM_0316": "02", "F_ALTA": "2018-06-14", "area": 626.325, "cuenca": "Tormes", "Tipo": "Laguna", "variacion": 127.76543426513672 }, "geometry": { "type": "Point", "coordinates": [ -5.121790919818143, 40.793769582758479 ] } },
{ "type": "Feature", "properties": { "ID": 142377344.0, "NOMBRE": null, "TIPO_0316": "01", "REGIM_0316": "02", "F_ALTA": "2022-08-25", "area": 314.95, "cuenca": "Tormes", "Tipo": "Laguna", "variacion": 112.6990966796875 }, "geometry": { "type": "Point", "coordinates": [ -5.123044756944656, 40.82747891046602 ] } },
{ "type": "Feature", "properties": { "ID": 142377348.0, "NOMBRE": null, "TIPO_0316": "01", "REGIM_0316": "02", "F_ALTA": "2018-06-14", "area": 453.877, "cuenca": "Tormes", "Tipo": "Laguna", "variacion": 110.74317169189453 }, "geometry": { "type": "Point", "coordinates": [ -5.121401937717207, 40.831595865551989 ] } },
{ "type": "Feature", "properties": { "ID": 142377335.0, "NOMBRE": null, "TIPO_0316": "01", "REGIM_0316": "02", "F_ALTA": "2018-06-14", "area": 352.875, "cuenca": "Tormes", "Tipo": "Laguna", "variacion": 116.87287139892578 }, "geometry": { "type": "Point", "coordinates": [ -5.119409855733418, 40.81498647534498 ] } },
{ "type": "Feature", "properties": { "ID": 142377343.0, "NOMBRE": null, "TIPO_0316": "01", "REGIM_0316": "02", "F_ALTA": "2018-06-14", "area": 240.038, "cuenca": "Tormes", "Tipo": "Laguna", "variacion": 110.99224853515625 }, "geometry": { "type": "Point", "coordinates": [ -5.117761240943889, 40.82794421274675 ] } },
{ "type": "Feature", "properties": { "ID": 142377346.0, "NOMBRE": null, "TIPO_0316": "01", "REGIM_0316": "02", "F_ALTA": "2018-06-14", "area": 269.393, "cuenca": "Tormes", "Tipo": "Laguna", "variacion": 109.85459899902344 }, "geometry": { "type": "Point", "coordinates": [ -5.11785258283389, 40.831018638264688 ] } },
{ "type": "Feature", "properties": { "ID": 142377323.0, "NOMBRE": null, "TIPO_0316": "01", "REGIM_0316": "02", "F_ALTA": "2018-06-14", "area": 122.973, "cuenca": "Tormes", "Tipo": "Laguna", "variacion": 123.49126434326172 }, "geometry": { "type": "Point", "coordinates": [ -5.114713180138126, 40.798906432441647 ] } },
{ "type": "Feature", "properties": { "ID": 142393336.0, "NOMBRE": null, "TIPO_0316": "01", "REGIM_0316": "01", "F_ALTA": "2018-06-15", "area": 614.421, "cuenca": "Tormes", "Tipo": "Laguna", "variacion": 110.63157653808594 }, "geometry": { "type": "Point", "coordinates": [ -5.115738370881599, 40.827340139360274 ] } },
{ "type": "Feature", "properties": { "ID": 142377317.0, "NOMBRE": null, "TIPO_0316": "01", "REGIM_0316": "02", "F_ALTA": "2022-08-25", "area": 303.625, "cuenca": "Tormes", "Tipo": "Laguna", "variacion": 124.43668365478516 }, "geometry": { "type": "Point", "coordinates": [ -5.112521109030357, 40.795967421127358 ] } },
{ "type": "Feature", "properties": { "ID": 142377321.0, "NOMBRE": null, "TIPO_0316": "01", "REGIM_0316": "02", "F_ALTA": "2022-08-25", "area": 413.981, "cuenca": "Tormes", "Tipo": "Laguna", "variacion": 122.71781158447266 }, "geometry": { "type": "Point", "coordinates": [ -5.110946287904023, 40.798616680686202 ] } },
{ "type": "Feature", "properties": { "ID": 142377337.0, "NOMBRE": null, "TIPO_0316": "01", "REGIM_0316": "02", "F_ALTA": "2018-06-14", "area": 75.215, "cuenca": "Tormes", "Tipo": "Laguna", "variacion": 111.72313690185547 }, "geometry": { "type": "Point", "coordinates": [ -5.109101499115486, 40.8201930369286 ] } },
{ "type": "Feature", "properties": { "ID": 142377322.0, "NOMBRE": null, "TIPO_0316": "01", "REGIM_0316": "02", "F_ALTA": "2018-06-14", "area": 711.322, "cuenca": "Tormes", "Tipo": "Laguna", "variacion": 121.4935302734375 }, "geometry": { "type": "Point", "coordinates": [ -5.10709707971455, 40.799249920926677 ] } },
{ "type": "Feature", "properties": { "ID": 142377336.0, "NOMBRE": null, "TIPO_0316": "01", "REGIM_0316": "02", "F_ALTA": "2018-06-14", "area": 75.328, "cuenca": "Tormes", "Tipo": "Laguna", "variacion": 109.28397369384766 }, "geometry": { "type": "Point", "coordinates": [ -5.100531394446467, 40.820598856521542 ] } },
{ "type": "Feature", "properties": { "ID": 142377371.0, "NOMBRE": null, "TIPO_0316": "01", "REGIM_0316": "02", "F_ALTA": "2018-06-14", "area": 337.909, "cuenca": "Tormes", "Tipo": "Laguna", "variacion": 127.83335876464844 }, "geometry": { "type": "Point", "coordinates": [ -5.090576401697075, 40.781670900623013 ] } },
{ "type": "Feature", "properties": { "ID": 142377370.0, "NOMBRE": null, "TIPO_0316": "01", "REGIM_0316": "02", "F_ALTA": "2018-06-14", "area": 342.703, "cuenca": "Tormes", "Tipo": "Laguna", "variacion": 134.32550048828125 }, "geometry": { "type": "Point", "coordinates": [ -5.087350477682458, 40.770004357424135 ] } },
{ "type": "Feature", "properties": { "ID": 142377369.0, "NOMBRE": null, "TIPO_0316": "01", "REGIM_0316": "02", "F_ALTA": "2018-06-14", "area": 1823.625, "cuenca": "Trabancos", "Tipo": "Laguna", "variacion": 105.3858642578125 }, "geometry": { "type": "Point", "coordinates": [ -5.050663804665979, 40.808461424579171 ] } },
{ "type": "Feature", "properties": { "ID": 142393365.0, "NOMBRE": null, "TIPO_0316": "01", "REGIM_0316": "01", "F_ALTA": "2018-06-15", "area": 415.029, "cuenca": "Trabancos", "Tipo": "Laguna", "variacion": 90.377235412597656 }, "geometry": { "type": "Point", "coordinates": [ -5.036979315524577, 40.83553032021333 ] } },
{ "type": "Feature", "properties": { "ID": 142393364.0, "NOMBRE": null, "TIPO_0316": "01", "REGIM_0316": "01", "F_ALTA": "2018-06-15", "area": 151.011, "cuenca": "Trabancos", "Tipo": "Laguna", "variacion": 90.363250732421875 }, "geometry": { "type": "Point", "coordinates": [ -5.035947528099705, 40.835307832303037 ] } },
{ "type": "Feature", "properties": { "ID": 142393363.0, "NOMBRE": null, "TIPO_0316": "01", "REGIM_0316": "01", "F_ALTA": "2018-06-15", "area": 165.013, "cuenca": "Trabancos", "Tipo": "Laguna", "variacion": 90.449272155761719 }, "geometry": { "type": "Point", "coordinates": [ -5.03520843234868, 40.834981964316832 ] } },
{ "type": "Feature", "properties": { "ID": 142393362.0, "NOMBRE": null, "TIPO_0316": "01", "REGIM_0316": "01", "F_ALTA": "2018-06-15", "area": 1505.617, "cuenca": "Trabancos", "Tipo": "Laguna", "variacion": 87.534286499023438 }, "geometry": { "type": "Point", "coordinates": [ -5.030821411243737, 40.841591779306128 ] } },
{ "type": "Feature", "properties": { "ID": 142393360.0, "NOMBRE": null, "TIPO_0316": "01", "REGIM_0316": "02", "F_ALTA": "2022-08-25", "area": 905.57, "cuenca": "Trabancos", "Tipo": "Laguna", "variacion": 87.739143371582031 }, "geometry": { "type": "Point", "coordinates": [ -5.029808356891192, 40.840990772233326 ] } },
{ "type": "Feature", "properties": { "ID": 142393358.0, "NOMBRE": null, "TIPO_0316": "01", "REGIM_0316": "01", "F_ALTA": "2018-06-15", "area": 755.044, "cuenca": "Zapardiel", "Tipo": "Laguna", "variacion": 86.228195190429688 }, "geometry": { "type": "Point", "coordinates": [ -5.010872160569984, 40.844485231075346 ] } },
{ "type": "Feature", "properties": { "ID": 142393357.0, "NOMBRE": null, "TIPO_0316": "01", "REGIM_0316": "01", "F_ALTA": "2018-06-15", "area": 292.395, "cuenca": "Zapardiel", "Tipo": "Laguna", "variacion": 105.09073638916016 }, "geometry": { "type": "Point", "coordinates": [ -4.984101893853435, 40.806071003320426 ] } },
{ "type": "Feature", "properties": { "ID": 142377368.0, "NOMBRE": null, "TIPO_0316": "01", "REGIM_0316": "02", "F_ALTA": "2018-06-14", "area": 645.251, "cuenca": "Adaja", "Tipo": "Laguna", "variacion": 125.31603240966797 }, "geometry": { "type": "Point", "coordinates": [ -4.980752656381062, 40.769531552677364 ] } },
{ "type": "Feature", "properties": { "ID": 142393356.0, "NOMBRE": null, "TIPO_0316": "01", "REGIM_0316": "01", "F_ALTA": "2018-06-15", "area": 628.624, "cuenca": "Zapardiel", "Tipo": "Laguna", "variacion": 93.450706481933594 }, "geometry": { "type": "Point", "coordinates": [ -4.970537652030012, 40.835638543775588 ] } },
{ "type": "Feature", "properties": { "ID": 142377367.0, "NOMBRE": null, "TIPO_0316": "01", "REGIM_0316": "02", "F_ALTA": "2018-06-14", "area": 742.132, "cuenca": "Zapardiel", "Tipo": "Laguna", "variacion": 108.00355529785156 }, "geometry": { "type": "Point", "coordinates": [ -4.960726724811489, 40.802988864474926 ] } },
{ "type": "Feature", "properties": { "ID": 142377366.0, "NOMBRE": null, "TIPO_0316": "01", "REGIM_0316": "02", "F_ALTA": "2018-06-14", "area": 547.323, "cuenca": "Zapardiel", "Tipo": "Laguna", "variacion": 97.42913818359375 }, "geometry": { "type": "Point", "coordinates": [ -4.957317218068814, 40.829601329450576 ] } },
{ "type": "Feature", "properties": { "ID": 142377365.0, "NOMBRE": null, "TIPO_0316": "01", "REGIM_0316": "02", "F_ALTA": "2018-06-14", "area": 189.611, "cuenca": "Zapardiel", "Tipo": "Laguna", "variacion": 110.34860229492188 }, "geometry": { "type": "Point", "coordinates": [ -4.954119504663737, 40.798602694700385 ] } },
{ "type": "Feature", "properties": { "ID": 142377364.0, "NOMBRE": null, "TIPO_0316": "01", "REGIM_0316": "02", "F_ALTA": "2018-06-14", "area": 298.122, "cuenca": "Adaja", "Tipo": "Laguna", "variacion": 122.93801116943359 }, "geometry": { "type": "Point", "coordinates": [ -4.947288199902867, 40.772403462029878 ] } },
{ "type": "Feature", "properties": { "ID": 142393355.0, "NOMBRE": null, "TIPO_0316": "01", "REGIM_0316": "01", "F_ALTA": "2018-06-15", "area": 2154.864, "cuenca": "Zapardiel", "Tipo": "Laguna", "variacion": 96.268051147460938 }, "geometry": { "type": "Point", "coordinates": [ -4.951956507925207, 40.835282486230618 ] } },
{ "type": "Feature", "properties": { "ID": 142377363.0, "NOMBRE": null, "TIPO_0316": "01", "REGIM_0316": "02", "F_ALTA": "2018-06-14", "area": 381.751, "cuenca": "Zapardiel", "Tipo": "Laguna", "variacion": 102.93966674804688 }, "geometry": { "type": "Point", "coordinates": [ -4.944152877498069, 40.817979457161684 ] } },
{ "type": "Feature", "properties": { "ID": 142377603.0, "NOMBRE": null, "TIPO_0316": "01", "REGIM_0316": "02", "F_ALTA": "2018-06-14", "area": 619.802, "cuenca": "Tormes", "Tipo": "Laguna", "variacion": 148.87300109863281 }, "geometry": { "type": "Point", "coordinates": [ -5.186336176649747, 40.781880600126819 ] } },
{ "type": "Feature", "properties": { "ID": 142377320.0, "NOMBRE": null, "TIPO_0316": "01", "REGIM_0316": "02", "F_ALTA": "2018-06-14", "area": 372.031, "cuenca": "Tormes", "Tipo": "Laguna", "variacion": 143.42977905273438 }, "geometry": { "type": "Point", "coordinates": [ -5.179682094230937, 40.790959733393841 ] } },
{ "type": "Feature", "properties": { "ID": 142393409.0, "NOMBRE": null, "TIPO_0316": "01", "REGIM_0316": "01", "F_ALTA": "2018-06-15", "area": 347.413, "cuenca": "Tormes", "Tipo": "Laguna", "variacion": 159.09385681152344 }, "geometry": { "type": "Point", "coordinates": [ -5.176201458259282, 40.754806450226901 ] } },
{ "type": "Feature", "properties": { "ID": 142377573.0, "NOMBRE": null, "TIPO_0316": "01", "REGIM_0316": "02", "F_ALTA": "2018-06-14", "area": 260.517, "cuenca": "Tormes", "Tipo": "Laguna", "variacion": 165.66270446777344 }, "geometry": { "type": "Point", "coordinates": [ -5.174116682008606, 40.740236969290535 ] } },
{ "type": "Feature", "properties": { "ID": 142377601.0, "NOMBRE": null, "TIPO_0316": "01", "REGIM_0316": "02", "F_ALTA": "2018-06-14", "area": 337.699, "cuenca": "Tormes", "Tipo": "Laguna", "variacion": 147.25650024414062 }, "geometry": { "type": "Point", "coordinates": [ -5.177073417179159, 40.780771036408041 ] } },
{ "type": "Feature", "properties": { "ID": 142377599.0, "NOMBRE": null, "TIPO_0316": "01", "REGIM_0316": "02", "F_ALTA": "2018-06-14", "area": 303.674, "cuenca": "Tormes", "Tipo": "Laguna", "variacion": 147.16934204101562 }, "geometry": { "type": "Point", "coordinates": [ -5.176235352847336, 40.780603393465285 ] } },
{ "type": "Feature", "properties": { "ID": 142377574.0, "NOMBRE": null, "TIPO_0316": "01", "REGIM_0316": "02", "F_ALTA": "2018-06-14", "area": 329.388, "cuenca": "Tormes", "Tipo": "Laguna", "variacion": 164.03097534179688 }, "geometry": { "type": "Point", "coordinates": [ -5.171063738439204, 40.742732187175619 ] } },
{ "type": "Feature", "properties": { "ID": 142377585.0, "NOMBRE": null, "TIPO_0316": "01", "REGIM_0316": "02", "F_ALTA": "2018-06-14", "area": 451.486, "cuenca": "Tormes", "Tipo": "Laguna", "variacion": 157.21516418457031 }, "geometry": { "type": "Point", "coordinates": [ -5.172111580868719, 40.757295503120005 ] } },
{ "type": "Feature", "properties": { "ID": 142377583.0, "NOMBRE": null, "TIPO_0316": "01", "REGIM_0316": "02", "F_ALTA": "2018-06-14", "area": 141.424, "cuenca": "Tormes", "Tipo": "Laguna", "variacion": 158.08837890625 }, "geometry": { "type": "Point", "coordinates": [ -5.170042392260494, 40.754558941285175 ] } },
{ "type": "Feature", "properties": { "ID": 142377604.0, "NOMBRE": null, "TIPO_0316": "01", "REGIM_0316": "02", "F_ALTA": "2018-06-14", "area": 249.525, "cuenca": "Tormes", "Tipo": "Laguna", "variacion": 144.29983520507812 }, "geometry": { "type": "Point", "coordinates": [ -5.170679527047524, 40.784035412454806 ] } },
{ "type": "Feature", "properties": { "ID": 142377594.0, "NOMBRE": null, "TIPO_0316": "01", "REGIM_0316": "02", "F_ALTA": "2018-06-14", "area": 435.417, "cuenca": "Tormes", "Tipo": "Laguna", "variacion": 149.16140747070312 }, "geometry": { "type": "Point", "coordinates": [ -5.169449026269993, 40.773005570360809 ] } },
{ "type": "Feature", "properties": { "ID": 142377578.0, "NOMBRE": null, "TIPO_0316": "01", "REGIM_0316": "02", "F_ALTA": "2018-06-14", "area": 352.003, "cuenca": "Tormes", "Tipo": "Laguna", "variacion": 161.12187194824219 }, "geometry": { "type": "Point", "coordinates": [ -5.166455079135695, 40.747136724303566 ] } },
{ "type": "Feature", "properties": { "ID": 142377598.0, "NOMBRE": null, "TIPO_0316": "01", "REGIM_0316": "02", "F_ALTA": "2018-06-14", "area": 441.853, "cuenca": "Tormes", "Tipo": "Laguna", "variacion": 146.53822326660156 }, "geometry": { "type": "Point", "coordinates": [ -5.167117226455773, 40.777557520289506 ] } },
{ "type": "Feature", "properties": { "ID": 142377334.0, "NOMBRE": null, "TIPO_0316": "01", "REGIM_0316": "02", "F_ALTA": "2018-06-14", "area": 90.591, "cuenca": "Tormes", "Tipo": "Laguna", "variacion": 132.87802124023438 }, "geometry": { "type": "Point", "coordinates": [ -5.168367575313381, 40.809499855316965 ] } },
{ "type": "Feature", "properties": { "ID": 142377600.0, "NOMBRE": null, "TIPO_0316": "01", "REGIM_0316": "02", "F_ALTA": "2018-06-14", "area": 574.591, "cuenca": "Tormes", "Tipo": "Laguna", "variacion": 143.87831115722656 }, "geometry": { "type": "Point", "coordinates": [ -5.164459465562016, 40.781906297019113 ] } },
{ "type": "Feature", "properties": { "ID": 142377588.0, "NOMBRE": null, "TIPO_0316": "01", "REGIM_0316": "02", "F_ALTA": "2018-06-14", "area": 325.836, "cuenca": "Tormes", "Tipo": "Laguna", "variacion": 153.3673095703125 }, "geometry": { "type": "Point", "coordinates": [ -5.16219197917983, 40.761283020644527 ] } },
{ "type": "Feature", "properties": { "ID": 142377602.0, "NOMBRE": null, "TIPO_0316": "01", "REGIM_0316": "02", "F_ALTA": "2018-06-14", "area": 422.857, "cuenca": "Tormes", "Tipo": "Laguna", "variacion": 142.34664916992188 }, "geometry": { "type": "Point", "coordinates": [ -5.162753975912353, 40.78424597732203 ] } },
{ "type": "Feature", "properties": { "ID": 142377580.0, "NOMBRE": null, "TIPO_0316": "01", "REGIM_0316": "02", "F_ALTA": "2018-06-14", "area": 221.03, "cuenca": "Tormes", "Tipo": "Laguna", "variacion": 158.10414123535156 }, "geometry": { "type": "Point", "coordinates": [ -5.15979006434992, 40.750860567049358 ] } },
{ "type": "Feature", "properties": { "ID": 142377329.0, "NOMBRE": null, "TIPO_0316": "01", "REGIM_0316": "02", "F_ALTA": "2018-06-14", "area": 141.084, "cuenca": "Tormes", "Tipo": "Laguna", "variacion": 133.54948425292969 }, "geometry": { "type": "Point", "coordinates": [ -5.163780702627736, 40.804825046763114 ] } },
{ "type": "Feature", "properties": { "ID": 142377579.0, "NOMBRE": null, "TIPO_0316": "01", "REGIM_0316": "02", "F_ALTA": "2018-06-14", "area": 257.096, "cuenca": "Tormes", "Tipo": "Laguna", "variacion": 158.46461486816406 }, "geometry": { "type": "Point", "coordinates": [ -5.15917440325858, 40.749902562386204 ] } },
{ "type": "Feature", "properties": { "ID": 142393410.0, "NOMBRE": null, "TIPO_0316": "01", "REGIM_0316": "01", "F_ALTA": "2018-06-15", "area": 555.006, "cuenca": "Tormes", "Tipo": "Laguna", "variacion": 146.39447021484375 }, "geometry": { "type": "Point", "coordinates": [ -5.160922075122834, 40.775001563339188 ] } },
{ "type": "Feature", "properties": { "ID": 142377331.0, "NOMBRE": null, "TIPO_0316": "01", "REGIM_0316": "02", "F_ALTA": "2018-06-14", "area": 167.531, "cuenca": "Tormes", "Tipo": "Laguna", "variacion": 132.99430847167969 }, "geometry": { "type": "Point", "coordinates": [ -5.16298286599297, 40.805564906977111 ] } },
{ "type": "Feature", "properties": { "ID": 142377576.0, "NOMBRE": null, "TIPO_0316": "01", "REGIM_0316": "02", "F_ALTA": "2018-06-14", "area": 565.055, "cuenca": "Tormes", "Tipo": "Laguna", "variacion": 160.17970275878906 }, "geometry": { "type": "Point", "coordinates": [ -5.158036516521148, 40.746220416875943 ] } },
{ "type": "Feature", "properties": { "ID": 142377606.0, "NOMBRE": null, "TIPO_0316": "01", "REGIM_0316": "02", "F_ALTA": "2018-06-14", "area": 357.211, "cuenca": "Tormes", "Tipo": "Laguna", "variacion": 139.74575805664062 }, "geometry": { "type": "Point", "coordinates": [ -5.160942241215555, 40.788902567776226 ] } },
{ "type": "Feature", "properties": { "ID": 142377328.0, "NOMBRE": null, "TIPO_0316": "01", "REGIM_0316": "02", "F_ALTA": "2018-06-14", "area": 431.764, "cuenca": "Tormes", "Tipo": "Laguna", "variacion": 133.0694580078125 }, "geometry": { "type": "Point", "coordinates": [ -5.160655891626471, 40.803895826071994 ] } },
{ "type": "Feature", "properties": { "ID": 142377333.0, "NOMBRE": null, "TIPO_0316": "01", "REGIM_0316": "02", "F_ALTA": "2018-06-14", "area": 198.102, "cuenca": "Tormes", "Tipo": "Laguna", "variacion": 130.67820739746094 }, "geometry": { "type": "Point", "coordinates": [ -5.156959840175534, 40.807281622176774 ] } },
{ "type": "Feature", "properties": { "ID": 142377590.0, "NOMBRE": null, "TIPO_0316": "01", "REGIM_0316": "02", "F_ALTA": "2018-06-14", "area": 381.589, "cuenca": "Tormes", "Tipo": "Laguna", "variacion": 148.28562927246094 }, "geometry": { "type": "Point", "coordinates": [ -5.153309045643585, 40.767883669205595 ] } },
{ "type": "Feature", "properties": { "ID": 142377572.0, "NOMBRE": null, "TIPO_0316": "01", "REGIM_0316": "02", "F_ALTA": "2018-06-14", "area": 461.477, "cuenca": "Tormes", "Tipo": "Laguna", "variacion": 161.4190673828125 }, "geometry": { "type": "Point", "coordinates": [ -5.15040493721946, 40.741220929150394 ] } },
{ "type": "Feature", "properties": { "ID": 142377605.0, "NOMBRE": null, "TIPO_0316": "01", "REGIM_0316": "02", "F_ALTA": "2018-06-14", "area": 219.436, "cuenca": "Tormes", "Tipo": "Laguna", "variacion": 138.87860107421875 }, "geometry": { "type": "Point", "coordinates": [ -5.153854392997593, 40.787215904385988 ] } },
{ "type": "Feature", "properties": { "ID": 142377534.0, "NOMBRE": null, "TIPO_0316": "01", "REGIM_0316": "02", "F_ALTA": "2018-06-14", "area": 472.978, "cuenca": "Tormes", "Tipo": "Laguna", "variacion": 156.22187805175781 }, "geometry": { "type": "Point", "coordinates": [ -5.195703078980642, 40.769466874608312 ] } },
{ "type": "Feature", "properties": { "ID": 142393402.0, "NOMBRE": null, "TIPO_0316": "01", "REGIM_0316": "01", "F_ALTA": "2018-06-15", "area": 396.483, "cuenca": "Tormes", "Tipo": "Laguna", "variacion": 157.1864013671875 }, "geometry": { "type": "Point", "coordinates": [ -5.191976870182426, 40.765475630637354 ] } },
{ "type": "Feature", "properties": { "ID": 142377528.0, "NOMBRE": null, "TIPO_0316": "01", "REGIM_0316": "02", "F_ALTA": "2018-06-14", "area": 370.478, "cuenca": "Tormes", "Tipo": "Laguna", "variacion": 162.55931091308594 }, "geometry": { "type": "Point", "coordinates": [ -5.211289271025497, 40.761511492402221 ] } },
{ "type": "Feature", "properties": { "ID": 142377589.0, "NOMBRE": null, "TIPO_0316": "01", "REGIM_0316": "02", "F_ALTA": "2022-08-25", "area": 935.616, "cuenca": "Tormes", "Tipo": "Laguna", "variacion": 157.91871643066406 }, "geometry": { "type": "Point", "coordinates": [ -5.189158955088851, 40.762645687484373 ] } },
{ "type": "Feature", "properties": { "ID": 142393412.0, "NOMBRE": null, "TIPO_0316": "01", "REGIM_0316": "01", "F_ALTA": "2018-06-15", "area": 872.952, "cuenca": "Tormes", "Tipo": "Laguna", "variacion": 166.06222534179688 }, "geometry": { "type": "Point", "coordinates": [ -5.206881460248271, 40.751441462653368 ] } },
{ "type": "Feature", "properties": { "ID": 142377690.0, "NOMBRE": null, "TIPO_0316": "01", "REGIM_0316": "02", "F_ALTA": "2018-06-14", "area": 260.152, "cuenca": "Tormes", "Tipo": "Laguna", "variacion": 167.24119567871094 }, "geometry": { "type": "Point", "coordinates": [ -5.209685184439332, 40.749754061306177 ] } },
{ "type": "Feature", "properties": { "ID": 142377688.0, "NOMBRE": null, "TIPO_0316": "01", "REGIM_0316": "02", "F_ALTA": "2018-06-14", "area": 260.72, "cuenca": "Tormes", "Tipo": "Laguna", "variacion": 170.9248046875 }, "geometry": { "type": "Point", "coordinates": [ -5.227222239946617, 40.747723178512508 ] } },
{ "type": "Feature", "properties": { "ID": 142377685.0, "NOMBRE": null, "TIPO_0316": "01", "REGIM_0316": "02", "F_ALTA": "2018-06-14", "area": 204.681, "cuenca": "Tormes", "Tipo": "Laguna", "variacion": 165.76431274414062 }, "geometry": { "type": "Point", "coordinates": [ -5.196861861282878, 40.748165740545936 ] } },
{ "type": "Feature", "properties": { "ID": 142375890.0, "NOMBRE": null, "TIPO_0316": "01", "REGIM_0316": "02", "F_ALTA": "2018-06-14", "area": 303.759, "cuenca": "Tormes", "Tipo": "Laguna", "variacion": 192.90132141113281 }, "geometry": { "type": "Point", "coordinates": [ -5.257273437424046, 40.698985133533775 ] } },
{ "type": "Feature", "properties": { "ID": 142375895.0, "NOMBRE": null, "TIPO_0316": "01", "REGIM_0316": "02", "F_ALTA": "2018-06-14", "area": 624.807, "cuenca": "Tormes", "Tipo": "Laguna", "variacion": 192.21037292480469 }, "geometry": { "type": "Point", "coordinates": [ -5.258398721175454, 40.701460392438534 ] } },
{ "type": "Feature", "properties": { "ID": 142375902.0, "NOMBRE": null, "TIPO_0316": "01", "REGIM_0316": "02", "F_ALTA": "2018-06-14", "area": 152.196, "cuenca": "Tormes", "Tipo": "Laguna", "variacion": 194.55531311035156 }, "geometry": { "type": "Point", "coordinates": [ -5.288340195009146, 40.702644522701419 ] } },
{ "type": "Feature", "properties": { "ID": 142375907.0, "NOMBRE": null, "TIPO_0316": "01", "REGIM_0316": "02", "F_ALTA": "2018-06-14", "area": 722.188, "cuenca": "Tormes", "Tipo": "Laguna", "variacion": 189.24346923828125 }, "geometry": { "type": "Point", "coordinates": [ -5.262567923328271, 40.711086208816681 ] } },
{ "type": "Feature", "properties": { "ID": 142377659.0, "NOMBRE": null, "TIPO_0316": "01", "REGIM_0316": "02", "F_ALTA": "2018-06-14", "area": 651.061, "cuenca": "Tormes", "Tipo": "Laguna", "variacion": 187.45887756347656 }, "geometry": { "type": "Point", "coordinates": [ -5.259170834121137, 40.715030545321937 ] } },
{ "type": "Feature", "properties": { "ID": 142377660.0, "NOMBRE": null, "TIPO_0316": "01", "REGIM_0316": "02", "F_ALTA": "2018-06-14", "area": 302.723, "cuenca": "Tormes", "Tipo": "Laguna", "variacion": 188.33193969726562 }, "geometry": { "type": "Point", "coordinates": [ -5.268453435210823, 40.715340605766514 ] } },
{ "type": "Feature", "properties": { "ID": 142377661.0, "NOMBRE": null, "TIPO_0316": "01", "REGIM_0316": "02", "F_ALTA": "2018-06-14", "area": 485.876, "cuenca": "Tormes", "Tipo": "Laguna", "variacion": 185.91439819335938 }, "geometry": { "type": "Point", "coordinates": [ -5.254227826963393, 40.717880173503971 ] } },
{ "type": "Feature", "properties": { "ID": 142377664.0, "NOMBRE": null, "TIPO_0316": "01", "REGIM_0316": "02", "F_ALTA": "2018-06-14", "area": 777.752, "cuenca": "Tormes", "Tipo": "Laguna", "variacion": 184.53787231445312 }, "geometry": { "type": "Point", "coordinates": [ -5.250987380836023, 40.720604858309301 ] } },
{ "type": "Feature", "properties": { "ID": 142377667.0, "NOMBRE": null, "TIPO_0316": "01", "REGIM_0316": "02", "F_ALTA": "2018-06-14", "area": 950.284, "cuenca": "Tormes", "Tipo": "Laguna", "variacion": 185.15950012207031 }, "geometry": { "type": "Point", "coordinates": [ -5.264384064149793, 40.723310660747181 ] } },
{ "type": "Feature", "properties": { "ID": 142377668.0, "NOMBRE": null, "TIPO_0316": "01", "REGIM_0316": "02", "F_ALTA": "2018-06-14", "area": 182.112, "cuenca": "Tormes", "Tipo": "Laguna", "variacion": 185.06155395507812 }, "geometry": { "type": "Point", "coordinates": [ -5.269309856649692, 40.725121004304562 ] } },
{ "type": "Feature", "properties": { "ID": 142375883.0, "NOMBRE": null, "TIPO_0316": "01", "REGIM_0316": "02", "F_ALTA": "2018-06-14", "area": 310.943, "cuenca": "Tormes", "Tipo": "Laguna", "variacion": 206.26609802246094 }, "geometry": { "type": "Point", "coordinates": [ -5.359597686810264, 40.678338968485662 ] } },
{ "type": "Feature", "properties": { "ID": 142375956.0, "NOMBRE": null, "TIPO_0316": "01", "REGIM_0316": "02", "F_ALTA": "2018-06-14", "area": 166.967, "cuenca": "Tormes", "Tipo": "Laguna", "variacion": 209.64317321777344 }, "geometry": { "type": "Point", "coordinates": [ -5.380638578161486, 40.667475868665278 ] } },
{ "type": "Feature", "properties": { "ID": 142392507.0, "NOMBRE": null, "TIPO_0316": "01", "REGIM_0316": "02", "F_ALTA": "2022-08-25", "area": 166.467, "cuenca": "Tormes", "Tipo": "Laguna", "variacion": 210.65719604492188 }, "geometry": { "type": "Point", "coordinates": [ -5.382769977578976, 40.663211346726719 ] } },
{ "type": "Feature", "properties": { "ID": 142392506.0, "NOMBRE": null, "TIPO_0316": "01", "REGIM_0316": "02", "F_ALTA": "2022-08-25", "area": 117.747, "cuenca": "Tormes", "Tipo": "Laguna", "variacion": 210.9288330078125 }, "geometry": { "type": "Point", "coordinates": [ -5.382303472644357, 40.661914755347489 ] } },
{ "type": "Feature", "properties": { "ID": 142392499.0, "NOMBRE": null, "TIPO_0316": "01", "REGIM_0316": "01", "F_ALTA": "2022-08-25", "area": 105.405, "cuenca": "Tormes", "Tipo": "Laguna", "variacion": 210.99627685546875 }, "geometry": { "type": "Point", "coordinates": [ -5.362668023653032, 40.659694542548877 ] } },
{ "type": "Feature", "properties": { "ID": 142392435.0, "NOMBRE": null, "TIPO_0316": "01", "REGIM_0316": "01", "F_ALTA": "2022-08-25", "area": 77.769, "cuenca": "Tormes", "Tipo": "Laguna", "variacion": 210.96636962890625 }, "geometry": { "type": "Point", "coordinates": [ -5.361858994559703, 40.659585147073606 ] } },
{ "type": "Feature", "properties": { "ID": 142392501.0, "NOMBRE": null, "TIPO_0316": "01", "REGIM_0316": "02", "F_ALTA": "2022-08-25", "area": 173.899, "cuenca": "Tormes", "Tipo": "Laguna", "variacion": 212.66716003417969 }, "geometry": { "type": "Point", "coordinates": [ -5.363393156819029, 40.65282203252832 ] } },
{ "type": "Feature", "properties": { "ID": 142375892.0, "NOMBRE": null, "TIPO_0316": "01", "REGIM_0316": "02", "F_ALTA": "2018-06-14", "area": 379.24, "cuenca": "Tormes", "Tipo": "Laguna", "variacion": 200.19134521484375 }, "geometry": { "type": "Point", "coordinates": [ -5.321462902058848, 40.692712143215495 ] } },
{ "type": "Feature", "properties": { "ID": 142375889.0, "NOMBRE": null, "TIPO_0316": "01", "REGIM_0316": "02", "F_ALTA": "2018-06-14", "area": 66.257, "cuenca": "Tormes", "Tipo": "Laguna", "variacion": 198.61210632324219 }, "geometry": { "type": "Point", "coordinates": [ -5.301453258529669, 40.693088206582587 ] } },
{ "type": "Feature", "properties": { "ID": 142375886.0, "NOMBRE": null, "TIPO_0316": "01", "REGIM_0316": "02", "F_ALTA": "2018-06-14", "area": 208.626, "cuenca": "Tormes", "Tipo": "Laguna", "variacion": 201.30203247070312 }, "geometry": { "type": "Point", "coordinates": [ -5.314567767502345, 40.6872869157162 ] } },
{ "type": "Feature", "properties": { "ID": 142375884.0, "NOMBRE": null, "TIPO_0316": "01", "REGIM_0316": "02", "F_ALTA": "2018-06-14", "area": 270.087, "cuenca": "Tormes", "Tipo": "Laguna", "variacion": 205.48426818847656 }, "geometry": { "type": "Point", "coordinates": [ -5.350657758051937, 40.679712560385852 ] } },
{ "type": "Feature", "properties": { "ID": 142375882.0, "NOMBRE": null, "TIPO_0316": "01", "REGIM_0316": "02", "F_ALTA": "2018-06-14", "area": 148.528, "cuenca": "Tormes", "Tipo": "Laguna", "variacion": 205.15574645996094 }, "geometry": { "type": "Point", "coordinates": [ -5.336861364670141, 40.678426351495538 ] } },
{ "type": "Feature", "properties": { "ID": 142375881.0, "NOMBRE": null, "TIPO_0316": "01", "REGIM_0316": "02", "F_ALTA": "2018-06-14", "area": 540.226, "cuenca": "Tormes", "Tipo": "Laguna", "variacion": 202.94207763671875 }, "geometry": { "type": "Point", "coordinates": [ -5.290523385706346, 40.676590239456608 ] } },
{ "type": "Feature", "properties": { "ID": 142392437.0, "NOMBRE": null, "TIPO_0316": "01", "REGIM_0316": "02", "F_ALTA": "2022-08-25", "area": 147.793, "cuenca": "Tormes", "Tipo": "Laguna", "variacion": 209.37098693847656 }, "geometry": { "type": "Point", "coordinates": [ -5.354702889112651, 40.665170436544059 ] } },
{ "type": "Feature", "properties": { "ID": 142392436.0, "NOMBRE": null, "TIPO_0316": "01", "REGIM_0316": "01", "F_ALTA": "2018-06-15", "area": 124.712, "cuenca": "Tormes", "Tipo": "Laguna", "variacion": 208.49510192871094 }, "geometry": { "type": "Point", "coordinates": [ -5.336613748716436, 40.665936881991826 ] } },
{ "type": "Feature", "properties": { "ID": 142392434.0, "NOMBRE": null, "TIPO_0316": "01", "REGIM_0316": "01", "F_ALTA": "2018-06-15", "area": 87.641, "cuenca": "Tormes", "Tipo": "Laguna", "variacion": 210.29234313964844 }, "geometry": { "type": "Point", "coordinates": [ -5.327609891884372, 40.658010350549389 ] } },
{ "type": "Feature", "properties": { "ID": 142392433.0, "NOMBRE": null, "TIPO_0316": "01", "REGIM_0316": "01", "F_ALTA": "2018-06-15", "area": 251.538, "cuenca": "Tormes", "Tipo": "Laguna", "variacion": 209.96783447265625 }, "geometry": { "type": "Point", "coordinates": [ -5.321557651497399, 40.65833502821112 ] } },
{ "type": "Feature", "properties": { "ID": 142392432.0, "NOMBRE": null, "TIPO_0316": "01", "REGIM_0316": "01", "F_ALTA": "2018-06-15", "area": 186.297, "cuenca": "Tormes", "Tipo": "Laguna", "variacion": 211.62037658691406 }, "geometry": { "type": "Point", "coordinates": [ -5.346154536682578, 40.655353258567111 ] } },
{ "type": "Feature", "properties": { "ID": 142392431.0, "NOMBRE": null, "TIPO_0316": "01", "REGIM_0316": "02", "F_ALTA": "2022-08-25", "area": 351.14, "cuenca": "Tormes", "Tipo": "Laguna", "variacion": 211.74365234375 }, "geometry": { "type": "Point", "coordinates": [ -5.347085082284877, 40.654979224660501 ] } },
{ "type": "Feature", "properties": { "ID": 142392593.0, "NOMBRE": null, "TIPO_0316": "01", "REGIM_0316": "01", "F_ALTA": "2018-06-15", "area": 182.434, "cuenca": "Tormes", "Tipo": "Laguna", "variacion": 210.81898498535156 }, "geometry": { "type": "Point", "coordinates": [ -5.327342109880916, 40.656096104841644 ] } },
{ "type": "Feature", "properties": { "ID": 142392592.0, "NOMBRE": null, "TIPO_0316": "01", "REGIM_0316": "01", "F_ALTA": "2022-08-25", "area": 887.787, "cuenca": "Tormes", "Tipo": "Laguna", "variacion": 210.72885131835938 }, "geometry": { "type": "Point", "coordinates": [ -5.325292016927857, 40.656172230831643 ] } },
{ "type": "Feature", "properties": { "ID": 142392684.0, "NOMBRE": null, "TIPO_0316": "01", "REGIM_0316": "01", "F_ALTA": "2018-06-15", "area": 102.624, "cuenca": "Tormes", "Tipo": "Laguna", "variacion": 209.608642578125 }, "geometry": { "type": "Point", "coordinates": [ -5.306771908679133, 40.657274455425735 ] } },
{ "type": "Feature", "properties": { "ID": 142392681.0, "NOMBRE": null, "TIPO_0316": "01", "REGIM_0316": "01", "F_ALTA": "2018-06-15", "area": 124.538, "cuenca": "Tormes", "Tipo": "Laguna", "variacion": 209.60232543945312 }, "geometry": { "type": "Point", "coordinates": [ -5.304716287301232, 40.657080859829243 ] } },
{ "type": "Feature", "properties": { "ID": 142392675.0, "NOMBRE": null, "TIPO_0316": "01", "REGIM_0316": "01", "F_ALTA": "2018-06-15", "area": 58.202, "cuenca": "Tormes", "Tipo": "Laguna", "variacion": 209.60755920410156 }, "geometry": { "type": "Point", "coordinates": [ -5.302918404939084, 40.656806109688766 ] } },
{ "type": "Feature", "properties": { "ID": 142392648.0, "NOMBRE": null, "TIPO_0316": "01", "REGIM_0316": "02", "F_ALTA": "2022-08-25", "area": 2004.474, "cuenca": "Tormes", "Tipo": "Laguna", "variacion": 205.567626953125 }, "geometry": { "type": "Point", "coordinates": [ -5.256332512212468, 40.661303830208624 ] } },
{ "type": "Feature", "properties": { "ID": 142392671.0, "NOMBRE": null, "TIPO_0316": "01", "REGIM_0316": "01", "F_ALTA": "2018-06-15", "area": 56.344, "cuenca": "Tormes", "Tipo": "Laguna", "variacion": 209.65203857421875 }, "geometry": { "type": "Point", "coordinates": [ -5.300796367324157, 40.656186507580813 ] } },
{ "type": "Feature", "properties": { "ID": 142392622.0, "NOMBRE": null, "TIPO_0316": "01", "REGIM_0316": "02", "F_ALTA": "2022-08-25", "area": 218.176, "cuenca": "Tormes", "Tipo": "Laguna", "variacion": 212.9716796875 }, "geometry": { "type": "Point", "coordinates": [ -5.351655057947739, 40.65045750446037 ] } },
{ "type": "Feature", "properties": { "ID": 142392680.0, "NOMBRE": null, "TIPO_0316": "01", "REGIM_0316": "01", "F_ALTA": "2018-06-15", "area": 82.344, "cuenca": "Tormes", "Tipo": "Laguna", "variacion": 210.21266174316406 }, "geometry": { "type": "Point", "coordinates": [ -5.304458032203099, 40.654910086430455 ] } },
{ "type": "Feature", "properties": { "ID": 142392677.0, "NOMBRE": null, "TIPO_0316": "01", "REGIM_0316": "01", "F_ALTA": "2018-06-15", "area": 38.405, "cuenca": "Tormes", "Tipo": "Laguna", "variacion": 210.24058532714844 }, "geometry": { "type": "Point", "coordinates": [ -5.304060034565766, 40.654780643548044 ] } },
{ "type": "Feature", "properties": { "ID": 142392600.0, "NOMBRE": null, "TIPO_0316": "01", "REGIM_0316": "02", "F_ALTA": "2022-08-25", "area": 393.453, "cuenca": "Tormes", "Tipo": "Laguna", "variacion": 213.05435180664062 }, "geometry": { "type": "Point", "coordinates": [ -5.338751623616744, 40.648885667282379 ] } },
{ "type": "Feature", "properties": { "ID": 142392655.0, "NOMBRE": null, "TIPO_0316": "01", "REGIM_0316": "02", "F_ALTA": "2022-08-25", "area": 129.038, "cuenca": "Tormes", "Tipo": "Laguna", "variacion": 208.888427734375 }, "geometry": { "type": "Point", "coordinates": [ -5.274319559294241, 40.654266722814732 ] } },
{ "type": "Feature", "properties": { "ID": 142392669.0, "NOMBRE": null, "TIPO_0316": "01", "REGIM_0316": "01", "F_ALTA": "2018-06-15", "area": 132.472, "cuenca": "Tormes", "Tipo": "Laguna", "variacion": 210.91462707519531 }, "geometry": { "type": "Point", "coordinates": [ -5.298622982570357, 40.651512175907229 ] } },
{ "type": "Feature", "properties": { "ID": 142392614.0, "NOMBRE": null, "TIPO_0316": "01", "REGIM_0316": "02", "F_ALTA": "2022-08-25", "area": 190.041, "cuenca": "Tormes", "Tipo": "Laguna", "variacion": 214.22270202636719 }, "geometry": { "type": "Point", "coordinates": [ -5.346009930975937, 40.645032816901498 ] } },
{ "type": "Feature", "properties": { "ID": 142392611.0, "NOMBRE": null, "TIPO_0316": "01", "REGIM_0316": "01", "F_ALTA": "2022-08-25", "area": 122.732, "cuenca": "Tormes", "Tipo": "Laguna", "variacion": 214.26606750488281 }, "geometry": { "type": "Point", "coordinates": [ -5.344144203574071, 40.644742218397717 ] } },
{ "type": "Feature", "properties": { "ID": 142392656.0, "NOMBRE": null, "TIPO_0316": "01", "REGIM_0316": "01", "F_ALTA": "2022-08-25", "area": 76.192, "cuenca": "Tormes", "Tipo": "Laguna", "variacion": 209.96968078613281 }, "geometry": { "type": "Point", "coordinates": [ -5.278510851471331, 40.651426213818489 ] } },
{ "type": "Feature", "properties": { "ID": 142392610.0, "NOMBRE": null, "TIPO_0316": "01", "REGIM_0316": "02", "F_ALTA": "2022-08-25", "area": 184.311, "cuenca": "Tormes", "Tipo": "Laguna", "variacion": 214.44772338867188 }, "geometry": { "type": "Point", "coordinates": [ -5.34403891462492, 40.644046173688963 ] } },
{ "type": "Feature", "properties": { "ID": 142392657.0, "NOMBRE": null, "TIPO_0316": "01", "REGIM_0316": "02", "F_ALTA": "2022-08-25", "area": 113.001, "cuenca": "Tormes", "Tipo": "Laguna", "variacion": 210.20127868652344 }, "geometry": { "type": "Point", "coordinates": [ -5.27874145169264, 40.650751569325919 ] } },
{ "type": "Feature", "properties": { "ID": 142392660.0, "NOMBRE": null, "TIPO_0316": "01", "REGIM_0316": "02", "F_ALTA": "2022-08-25", "area": 143.069, "cuenca": "Tormes", "Tipo": "Laguna", "variacion": 211.00625610351562 }, "geometry": { "type": "Point", "coordinates": [ -5.287300853811899, 40.64954530162138 ] } },
{ "type": "Feature", "properties": { "ID": 142392612.0, "NOMBRE": null, "TIPO_0316": "01", "REGIM_0316": "02", "F_ALTA": "2022-08-25", "area": 202.505, "cuenca": "Tormes", "Tipo": "Laguna", "variacion": 214.68571472167969 }, "geometry": { "type": "Point", "coordinates": [ -5.344494514782972, 40.643104047579719 ] } },
{ "type": "Feature", "properties": { "ID": 142392609.0, "NOMBRE": null, "TIPO_0316": "01", "REGIM_0316": "01", "F_ALTA": "2022-08-25", "area": 139.046, "cuenca": "Tormes", "Tipo": "Laguna", "variacion": 214.62350463867188 }, "geometry": { "type": "Point", "coordinates": [ -5.343649977859501, 40.64320598218459 ] } },
{ "type": "Feature", "properties": { "ID": 142392617.0, "NOMBRE": null, "TIPO_0316": "01", "REGIM_0316": "02", "F_ALTA": "2022-08-25", "area": 140.411, "cuenca": "Tormes", "Tipo": "Laguna", "variacion": 215.04893493652344 }, "geometry": { "type": "Point", "coordinates": [ -5.346571155749751, 40.641752600834252 ] } },
{ "type": "Feature", "properties": { "ID": 142392678.0, "NOMBRE": null, "TIPO_0316": "01", "REGIM_0316": "01", "F_ALTA": "2018-06-15", "area": 93.84, "cuenca": "Tormes", "Tipo": "Laguna", "variacion": 212.60235595703125 }, "geometry": { "type": "Point", "coordinates": [ -5.303369430405285, 40.646390041648132 ] } },
{ "type": "Feature", "properties": { "ID": 142392658.0, "NOMBRE": null, "TIPO_0316": "01", "REGIM_0316": "01", "F_ALTA": "2022-08-25", "area": 218.836, "cuenca": "Tormes", "Tipo": "Laguna", "variacion": 211.20114135742188 }, "geometry": { "type": "Point", "coordinates": [ -5.282930372249445, 40.648163606260475 ] } },
{ "type": "Feature", "properties": { "ID": 142392679.0, "NOMBRE": null, "TIPO_0316": "01", "REGIM_0316": "01", "F_ALTA": "2018-06-15", "area": 255.075, "cuenca": "Tormes", "Tipo": "Laguna", "variacion": 213.06376647949219 }, "geometry": { "type": "Point", "coordinates": [ -5.303255192830244, 40.644860243356533 ] } },
{ "type": "Feature", "properties": { "ID": 142392645.0, "NOMBRE": null, "TIPO_0316": "01", "REGIM_0316": "01", "F_ALTA": "2018-06-15", "area": 174.361, "cuenca": "Tormes", "Tipo": "Laguna", "variacion": 208.32740783691406 }, "geometry": { "type": "Point", "coordinates": [ -5.245019511174537, 40.650217639036462 ] } },
{ "type": "Feature", "properties": { "ID": 142392644.0, "NOMBRE": null, "TIPO_0316": "01", "REGIM_0316": "01", "F_ALTA": "2018-06-15", "area": 1480.994, "cuenca": "Tormes", "Tipo": "Laguna", "variacion": 210.62272644042969 }, "geometry": { "type": "Point", "coordinates": [ -5.243277118592096, 40.642605680348765 ] } },
{ "type": "Feature", "properties": { "ID": 142375887.0, "NOMBRE": null, "TIPO_0316": "01", "REGIM_0316": "02", "F_ALTA": "2018-06-14", "area": 258.649, "cuenca": "Tormes", "Tipo": "Laguna", "variacion": 191.83860778808594 }, "geometry": { "type": "Point", "coordinates": [ -5.239164142059312, 40.697319044842153 ] } },
{ "type": "Feature", "properties": { "ID": 142375879.0, "NOMBRE": null, "TIPO_0316": "01", "REGIM_0316": "02", "F_ALTA": "2018-06-14", "area": 228.819, "cuenca": "Tormes", "Tipo": "Laguna", "variacion": 201.13859558105469 }, "geometry": { "type": "Point", "coordinates": [ -5.228152401063348, 40.668473964949861 ] } },
{ "type": "Feature", "properties": { "ID": 142392643.0, "NOMBRE": null, "TIPO_0316": "01", "REGIM_0316": "01", "F_ALTA": "2022-08-25", "area": 1096.12, "cuenca": "Tormes", "Tipo": "Laguna", "variacion": 208.238037109375 }, "geometry": { "type": "Point", "coordinates": [ -5.225903154468058, 40.646338822139569 ] } },
{ "type": "Feature", "properties": { "ID": 142392642.0, "NOMBRE": null, "TIPO_0316": "01", "REGIM_0316": "01", "F_ALTA": "2022-08-25", "area": 597.368, "cuenca": "Tormes", "Tipo": "Laguna", "variacion": 206.91355895996094 }, "geometry": { "type": "Point", "coordinates": [ -5.218633563963151, 40.648775565833191 ] } },
{ "type": "Feature", "properties": { "ID": 142392641.0, "NOMBRE": null, "TIPO_0316": "01", "REGIM_0316": "01", "F_ALTA": "2022-08-25", "area": 250.397, "cuenca": "Tormes", "Tipo": "Laguna", "variacion": 202.72439575195312 }, "geometry": { "type": "Point", "coordinates": [ -5.214185059431464, 40.660544085639096 ] } },
{ "type": "Feature", "properties": { "ID": 142392640.0, "NOMBRE": null, "TIPO_0316": "01", "REGIM_0316": "01", "F_ALTA": "2022-08-25", "area": 369.817, "cuenca": "Tormes", "Tipo": "Laguna", "variacion": 203.22402954101562 }, "geometry": { "type": "Point", "coordinates": [ -5.212914747181546, 40.658783597133116 ] } },
{ "type": "Feature", "properties": { "ID": 142392638.0, "NOMBRE": null, "TIPO_0316": "01", "REGIM_0316": "01", "F_ALTA": "2018-06-15", "area": 1214.412, "cuenca": "Tormes", "Tipo": "Laguna", "variacion": 206.68614196777344 }, "geometry": { "type": "Point", "coordinates": [ -5.211002671112147, 40.647711366250405 ] } },
{ "type": "Feature", "properties": { "ID": 142375880.0, "NOMBRE": null, "TIPO_0316": "01", "REGIM_0316": "02", "F_ALTA": "2018-06-14", "area": 246.96, "cuenca": "Tormes", "Tipo": "Laguna", "variacion": 198.12416076660156 }, "geometry": { "type": "Point", "coordinates": [ -5.213125472254354, 40.673624036349509 ] } },
{ "type": "Feature", "properties": { "ID": 142392445.0, "NOMBRE": null, "TIPO_0316": "01", "REGIM_0316": "01", "F_ALTA": "2018-06-15", "area": 232.14, "cuenca": "Tormes", "Tipo": "Laguna", "variacion": 208.18833923339844 }, "geometry": { "type": "Point", "coordinates": [ -5.210004411923627, 40.642609783590906 ] } },
{ "type": "Feature", "properties": { "ID": 142392443.0, "NOMBRE": null, "TIPO_0316": "01", "REGIM_0316": "01", "F_ALTA": "2022-08-25", "area": 287.129, "cuenca": "Tormes", "Tipo": "Laguna", "variacion": 210.57701110839844 }, "geometry": { "type": "Point", "coordinates": [ -5.209334047745284, 40.634657328760532 ] } },
{ "type": "Feature", "properties": { "ID": 142392442.0, "NOMBRE": null, "TIPO_0316": "01", "REGIM_0316": "01", "F_ALTA": "2018-06-15", "area": 322.501, "cuenca": "Tormes", "Tipo": "Laguna", "variacion": 210.75453186035156 }, "geometry": { "type": "Point", "coordinates": [ -5.206093486831717, 40.632981480015296 ] } },
{ "type": "Feature", "properties": { "ID": 142392448.0, "NOMBRE": null, "TIPO_0316": "01", "REGIM_0316": "01", "F_ALTA": "2022-08-25", "area": 349.251, "cuenca": "Tormes", "Tipo": "Laguna", "variacion": 205.09159851074219 }, "geometry": { "type": "Point", "coordinates": [ -5.206421395783708, 40.651599564070004 ] } },
{ "type": "Feature", "properties": { "ID": 142392447.0, "NOMBRE": null, "TIPO_0316": "01", "REGIM_0316": "02", "F_ALTA": "2022-08-25", "area": 250.804, "cuenca": "Tormes", "Tipo": "Laguna", "variacion": 205.08908081054688 }, "geometry": { "type": "Point", "coordinates": [ -5.205571664647482, 40.651476567251784 ] } },
{ "type": "Feature", "properties": { "ID": 142392444.0, "NOMBRE": null, "TIPO_0316": "01", "REGIM_0316": "01", "F_ALTA": "2022-08-25", "area": 1287.06, "cuenca": "Tormes", "Tipo": "Laguna", "variacion": 209.23550415039062 }, "geometry": { "type": "Point", "coordinates": [ -5.200950458425106, 40.636644772770595 ] } },
{ "type": "Feature", "properties": { "ID": 142375936.0, "NOMBRE": null, "TIPO_0316": "01", "REGIM_0316": "02", "F_ALTA": "2018-06-14", "area": 934.535, "cuenca": "Tormes", "Tipo": "Laguna", "variacion": 199.52835083007812 }, "geometry": { "type": "Point", "coordinates": [ -5.200780144004709, 40.666883941456 ] } },
{ "type": "Feature", "properties": { "ID": 142375946.0, "NOMBRE": null, "TIPO_0316": "01", "REGIM_0316": "02", "F_ALTA": "2018-06-14", "area": 163.349, "cuenca": "Tormes", "Tipo": "Laguna", "variacion": 192.18267822265625 }, "geometry": { "type": "Point", "coordinates": [ -5.199537460414958, 40.68643113056072 ] } },
{ "type": "Feature", "properties": { "ID": 142375950.0, "NOMBRE": null, "TIPO_0316": "01", "REGIM_0316": "02", "F_ALTA": "2018-06-14", "area": 403.182, "cuenca": "Tormes", "Tipo": "Laguna", "variacion": 185.26919555664062 }, "geometry": { "type": "Point", "coordinates": [ -5.197525814890476, 40.703317699336026 ] } },
{ "type": "Feature", "properties": { "ID": 142392449.0, "NOMBRE": null, "TIPO_0316": "01", "REGIM_0316": "01", "F_ALTA": "2022-08-25", "area": 712.199, "cuenca": "Tormes", "Tipo": "Laguna", "variacion": 203.20542907714844 }, "geometry": { "type": "Point", "coordinates": [ -5.193276462236086, 40.654171061612431 ] } },
{ "type": "Feature", "properties": { "ID": 142392450.0, "NOMBRE": null, "TIPO_0316": "01", "REGIM_0316": "01", "F_ALTA": "2022-08-25", "area": 248.566, "cuenca": "Tormes", "Tipo": "Laguna", "variacion": 202.79679870605469 }, "geometry": { "type": "Point", "coordinates": [ -5.193362164786233, 40.655418243583206 ] } },
{ "type": "Feature", "properties": { "ID": 142392452.0, "NOMBRE": null, "TIPO_0316": "01", "REGIM_0316": "01", "F_ALTA": "2018-06-15", "area": 528.818, "cuenca": "Tormes", "Tipo": "Laguna", "variacion": 200.90669250488281 }, "geometry": { "type": "Point", "coordinates": [ -5.193602253511491, 40.661197816146846 ] } },
{ "type": "Feature", "properties": { "ID": 142392446.0, "NOMBRE": null, "TIPO_0316": "01", "REGIM_0316": "01", "F_ALTA": "2022-08-25", "area": 1242.163, "cuenca": "Tormes", "Tipo": "Laguna", "variacion": 204.77351379394531 }, "geometry": { "type": "Point", "coordinates": [ -5.191299605911353, 40.64888439624049 ] } },
{ "type": "Feature", "properties": { "ID": 142392451.0, "NOMBRE": null, "TIPO_0316": "01", "REGIM_0316": "01", "F_ALTA": "2018-06-15", "area": 1531.52, "cuenca": "Tormes", "Tipo": "Laguna", "variacion": 200.85513305664062 }, "geometry": { "type": "Point", "coordinates": [ -5.186846539466775, 40.659636091194251 ] } },
{ "type": "Feature", "properties": { "ID": 142375951.0, "NOMBRE": null, "TIPO_0316": "01", "REGIM_0316": "02", "F_ALTA": "2018-06-14", "area": 194.667, "cuenca": "Tormes", "Tipo": "Laguna", "variacion": 180.01188659667969 }, "geometry": { "type": "Point", "coordinates": [ -5.181080036330995, 40.71124780883126 ] } },
{ "type": "Feature", "properties": { "ID": 142375934.0, "NOMBRE": null, "TIPO_0316": "01", "REGIM_0316": "02", "F_ALTA": "2018-06-14", "area": 673.868, "cuenca": "Tormes", "Tipo": "Laguna", "variacion": 199.58064270019531 }, "geometry": { "type": "Point", "coordinates": [ -5.175605184857581, 40.660737970172988 ] } },
{ "type": "Feature", "properties": { "ID": 142375952.0, "NOMBRE": null, "TIPO_0316": "01", "REGIM_0316": "02", "F_ALTA": "2018-06-14", "area": 185.158, "cuenca": "Tormes", "Tipo": "Laguna", "variacion": 178.17715454101562 }, "geometry": { "type": "Point", "coordinates": [ -5.173695520574872, 40.713447813864065 ] } },
{ "type": "Feature", "properties": { "ID": 142375942.0, "NOMBRE": null, "TIPO_0316": "01", "REGIM_0316": "02", "F_ALTA": "2018-06-14", "area": 613.401, "cuenca": "Tormes", "Tipo": "Laguna", "variacion": 189.81425476074219 }, "geometry": { "type": "Point", "coordinates": [ -5.170389740186385, 40.685831051994498 ] } },
{ "type": "Feature", "properties": { "ID": 142377564.0, "NOMBRE": null, "TIPO_0316": "01", "REGIM_0316": "02", "F_ALTA": "2018-06-14", "area": 119.763, "cuenca": "Tormes", "Tipo": "Laguna", "variacion": 177.45526123046875 }, "geometry": { "type": "Point", "coordinates": [ -5.172585587158085, 40.714756768068291 ] } },
{ "type": "Feature", "properties": { "ID": 142375937.0, "NOMBRE": null, "TIPO_0316": "01", "REGIM_0316": "02", "F_ALTA": "2018-06-14", "area": 493.271, "cuenca": "Tormes", "Tipo": "Laguna", "variacion": 194.8670654296875 }, "geometry": { "type": "Point", "coordinates": [ -5.166662566807722, 40.671882411674531 ] } },
{ "type": "Feature", "properties": { "ID": 142377563.0, "NOMBRE": null, "TIPO_0316": "01", "REGIM_0316": "02", "F_ALTA": "2018-06-14", "area": 58.121, "cuenca": "Tormes", "Tipo": "Laguna", "variacion": 176.83518981933594 }, "geometry": { "type": "Point", "coordinates": [ -5.16714737580116, 40.714673105202174 ] } },
{ "type": "Feature", "properties": { "ID": 142375940.0, "NOMBRE": null, "TIPO_0316": "01", "REGIM_0316": "02", "F_ALTA": "2018-06-14", "area": 332.676, "cuenca": "Tormes", "Tipo": "Laguna", "variacion": 189.23532104492188 }, "geometry": { "type": "Point", "coordinates": [ -5.164527925597762, 40.685964915475871 ] } },
{ "type": "Feature", "properties": { "ID": 142377562.0, "NOMBRE": null, "TIPO_0316": "01", "REGIM_0316": "02", "F_ALTA": "2018-06-14", "area": 100.851, "cuenca": "Tormes", "Tipo": "Laguna", "variacion": 176.47695922851562 }, "geometry": { "type": "Point", "coordinates": [ -5.164887224488846, 40.714812920067949 ] } },
{ "type": "Feature", "properties": { "ID": 142375926.0, "NOMBRE": null, "TIPO_0316": "01", "REGIM_0316": "02", "F_ALTA": "2018-06-14", "area": 1673.931, "cuenca": "Tormes", "Tipo": "Laguna", "variacion": 199.00619506835938 }, "geometry": { "type": "Point", "coordinates": [ -5.149368816664305, 40.656019892692996 ] } },
{ "type": "Feature", "properties": { "ID": 142375948.0, "NOMBRE": null, "TIPO_0316": "01", "REGIM_0316": "02", "F_ALTA": "2018-06-14", "area": 475.866, "cuenca": "Tormes", "Tipo": "Laguna", "variacion": 181.97802734375 }, "geometry": { "type": "Point", "coordinates": [ -5.144127129928346, 40.698059181374482 ] } },
{ "type": "Feature", "properties": { "ID": 142375947.0, "NOMBRE": null, "TIPO_0316": "01", "REGIM_0316": "02", "F_ALTA": "2018-06-14", "area": 642.478, "cuenca": "Tormes", "Tipo": "Laguna", "variacion": 182.85820007324219 }, "geometry": { "type": "Point", "coordinates": [ -5.142931136832009, 40.695998783761709 ] } },
{ "type": "Feature", "properties": { "ID": 142375945.0, "NOMBRE": null, "TIPO_0316": "01", "REGIM_0316": "02", "F_ALTA": "2018-06-14", "area": 661.65, "cuenca": "Tormes", "Tipo": "Laguna", "variacion": 185.27531433105469 }, "geometry": { "type": "Point", "coordinates": [ -5.141363795074954, 40.690249489555342 ] } },
{ "type": "Feature", "properties": { "ID": 142375944.0, "NOMBRE": null, "TIPO_0316": "01", "REGIM_0316": "02", "F_ALTA": "2018-06-14", "area": 740.712, "cuenca": "Tormes", "Tipo": "Laguna", "variacion": 185.40916442871094 }, "geometry": { "type": "Point", "coordinates": [ -5.141173194697044, 40.689914805366321 ] } },
{ "type": "Feature", "properties": { "ID": 142377565.0, "NOMBRE": null, "TIPO_0316": "01", "REGIM_0316": "02", "F_ALTA": "2018-06-14", "area": 390.249, "cuenca": "Tormes", "Tipo": "Laguna", "variacion": 163.51092529296875 }, "geometry": { "type": "Point", "coordinates": [ -5.100922232459158, 40.724698588655905 ] } },
{ "type": "Feature", "properties": { "ID": 142375943.0, "NOMBRE": null, "TIPO_0316": "01", "REGIM_0316": "02", "F_ALTA": "2018-06-14", "area": 66.599, "cuenca": "Tormes", "Tipo": "Laguna", "variacion": 179.05516052246094 }, "geometry": { "type": "Point", "coordinates": [ -5.095565710180317, 40.694635598495125 ] } },
{ "type": "Feature", "properties": { "ID": 142377560.0, "NOMBRE": null, "TIPO_0316": "01", "REGIM_0316": "02", "F_ALTA": "2018-06-14", "area": 345.273, "cuenca": "Tormes", "Tipo": "Laguna", "variacion": 167.1544189453125 }, "geometry": { "type": "Point", "coordinates": [ -5.095778861222712, 40.717208678718677 ] } },
{ "type": "Feature", "properties": { "ID": 142377561.0, "NOMBRE": null, "TIPO_0316": "01", "REGIM_0316": "02", "F_ALTA": "2018-06-14", "area": 230.791, "cuenca": "Tormes", "Tipo": "Laguna", "variacion": 164.79859924316406 }, "geometry": { "type": "Point", "coordinates": [ -5.094124094775115, 40.721096061582983 ] } },
{ "type": "Feature", "properties": { "ID": 142375941.0, "NOMBRE": null, "TIPO_0316": "01", "REGIM_0316": "02", "F_ALTA": "2018-06-14", "area": 565.156, "cuenca": "Tormes", "Tipo": "Laguna", "variacion": 178.783935546875 }, "geometry": { "type": "Point", "coordinates": [ -5.089114766529369, 40.694029036149338 ] } },
{ "type": "Feature", "properties": { "ID": 142375925.0, "NOMBRE": null, "TIPO_0316": "01", "REGIM_0316": "02", "F_ALTA": "2018-06-14", "area": 190.143, "cuenca": "Tormes", "Tipo": "Laguna", "variacion": 192.04820251464844 }, "geometry": { "type": "Point", "coordinates": [ -5.084409966620094, 40.662556991967143 ] } },
{ "type": "Feature", "properties": { "ID": 142375949.0, "NOMBRE": null, "TIPO_0316": "01", "REGIM_0316": "02", "F_ALTA": "2018-06-14", "area": 137.24, "cuenca": "Tormes", "Tipo": "Laguna", "variacion": 169.44287109375 }, "geometry": { "type": "Point", "coordinates": [ -5.074524198449178, 40.709084804878202 ] } },
{ "type": "Feature", "properties": { "ID": 142375939.0, "NOMBRE": null, "TIPO_0316": "01", "REGIM_0316": "02", "F_ALTA": "2018-06-14", "area": 574.382, "cuenca": "Tormes", "Tipo": "Laguna", "variacion": 177.10313415527344 }, "geometry": { "type": "Point", "coordinates": [ -5.056448037094066, 40.691887643065947 ] } },
{ "type": "Feature", "properties": { "ID": 142392502.0, "NOMBRE": null, "TIPO_0316": "01", "REGIM_0316": "02", "F_ALTA": "2022-08-25", "area": 372.431, "cuenca": "Tormes", "Tipo": "Laguna", "variacion": 213.25103759765625 }, "geometry": { "type": "Point", "coordinates": [ -5.364581568409868, 40.650446862490064 ] } },
{ "type": "Feature", "properties": { "ID": 142392625.0, "NOMBRE": null, "TIPO_0316": "01", "REGIM_0316": "02", "F_ALTA": "2022-08-25", "area": 519.407, "cuenca": "Tormes", "Tipo": "Laguna", "variacion": 213.34825134277344 }, "geometry": { "type": "Point", "coordinates": [ -5.355820785601746, 40.649362038422787 ] } },
{ "type": "Feature", "properties": { "ID": 142392704.0, "NOMBRE": null, "TIPO_0316": "01", "REGIM_0316": "01", "F_ALTA": "2018-06-15", "area": 5.605, "cuenca": "Tormes", "Tipo": "Laguna", "variacion": 214.04832458496094 }, "geometry": { "type": "Point", "coordinates": [ -5.37083131046537, 40.647444304735188 ] } },
{ "type": "Feature", "properties": { "ID": 142392635.0, "NOMBRE": null, "TIPO_0316": "01", "REGIM_0316": "01", "F_ALTA": "2018-06-15", "area": 212.961, "cuenca": "Tormes", "Tipo": "Laguna", "variacion": 213.85319519042969 }, "geometry": { "type": "Point", "coordinates": [ -5.360637933574509, 40.647568341638916 ] } },
{ "type": "Feature", "properties": { "ID": 142392631.0, "NOMBRE": null, "TIPO_0316": "01", "REGIM_0316": "02", "F_ALTA": "2022-08-25", "area": 206.462, "cuenca": "Tormes", "Tipo": "Laguna", "variacion": 213.89382934570312 }, "geometry": { "type": "Point", "coordinates": [ -5.358450168979765, 40.647272637013941 ] } },
{ "type": "Feature", "properties": { "ID": 142392629.0, "NOMBRE": null, "TIPO_0316": "01", "REGIM_0316": "02", "F_ALTA": "2022-08-25", "area": 443.42, "cuenca": "Tormes", "Tipo": "Laguna", "variacion": 213.91136169433594 }, "geometry": { "type": "Point", "coordinates": [ -5.357303765624506, 40.647168253725184 ] } },
{ "type": "Feature", "properties": { "ID": 142392626.0, "NOMBRE": null, "TIPO_0316": "01", "REGIM_0316": "02", "F_ALTA": "2022-08-25", "area": 186.466, "cuenca": "Tormes", "Tipo": "Laguna", "variacion": 214.0699462890625 }, "geometry": { "type": "Point", "coordinates": [ -5.356711995677591, 40.646518104778387 ] } },
{ "type": "Feature", "properties": { "ID": 142392699.0, "NOMBRE": null, "TIPO_0316": "01", "REGIM_0316": "01", "F_ALTA": "2018-06-15", "area": 470.911, "cuenca": "Tormes", "Tipo": "Laguna", "variacion": 214.53573608398438 }, "geometry": { "type": "Point", "coordinates": [ -5.367749896044603, 40.64521624294219 ] } },
{ "type": "Feature", "properties": { "ID": 142392701.0, "NOMBRE": null, "TIPO_0316": "01", "REGIM_0316": "01", "F_ALTA": "2022-08-25", "area": 341.992, "cuenca": "Tormes", "Tipo": "Laguna", "variacion": 214.84754943847656 }, "geometry": { "type": "Point", "coordinates": [ -5.368958331741595, 40.643850109499674 ] } },
{ "type": "Feature", "properties": { "ID": 142392693.0, "NOMBRE": null, "TIPO_0316": "01", "REGIM_0316": "01", "F_ALTA": "2018-06-15", "area": 349.435, "cuenca": "Tormes", "Tipo": "Laguna", "variacion": 214.67059326171875 }, "geometry": { "type": "Point", "coordinates": [ -5.363295840209146, 40.644385115847207 ] } },
{ "type": "Feature", "properties": { "ID": 142392633.0, "NOMBRE": null, "TIPO_0316": "01", "REGIM_0316": "02", "F_ALTA": "2022-08-25", "area": 231.958, "cuenca": "Tormes", "Tipo": "Laguna", "variacion": 214.67996215820312 }, "geometry": { "type": "Point", "coordinates": [ -5.358884635797629, 40.643979146560447 ] } },
{ "type": "Feature", "properties": { "ID": 142392705.0, "NOMBRE": null, "TIPO_0316": "01", "REGIM_0316": "02", "F_ALTA": "2022-08-25", "area": 149.471, "cuenca": "Tormes", "Tipo": "Laguna", "variacion": 215.64921569824219 }, "geometry": { "type": "Point", "coordinates": [ -5.370761434789668, 40.640449984440778 ] } },
{ "type": "Feature", "properties": { "ID": 142392692.0, "NOMBRE": null, "TIPO_0316": "01", "REGIM_0316": "02", "F_ALTA": "2022-08-25", "area": 281.693, "cuenca": "Tormes", "Tipo": "Laguna", "variacion": 215.41943359375 }, "geometry": { "type": "Point", "coordinates": [ -5.362442344056364, 40.641044571041355 ] } },
{ "type": "Feature", "properties": { "ID": 142392630.0, "NOMBRE": null, "TIPO_0316": "01", "REGIM_0316": "02", "F_ALTA": "2022-08-25", "area": 318.811, "cuenca": "Tormes", "Tipo": "Laguna", "variacion": 216.11129760742188 }, "geometry": { "type": "Point", "coordinates": [ -5.356981244717816, 40.638064857927567 ] } },
{ "type": "Feature", "properties": { "ID": 142392628.0, "NOMBRE": null, "TIPO_0316": "01", "REGIM_0316": "02", "F_ALTA": "2022-08-25", "area": 361.935, "cuenca": "Tormes", "Tipo": "Laguna", "variacion": 216.14772033691406 }, "geometry": { "type": "Point", "coordinates": [ -5.35652789234632, 40.637844633161841 ] } },
{ "type": "Feature", "properties": { "ID": 142392706.0, "NOMBRE": null, "TIPO_0316": "01", "REGIM_0316": "02", "F_ALTA": "2022-08-25", "area": 133.474, "cuenca": "Tormes", "Tipo": "Laguna", "variacion": 216.70162963867188 }, "geometry": { "type": "Point", "coordinates": [ -5.371015334709124, 40.635708604316264 ] } },
{ "type": "Feature", "properties": { "ID": 142392715.0, "NOMBRE": null, "TIPO_0316": "01", "REGIM_0316": "01", "F_ALTA": "2022-08-25", "area": 139.152, "cuenca": "Tormes", "Tipo": "Laguna", "variacion": 217.00173950195312 }, "geometry": { "type": "Point", "coordinates": [ -5.376594415622872, 40.634360925332921 ] } },
{ "type": "Feature", "properties": { "ID": 142392719.0, "NOMBRE": null, "TIPO_0316": "01", "REGIM_0316": "02", "F_ALTA": "2022-08-25", "area": 104.979, "cuenca": "Tormes", "Tipo": "Laguna", "variacion": 217.120849609375 }, "geometry": { "type": "Point", "coordinates": [ -5.377882658253405, 40.633833641521207 ] } },
{ "type": "Feature", "properties": { "ID": 142392665.0, "NOMBRE": null, "TIPO_0316": "01", "REGIM_0316": "01", "F_ALTA": "2022-08-25", "area": 123.291, "cuenca": "Tormes", "Tipo": "Laguna", "variacion": 212.40660095214844 }, "geometry": { "type": "Point", "coordinates": [ -5.293748031568425, 40.645655702884802 ] } },
{ "type": "Feature", "properties": { "ID": 142392666.0, "NOMBRE": null, "TIPO_0316": "01", "REGIM_0316": "02", "F_ALTA": "2022-08-25", "area": 114.693, "cuenca": "Tormes", "Tipo": "Laguna", "variacion": 212.79588317871094 }, "geometry": { "type": "Point", "coordinates": [ -5.294223040969387, 40.644426242458444 ] } },
{ "type": "Feature", "properties": { "ID": 142392607.0, "NOMBRE": null, "TIPO_0316": "01", "REGIM_0316": "02", "F_ALTA": "2022-08-25", "area": 255.598, "cuenca": "Tormes", "Tipo": "Laguna", "variacion": 215.64970397949219 }, "geometry": { "type": "Point", "coordinates": [ -5.340837838101422, 40.639094685052285 ] } },
{ "type": "Feature", "properties": { "ID": 142392649.0, "NOMBRE": null, "TIPO_0316": "01", "REGIM_0316": "01", "F_ALTA": "2018-06-15", "area": 194.19, "cuenca": "Tormes", "Tipo": "Laguna", "variacion": 210.20352172851562 }, "geometry": { "type": "Point", "coordinates": [ -5.260766673684276, 40.647387090007861 ] } },
{ "type": "Feature", "properties": { "ID": 142392659.0, "NOMBRE": null, "TIPO_0316": "01", "REGIM_0316": "01", "F_ALTA": "2018-06-15", "area": 140.478, "cuenca": "Tormes", "Tipo": "Laguna", "variacion": 212.41856384277344 }, "geometry": { "type": "Point", "coordinates": [ -5.286486201700076, 40.644616501902703 ] } },
{ "type": "Feature", "properties": { "ID": 142392618.0, "NOMBRE": null, "TIPO_0316": "01", "REGIM_0316": "02", "F_ALTA": "2022-08-25", "area": 232.587, "cuenca": "Tormes", "Tipo": "Laguna", "variacion": 216.0360107421875 }, "geometry": { "type": "Point", "coordinates": [ -5.34653275290123, 40.637789863978554 ] } },
{ "type": "Feature", "properties": { "ID": 142392621.0, "NOMBRE": null, "TIPO_0316": "01", "REGIM_0316": "02", "F_ALTA": "2022-08-25", "area": 273.318, "cuenca": "Tormes", "Tipo": "Laguna", "variacion": 216.19743347167969 }, "geometry": { "type": "Point", "coordinates": [ -5.348216757324718, 40.637201178357174 ] } },
{ "type": "Feature", "properties": { "ID": 142392601.0, "NOMBRE": null, "TIPO_0316": "01", "REGIM_0316": "02", "F_ALTA": "2022-08-25", "area": 127.484, "cuenca": "Tormes", "Tipo": "Laguna", "variacion": 215.82687377929688 }, "geometry": { "type": "Point", "coordinates": [ -5.338346458544629, 40.63812684946344 ] } },
{ "type": "Feature", "properties": { "ID": 142392613.0, "NOMBRE": null, "TIPO_0316": "01", "REGIM_0316": "02", "F_ALTA": "2022-08-25", "area": 281.462, "cuenca": "Tormes", "Tipo": "Laguna", "variacion": 216.12283325195312 }, "geometry": { "type": "Point", "coordinates": [ -5.344043085772487, 40.637359194854106 ] } },
{ "type": "Feature", "properties": { "ID": 142392597.0, "NOMBRE": null, "TIPO_0316": "01", "REGIM_0316": "02", "F_ALTA": "2022-08-25", "area": 148.049, "cuenca": "Tormes", "Tipo": "Laguna", "variacion": 216.01382446289062 }, "geometry": { "type": "Point", "coordinates": [ -5.334398349396928, 40.637166364440098 ] } },
{ "type": "Feature", "properties": { "ID": 142392650.0, "NOMBRE": null, "TIPO_0316": "01", "REGIM_0316": "01", "F_ALTA": "2018-06-15", "area": 1331.49, "cuenca": "Tormes", "Tipo": "Laguna", "variacion": 211.15864562988281 }, "geometry": { "type": "Point", "coordinates": [ -5.261032052784928, 40.644324641934773 ] } },
{ "type": "Feature", "properties": { "ID": 142392661.0, "NOMBRE": null, "TIPO_0316": "01", "REGIM_0316": "01", "F_ALTA": "2022-08-25", "area": 448.731, "cuenca": "Tormes", "Tipo": "Laguna", "variacion": 213.65046691894531 }, "geometry": { "type": "Point", "coordinates": [ -5.289920171184411, 40.640957569099534 ] } },
{ "type": "Feature", "properties": { "ID": 142392652.0, "NOMBRE": null, "TIPO_0316": "01", "REGIM_0316": "01", "F_ALTA": "2022-08-25", "area": 161.635, "cuenca": "Tormes", "Tipo": "Laguna", "variacion": 211.85285949707031 }, "geometry": { "type": "Point", "coordinates": [ -5.265898493485105, 40.643061869306379 ] } },
{ "type": "Feature", "properties": { "ID": 142392654.0, "NOMBRE": null, "TIPO_0316": "01", "REGIM_0316": "01", "F_ALTA": "2022-08-25", "area": 228.78, "cuenca": "Tormes", "Tipo": "Laguna", "variacion": 212.19944763183594 }, "geometry": { "type": "Point", "coordinates": [ -5.267932495385033, 40.642269297205956 ] } },
{ "type": "Feature", "properties": { "ID": 142392605.0, "NOMBRE": null, "TIPO_0316": "01", "REGIM_0316": "02", "F_ALTA": "2022-08-25", "area": 236.319, "cuenca": "Tormes", "Tipo": "Laguna", "variacion": 216.90740966796875 }, "geometry": { "type": "Point", "coordinates": [ -5.339839187591083, 40.634030303819387 ] } },
{ "type": "Feature", "properties": { "ID": 142392685.0, "NOMBRE": null, "TIPO_0316": "01", "REGIM_0316": "02", "F_ALTA": "2022-08-25", "area": 141.402, "cuenca": "Tormes", "Tipo": "Laguna", "variacion": 215.52210998535156 }, "geometry": { "type": "Point", "coordinates": [ -5.311921772170487, 40.637036976820852 ] } },
{ "type": "Feature", "properties": { "ID": 142392647.0, "NOMBRE": null, "TIPO_0316": "01", "REGIM_0316": "02", "F_ALTA": "2022-08-25", "area": 162.97, "cuenca": "Tormes", "Tipo": "Laguna", "variacion": 210.93353271484375 }, "geometry": { "type": "Point", "coordinates": [ -5.248398966054016, 40.642673555471461 ] } },
{ "type": "Feature", "properties": { "ID": 142392599.0, "NOMBRE": null, "TIPO_0316": "01", "REGIM_0316": "02", "F_ALTA": "2022-08-25", "area": 148.176, "cuenca": "Tormes", "Tipo": "Laguna", "variacion": 217.17195129394531 }, "geometry": { "type": "Point", "coordinates": [ -5.336848150844689, 40.632832813498723 ] } },
{ "type": "Feature", "properties": { "ID": 142392603.0, "NOMBRE": null, "TIPO_0316": "01", "REGIM_0316": "02", "F_ALTA": "2022-08-25", "area": 106.086, "cuenca": "Tormes", "Tipo": "Laguna", "variacion": 217.49153137207031 }, "geometry": { "type": "Point", "coordinates": [ -5.339493063050766, 40.63162933572746 ] } },
{ "type": "Feature", "properties": { "ID": 142392595.0, "NOMBRE": null, "TIPO_0316": "01", "REGIM_0316": "02", "F_ALTA": "2022-08-25", "area": 151.273, "cuenca": "Tormes", "Tipo": "Laguna", "variacion": 217.05406188964844 }, "geometry": { "type": "Point", "coordinates": [ -5.32636201346151, 40.632675930898891 ] } },
{ "type": "Feature", "properties": { "ID": 142392662.0, "NOMBRE": null, "TIPO_0316": "01", "REGIM_0316": "01", "F_ALTA": "2018-06-15", "area": 599.917, "cuenca": "Tormes", "Tipo": "Laguna", "variacion": 215.05154418945312 }, "geometry": { "type": "Point", "coordinates": [ -5.289503631156299, 40.636047618759505 ] } },
{ "type": "Feature", "properties": { "ID": 142392606.0, "NOMBRE": null, "TIPO_0316": "01", "REGIM_0316": "02", "F_ALTA": "2022-08-25", "area": 108.644, "cuenca": "Tormes", "Tipo": "Laguna", "variacion": 217.76568603515625 }, "geometry": { "type": "Point", "coordinates": [ -5.339704875350456, 40.630492758382488 ] } },
{ "type": "Feature", "properties": { "ID": 142392608.0, "NOMBRE": null, "TIPO_0316": "01", "REGIM_0316": "01", "F_ALTA": "2022-08-25", "area": 158.282, "cuenca": "Tormes", "Tipo": "Laguna", "variacion": 217.97354125976562 }, "geometry": { "type": "Point", "coordinates": [ -5.34197694842787, 40.629849190043323 ] } },
{ "type": "Feature", "properties": { "ID": 142392591.0, "NOMBRE": null, "TIPO_0316": "01", "REGIM_0316": "01", "F_ALTA": "2022-08-25", "area": 311.024, "cuenca": "Tormes", "Tipo": "Laguna", "variacion": 217.29292297363281 }, "geometry": { "type": "Point", "coordinates": [ -5.322189502143452, 40.631560247131354 ] } },
{ "type": "Feature", "properties": { "ID": 142392594.0, "NOMBRE": null, "TIPO_0316": "01", "REGIM_0316": "01", "F_ALTA": "2022-08-25", "area": 195.025, "cuenca": "Tormes", "Tipo": "Laguna", "variacion": 217.94607543945312 }, "geometry": { "type": "Point", "coordinates": [ -5.325942642622765, 40.629288801941406 ] } },
{ "type": "Feature", "properties": { "ID": 142392686.0, "NOMBRE": null, "TIPO_0316": "01", "REGIM_0316": "01", "F_ALTA": "2022-08-25", "area": 396.217, "cuenca": "Tormes", "Tipo": "Laguna", "variacion": 217.74285888671875 }, "geometry": { "type": "Point", "coordinates": [ -5.316902965704138, 40.629365182016834 ] } },
{ "type": "Feature", "properties": { "ID": 142392651.0, "NOMBRE": null, "TIPO_0316": "01", "REGIM_0316": "01", "F_ALTA": "2022-08-25", "area": 148.736, "cuenca": "Tormes", "Tipo": "Laguna", "variacion": 214.61758422851562 }, "geometry": { "type": "Point", "coordinates": [ -5.264613899611207, 40.633733327953983 ] } },
{ "type": "Feature", "properties": { "ID": 142392653.0, "NOMBRE": null, "TIPO_0316": "01", "REGIM_0316": "02", "F_ALTA": "2022-08-25", "area": 99.242, "cuenca": "Tormes", "Tipo": "Laguna", "variacion": 214.9415283203125 }, "geometry": { "type": "Point", "coordinates": [ -5.265499241777459, 40.632807766435207 ] } },
{ "type": "Feature", "properties": { "ID": 142392616.0, "NOMBRE": null, "TIPO_0316": "01", "REGIM_0316": "01", "F_ALTA": "2022-08-25", "area": 170.044, "cuenca": "Tormes", "Tipo": "Laguna", "variacion": 219.89472961425781 }, "geometry": { "type": "Point", "coordinates": [ -5.344726383956838, 40.621962224683244 ] } },
{ "type": "Feature", "properties": { "ID": 142392602.0, "NOMBRE": null, "TIPO_0316": "01", "REGIM_0316": "02", "F_ALTA": "2022-08-25", "area": 104.066, "cuenca": "Tormes", "Tipo": "Laguna", "variacion": 219.76858520507812 }, "geometry": { "type": "Point", "coordinates": [ -5.337908300448362, 40.622581461310368 ] } },
{ "type": "Feature", "properties": { "ID": 142392620.0, "NOMBRE": null, "TIPO_0316": "01", "REGIM_0316": "01", "F_ALTA": "2018-06-15", "area": 117.64, "cuenca": "Tormes", "Tipo": "Laguna", "variacion": 220.11546325683594 }, "geometry": { "type": "Point", "coordinates": [ -5.346052843532514, 40.620996190244739 ] } },
{ "type": "Feature", "properties": { "ID": 142392821.0, "NOMBRE": null, "TIPO_0316": "01", "REGIM_0316": "01", "F_ALTA": "2022-08-25", "area": 245.642, "cuenca": "Tormes", "Tipo": "Laguna", "variacion": 220.4588623046875 }, "geometry": { "type": "Point", "coordinates": [ -5.349524339841389, 40.619508651348561 ] } },
{ "type": "Feature", "properties": { "ID": 142392683.0, "NOMBRE": null, "TIPO_0316": "01", "REGIM_0316": "01", "F_ALTA": "2022-08-25", "area": 423.334, "cuenca": "Tormes", "Tipo": "Laguna", "variacion": 219.11009216308594 }, "geometry": { "type": "Point", "coordinates": [ -5.303542945415541, 40.623379597006732 ] } },
{ "type": "Feature", "properties": { "ID": 142392796.0, "NOMBRE": null, "TIPO_0316": "01", "REGIM_0316": "01", "F_ALTA": "2022-08-25", "area": 583.335, "cuenca": "Tormes", "Tipo": "Laguna", "variacion": 220.33612060546875 }, "geometry": { "type": "Point", "coordinates": [ -5.325711193498532, 40.620017104711209 ] } },
{ "type": "Feature", "properties": { "ID": 142392664.0, "NOMBRE": null, "TIPO_0316": "01", "REGIM_0316": "01", "F_ALTA": "2018-06-15", "area": 258.085, "cuenca": "Tormes", "Tipo": "Laguna", "variacion": 218.82676696777344 }, "geometry": { "type": "Point", "coordinates": [ -5.291682143171943, 40.623329204100706 ] } },
{ "type": "Feature", "properties": { "ID": 142392810.0, "NOMBRE": null, "TIPO_0316": "01", "REGIM_0316": "01", "F_ALTA": "2018-06-15", "area": 122.634, "cuenca": "Tormes", "Tipo": "Laguna", "variacion": 220.79750061035156 }, "geometry": { "type": "Point", "coordinates": [ -5.338266078737869, 40.618273445442156 ] } },
{ "type": "Feature", "properties": { "ID": 142392801.0, "NOMBRE": null, "TIPO_0316": "01", "REGIM_0316": "01", "F_ALTA": "2018-06-15", "area": 104.455, "cuenca": "Tormes", "Tipo": "Laguna", "variacion": 220.72474670410156 }, "geometry": { "type": "Point", "coordinates": [ -5.332609987059788, 40.618666852269662 ] } },
{ "type": "Feature", "properties": { "ID": 142392682.0, "NOMBRE": null, "TIPO_0316": "01", "REGIM_0316": "01", "F_ALTA": "2018-06-15", "area": 649.879, "cuenca": "Tormes", "Tipo": "Laguna", "variacion": 219.72590637207031 }, "geometry": { "type": "Point", "coordinates": [ -5.30230368038587, 40.621082496260875 ] } },
{ "type": "Feature", "properties": { "ID": 142392814.0, "NOMBRE": null, "TIPO_0316": "01", "REGIM_0316": "01", "F_ALTA": "2018-06-15", "area": 72.887, "cuenca": "Tormes", "Tipo": "Laguna", "variacion": 221.41542053222656 }, "geometry": { "type": "Point", "coordinates": [ -5.342288981573858, 40.615806538765661 ] } },
{ "type": "Feature", "properties": { "ID": 142392798.0, "NOMBRE": null, "TIPO_0316": "01", "REGIM_0316": "01", "F_ALTA": "2018-06-15", "area": 311.048, "cuenca": "Tormes", "Tipo": "Laguna", "variacion": 221.0552978515625 }, "geometry": { "type": "Point", "coordinates": [ -5.327888930936449, 40.617315085618856 ] } },
{ "type": "Feature", "properties": { "ID": 142392797.0, "NOMBRE": null, "TIPO_0316": "01", "REGIM_0316": "01", "F_ALTA": "2022-08-25", "area": 326.795, "cuenca": "Tormes", "Tipo": "Laguna", "variacion": 221.19161987304688 }, "geometry": { "type": "Point", "coordinates": [ -5.327591171348748, 40.616852844216574 ] } },
{ "type": "Feature", "properties": { "ID": 142392646.0, "NOMBRE": null, "TIPO_0316": "01", "REGIM_0316": "02", "F_ALTA": "2022-08-25", "area": 531.103, "cuenca": "Tormes", "Tipo": "Laguna", "variacion": 215.93519592285156 }, "geometry": { "type": "Point", "coordinates": [ -5.243860317059925, 40.625284973116294 ] } },
{ "type": "Feature", "properties": { "ID": 142392800.0, "NOMBRE": null, "TIPO_0316": "01", "REGIM_0316": "02", "F_ALTA": "2022-08-25", "area": 215.329, "cuenca": "Tormes", "Tipo": "Laguna", "variacion": 221.44815063476562 }, "geometry": { "type": "Point", "coordinates": [ -5.332278979972092, 40.615781190793982 ] } },
{ "type": "Feature", "properties": { "ID": 142392803.0, "NOMBRE": null, "TIPO_0316": "01", "REGIM_0316": "02", "F_ALTA": "2022-08-25", "area": 190.602, "cuenca": "Tormes", "Tipo": "Laguna", "variacion": 221.540283203125 }, "geometry": { "type": "Point", "coordinates": [ -5.332923757666281, 40.615363916777291 ] } },
{ "type": "Feature", "properties": { "ID": 142392784.0, "NOMBRE": null, "TIPO_0316": "01", "REGIM_0316": "01", "F_ALTA": "2018-06-15", "area": 114.477, "cuenca": "Tormes", "Tipo": "Laguna", "variacion": 220.52597045898438 }, "geometry": { "type": "Point", "coordinates": [ -5.383442728646068, 40.616806149308836 ] } },
{ "type": "Feature", "properties": { "ID": 142392781.0, "NOMBRE": null, "TIPO_0316": "01", "REGIM_0316": "01", "F_ALTA": "2018-06-15", "area": 182.963, "cuenca": "Tormes", "Tipo": "Laguna", "variacion": 220.74374389648438 }, "geometry": { "type": "Point", "coordinates": [ -5.383223989186146, 40.615846525092728 ] } },
{ "type": "Feature", "properties": { "ID": 142392780.0, "NOMBRE": null, "TIPO_0316": "01", "REGIM_0316": "01", "F_ALTA": "2018-06-15", "area": 651.369, "cuenca": "Tormes", "Tipo": "Laguna", "variacion": 220.79829406738281 }, "geometry": { "type": "Point", "coordinates": [ -5.38219110736158, 40.615600208029207 ] } },
{ "type": "Feature", "properties": { "ID": 142392782.0, "NOMBRE": null, "TIPO_0316": "01", "REGIM_0316": "01", "F_ALTA": "2022-08-25", "area": 151.158, "cuenca": "Tormes", "Tipo": "Laguna", "variacion": 220.74531555175781 }, "geometry": { "type": "Point", "coordinates": [ -5.381354995434137, 40.616123850074537 ] } },
{ "type": "Feature", "properties": { "ID": 142392773.0, "NOMBRE": null, "TIPO_0316": "01", "REGIM_0316": "02", "F_ALTA": "2022-08-25", "area": 244.962, "cuenca": "Tormes", "Tipo": "Laguna", "variacion": 221.4447021484375 }, "geometry": { "type": "Point", "coordinates": [ -5.38026890893221, 40.612565892300168 ] } },
{ "type": "Feature", "properties": { "ID": 142392722.0, "NOMBRE": null, "TIPO_0316": "01", "REGIM_0316": "01", "F_ALTA": "2022-08-25", "area": 243.786, "cuenca": "Tormes", "Tipo": "Laguna", "variacion": 218.00152587890625 }, "geometry": { "type": "Point", "coordinates": [ -5.379107553482442, 40.629645924843381 ] } },
{ "type": "Feature", "properties": { "ID": 142392771.0, "NOMBRE": null, "TIPO_0316": "01", "REGIM_0316": "01", "F_ALTA": "2018-06-15", "area": 687.364, "cuenca": "Tormes", "Tipo": "Laguna", "variacion": 221.62167358398438 }, "geometry": { "type": "Point", "coordinates": [ -5.377256832127172, 40.612161713071878 ] } },
{ "type": "Feature", "properties": { "ID": 142392718.0, "NOMBRE": null, "TIPO_0316": "01", "REGIM_0316": "01", "F_ALTA": "2022-08-25", "area": 273.801, "cuenca": "Tormes", "Tipo": "Laguna", "variacion": 219.07586669921875 }, "geometry": { "type": "Point", "coordinates": [ -5.376983498438523, 40.624534637112049 ] } },
{ "type": "Feature", "properties": { "ID": 142392717.0, "NOMBRE": null, "TIPO_0316": "01", "REGIM_0316": "01", "F_ALTA": "2018-06-15", "area": 114.977, "cuenca": "Tormes", "Tipo": "Laguna", "variacion": 219.07586669921875 }, "geometry": { "type": "Point", "coordinates": [ -5.376806532025318, 40.624634418629689 ] } },
{ "type": "Feature", "properties": { "ID": 142392777.0, "NOMBRE": null, "TIPO_0316": "01", "REGIM_0316": "02", "F_ALTA": "2022-08-25", "area": 193.812, "cuenca": "Tormes", "Tipo": "Laguna", "variacion": 221.06999206542969 }, "geometry": { "type": "Point", "coordinates": [ -5.375583567395955, 40.615012471120089 ] } },
{ "type": "Feature", "properties": { "ID": 142392716.0, "NOMBRE": null, "TIPO_0316": "01", "REGIM_0316": "02", "F_ALTA": "2022-08-25", "area": 183.964, "cuenca": "Tormes", "Tipo": "Laguna", "variacion": 219.72433471679688 }, "geometry": { "type": "Point", "coordinates": [ -5.376000424182449, 40.621543341095169 ] } },
{ "type": "Feature", "properties": { "ID": 142392786.0, "NOMBRE": null, "TIPO_0316": "01", "REGIM_0316": "02", "F_ALTA": "2022-08-25", "area": 267.448, "cuenca": "Tormes", "Tipo": "Laguna", "variacion": 220.11483764648438 }, "geometry": { "type": "Point", "coordinates": [ -5.374933610255998, 40.619749675977317 ] } },
{ "type": "Feature", "properties": { "ID": 142392778.0, "NOMBRE": null, "TIPO_0316": "01", "REGIM_0316": "01", "F_ALTA": "2022-08-25", "area": 368.254, "cuenca": "Tormes", "Tipo": "Laguna", "variacion": 220.9503173828125 }, "geometry": { "type": "Point", "coordinates": [ -5.374088624141664, 40.615776875762265 ] } },
{ "type": "Feature", "properties": { "ID": 142392711.0, "NOMBRE": null, "TIPO_0316": "01", "REGIM_0316": "01", "F_ALTA": "2022-08-25", "area": 154.964, "cuenca": "Tormes", "Tipo": "Laguna", "variacion": 218.44239807128906 }, "geometry": { "type": "Point", "coordinates": [ -5.373889905917004, 40.6277498443878 ] } },
{ "type": "Feature", "properties": { "ID": 142392710.0, "NOMBRE": null, "TIPO_0316": "01", "REGIM_0316": "01", "F_ALTA": "2022-08-25", "area": 188.232, "cuenca": "Tormes", "Tipo": "Laguna", "variacion": 219.60328674316406 }, "geometry": { "type": "Point", "coordinates": [ -5.37298730807797, 40.622304947190322 ] } },
{ "type": "Feature", "properties": { "ID": 142392770.0, "NOMBRE": null, "TIPO_0316": "01", "REGIM_0316": "01", "F_ALTA": "2018-06-15", "area": 140.473, "cuenca": "Tormes", "Tipo": "Laguna", "variacion": 221.65216064453125 }, "geometry": { "type": "Point", "coordinates": [ -5.372176179879887, 40.612622423572155 ] } },
{ "type": "Feature", "properties": { "ID": 142392709.0, "NOMBRE": null, "TIPO_0316": "01", "REGIM_0316": "01", "F_ALTA": "2022-08-25", "area": 136.63, "cuenca": "Tormes", "Tipo": "Laguna", "variacion": 218.63911437988281 }, "geometry": { "type": "Point", "coordinates": [ -5.373266285787327, 40.626853246447801 ] } },
{ "type": "Feature", "properties": { "ID": 142392767.0, "NOMBRE": null, "TIPO_0316": "01", "REGIM_0316": "02", "F_ALTA": "2022-08-25", "area": 241.953, "cuenca": "Tormes", "Tipo": "Laguna", "variacion": 222.07144165039062 }, "geometry": { "type": "Point", "coordinates": [ -5.371698701556087, 40.610591671078026 ] } },
{ "type": "Feature", "properties": { "ID": 142392768.0, "NOMBRE": null, "TIPO_0316": "01", "REGIM_0316": "01", "F_ALTA": "2018-06-15", "area": 135.474, "cuenca": "Tormes", "Tipo": "Laguna", "variacion": 221.89997863769531 }, "geometry": { "type": "Point", "coordinates": [ -5.370910374379507, 40.611656252378303 ] } },
{ "type": "Feature", "properties": { "ID": 142392707.0, "NOMBRE": null, "TIPO_0316": "01", "REGIM_0316": "01", "F_ALTA": "2022-08-25", "area": 252.707, "cuenca": "Tormes", "Tipo": "Laguna", "variacion": 218.83985900878906 }, "geometry": { "type": "Point", "coordinates": [ -5.371802640528942, 40.62595672571986 ] } },
{ "type": "Feature", "properties": { "ID": 142392772.0, "NOMBRE": null, "TIPO_0316": "01", "REGIM_0316": "02", "F_ALTA": "2022-08-25", "area": 284.446, "cuenca": "Tormes", "Tipo": "Laguna", "variacion": 221.63320922851562 }, "geometry": { "type": "Point", "coordinates": [ -5.36712392019968, 40.613327248148181 ] } },
{ "type": "Feature", "properties": { "ID": 142392702.0, "NOMBRE": null, "TIPO_0316": "01", "REGIM_0316": "02", "F_ALTA": "2022-08-25", "area": 152.471, "cuenca": "Tormes", "Tipo": "Laguna", "variacion": 217.57566833496094 }, "geometry": { "type": "Point", "coordinates": [ -5.368491684014956, 40.631848973611859 ] } },
{ "type": "Feature", "properties": { "ID": 142392700.0, "NOMBRE": null, "TIPO_0316": "01", "REGIM_0316": "02", "F_ALTA": "2022-08-25", "area": 160.969, "cuenca": "Tormes", "Tipo": "Laguna", "variacion": 217.9764404296875 }, "geometry": { "type": "Point", "coordinates": [ -5.367901185037064, 40.630044685460398 ] } },
{ "type": "Feature", "properties": { "ID": 142392698.0, "NOMBRE": null, "TIPO_0316": "01", "REGIM_0316": "02", "F_ALTA": "2022-08-25", "area": 172.468, "cuenca": "Tormes", "Tipo": "Laguna", "variacion": 217.7296142578125 }, "geometry": { "type": "Point", "coordinates": [ -5.36567719583105, 40.631072789092968 ] } },
{ "type": "Feature", "properties": { "ID": 142392697.0, "NOMBRE": null, "TIPO_0316": "01", "REGIM_0316": "02", "F_ALTA": "2022-08-25", "area": 472.337, "cuenca": "Tormes", "Tipo": "Laguna", "variacion": 219.1845703125 }, "geometry": { "type": "Point", "coordinates": [ -5.364305511761707, 40.624593027567741 ] } },
{ "type": "Feature", "properties": { "ID": 142392839.0, "NOMBRE": null, "TIPO_0316": "01", "REGIM_0316": "01", "F_ALTA": "2022-08-25", "area": 816.419, "cuenca": "Tormes", "Tipo": "Laguna", "variacion": 221.62812805175781 }, "geometry": { "type": "Point", "coordinates": [ -5.362384693613458, 40.613804437016469 ] } },
{ "type": "Feature", "properties": { "ID": 142392696.0, "NOMBRE": null, "TIPO_0316": "01", "REGIM_0316": "02", "F_ALTA": "2022-08-25", "area": 270.901, "cuenca": "Tormes", "Tipo": "Laguna", "variacion": 219.99449157714844 }, "geometry": { "type": "Point", "coordinates": [ -5.362932196037472, 40.621097915584656 ] } },
{ "type": "Feature", "properties": { "ID": 142392695.0, "NOMBRE": null, "TIPO_0316": "01", "REGIM_0316": "02", "F_ALTA": "2022-08-25", "area": 179.467, "cuenca": "Tormes", "Tipo": "Laguna", "variacion": 218.70120239257812 }, "geometry": { "type": "Point", "coordinates": [ -5.362047728608306, 40.626899876727528 ] } },
{ "type": "Feature", "properties": { "ID": 142392694.0, "NOMBRE": null, "TIPO_0316": "01", "REGIM_0316": "02", "F_ALTA": "2022-08-25", "area": 117.685, "cuenca": "Tormes", "Tipo": "Laguna", "variacion": 219.43467712402344 }, "geometry": { "type": "Point", "coordinates": [ -5.361778864578912, 40.623669040488885 ] } },
{ "type": "Feature", "properties": { "ID": 142392691.0, "NOMBRE": null, "TIPO_0316": "01", "REGIM_0316": "02", "F_ALTA": "2022-08-25", "area": 105.547, "cuenca": "Tormes", "Tipo": "Laguna", "variacion": 218.04116821289062 }, "geometry": { "type": "Point", "coordinates": [ -5.361019037597411, 40.629865883327696 ] } },
{ "type": "Feature", "properties": { "ID": 142392690.0, "NOMBRE": null, "TIPO_0316": "01", "REGIM_0316": "02", "F_ALTA": "2022-08-25", "area": 188.881, "cuenca": "Tormes", "Tipo": "Laguna", "variacion": 217.58409118652344 }, "geometry": { "type": "Point", "coordinates": [ -5.360742604492384, 40.631812017718872 ] } },
{ "type": "Feature", "properties": { "ID": 142392689.0, "NOMBRE": null, "TIPO_0316": "01", "REGIM_0316": "02", "F_ALTA": "2022-08-25", "area": 300.043, "cuenca": "Tormes", "Tipo": "Laguna", "variacion": 218.03742980957031 }, "geometry": { "type": "Point", "coordinates": [ -5.359989389946756, 40.62974956870444 ] } },
{ "type": "Feature", "properties": { "ID": 142392688.0, "NOMBRE": null, "TIPO_0316": "01", "REGIM_0316": "01", "F_ALTA": "2018-06-15", "area": 158.471, "cuenca": "Tormes", "Tipo": "Laguna", "variacion": 219.76811218261719 }, "geometry": { "type": "Point", "coordinates": [ -5.35934891707881, 40.622189096575937 ] } },
{ "type": "Feature", "properties": { "ID": 142392687.0, "NOMBRE": null, "TIPO_0316": "01", "REGIM_0316": "01", "F_ALTA": "2018-06-15", "area": 172.468, "cuenca": "Tormes", "Tipo": "Laguna", "variacion": 219.4403076171875 }, "geometry": { "type": "Point", "coordinates": [ -5.3594508086047, 40.623782407582425 ] } },
{ "type": "Feature", "properties": { "ID": 142392637.0, "NOMBRE": null, "TIPO_0316": "01", "REGIM_0316": "02", "F_ALTA": "2022-08-25", "area": 168.515, "cuenca": "Tormes", "Tipo": "Laguna", "variacion": 219.52235412597656 }, "geometry": { "type": "Point", "coordinates": [ -5.359407900458746, 40.623353155508717 ] } },
{ "type": "Feature", "properties": { "ID": 142392636.0, "NOMBRE": null, "TIPO_0316": "01", "REGIM_0316": "02", "F_ALTA": "2022-08-25", "area": 193.964, "cuenca": "Tormes", "Tipo": "Laguna", "variacion": 218.78150939941406 }, "geometry": { "type": "Point", "coordinates": [ -5.359412783323468, 40.626655354927429 ] } },
{ "type": "Feature", "properties": { "ID": 142392634.0, "NOMBRE": null, "TIPO_0316": "01", "REGIM_0316": "02", "F_ALTA": "2022-08-25", "area": 207.962, "cuenca": "Tormes", "Tipo": "Laguna", "variacion": 218.78024291992188 }, "geometry": { "type": "Point", "coordinates": [ -5.35849698070123, 40.626614883080791 ] } },
{ "type": "Feature", "properties": { "ID": 142392837.0, "NOMBRE": null, "TIPO_0316": "01", "REGIM_0316": "01", "F_ALTA": "2018-06-15", "area": 120.478, "cuenca": "Tormes", "Tipo": "Laguna", "variacion": 221.896728515625 }, "geometry": { "type": "Point", "coordinates": [ -5.357100119869428, 40.612954092380974 ] } },
{ "type": "Feature", "properties": { "ID": 142392834.0, "NOMBRE": null, "TIPO_0316": "01", "REGIM_0316": "01", "F_ALTA": "2022-08-25", "area": 831.77, "cuenca": "Tormes", "Tipo": "Laguna", "variacion": 221.08949279785156 }, "geometry": { "type": "Point", "coordinates": [ -5.356773203230992, 40.6166087260073 ] } },
{ "type": "Feature", "properties": { "ID": 142392632.0, "NOMBRE": null, "TIPO_0316": "01", "REGIM_0316": "01", "F_ALTA": "2018-06-15", "area": 78.486, "cuenca": "Tormes", "Tipo": "Laguna", "variacion": 219.02769470214844 }, "geometry": { "type": "Point", "coordinates": [ -5.357105034621663, 40.625458256231518 ] } },
{ "type": "Feature", "properties": { "ID": 142392833.0, "NOMBRE": null, "TIPO_0316": "01", "REGIM_0316": "02", "F_ALTA": "2022-08-25", "area": 1061.31, "cuenca": "Tormes", "Tipo": "Laguna", "variacion": 220.27272033691406 }, "geometry": { "type": "Point", "coordinates": [ -5.35616820009489, 40.62015852528895 ] } },
{ "type": "Feature", "properties": { "ID": 142392627.0, "NOMBRE": null, "TIPO_0316": "01", "REGIM_0316": "01", "F_ALTA": "2022-08-25", "area": 990.397, "cuenca": "Tormes", "Tipo": "Laguna", "variacion": 219.5692138671875 }, "geometry": { "type": "Point", "coordinates": [ -5.354994734443683, 40.62325691371796 ] } },
{ "type": "Feature", "properties": { "ID": 142392624.0, "NOMBRE": null, "TIPO_0316": "01", "REGIM_0316": "02", "F_ALTA": "2022-08-25", "area": 238.35, "cuenca": "Tormes", "Tipo": "Laguna", "variacion": 219.90606689453125 }, "geometry": { "type": "Point", "coordinates": [ -5.352549373650421, 40.621827142956079 ] } },
{ "type": "Feature", "properties": { "ID": 142392623.0, "NOMBRE": null, "TIPO_0316": "01", "REGIM_0316": "02", "F_ALTA": "2022-08-25", "area": 250.498, "cuenca": "Tormes", "Tipo": "Laguna", "variacion": 219.27120971679688 }, "geometry": { "type": "Point", "coordinates": [ -5.352171190526677, 40.624647762030605 ] } },
{ "type": "Feature", "properties": { "ID": 142392789.0, "NOMBRE": null, "TIPO_0316": "01", "REGIM_0316": "01", "F_ALTA": "2018-06-15", "area": 149.105, "cuenca": "Tormes", "Tipo": "Laguna", "variacion": 219.94781494140625 }, "geometry": { "type": "Point", "coordinates": [ -5.391751467500355, 40.61889139306718 ] } },
{ "type": "Feature", "properties": { "ID": 142392775.0, "NOMBRE": null, "TIPO_0316": "01", "REGIM_0316": "01", "F_ALTA": "2018-06-15", "area": 208.456, "cuenca": "Tormes", "Tipo": "Laguna", "variacion": 221.312744140625 }, "geometry": { "type": "Point", "coordinates": [ -5.389606541928514, 40.611981912218184 ] } },
{ "type": "Feature", "properties": { "ID": 142392774.0, "NOMBRE": null, "TIPO_0316": "01", "REGIM_0316": "01", "F_ALTA": "2022-08-25", "area": 208.773, "cuenca": "Tormes", "Tipo": "Laguna", "variacion": 221.37184143066406 }, "geometry": { "type": "Point", "coordinates": [ -5.388768509588168, 40.611748301201516 ] } },
{ "type": "Feature", "properties": { "ID": 142392787.0, "NOMBRE": null, "TIPO_0316": "01", "REGIM_0316": "01", "F_ALTA": "2022-08-25", "area": 445.697, "cuenca": "Tormes", "Tipo": "Laguna", "variacion": 220.13606262207031 }, "geometry": { "type": "Point", "coordinates": [ -5.389100636319109, 40.618193428613516 ] } },
{ "type": "Feature", "properties": { "ID": 142392769.0, "NOMBRE": null, "TIPO_0316": "01", "REGIM_0316": "02", "F_ALTA": "2022-08-25", "area": 145.97, "cuenca": "Tormes", "Tipo": "Laguna", "variacion": 221.5936279296875 }, "geometry": { "type": "Point", "coordinates": [ -5.387933554631999, 40.610716173165422 ] } },
{ "type": "Feature", "properties": { "ID": 142392745.0, "NOMBRE": null, "TIPO_0316": "01", "REGIM_0316": "02", "F_ALTA": "2022-08-25", "area": 180.961, "cuenca": "Tormes", "Tipo": "Laguna", "variacion": 223.57209777832031 }, "geometry": { "type": "Point", "coordinates": [ -5.395743343534559, 40.597586501496352 ] } },
{ "type": "Feature", "properties": { "ID": 142392751.0, "NOMBRE": null, "TIPO_0316": "01", "REGIM_0316": "01", "F_ALTA": "2018-06-15", "area": 270.942, "cuenca": "Tormes", "Tipo": "Laguna", "variacion": 223.35726928710938 }, "geometry": { "type": "Point", "coordinates": [ -5.394005830568674, 40.599423191200721 ] } },
{ "type": "Feature", "properties": { "ID": 142392868.0, "NOMBRE": null, "TIPO_0316": "01", "REGIM_0316": "02", "F_ALTA": "2022-08-25", "area": 173.061, "cuenca": "Tormes", "Tipo": "Laguna", "variacion": 225.00010681152344 }, "geometry": { "type": "Point", "coordinates": [ -5.391384361514599, 40.590176894641367 ] } },
{ "type": "Feature", "properties": { "ID": 142392861.0, "NOMBRE": null, "TIPO_0316": "01", "REGIM_0316": "01", "F_ALTA": "2022-08-25", "area": 262.868, "cuenca": "Tormes", "Tipo": "Laguna", "variacion": 225.46174621582031 }, "geometry": { "type": "Point", "coordinates": [ -5.389681535107856, 40.587973006046624 ] } },
{ "type": "Feature", "properties": { "ID": 142392857.0, "NOMBRE": null, "TIPO_0316": "01", "REGIM_0316": "01", "F_ALTA": "2018-06-15", "area": 63.487, "cuenca": "Tormes", "Tipo": "Laguna", "variacion": 225.82467651367188 }, "geometry": { "type": "Point", "coordinates": [ -5.389101645164827, 40.585923707147288 ] } },
{ "type": "Feature", "properties": { "ID": 142392872.0, "NOMBRE": null, "TIPO_0316": "01", "REGIM_0316": "01", "F_ALTA": "2018-06-15", "area": 64.486, "cuenca": "Tormes", "Tipo": "Laguna", "variacion": 225.05355834960938 }, "geometry": { "type": "Point", "coordinates": [ -5.388741942245757, 40.590932361415561 ] } },
{ "type": "Feature", "properties": { "ID": 142392851.0, "NOMBRE": null, "TIPO_0316": "01", "REGIM_0316": "02", "F_ALTA": "2022-08-25", "area": 174.795, "cuenca": "Tormes", "Tipo": "Laguna", "variacion": 226.18721008300781 }, "geometry": { "type": "Point", "coordinates": [ -5.388111549391559, 40.584083398062369 ] } },
{ "type": "Feature", "properties": { "ID": 142392869.0, "NOMBRE": null, "TIPO_0316": "01", "REGIM_0316": "01", "F_ALTA": "2018-06-15", "area": 51.989, "cuenca": "Tormes", "Tipo": "Laguna", "variacion": 225.09645080566406 }, "geometry": { "type": "Point", "coordinates": [ -5.38856416072624, 40.590692148013261 ] } },
{ "type": "Feature", "properties": { "ID": 142392859.0, "NOMBRE": null, "TIPO_0316": "01", "REGIM_0316": "01", "F_ALTA": "2018-06-15", "area": 59.987, "cuenca": "Tormes", "Tipo": "Laguna", "variacion": 225.67648315429688 }, "geometry": { "type": "Point", "coordinates": [ -5.388115440422929, 40.587264235809307 ] } },
{ "type": "Feature", "properties": { "ID": 142392867.0, "NOMBRE": null, "TIPO_0316": "01", "REGIM_0316": "01", "F_ALTA": "2018-06-15", "area": 46.99, "cuenca": "Tormes", "Tipo": "Laguna", "variacion": 225.15223693847656 }, "geometry": { "type": "Point", "coordinates": [ -5.387879507083515, 40.590543733549922 ] } },
{ "type": "Feature", "properties": { "ID": 142392856.0, "NOMBRE": null, "TIPO_0316": "01", "REGIM_0316": "01", "F_ALTA": "2018-06-15", "area": 47.99, "cuenca": "Tormes", "Tipo": "Laguna", "variacion": 226.14515686035156 }, "geometry": { "type": "Point", "coordinates": [ -5.386174759111683, 40.585224466701881 ] } },
{ "type": "Feature", "properties": { "ID": 142392849.0, "NOMBRE": null, "TIPO_0316": "01", "REGIM_0316": "01", "F_ALTA": "2018-06-15", "area": 86.982, "cuenca": "Tormes", "Tipo": "Laguna", "variacion": 226.52845764160156 }, "geometry": { "type": "Point", "coordinates": [ -5.385527142878959, 40.582989420874284 ] } },
{ "type": "Feature", "properties": { "ID": 142392864.0, "NOMBRE": null, "TIPO_0316": "01", "REGIM_0316": "01", "F_ALTA": "2022-08-25", "area": 137.322, "cuenca": "Tormes", "Tipo": "Laguna", "variacion": 225.52302551269531 }, "geometry": { "type": "Point", "coordinates": [ -5.384019460921894, 40.589670288391098 ] } },
{ "type": "Feature", "properties": { "ID": 142392744.0, "NOMBRE": null, "TIPO_0316": "01", "REGIM_0316": "01", "F_ALTA": "2022-08-25", "area": 134.069, "cuenca": "Tormes", "Tipo": "Laguna", "variacion": 223.92098999023438 }, "geometry": { "type": "Point", "coordinates": [ -5.384377781792308, 40.59860891182398 ] } },
{ "type": "Feature", "properties": { "ID": 142392866.0, "NOMBRE": null, "TIPO_0316": "01", "REGIM_0316": "01", "F_ALTA": "2022-08-25", "area": 250.245, "cuenca": "Tormes", "Tipo": "Laguna", "variacion": 225.41700744628906 }, "geometry": { "type": "Point", "coordinates": [ -5.383033658879068, 40.590523510676313 ] } },
{ "type": "Feature", "properties": { "ID": 142392879.0, "NOMBRE": null, "TIPO_0316": "01", "REGIM_0316": "01", "F_ALTA": "2022-08-25", "area": 123.827, "cuenca": "Tormes", "Tipo": "Laguna", "variacion": 224.71730041503906 }, "geometry": { "type": "Point", "coordinates": [ -5.383197863637647, 40.594500340467839 ] } },
{ "type": "Feature", "properties": { "ID": 142392875.0, "NOMBRE": null, "TIPO_0316": "01", "REGIM_0316": "01", "F_ALTA": "2022-08-25", "area": 7015.279, "cuenca": "Tormes", "Tipo": "Laguna", "variacion": 225.25514221191406 }, "geometry": { "type": "Point", "coordinates": [ -5.377215647393802, 40.593281581456964 ] } },
{ "type": "Feature", "properties": { "ID": 142392764.0, "NOMBRE": null, "TIPO_0316": "01", "REGIM_0316": "01", "F_ALTA": "2022-08-25", "area": 1298.038, "cuenca": "Tormes", "Tipo": "Laguna", "variacion": 222.48014831542969 }, "geometry": { "type": "Point", "coordinates": [ -5.37848737414569, 40.607648746564983 ] } },
{ "type": "Feature", "properties": { "ID": 142392884.0, "NOMBRE": null, "TIPO_0316": "01", "REGIM_0316": "01", "F_ALTA": "2022-08-25", "area": 167.122, "cuenca": "Tormes", "Tipo": "Laguna", "variacion": 224.42547607421875 }, "geometry": { "type": "Point", "coordinates": [ -5.376209083401633, 40.597965022981107 ] } },
{ "type": "Feature", "properties": { "ID": 142392846.0, "NOMBRE": null, "TIPO_0316": "01", "REGIM_0316": "02", "F_ALTA": "2022-08-25", "area": 264.304, "cuenca": "Tormes", "Tipo": "Laguna", "variacion": 227.15945434570312 }, "geometry": { "type": "Point", "coordinates": [ -5.374999755519689, 40.583393771941743 ] } },
{ "type": "Feature", "properties": { "ID": 142392848.0, "NOMBRE": null, "TIPO_0316": "01", "REGIM_0316": "01", "F_ALTA": "2018-06-15", "area": 1272.175, "cuenca": "Tormes", "Tipo": "Laguna", "variacion": 227.10891723632812 }, "geometry": { "type": "Point", "coordinates": [ -5.374723150191909, 40.583826321176886 ] } },
{ "type": "Feature", "properties": { "ID": 142392883.0, "NOMBRE": null, "TIPO_0316": "01", "REGIM_0316": "01", "F_ALTA": "2018-06-15", "area": 66.487, "cuenca": "Tormes", "Tipo": "Laguna", "variacion": 224.45346069335938 }, "geometry": { "type": "Point", "coordinates": [ -5.375405695122663, 40.597909841838984 ] } },
{ "type": "Feature", "properties": { "ID": 142392885.0, "NOMBRE": null, "TIPO_0316": "01", "REGIM_0316": "01", "F_ALTA": "2022-08-25", "area": 246.661, "cuenca": "Tormes", "Tipo": "Laguna", "variacion": 224.32525634765625 }, "geometry": { "type": "Point", "coordinates": [ -5.374230762518314, 40.59888540235395 ] } },
{ "type": "Feature", "properties": { "ID": 142392765.0, "NOMBRE": null, "TIPO_0316": "01", "REGIM_0316": "01", "F_ALTA": "2022-08-25", "area": 1197.93, "cuenca": "Tormes", "Tipo": "Laguna", "variacion": 222.36244201660156 }, "geometry": { "type": "Point", "coordinates": [ -5.371972513637731, 40.60923886144306 ] } },
{ "type": "Feature", "properties": { "ID": 142392870.0, "NOMBRE": null, "TIPO_0316": "01", "REGIM_0316": "02", "F_ALTA": "2022-08-25", "area": 160.739, "cuenca": "Tormes", "Tipo": "Laguna", "variacion": 225.69215393066406 }, "geometry": { "type": "Point", "coordinates": [ -5.370603869104455, 40.592647040687268 ] } },
{ "type": "Feature", "properties": { "ID": 142392755.0, "NOMBRE": null, "TIPO_0316": "01", "REGIM_0316": "01", "F_ALTA": "2018-06-15", "area": 200.461, "cuenca": "Tormes", "Tipo": "Laguna", "variacion": 223.58326721191406 }, "geometry": { "type": "Point", "coordinates": [ -5.371206188296648, 40.603303778302333 ] } },
{ "type": "Feature", "properties": { "ID": 142392752.0, "NOMBRE": null, "TIPO_0316": "01", "REGIM_0316": "01", "F_ALTA": "2022-08-25", "area": 234.547, "cuenca": "Tormes", "Tipo": "Laguna", "variacion": 223.83052062988281 }, "geometry": { "type": "Point", "coordinates": [ -5.370291232913687, 40.602274302126553 ] } },
{ "type": "Feature", "properties": { "ID": 142392757.0, "NOMBRE": null, "TIPO_0316": "01", "REGIM_0316": "02", "F_ALTA": "2022-08-25", "area": 112.822, "cuenca": "Tormes", "Tipo": "Laguna", "variacion": 223.54595947265625 }, "geometry": { "type": "Point", "coordinates": [ -5.369958551971766, 40.603613365236271 ] } },
{ "type": "Feature", "properties": { "ID": 142392860.0, "NOMBRE": null, "TIPO_0316": "01", "REGIM_0316": "01", "F_ALTA": "2022-08-25", "area": 329.503, "cuenca": "Tormes", "Tipo": "Laguna", "variacion": 226.26754760742188 }, "geometry": { "type": "Point", "coordinates": [ -5.36857478217912, 40.590255122005956 ] } },
{ "type": "Feature", "properties": { "ID": 142392927.0, "NOMBRE": null, "TIPO_0316": "01", "REGIM_0316": "02", "F_ALTA": "2022-08-25", "area": 108.48, "cuenca": "Tormes", "Tipo": "Laguna", "variacion": 230.07435607910156 }, "geometry": { "type": "Point", "coordinates": [ -5.366650950944682, 40.570263392019044 ] } },
{ "type": "Feature", "properties": { "ID": 142392756.0, "NOMBRE": null, "TIPO_0316": "01", "REGIM_0316": "02", "F_ALTA": "2022-08-25", "area": 104.48, "cuenca": "Tormes", "Tipo": "Laguna", "variacion": 223.56681823730469 }, "geometry": { "type": "Point", "coordinates": [ -5.369274350806679, 40.603617342387402 ] } },
{ "type": "Feature", "properties": { "ID": 142392761.0, "NOMBRE": null, "TIPO_0316": "01", "REGIM_0316": "01", "F_ALTA": "2018-06-15", "area": 114.478, "cuenca": "Tormes", "Tipo": "Laguna", "variacion": 223.20458984375 }, "geometry": { "type": "Point", "coordinates": [ -5.369164111812035, 40.605565597780597 ] } },
{ "type": "Feature", "properties": { "ID": 142392843.0, "NOMBRE": null, "TIPO_0316": "01", "REGIM_0316": "01", "F_ALTA": "2018-06-15", "area": 147.472, "cuenca": "Tormes", "Tipo": "Laguna", "variacion": 228.13693237304688 }, "geometry": { "type": "Point", "coordinates": [ -5.366913826632667, 40.580866623142875 ] } },
{ "type": "Feature", "properties": { "ID": 142392865.0, "NOMBRE": null, "TIPO_0316": "01", "REGIM_0316": "01", "F_ALTA": "2018-06-15", "area": 140.973, "cuenca": "Tormes", "Tipo": "Laguna", "variacion": 226.03504943847656 }, "geometry": { "type": "Point", "coordinates": [ -5.366844171253647, 40.59188321379149 ] } },
{ "type": "Feature", "properties": { "ID": 142392758.0, "NOMBRE": null, "TIPO_0316": "01", "REGIM_0316": "01", "F_ALTA": "2018-06-15", "area": 67.987, "cuenca": "Tormes", "Tipo": "Laguna", "variacion": 223.31692504882812 }, "geometry": { "type": "Point", "coordinates": [ -5.367741955108068, 40.605208321484405 ] } },
{ "type": "Feature", "properties": { "ID": 142392863.0, "NOMBRE": null, "TIPO_0316": "01", "REGIM_0316": "01", "F_ALTA": "2018-06-15", "area": 416.422, "cuenca": "Tormes", "Tipo": "Laguna", "variacion": 226.1375732421875 }, "geometry": { "type": "Point", "coordinates": [ -5.365988384527384, 40.591575320369337 ] } },
{ "type": "Feature", "properties": { "ID": 142392754.0, "NOMBRE": null, "TIPO_0316": "01", "REGIM_0316": "01", "F_ALTA": "2018-06-15", "area": 152.471, "cuenca": "Tormes", "Tipo": "Laguna", "variacion": 223.75314331054688 }, "geometry": { "type": "Point", "coordinates": [ -5.366808739271709, 40.60319969366325 ] } },
{ "type": "Feature", "properties": { "ID": 142392881.0, "NOMBRE": null, "TIPO_0316": "01", "REGIM_0316": "02", "F_ALTA": "2022-08-25", "area": 186.36, "cuenca": "Tormes", "Tipo": "Laguna", "variacion": 224.823974609375 }, "geometry": { "type": "Point", "coordinates": [ -5.364501310351561, 40.598359552997536 ] } },
{ "type": "Feature", "properties": { "ID": 142392871.0, "NOMBRE": null, "TIPO_0316": "01", "REGIM_0316": "01", "F_ALTA": "2022-08-25", "area": 662.167, "cuenca": "Tormes", "Tipo": "Laguna", "variacion": 225.88388061523438 }, "geometry": { "type": "Point", "coordinates": [ -5.363425314231889, 40.59343871068463 ] } },
{ "type": "Feature", "properties": { "ID": 142392882.0, "NOMBRE": null, "TIPO_0316": "01", "REGIM_0316": "01", "F_ALTA": "2018-06-15", "area": 151.471, "cuenca": "Tormes", "Tipo": "Laguna", "variacion": 224.77308654785156 }, "geometry": { "type": "Point", "coordinates": [ -5.36370752039273, 40.598762930344456 ] } },
{ "type": "Feature", "properties": { "ID": 142392850.0, "NOMBRE": null, "TIPO_0316": "01", "REGIM_0316": "02", "F_ALTA": "2022-08-25", "area": 101.981, "cuenca": "Tormes", "Tipo": "Laguna", "variacion": 227.44003295898438 }, "geometry": { "type": "Point", "coordinates": [ -5.362649525964284, 40.58575895362253 ] } },
{ "type": "Feature", "properties": { "ID": 142392840.0, "NOMBRE": null, "TIPO_0316": "01", "REGIM_0316": "01", "F_ALTA": "2018-06-15", "area": 69.987, "cuenca": "Tormes", "Tipo": "Laguna", "variacion": 228.3563232421875 }, "geometry": { "type": "Point", "coordinates": [ -5.361973148948612, 40.581324619074934 ] } },
{ "type": "Feature", "properties": { "ID": 142392838.0, "NOMBRE": null, "TIPO_0316": "01", "REGIM_0316": "01", "F_ALTA": "2018-06-15", "area": 145.973, "cuenca": "Tormes", "Tipo": "Laguna", "variacion": 223.22149658203125 }, "geometry": { "type": "Point", "coordinates": [ -5.360650856046543, 40.606641764913654 ] } },
{ "type": "Feature", "properties": { "ID": 142392836.0, "NOMBRE": null, "TIPO_0316": "01", "REGIM_0316": "01", "F_ALTA": "2022-08-25", "area": 1679.551, "cuenca": "Tormes", "Tipo": "Laguna", "variacion": 224.90226745605469 }, "geometry": { "type": "Point", "coordinates": [ -5.355642524335413, 40.599391409358702 ] } },
{ "type": "Feature", "properties": { "ID": 142392835.0, "NOMBRE": null, "TIPO_0316": "01", "REGIM_0316": "02", "F_ALTA": "2022-08-25", "area": 158.971, "cuenca": "Tormes", "Tipo": "Laguna", "variacion": 226.88832092285156 }, "geometry": { "type": "Point", "coordinates": [ -5.355130954915248, 40.590317703815636 ] } },
{ "type": "Feature", "properties": { "ID": 142392832.0, "NOMBRE": null, "TIPO_0316": "01", "REGIM_0316": "02", "F_ALTA": "2022-08-25", "area": 255.362, "cuenca": "Tormes", "Tipo": "Laguna", "variacion": 222.91180419921875 }, "geometry": { "type": "Point", "coordinates": [ -5.353902676991182, 40.608680085698055 ] } },
{ "type": "Feature", "properties": { "ID": 142392831.0, "NOMBRE": null, "TIPO_0316": "01", "REGIM_0316": "01", "F_ALTA": "2018-06-15", "area": 156.144, "cuenca": "Tormes", "Tipo": "Laguna", "variacion": 223.00794982910156 }, "geometry": { "type": "Point", "coordinates": [ -5.353043252421559, 40.608292172383869 ] } },
{ "type": "Feature", "properties": { "ID": 142392830.0, "NOMBRE": null, "TIPO_0316": "01", "REGIM_0316": "01", "F_ALTA": "2022-08-25", "area": 102.157, "cuenca": "Tormes", "Tipo": "Laguna", "variacion": 225.58291625976562 }, "geometry": { "type": "Point", "coordinates": [ -5.351016009219411, 40.597036848875184 ] } },
{ "type": "Feature", "properties": { "ID": 142392829.0, "NOMBRE": null, "TIPO_0316": "01", "REGIM_0316": "01", "F_ALTA": "2018-06-15", "area": 76.789, "cuenca": "Tormes", "Tipo": "Laguna", "variacion": 222.36787414550781 }, "geometry": { "type": "Point", "coordinates": [ -5.351896257797533, 40.611228933888256 ] } },
{ "type": "Feature", "properties": { "ID": 142392828.0, "NOMBRE": null, "TIPO_0316": "01", "REGIM_0316": "01", "F_ALTA": "2018-06-15", "area": 80.931, "cuenca": "Tormes", "Tipo": "Laguna", "variacion": 222.29061889648438 }, "geometry": { "type": "Point", "coordinates": [ -5.351427837265644, 40.61163868946646 ] } },
{ "type": "Feature", "properties": { "ID": 142392827.0, "NOMBRE": null, "TIPO_0316": "01", "REGIM_0316": "02", "F_ALTA": "2022-08-25", "area": 97.289, "cuenca": "Tormes", "Tipo": "Laguna", "variacion": 222.70672607421875 }, "geometry": { "type": "Point", "coordinates": [ -5.351190916974368, 40.609893039989323 ] } },
{ "type": "Feature", "properties": { "ID": 142392826.0, "NOMBRE": null, "TIPO_0316": "01", "REGIM_0316": "02", "F_ALTA": "2022-08-25", "area": 258.954, "cuenca": "Tormes", "Tipo": "Laguna", "variacion": 227.54745483398438 }, "geometry": { "type": "Point", "coordinates": [ -5.349201307583717, 40.588386806899294 ] } },
{ "type": "Feature", "properties": { "ID": 142392825.0, "NOMBRE": null, "TIPO_0316": "01", "REGIM_0316": "01", "F_ALTA": "2022-08-25", "area": 100.07, "cuenca": "Tormes", "Tipo": "Laguna", "variacion": 224.89395141601562 }, "geometry": { "type": "Point", "coordinates": [ -5.349821075150085, 40.60037160465847 ] } },
{ "type": "Feature", "properties": { "ID": 142392824.0, "NOMBRE": null, "TIPO_0316": "01", "REGIM_0316": "02", "F_ALTA": "2022-08-25", "area": 132.955, "cuenca": "Tormes", "Tipo": "Laguna", "variacion": 222.51116943359375 }, "geometry": { "type": "Point", "coordinates": [ -5.350117680978226, 40.610729391307579 ] } },
{ "type": "Feature", "properties": { "ID": 142392823.0, "NOMBRE": null, "TIPO_0316": "01", "REGIM_0316": "02", "F_ALTA": "2022-08-25", "area": 129.022, "cuenca": "Tormes", "Tipo": "Laguna", "variacion": 227.46408081054688 }, "geometry": { "type": "Point", "coordinates": [ -5.348295734924629, 40.588974294131354 ] } },
{ "type": "Feature", "properties": { "ID": 142392934.0, "NOMBRE": null, "TIPO_0316": "01", "REGIM_0316": "01", "F_ALTA": "2018-06-15", "area": 213.463, "cuenca": "Tormes", "Tipo": "Laguna", "variacion": 229.46992492675781 }, "geometry": { "type": "Point", "coordinates": [ -5.347322067208625, 40.580056442406267 ] } },
{ "type": "Feature", "properties": { "ID": 142392822.0, "NOMBRE": null, "TIPO_0316": "01", "REGIM_0316": "01", "F_ALTA": "2018-06-15", "area": 125.716, "cuenca": "Tormes", "Tipo": "Laguna", "variacion": 223.09785461425781 }, "geometry": { "type": "Point", "coordinates": [ -5.349551211213252, 40.608199172797136 ] } },
{ "type": "Feature", "properties": { "ID": 142392924.0, "NOMBRE": null, "TIPO_0316": "01", "REGIM_0316": "01", "F_ALTA": "2018-06-15", "area": 542.407, "cuenca": "Tormes", "Tipo": "Laguna", "variacion": 232.104248046875 }, "geometry": { "type": "Point", "coordinates": [ -5.344891910633958, 40.568362030133422 ] } },
{ "type": "Feature", "properties": { "ID": 142392820.0, "NOMBRE": null, "TIPO_0316": "01", "REGIM_0316": "01", "F_ALTA": "2018-06-15", "area": 96.483, "cuenca": "Tormes", "Tipo": "Laguna", "variacion": 229.06346130371094 }, "geometry": { "type": "Point", "coordinates": [ -5.345796358122018, 40.58226917264836 ] } },
{ "type": "Feature", "properties": { "ID": 142392819.0, "NOMBRE": null, "TIPO_0316": "01", "REGIM_0316": "01", "F_ALTA": "2018-06-15", "area": 70.488, "cuenca": "Tormes", "Tipo": "Laguna", "variacion": 229.07722473144531 }, "geometry": { "type": "Point", "coordinates": [ -5.343801355800829, 40.58263772993584 ] } },
{ "type": "Feature", "properties": { "ID": 142392818.0, "NOMBRE": null, "TIPO_0316": "01", "REGIM_0316": "01", "F_ALTA": "2018-06-15", "area": 212.794, "cuenca": "Tormes", "Tipo": "Laguna", "variacion": 224.41752624511719 }, "geometry": { "type": "Point", "coordinates": [ -5.345014213091408, 40.602890340080265 ] } },
{ "type": "Feature", "properties": { "ID": 142392817.0, "NOMBRE": null, "TIPO_0316": "01", "REGIM_0316": "01", "F_ALTA": "2018-06-15", "area": 106.703, "cuenca": "Tormes", "Tipo": "Laguna", "variacion": 222.36561584472656 }, "geometry": { "type": "Point", "coordinates": [ -5.342532845091491, 40.611816550731547 ] } },
{ "type": "Feature", "properties": { "ID": 142392816.0, "NOMBRE": null, "TIPO_0316": "01", "REGIM_0316": "01", "F_ALTA": "2018-06-15", "area": 167.472, "cuenca": "Tormes", "Tipo": "Laguna", "variacion": 229.60565185546875 }, "geometry": { "type": "Point", "coordinates": [ -5.339944386034963, 40.581003921934617 ] } },
{ "type": "Feature", "properties": { "ID": 142392815.0, "NOMBRE": null, "TIPO_0316": "01", "REGIM_0316": "01", "F_ALTA": "2018-06-15", "area": 74.309, "cuenca": "Tormes", "Tipo": "Laguna", "variacion": 227.23777770996094 }, "geometry": { "type": "Point", "coordinates": [ -5.340374530642021, 40.591375292530351 ] } },
{ "type": "Feature", "properties": { "ID": 142392811.0, "NOMBRE": null, "TIPO_0316": "01", "REGIM_0316": "01", "F_ALTA": "2018-06-15", "area": 175.754, "cuenca": "Tormes", "Tipo": "Laguna", "variacion": 227.07255554199219 }, "geometry": { "type": "Point", "coordinates": [ -5.33858335078787, 40.592268999924777 ] } },
{ "type": "Feature", "properties": { "ID": 142392809.0, "NOMBRE": null, "TIPO_0316": "01", "REGIM_0316": "01", "F_ALTA": "2022-08-25", "area": 259.315, "cuenca": "Tormes", "Tipo": "Laguna", "variacion": 227.48773193359375 }, "geometry": { "type": "Point", "coordinates": [ -5.335846710011225, 40.590848101788197 ] } },
{ "type": "Feature", "properties": { "ID": 142392808.0, "NOMBRE": null, "TIPO_0316": "01", "REGIM_0316": "01", "F_ALTA": "2018-06-15", "area": 70.141, "cuenca": "Tormes", "Tipo": "Laguna", "variacion": 225.93612670898438 }, "geometry": { "type": "Point", "coordinates": [ -5.336021733978613, 40.597285558964408 ] } },
{ "type": "Feature", "properties": { "ID": 142392807.0, "NOMBRE": null, "TIPO_0316": "01", "REGIM_0316": "02", "F_ALTA": "2022-08-25", "area": 152.975, "cuenca": "Tormes", "Tipo": "Laguna", "variacion": 229.56045532226562 }, "geometry": { "type": "Point", "coordinates": [ -5.334705202567361, 40.582242791544502 ] } },
{ "type": "Feature", "properties": { "ID": 142392806.0, "NOMBRE": null, "TIPO_0316": "01", "REGIM_0316": "01", "F_ALTA": "2018-06-15", "area": 49.889, "cuenca": "Tormes", "Tipo": "Laguna", "variacion": 226.29147338867188 }, "geometry": { "type": "Point", "coordinates": [ -5.335591701388776, 40.595877323679339 ] } },
{ "type": "Feature", "properties": { "ID": 142392804.0, "NOMBRE": null, "TIPO_0316": "01", "REGIM_0316": "02", "F_ALTA": "2022-08-25", "area": 131.643, "cuenca": "Tormes", "Tipo": "Laguna", "variacion": 225.4256591796875 }, "geometry": { "type": "Point", "coordinates": [ -5.332361576235935, 40.599667865228746 ] } },
{ "type": "Feature", "properties": { "ID": 142392802.0, "NOMBRE": null, "TIPO_0316": "01", "REGIM_0316": "01", "F_ALTA": "2018-06-15", "area": 233.13, "cuenca": "Tormes", "Tipo": "Laguna", "variacion": 222.12532043457031 }, "geometry": { "type": "Point", "coordinates": [ -5.332358857094137, 40.613048571973778 ] } },
{ "type": "Feature", "properties": { "ID": 142392929.0, "NOMBRE": null, "TIPO_0316": "01", "REGIM_0316": "01", "F_ALTA": "2018-06-15", "area": 37.494, "cuenca": "Tormes", "Tipo": "Laguna", "variacion": 230.22964477539062 }, "geometry": { "type": "Point", "coordinates": [ -5.329289327238437, 40.580284344442831 ] } },
{ "type": "Feature", "properties": { "ID": 142392799.0, "NOMBRE": null, "TIPO_0316": "01", "REGIM_0316": "02", "F_ALTA": "2022-08-25", "area": 223.495, "cuenca": "Tormes", "Tipo": "Laguna", "variacion": 227.81474304199219 }, "geometry": { "type": "Point", "coordinates": [ -5.329382385614247, 40.590171466763522 ] } },
{ "type": "Feature", "properties": { "ID": 142392933.0, "NOMBRE": null, "TIPO_0316": "01", "REGIM_0316": "01", "F_ALTA": "2022-08-25", "area": 223.463, "cuenca": "Tormes", "Tipo": "Laguna", "variacion": 230.01454162597656 }, "geometry": { "type": "Point", "coordinates": [ -5.315270064730372, 40.583054719121364 ] } },
{ "type": "Feature", "properties": { "ID": 142392932.0, "NOMBRE": null, "TIPO_0316": "01", "REGIM_0316": "01", "F_ALTA": "2018-06-15", "area": 242.964, "cuenca": "Tormes", "Tipo": "Laguna", "variacion": 230.02714538574219 }, "geometry": { "type": "Point", "coordinates": [ -5.314458080554797, 40.582921766318137 ] } },
{ "type": "Feature", "properties": { "ID": 142392931.0, "NOMBRE": null, "TIPO_0316": "01", "REGIM_0316": "01", "F_ALTA": "2018-06-15", "area": 1476.795, "cuenca": "Tormes", "Tipo": "Laguna", "variacion": 229.51423645019531 }, "geometry": { "type": "Point", "coordinates": [ -5.287142905415404, 40.585467750971901 ] } },
{ "type": "Feature", "properties": { "ID": 142392793.0, "NOMBRE": null, "TIPO_0316": "01", "REGIM_0316": "01", "F_ALTA": "2018-06-15", "area": 199.886, "cuenca": "Tormes", "Tipo": "Laguna", "variacion": 220.67434692382812 }, "geometry": { "type": "Point", "coordinates": [ -5.288601902712766, 40.616554625355974 ] } },
{ "type": "Feature", "properties": { "ID": 142375920.0, "NOMBRE": null, "TIPO_0316": "01", "REGIM_0316": "02", "F_ALTA": "2018-06-14", "area": 1945.077, "cuenca": "Tormes", "Tipo": "Laguna", "variacion": 208.38619995117188 }, "geometry": { "type": "Point", "coordinates": [ -5.174922584387375, 40.63129193642451 ] } },
{ "type": "Feature", "properties": { "ID": 142392440.0, "NOMBRE": null, "TIPO_0316": "01", "REGIM_0316": "01", "F_ALTA": "2018-06-15", "area": 2242.483, "cuenca": "Tormes", "Tipo": "Laguna", "variacion": 198.14274597167969 }, "geometry": { "type": "Point", "coordinates": [ -5.054336091224926, 40.630699524133128 ] } },
{ "type": "Feature", "properties": { "ID": 142376004.0, "NOMBRE": null, "TIPO_0316": "01", "REGIM_0316": "02", "F_ALTA": "2018-06-14", "area": 208.361, "cuenca": "Adaja", "Tipo": "Laguna", "variacion": 196.3077392578125 }, "geometry": { "type": "Point", "coordinates": [ -5.010775052607588, 40.580602668953823 ] } },
{ "type": "Feature", "properties": { "ID": 142392899.0, "NOMBRE": null, "TIPO_0316": "01", "REGIM_0316": "01", "F_ALTA": "2022-08-25", "area": 2135.791, "cuenca": "Adaja", "Tipo": "Laguna", "variacion": 190.66683959960938 }, "geometry": { "type": "Point", "coordinates": [ -4.926159893700419, 40.635143995773731 ] } },
{ "type": "Feature", "properties": { "ID": 146198055.0, "NOMBRE": null, "TIPO_0316": "01", "REGIM_0316": "01", "F_ALTA": "2018-09-18", "area": 287.167, "cuenca": "Alberche", "Tipo": "Laguna", "variacion": 227.90736389160156 }, "geometry": { "type": "Point", "coordinates": [ -4.52065093118566, 40.488401339382115 ] } },
{ "type": "Feature", "properties": { "ID": 146198057.0, "NOMBRE": null, "TIPO_0316": "01", "REGIM_0316": "01", "F_ALTA": "2018-09-18", "area": 483.972, "cuenca": "Alberche", "Tipo": "Laguna", "variacion": 228.19746398925781 }, "geometry": { "type": "Point", "coordinates": [ -4.52369552445833, 40.482718686231053 ] } },
{ "type": "Feature", "properties": { "ID": 146198058.0, "NOMBRE": null, "TIPO_0316": "01", "REGIM_0316": "01", "F_ALTA": "2018-09-18", "area": 350.413, "cuenca": "Alberche", "Tipo": "Laguna", "variacion": 228.79881286621094 }, "geometry": { "type": "Point", "coordinates": [ -4.520900089128284, 40.477998525239308 ] } },
{ "type": "Feature", "properties": { "ID": 146210699.0, "NOMBRE": null, "TIPO_0316": "01", "REGIM_0316": "02", "F_ALTA": "2018-09-18", "area": 1488.662, "cuenca": "Alberche", "Tipo": "Laguna", "variacion": 228.91526794433594 }, "geometry": { "type": "Point", "coordinates": [ -4.528390675992532, 40.467407264466893 ] } },
{ "type": "Feature", "properties": { "ID": 146210698.0, "NOMBRE": null, "TIPO_0316": "01", "REGIM_0316": "02", "F_ALTA": "2018-09-18", "area": 589.901, "cuenca": "Alberche", "Tipo": "Laguna", "variacion": 226.743408203125 }, "geometry": { "type": "Point", "coordinates": [ -4.350358035259308, 40.475841589926119 ] } },
{ "type": "Feature", "properties": { "ID": 146210728.0, "NOMBRE": null, "TIPO_0316": "01", "REGIM_0316": "02", "F_ALTA": "2018-09-18", "area": 611.1, "cuenca": "Alberche", "Tipo": "Laguna", "variacion": 227.1015625 }, "geometry": { "type": "Point", "coordinates": [ -4.350200372804792, 40.468117515284668 ] } },
{ "type": "Feature", "properties": { "ID": 146210731.0, "NOMBRE": null, "TIPO_0316": "01", "REGIM_0316": "02", "F_ALTA": "2018-09-18", "area": 292.408, "cuenca": "Alberche", "Tipo": "Laguna", "variacion": 226.65554809570312 }, "geometry": { "type": "Point", "coordinates": [ -4.336996815864953, 40.458519945990815 ] } },
{ "type": "Feature", "properties": { "ID": 146210733.0, "NOMBRE": null, "TIPO_0316": "01", "REGIM_0316": "02", "F_ALTA": "2018-09-18", "area": 2585.94, "cuenca": "Alberche", "Tipo": "Laguna", "variacion": 227.87997436523438 }, "geometry": { "type": "Point", "coordinates": [ -4.352687975821321, 40.446282143159941 ] } },
{ "type": "Feature", "properties": { "ID": 146210709.0, "NOMBRE": null, "TIPO_0316": "01", "REGIM_0316": "02", "F_ALTA": "2018-09-18", "area": 151.823, "cuenca": "Alberche", "Tipo": "Laguna", "variacion": 230.98837280273438 }, "geometry": { "type": "Point", "coordinates": [ -4.427095951654622, 40.437865075808979 ] } },
{ "type": "Feature", "properties": { "ID": 146210708.0, "NOMBRE": null, "TIPO_0316": "01", "REGIM_0316": "02", "F_ALTA": "2018-09-18", "area": 96.257, "cuenca": "Alberche", "Tipo": "Laguna", "variacion": 230.91409301757812 }, "geometry": { "type": "Point", "coordinates": [ -4.425340927950141, 40.436816148252909 ] } },
{ "type": "Feature", "properties": { "ID": 146210736.0, "NOMBRE": null, "TIPO_0316": "01", "REGIM_0316": "02", "F_ALTA": "2018-09-18", "area": 1993.649, "cuenca": "Alberche", "Tipo": "Laguna", "variacion": 228.76765441894531 }, "geometry": { "type": "Point", "coordinates": [ -4.368174553752717, 40.437424297123833 ] } },
{ "type": "Feature", "properties": { "ID": 146210737.0, "NOMBRE": null, "TIPO_0316": "01", "REGIM_0316": "02", "F_ALTA": "2018-09-18", "area": 157.266, "cuenca": "Alberche", "Tipo": "Laguna", "variacion": 229.37820434570312 }, "geometry": { "type": "Point", "coordinates": [ -4.381920095886565, 40.435006288261029 ] } },
{ "type": "Feature", "properties": { "ID": 146210701.0, "NOMBRE": null, "TIPO_0316": "01", "REGIM_0316": "02", "F_ALTA": "2018-09-18", "area": 729.724, "cuenca": "Alberche", "Tipo": "Laguna", "variacion": 229.56297302246094 }, "geometry": { "type": "Point", "coordinates": [ -4.386499851927728, 40.433476138843929 ] } },
{ "type": "Feature", "properties": { "ID": 146198080.0, "NOMBRE": null, "TIPO_0316": "01", "REGIM_0316": "01", "F_ALTA": "2018-09-18", "area": 2775.029, "cuenca": "Alberche", "Tipo": "Laguna", "variacion": 243.0548095703125 }, "geometry": { "type": "Point", "coordinates": [ -4.659247739364105, 40.403707822142707 ] } },
{ "type": "Feature", "properties": { "ID": 146198083.0, "NOMBRE": null, "TIPO_0316": "01", "REGIM_0316": "01", "F_ALTA": "2018-09-18", "area": 2954.709, "cuenca": "Alberche", "Tipo": "Laguna", "variacion": 227.66810607910156 }, "geometry": { "type": "Point", "coordinates": [ -4.34123332325383, 40.425596735785938 ] } },
{ "type": "Feature", "properties": { "ID": 146198049.0, "NOMBRE": null, "TIPO_0316": "01", "REGIM_0316": "01", "F_ALTA": "2018-09-18", "area": 3575.73, "cuenca": "Alberche", "Tipo": "Laguna", "variacion": 189.94699096679688 }, "geometry": { "type": "Point", "coordinates": [ -4.495714039837885, 40.61710829691809 ] } },
{ "type": "Feature", "properties": { "ID": 142393391.0, "NOMBRE": null, "TIPO_0316": "01", "REGIM_0316": "01", "F_ALTA": "2022-08-25", "area": 1082.581, "cuenca": "Adaja", "Tipo": "Laguna", "variacion": 151.71257019042969 }, "geometry": { "type": "Point", "coordinates": [ -4.500651202830815, 40.749144507057146 ] } },
{ "type": "Feature", "properties": { "ID": 142377427.0, "NOMBRE": null, "TIPO_0316": "01", "REGIM_0316": "02", "F_ALTA": "2022-08-25", "area": 16792.593, "cuenca": "Adaja", "Tipo": "Laguna", "variacion": 159.87481689453125 }, "geometry": { "type": "Point", "coordinates": [ -4.468184355439168, 40.73540695746329 ] } },
{ "type": "Feature", "properties": { "ID": 142377429.0, "NOMBRE": null, "TIPO_0316": "01", "REGIM_0316": "02", "F_ALTA": "2018-06-14", "area": 4509.825, "cuenca": "Adaja", "Tipo": "Laguna", "variacion": 161.316162109375 }, "geometry": { "type": "Point", "coordinates": [ -4.468350785703913, 40.72963682232654 ] } },
{ "type": "Feature", "properties": { "ID": 142375969.0, "NOMBRE": null, "TIPO_0316": "01", "REGIM_0316": "02", "F_ALTA": "2018-06-14", "area": 287.467, "cuenca": "Adaja", "Tipo": "Laguna", "variacion": 177.63748168945312 }, "geometry": { "type": "Point", "coordinates": [ -4.46162166243058, 40.671125849585287 ] } },
{ "type": "Feature", "properties": { "ID": 142375972.0, "NOMBRE": null, "TIPO_0316": "01", "REGIM_0316": "02", "F_ALTA": "2018-06-14", "area": 713.817, "cuenca": "Adaja", "Tipo": "Laguna", "variacion": 179.80873107910156 }, "geometry": { "type": "Point", "coordinates": [ -4.459583768465947, 40.664529416549911 ] } },
{ "type": "Feature", "properties": { "ID": 142392740.0, "NOMBRE": null, "TIPO_0316": "01", "REGIM_0316": "01", "F_ALTA": "2018-06-15", "area": 3036.622, "cuenca": "Adaja", "Tipo": "Laguna", "variacion": 181.51551818847656 }, "geometry": { "type": "Point", "coordinates": [ -4.443383284010276, 40.665444270526109 ] } },
{ "type": "Feature", "properties": { "ID": 142375971.0, "NOMBRE": null, "TIPO_0316": "01", "REGIM_0316": "02", "F_ALTA": "2022-08-25", "area": 1323.643, "cuenca": "Adaja", "Tipo": "Laguna", "variacion": 181.83296203613281 }, "geometry": { "type": "Point", "coordinates": [ -4.442549984152482, 40.664679986738946 ] } },
{ "type": "Feature", "properties": { "ID": 146198050.0, "NOMBRE": null, "TIPO_0316": "01", "REGIM_0316": "01", "F_ALTA": "2018-09-18", "area": 10718.479, "cuenca": "Alberche", "Tipo": "Laguna", "variacion": 211.49848937988281 }, "geometry": { "type": "Point", "coordinates": [ -4.380509656485028, 40.579193084246789 ] } },
{ "type": "Feature", "properties": { "ID": 146210681.0, "NOMBRE": null, "TIPO_0316": "01", "REGIM_0316": "02", "F_ALTA": "2018-09-18", "area": 81.041, "cuenca": "Alberche", "Tipo": "Laguna", "variacion": 204.26771545410156 }, "geometry": { "type": "Point", "coordinates": [ -4.247615884630529, 40.604527765999379 ] } },
{ "type": "Feature", "properties": { "ID": 146211716.0, "NOMBRE": null, "TIPO_0316": "01", "REGIM_0316": "02", "F_ALTA": "2018-09-18", "area": 376.567, "cuenca": "Alberche", "Tipo": "Laguna", "variacion": 190.81948852539062 }, "geometry": { "type": "Point", "coordinates": [ -4.232808762056711, 40.681328046359795 ] } },
{ "type": "Feature", "properties": { "ID": 146211715.0, "NOMBRE": null, "TIPO_0316": "01", "REGIM_0316": "02", "F_ALTA": "2018-09-18", "area": 659.178, "cuenca": "Alberche", "Tipo": "Laguna", "variacion": 190.95277404785156 }, "geometry": { "type": "Point", "coordinates": [ -4.23155050323881, 40.680956394676983 ] } },
{ "type": "Feature", "properties": { "ID": 146211714.0, "NOMBRE": null, "TIPO_0316": "01", "REGIM_0316": "02", "F_ALTA": "2018-09-18", "area": 2305.52, "cuenca": "Alberche", "Tipo": "Laguna", "variacion": 193.74052429199219 }, "geometry": { "type": "Point", "coordinates": [ -4.207107704601877, 40.667859124806704 ] } },
{ "type": "Feature", "properties": { "ID": 142376005.0, "NOMBRE": null, "TIPO_0316": "01", "REGIM_0316": "02", "F_ALTA": "2018-06-14", "area": 2349.297, "cuenca": "Adaja", "Tipo": "Laguna", "variacion": 163.3486328125 }, "geometry": { "type": "Point", "coordinates": [ -4.710927860405477, 40.613861352687948 ] } },
{ "type": "Feature", "properties": { "ID": 142375923.0, "NOMBRE": null, "TIPO_0316": "01", "REGIM_0316": "02", "F_ALTA": "2018-06-14", "area": 91.34, "cuenca": "Adaja", "Tipo": "Laguna", "variacion": 152.22557067871094 }, "geometry": { "type": "Point", "coordinates": [ -4.712440784347072, 40.695564907624721 ] } },
{ "type": "Feature", "properties": { "ID": 146210680.0, "NOMBRE": null, "TIPO_0316": "01", "REGIM_0316": "02", "F_ALTA": "2018-09-18", "area": 993.654, "cuenca": "Alberche", "Tipo": "Laguna", "variacion": 214.88308715820312 }, "geometry": { "type": "Point", "coordinates": [ -4.699177285839061, 40.513094985781969 ] } },
{ "type": "Feature", "properties": { "ID": 142376028.0, "NOMBRE": null, "TIPO_0316": "01", "REGIM_0316": "02", "F_ALTA": "2018-06-14", "area": 478.098, "cuenca": "Adaja", "Tipo": "Laguna", "variacion": 163.9830322265625 }, "geometry": { "type": "Point", "coordinates": [ -4.69891492169116, 40.60938762759141 ] } },
{ "type": "Feature", "properties": { "ID": 142376029.0, "NOMBRE": null, "TIPO_0316": "01", "REGIM_0316": "02", "F_ALTA": "2018-06-14", "area": 57.921, "cuenca": "Adaja", "Tipo": "Laguna", "variacion": 164.22579956054688 }, "geometry": { "type": "Point", "coordinates": [ -4.695406249005732, 40.608112749971717 ] } },
{ "type": "Feature", "properties": { "ID": 142376030.0, "NOMBRE": null, "TIPO_0316": "01", "REGIM_0316": "02", "F_ALTA": "2018-06-14", "area": 142.117, "cuenca": "Adaja", "Tipo": "Laguna", "variacion": 164.38449096679688 }, "geometry": { "type": "Point", "coordinates": [ -4.694524416959753, 40.607541447356709 ] } },
{ "type": "Feature", "properties": { "ID": 142392938.0, "NOMBRE": null, "TIPO_0316": "01", "REGIM_0316": "01", "F_ALTA": "2018-06-15", "area": 707.037, "cuenca": "Adaja", "Tipo": "Laguna", "variacion": 186.65754699707031 }, "geometry": { "type": "Point", "coordinates": [ -4.686273052390996, 40.56179009864627 ] } },
{ "type": "Feature", "properties": { "ID": 142377397.0, "NOMBRE": null, "TIPO_0316": "01", "REGIM_0316": "02", "F_ALTA": "2018-06-14", "area": 83.086, "cuenca": "Adaja", "Tipo": "Laguna", "variacion": 124.93321990966797 }, "geometry": { "type": "Point", "coordinates": [ -4.683498212104815, 40.744869138415318 ] } },
{ "type": "Feature", "properties": { "ID": 142376032.0, "NOMBRE": null, "TIPO_0316": "01", "REGIM_0316": "02", "F_ALTA": "2018-06-14", "area": 51.264, "cuenca": "Adaja", "Tipo": "Laguna", "variacion": 167.83767700195312 }, "geometry": { "type": "Point", "coordinates": [ -4.670070235444526, 40.598365009788182 ] } },
{ "type": "Feature", "properties": { "ID": 142376031.0, "NOMBRE": null, "TIPO_0316": "01", "REGIM_0316": "02", "F_ALTA": "2018-06-14", "area": 75.616, "cuenca": "Adaja", "Tipo": "Laguna", "variacion": 167.69566345214844 }, "geometry": { "type": "Point", "coordinates": [ -4.669642810945334, 40.598771878474217 ] } },
{ "type": "Feature", "properties": { "ID": 142392939.0, "NOMBRE": null, "TIPO_0316": "01", "REGIM_0316": "01", "F_ALTA": "2018-06-15", "area": 58.404, "cuenca": "Alberche", "Tipo": "Laguna", "variacion": 201.653076171875 }, "geometry": { "type": "Point", "coordinates": [ -4.653281940778219, 40.534582118525847 ] } },
{ "type": "Feature", "properties": { "ID": 142376037.0, "NOMBRE": null, "TIPO_0316": "01", "REGIM_0316": "02", "F_ALTA": "2018-06-14", "area": 207.514, "cuenca": "Alberche", "Tipo": "Laguna", "variacion": 202.3013916015625 }, "geometry": { "type": "Point", "coordinates": [ -4.652987646582925, 40.533337102347645 ] } },
{ "type": "Feature", "properties": { "ID": 142376036.0, "NOMBRE": null, "TIPO_0316": "01", "REGIM_0316": "02", "F_ALTA": "2022-08-25", "area": 266.001, "cuenca": "Alberche", "Tipo": "Laguna", "variacion": 202.24040222167969 }, "geometry": { "type": "Point", "coordinates": [ -4.651448528659791, 40.533402952412075 ] } },
{ "type": "Feature", "properties": { "ID": 142375959.0, "NOMBRE": null, "TIPO_0316": "01", "REGIM_0316": "02", "F_ALTA": "2018-06-14", "area": 1455.039, "cuenca": "Adaja", "Tipo": "Laguna", "variacion": 150.28375244140625 }, "geometry": { "type": "Point", "coordinates": [ -4.646104770170673, 40.709756822068066 ] } },
{ "type": "Feature", "properties": { "ID": 142377394.0, "NOMBRE": null, "TIPO_0316": "01", "REGIM_0316": "02", "F_ALTA": "2018-06-14", "area": 180.857, "cuenca": "Adaja", "Tipo": "Laguna", "variacion": 129.1949462890625 }, "geometry": { "type": "Point", "coordinates": [ -4.647707795563735, 40.748366305706817 ] } },
{ "type": "Feature", "properties": { "ID": 142375963.0, "NOMBRE": null, "TIPO_0316": "01", "REGIM_0316": "02", "F_ALTA": "2018-06-14", "area": 243.715, "cuenca": "Adaja", "Tipo": "Laguna", "variacion": 155.03268432617188 }, "geometry": { "type": "Point", "coordinates": [ -4.638533571351275, 40.689035169415817 ] } },
{ "type": "Feature", "properties": { "ID": 142377398.0, "NOMBRE": null, "TIPO_0316": "01", "REGIM_0316": "02", "F_ALTA": "2018-06-14", "area": 175.484, "cuenca": "Adaja", "Tipo": "Laguna", "variacion": 142.08975219726562 }, "geometry": { "type": "Point", "coordinates": [ -4.604743921770559, 40.735797771818547 ] } },
{ "type": "Feature", "properties": { "ID": 232014082.0, "NOMBRE": null, "TIPO_0316": "01", "REGIM_0316": "02", "F_ALTA": "2022-08-25", "area": 368.845, "cuenca": "Alberche", "Tipo": "Laguna", "variacion": 190.61662292480469 }, "geometry": { "type": "Point", "coordinates": [ -4.590345453349573, 40.571082855948632 ] } },
{ "type": "Feature", "properties": { "ID": 142375981.0, "NOMBRE": null, "TIPO_0316": "01", "REGIM_0316": "02", "F_ALTA": "2018-06-14", "area": 229.698, "cuenca": "Adaja", "Tipo": "Laguna", "variacion": 164.83480834960938 }, "geometry": { "type": "Point", "coordinates": [ -4.590115146839032, 40.642113384209942 ] } },
{ "type": "Feature", "properties": { "ID": 142361734.0, "NOMBRE": "Laguna de los Navazos", "TIPO_0316": "01", "REGIM_0316": "02", "F_ALTA": "2021-05-25", "area": 19735.941, "cuenca": "Adaja", "Tipo": "Laguna", "variacion": 136.46456909179688 }, "geometry": { "type": "Point", "coordinates": [ -4.593929821413059, 40.751760376116145 ] } },
{ "type": "Feature", "properties": { "ID": 142392741.0, "NOMBRE": null, "TIPO_0316": "01", "REGIM_0316": "01", "F_ALTA": "2018-06-15", "area": 225.592, "cuenca": "Adaja", "Tipo": "Laguna", "variacion": 163.16926574707031 }, "geometry": { "type": "Point", "coordinates": [ -4.577033366596506, 40.660913652957312 ] } },
{ "type": "Feature", "properties": { "ID": 142392742.0, "NOMBRE": null, "TIPO_0316": "01", "REGIM_0316": "01", "F_ALTA": "2018-06-15", "area": 770.965, "cuenca": "Adaja", "Tipo": "Laguna", "variacion": 163.33970642089844 }, "geometry": { "type": "Point", "coordinates": [ -4.576827463360041, 40.660048158773044 ] } },
{ "type": "Feature", "properties": { "ID": 142392743.0, "NOMBRE": null, "TIPO_0316": "01", "REGIM_0316": "01", "F_ALTA": "2022-08-25", "area": 281.75, "cuenca": "Adaja", "Tipo": "Laguna", "variacion": 164.06521606445312 }, "geometry": { "type": "Point", "coordinates": [ -4.575656772570053, 40.657315325702022 ] } },
{ "type": "Feature", "properties": { "ID": 142361468.0, "NOMBRE": "Charca del Cervunal", "TIPO_0316": "01", "REGIM_0316": "02", "F_ALTA": "2021-05-25", "area": 1739.091, "cuenca": "Adaja", "Tipo": "Laguna", "variacion": 171.71990966796875 }, "geometry": { "type": "Point", "coordinates": [ -4.555152479877503, 40.639313627157648 ] } },
{ "type": "Feature", "properties": { "ID": 142375975.0, "NOMBRE": null, "TIPO_0316": "01", "REGIM_0316": "02", "F_ALTA": "2018-06-14", "area": 148.599, "cuenca": "Adaja", "Tipo": "Laguna", "variacion": 168.26130676269531 }, "geometry": { "type": "Point", "coordinates": [ -4.551180669431206, 40.655606721355618 ] } },
{ "type": "Feature", "properties": { "ID": 142375977.0, "NOMBRE": null, "TIPO_0316": "01", "REGIM_0316": "02", "F_ALTA": "2018-06-14", "area": 260.226, "cuenca": "Adaja", "Tipo": "Laguna", "variacion": 169.52328491210938 }, "geometry": { "type": "Point", "coordinates": [ -4.546450048286578, 40.653671633583429 ] } },
{ "type": "Feature", "properties": { "ID": 142375973.0, "NOMBRE": null, "TIPO_0316": "01", "REGIM_0316": "02", "F_ALTA": "2018-06-14", "area": 273.057, "cuenca": "Adaja", "Tipo": "Laguna", "variacion": 169.8526611328125 }, "geometry": { "type": "Point", "coordinates": [ -4.539524095274375, 40.656935730592899 ] } },
{ "type": "Feature", "properties": { "ID": 142375974.0, "NOMBRE": null, "TIPO_0316": "01", "REGIM_0316": "02", "F_ALTA": "2018-06-14", "area": 314.675, "cuenca": "Adaja", "Tipo": "Laguna", "variacion": 170.05148315429688 }, "geometry": { "type": "Point", "coordinates": [ -4.538463141820043, 40.65684858811273 ] } },
{ "type": "Feature", "properties": { "ID": 146210684.0, "NOMBRE": null, "TIPO_0316": "01", "REGIM_0316": "02", "F_ALTA": "2018-09-18", "area": 742.338, "cuenca": "Alberche", "Tipo": "Laguna", "variacion": 199.02299499511719 }, "geometry": { "type": "Point", "coordinates": [ -4.528418255703407, 40.57974284971511 ] } },
{ "type": "Feature", "properties": { "ID": 142392737.0, "NOMBRE": null, "TIPO_0316": "01", "REGIM_0316": "01", "F_ALTA": "2018-06-15", "area": 749.801, "cuenca": "Adaja", "Tipo": "Laguna", "variacion": 165.19424438476562 }, "geometry": { "type": "Point", "coordinates": [ -4.518211553868, 40.688386031265445 ] } },
{ "type": "Feature", "properties": { "ID": 142392898.0, "NOMBRE": null, "TIPO_0316": "01", "REGIM_0316": "01", "F_ALTA": "2018-06-15", "area": 3990.812, "cuenca": "Adaja", "Tipo": "Laguna", "variacion": 193.23265075683594 }, "geometry": { "type": "Point", "coordinates": [ -4.905902839623254, 40.623558619729046 ] } },
{ "type": "Feature", "properties": { "ID": 142392893.0, "NOMBRE": null, "TIPO_0316": "01", "REGIM_0316": "01", "F_ALTA": "2018-06-15", "area": 3336.719, "cuenca": "Adaja", "Tipo": "Laguna", "variacion": 194.90678405761719 }, "geometry": { "type": "Point", "coordinates": [ -4.840651655792394, 40.597183059250938 ] } },
{ "type": "Feature", "properties": { "ID": 142392896.0, "NOMBRE": null, "TIPO_0316": "01", "REGIM_0316": "01", "F_ALTA": "2018-06-15", "area": 1388.991, "cuenca": "Adaja", "Tipo": "Laguna", "variacion": 194.41893005371094 }, "geometry": { "type": "Point", "coordinates": [ -4.840498415884191, 40.597979543916587 ] } },
{ "type": "Feature", "properties": { "ID": 142375935.0, "NOMBRE": null, "TIPO_0316": "01", "REGIM_0316": "02", "F_ALTA": "2018-06-14", "area": 182.272, "cuenca": "Adaja", "Tipo": "Laguna", "variacion": 148.43345642089844 }, "geometry": { "type": "Point", "coordinates": [ -4.844463171786592, 40.700504835045749 ] } },
{ "type": "Feature", "properties": { "ID": 142375933.0, "NOMBRE": null, "TIPO_0316": "01", "REGIM_0316": "02", "F_ALTA": "2018-06-14", "area": 60.687, "cuenca": "Adaja", "Tipo": "Laguna", "variacion": 149.63587951660156 }, "geometry": { "type": "Point", "coordinates": [ -4.832886493860679, 40.695678014398204 ] } },
{ "type": "Feature", "properties": { "ID": 142393380.0, "NOMBRE": null, "TIPO_0316": "01", "REGIM_0316": "01", "F_ALTA": "2018-06-15", "area": 122.669, "cuenca": "Adaja", "Tipo": "Laguna", "variacion": 129.37004089355469 }, "geometry": { "type": "Point", "coordinates": [ -4.833779424483915, 40.731777475566084 ] } },
{ "type": "Feature", "properties": { "ID": 142392897.0, "NOMBRE": null, "TIPO_0316": "01", "REGIM_0316": "01", "F_ALTA": "2018-06-15", "area": 309.972, "cuenca": "Adaja", "Tipo": "Laguna", "variacion": 183.65919494628906 }, "geometry": { "type": "Point", "coordinates": [ -4.809485492680087, 40.606575053361766 ] } },
{ "type": "Feature", "properties": { "ID": 142392889.0, "NOMBRE": null, "TIPO_0316": "01", "REGIM_0316": "01", "F_ALTA": "2018-06-15", "area": 382.196, "cuenca": "Adaja", "Tipo": "Laguna", "variacion": 241.26487731933594 }, "geometry": { "type": "Point", "coordinates": [ -4.801848624590591, 40.506859252574664 ] } },
{ "type": "Feature", "properties": { "ID": 142377396.0, "NOMBRE": null, "TIPO_0316": "01", "REGIM_0316": "02", "F_ALTA": "2018-06-14", "area": 225.074, "cuenca": "Adaja", "Tipo": "Laguna", "variacion": 115.56658935546875 }, "geometry": { "type": "Point", "coordinates": [ -4.807366146770426, 40.746408748083184 ] } },
{ "type": "Feature", "properties": { "ID": 142392441.0, "NOMBRE": null, "TIPO_0316": "01", "REGIM_0316": "01", "F_ALTA": "2018-06-15", "area": 30.794, "cuenca": "Adaja", "Tipo": "Laguna", "variacion": 160.08195495605469 }, "geometry": { "type": "Point", "coordinates": [ -4.791065100668372, 40.662050902516974 ] } },
{ "type": "Feature", "properties": { "ID": 142375930.0, "NOMBRE": null, "TIPO_0316": "01", "REGIM_0316": "02", "F_ALTA": "2018-06-14", "area": 69.861, "cuenca": "Adaja", "Tipo": "Laguna", "variacion": 146.42684936523438 }, "geometry": { "type": "Point", "coordinates": [ -4.789025456386105, 40.697745180021521 ] } },
{ "type": "Feature", "properties": { "ID": 142375928.0, "NOMBRE": null, "TIPO_0316": "01", "REGIM_0316": "02", "F_ALTA": "2018-06-14", "area": 181.687, "cuenca": "Adaja", "Tipo": "Laguna", "variacion": 146.68882751464844 }, "geometry": { "type": "Point", "coordinates": [ -4.782798319169068, 40.697339735625739 ] } },
{ "type": "Feature", "properties": { "ID": 142375994.0, "NOMBRE": null, "TIPO_0316": "01", "REGIM_0316": "02", "F_ALTA": "2018-06-14", "area": 5399.376, "cuenca": "Adaja", "Tipo": "Laguna", "variacion": 218.03018188476562 }, "geometry": { "type": "Point", "coordinates": [ -4.741308238887501, 40.519426840135921 ] } },
{ "type": "Feature", "properties": { "ID": 142375922.0, "NOMBRE": null, "TIPO_0316": "01", "REGIM_0316": "02", "F_ALTA": "2018-06-14", "area": 1490.643, "cuenca": "Adaja", "Tipo": "Laguna", "variacion": 154.80783081054688 }, "geometry": { "type": "Point", "coordinates": [ -4.750274579016446, 40.675903810461051 ] } },
{ "type": "Feature", "properties": { "ID": 142375921.0, "NOMBRE": null, "TIPO_0316": "01", "REGIM_0316": "02", "F_ALTA": "2018-06-14", "area": 514.349, "cuenca": "Adaja", "Tipo": "Laguna", "variacion": 155.00596618652344 }, "geometry": { "type": "Point", "coordinates": [ -4.749232052075342, 40.67515064444305 ] } },
{ "type": "Feature", "properties": { "ID": 142375924.0, "NOMBRE": null, "TIPO_0316": "01", "REGIM_0316": "02", "F_ALTA": "2018-06-14", "area": 6069.783, "cuenca": "Adaja", "Tipo": "Laguna", "variacion": 149.39773559570312 }, "geometry": { "type": "Point", "coordinates": [ -4.749061760232999, 40.694849372861121 ] } },
{ "type": "Feature", "properties": { "ID": 142376011.0, "NOMBRE": null, "TIPO_0316": "01", "REGIM_0316": "02", "F_ALTA": "2018-06-14", "area": 1479.3, "cuenca": "Adaja", "Tipo": "Laguna", "variacion": 162.18649291992188 }, "geometry": { "type": "Point", "coordinates": [ -4.741241427210409, 40.631014181733526 ] } },
{ "type": "Feature", "properties": { "ID": 142375999.0, "NOMBRE": null, "TIPO_0316": "01", "REGIM_0316": "02", "F_ALTA": "2018-06-14", "area": 1447.735, "cuenca": "Adaja", "Tipo": "Laguna", "variacion": 186.66020202636719 }, "geometry": { "type": "Point", "coordinates": [ -4.730582075881946, 40.568953702232108 ] } },
{ "type": "Feature", "properties": { "ID": 142376013.0, "NOMBRE": null, "TIPO_0316": "01", "REGIM_0316": "02", "F_ALTA": "2018-06-14", "area": 11406.69, "cuenca": "Adaja", "Tipo": "Laguna", "variacion": 157.71922302246094 }, "geometry": { "type": "Point", "coordinates": [ -4.722108315530186, 40.646737401228854 ] } },
{ "type": "Feature", "properties": { "ID": 142376012.0, "NOMBRE": null, "TIPO_0316": "01", "REGIM_0316": "02", "F_ALTA": "2018-06-14", "area": 3596.226, "cuenca": "Adaja", "Tipo": "Laguna", "variacion": 157.71217346191406 }, "geometry": { "type": "Point", "coordinates": [ -4.71902131626851, 40.644657504134976 ] } },
{ "type": "Feature", "properties": { "ID": 142393270.0, "NOMBRE": null, "TIPO_0316": "01", "REGIM_0316": "01", "F_ALTA": "2018-06-15", "area": 14797.728, "cuenca": "Adaja", "Tipo": "Laguna", "variacion": 111.91645812988281 }, "geometry": { "type": "Point", "coordinates": [ -4.559081273626041, 40.879726258182771 ] } },
{ "type": "Feature", "properties": { "ID": 142377401.0, "NOMBRE": null, "TIPO_0316": "01", "REGIM_0316": "02", "F_ALTA": "2018-06-14", "area": 6736.85, "cuenca": "Adaja", "Tipo": "Laguna", "variacion": 112.54290008544922 }, "geometry": { "type": "Point", "coordinates": [ -4.557698638836774, 40.876351706486858 ] } },
{ "type": "Feature", "properties": { "ID": 142393383.0, "NOMBRE": null, "TIPO_0316": "01", "REGIM_0316": "01", "F_ALTA": "2018-06-15", "area": 1813.935, "cuenca": "Adaja", "Tipo": "Laguna", "variacion": 133.27703857421875 }, "geometry": { "type": "Point", "coordinates": [ -4.549540744366285, 40.783067313835055 ] } },
{ "type": "Feature", "properties": { "ID": 142377197.0, "NOMBRE": null, "TIPO_0316": "01", "REGIM_0316": "02", "F_ALTA": "2018-06-14", "area": 782.196, "cuenca": "Adaja", "Tipo": "Laguna", "variacion": 112.41233062744141 }, "geometry": { "type": "Point", "coordinates": [ -4.55644685535813, 40.881907120330425 ] } },
{ "type": "Feature", "properties": { "ID": 142361740.0, "NOMBRE": "Laguna de San Roque", "TIPO_0316": "01", "REGIM_0316": "02", "F_ALTA": "2021-05-25", "area": 12699.928, "cuenca": "Adaja", "Tipo": "Laguna", "variacion": 136.66342163085938 }, "geometry": { "type": "Point", "coordinates": [ -4.520789294135987, 40.792256501575778 ] } },
{ "type": "Feature", "properties": { "ID": 142377389.0, "NOMBRE": null, "TIPO_0316": "01", "REGIM_0316": "02", "F_ALTA": "2018-06-14", "area": 489.224, "cuenca": "Adaja", "Tipo": "Laguna", "variacion": 56.068218231201172 }, "geometry": { "type": "Point", "coordinates": [ -4.719295607331414, 40.825686525746946 ] } },
{ "type": "Feature", "properties": { "ID": 142393378.0, "NOMBRE": null, "TIPO_0316": "01", "REGIM_0316": "01", "F_ALTA": "2018-06-15", "area": 12692.908, "cuenca": "Adaja", "Tipo": "Laguna", "variacion": 95.985198974609375 }, "geometry": { "type": "Point", "coordinates": [ -4.687028682598569, 40.774309080355508 ] } },
{ "type": "Feature", "properties": { "ID": 142377060.0, "NOMBRE": null, "TIPO_0316": "01", "REGIM_0316": "02", "F_ALTA": "2018-06-14", "area": 61334.651, "cuenca": "Adaja", "Tipo": "Laguna", "variacion": 76.690330505371094 }, "geometry": { "type": "Point", "coordinates": [ -4.68214613963273, 40.875830136631954 ] } },
{ "type": "Feature", "properties": { "ID": 142393375.0, "NOMBRE": null, "TIPO_0316": "01", "REGIM_0316": "01", "F_ALTA": "2018-06-15", "area": 2402.462, "cuenca": "Adaja", "Tipo": "Laguna", "variacion": 90.31011962890625 }, "geometry": { "type": "Point", "coordinates": [ -4.649272170372931, 40.809096877882247 ] } },
{ "type": "Feature", "properties": { "ID": 142393372.0, "NOMBRE": null, "TIPO_0316": "01", "REGIM_0316": "01", "F_ALTA": "2018-06-15", "area": 341.024, "cuenca": "Adaja", "Tipo": "Laguna", "variacion": 89.919898986816406 }, "geometry": { "type": "Point", "coordinates": [ -4.645955631241119, 40.814672422818624 ] } },
{ "type": "Feature", "properties": { "ID": 142361730.0, "NOMBRE": "Laguna del Prado de la Puerta", "TIPO_0316": "01", "REGIM_0316": "02", "F_ALTA": "2021-05-25", "area": 4109.278, "cuenca": "Adaja", "Tipo": "Laguna", "variacion": 93.033294677734375 }, "geometry": { "type": "Point", "coordinates": [ -4.629391589899236, 40.834619564855991 ] } },
{ "type": "Feature", "properties": { "ID": 142361733.0, "NOMBRE": "Charca de los Molineros", "TIPO_0316": "01", "REGIM_0316": "02", "F_ALTA": "2021-05-25", "area": 933.722, "cuenca": "Adaja", "Tipo": "Laguna", "variacion": 109.41226959228516 }, "geometry": { "type": "Point", "coordinates": [ -4.619753976843953, 40.793901766478633 ] } },
{ "type": "Feature", "properties": { "ID": 142377390.0, "NOMBRE": null, "TIPO_0316": "01", "REGIM_0316": "02", "F_ALTA": "2018-06-14", "area": 246.633, "cuenca": "Adaja", "Tipo": "Laguna", "variacion": 107.56690979003906 }, "geometry": { "type": "Point", "coordinates": [ -4.615516876925771, 40.801911805602352 ] } },
{ "type": "Feature", "properties": { "ID": 142393277.0, "NOMBRE": null, "TIPO_0316": "01", "REGIM_0316": "01", "F_ALTA": "2018-06-15", "area": 1355.715, "cuenca": "Adaja", "Tipo": "Laguna", "variacion": 96.580520629882812 }, "geometry": { "type": "Point", "coordinates": [ -4.61821352682843, 40.884517041420445 ] } },
{ "type": "Feature", "properties": { "ID": 142377051.0, "NOMBRE": null, "TIPO_0316": "01", "REGIM_0316": "02", "F_ALTA": "2018-06-14", "area": 1870.775, "cuenca": "Adaja", "Tipo": "Laguna", "variacion": 98.763450622558594 }, "geometry": { "type": "Point", "coordinates": [ -4.612594285555569, 40.899302801890762 ] } },
{ "type": "Feature", "properties": { "ID": 142361732.0, "NOMBRE": "Charca del Cordel", "TIPO_0316": "01", "REGIM_0316": "02", "F_ALTA": "2021-05-25", "area": 1974.234, "cuenca": "Adaja", "Tipo": "Laguna", "variacion": 112.24921417236328 }, "geometry": { "type": "Point", "coordinates": [ -4.601116923940149, 40.803363773263818 ] } },
{ "type": "Feature", "properties": { "ID": 142377372.0, "NOMBRE": null, "TIPO_0316": "01", "REGIM_0316": "02", "F_ALTA": "2018-06-14", "area": 232.683, "cuenca": "Adaja", "Tipo": "Laguna", "variacion": 100.22496032714844 }, "geometry": { "type": "Point", "coordinates": [ -4.604503177883877, 40.864887648137696 ] } },
{ "type": "Feature", "properties": { "ID": 142361681.0, "NOMBRE": "Lavajo de Marivelasco", "TIPO_0316": "01", "REGIM_0316": "01", "F_ALTA": "2021-05-25", "area": 3262.513, "cuenca": "Adaja", "Tipo": "Laguna", "variacion": 100.75295257568359 }, "geometry": { "type": "Point", "coordinates": [ -4.606027132005711, 40.922572443591044 ] } },
{ "type": "Feature", "properties": { "ID": 142377043.0, "NOMBRE": null, "TIPO_0316": "01", "REGIM_0316": "02", "F_ALTA": "2018-06-14", "area": 287.249, "cuenca": "Adaja", "Tipo": "Laguna", "variacion": 104.72852325439453 }, "geometry": { "type": "Point", "coordinates": [ -4.589496607383534, 40.867071219322888 ] } },
{ "type": "Feature", "properties": { "ID": 142377041.0, "NOMBRE": null, "TIPO_0316": "01", "REGIM_0316": "02", "F_ALTA": "2018-06-14", "area": 363.996, "cuenca": "Adaja", "Tipo": "Laguna", "variacion": 105.85740661621094 }, "geometry": { "type": "Point", "coordinates": [ -4.583403697782974, 40.880333096675706 ] } },
{ "type": "Feature", "properties": { "ID": 142377393.0, "NOMBRE": null, "TIPO_0316": "01", "REGIM_0316": "02", "F_ALTA": "2018-06-14", "area": 873.182, "cuenca": "Adaja", "Tipo": "Laguna", "variacion": 125.22045135498047 }, "geometry": { "type": "Point", "coordinates": [ -4.573288325164796, 40.790454171453327 ] } },
{ "type": "Feature", "properties": { "ID": 142393276.0, "NOMBRE": null, "TIPO_0316": "01", "REGIM_0316": "01", "F_ALTA": "2018-06-15", "area": 320.52, "cuenca": "Adaja", "Tipo": "Laguna", "variacion": 108.62145233154297 }, "geometry": { "type": "Point", "coordinates": [ -4.574819790156869, 40.870339619100136 ] } },
{ "type": "Feature", "properties": { "ID": 142377038.0, "NOMBRE": null, "TIPO_0316": "01", "REGIM_0316": "02", "F_ALTA": "2018-06-14", "area": 2267.582, "cuenca": "Adaja", "Tipo": "Laguna", "variacion": 110.76984405517578 }, "geometry": { "type": "Point", "coordinates": [ -4.566896627995609, 40.869308473486456 ] } },
{ "type": "Feature", "properties": { "ID": 142393275.0, "NOMBRE": null, "TIPO_0316": "01", "REGIM_0316": "01", "F_ALTA": "2018-06-15", "area": 846.067, "cuenca": "Adaja", "Tipo": "Laguna", "variacion": 111.03919219970703 }, "geometry": { "type": "Point", "coordinates": [ -4.566432894465132, 40.867773335898406 ] } },
{ "type": "Feature", "properties": { "ID": 142393274.0, "NOMBRE": null, "TIPO_0316": "01", "REGIM_0316": "01", "F_ALTA": "2018-06-15", "area": 32247.33, "cuenca": "Adaja", "Tipo": "Laguna", "variacion": 111.57657623291016 }, "geometry": { "type": "Point", "coordinates": [ -4.564235590550099, 40.867933613221652 ] } },
{ "type": "Feature", "properties": { "ID": 142377388.0, "NOMBRE": null, "TIPO_0316": "01", "REGIM_0316": "02", "F_ALTA": "2018-06-14", "area": 29887.06, "cuenca": "Adaja", "Tipo": "Laguna", "variacion": 118.55431365966797 }, "geometry": { "type": "Point", "coordinates": [ -4.558864974799394, 40.829282780787651 ] } },
{ "type": "Feature", "properties": { "ID": 142393271.0, "NOMBRE": null, "TIPO_0316": "01", "REGIM_0316": "01", "F_ALTA": "2018-06-15", "area": 15429.829, "cuenca": "Adaja", "Tipo": "Laguna", "variacion": 111.57695770263672 }, "geometry": { "type": "Point", "coordinates": [ -4.561034330355005, 40.878290203939407 ] } },
{ "type": "Feature", "properties": { "ID": 142377064.0, "NOMBRE": null, "TIPO_0316": "01", "REGIM_0316": "02", "F_ALTA": "2022-08-25", "area": 532.061, "cuenca": "Adaja", "Tipo": "Laguna", "variacion": 85.6778564453125 }, "geometry": { "type": "Point", "coordinates": [ -4.740451435497218, 40.986874522571455 ] } },
{ "type": "Feature", "properties": { "ID": 142393237.0, "NOMBRE": null, "TIPO_0316": "01", "REGIM_0316": "01", "F_ALTA": "2018-06-15", "area": 562.157, "cuenca": "Adaja", "Tipo": "Laguna", "variacion": 86.798477172851562 }, "geometry": { "type": "Point", "coordinates": [ -4.655584088831791, 41.00534289074163 ] } },
{ "type": "Feature", "properties": { "ID": 142393236.0, "NOMBRE": null, "TIPO_0316": "01", "REGIM_0316": "01", "F_ALTA": "2018-06-15", "area": 730.252, "cuenca": "Adaja", "Tipo": "Laguna", "variacion": 86.503288269042969 }, "geometry": { "type": "Point", "coordinates": [ -4.654333978171719, 41.007682580033723 ] } },
{ "type": "Feature", "properties": { "ID": 142376982.0, "NOMBRE": null, "TIPO_0316": "01", "REGIM_0316": "02", "F_ALTA": "2018-06-14", "area": 1689.484, "cuenca": "Adaja", "Tipo": "Laguna", "variacion": 86.95245361328125 }, "geometry": { "type": "Point", "coordinates": [ -4.652273477378841, 41.006931423673009 ] } },
{ "type": "Feature", "properties": { "ID": 142377055.0, "NOMBRE": null, "TIPO_0316": "01", "REGIM_0316": "02", "F_ALTA": "2018-06-14", "area": 488.619, "cuenca": "Adaja", "Tipo": "Laguna", "variacion": 93.203689575195312 }, "geometry": { "type": "Point", "coordinates": [ -4.644390027179765, 40.973748958135054 ] } },
{ "type": "Feature", "properties": { "ID": 142377050.0, "NOMBRE": null, "TIPO_0316": "01", "REGIM_0316": "02", "F_ALTA": "2018-06-14", "area": 428.177, "cuenca": "Adaja", "Tipo": "Laguna", "variacion": 100.16588592529297 }, "geometry": { "type": "Point", "coordinates": [ -4.609048652287619, 40.935050114802351 ] } },
{ "type": "Feature", "properties": { "ID": 142377048.0, "NOMBRE": null, "TIPO_0316": "01", "REGIM_0316": "02", "F_ALTA": "2018-06-14", "area": 578.92, "cuenca": "Adaja", "Tipo": "Laguna", "variacion": 100.69683837890625 }, "geometry": { "type": "Point", "coordinates": [ -4.606249783476979, 40.931415043942017 ] } },
{ "type": "Feature", "properties": { "ID": 142377047.0, "NOMBRE": "Laguna de San Antón", "TIPO_0316": "01", "REGIM_0316": "02", "F_ALTA": "2022-08-25", "area": 5506.303, "cuenca": "Adaja", "Tipo": "Laguna", "variacion": 100.14455413818359 }, "geometry": { "type": "Point", "coordinates": [ -4.606819397291416, 40.947305756002557 ] } },
{ "type": "Feature", "properties": { "ID": 142361677.0, "NOMBRE": "Lavajo de la Cañadilla", "TIPO_0316": "01", "REGIM_0316": "02", "F_ALTA": "2021-05-25", "area": 2731.627, "cuenca": "Adaja", "Tipo": "Laguna", "variacion": 105.99007415771484 }, "geometry": { "type": "Point", "coordinates": [ -4.57501720501522, 40.932500369332494 ] } },
{ "type": "Feature", "properties": { "ID": 142376806.0, "NOMBRE": null, "TIPO_0316": "01", "REGIM_0316": "02", "F_ALTA": "2018-06-14", "area": 1146.151, "cuenca": "Zapardiel", "Tipo": "Laguna", "variacion": 91.913101196289062 }, "geometry": { "type": "Point", "coordinates": [ -4.865478351988922, 41.033940987699729 ] } },
{ "type": "Feature", "properties": { "ID": 142361604.0, "NOMBRE": "Laguna del Pinar", "TIPO_0316": "01", "REGIM_0316": "02", "F_ALTA": "2021-05-25", "area": 318.326, "cuenca": "Zapardiel", "Tipo": "Laguna", "variacion": 97.855575561523438 }, "geometry": { "type": "Point", "coordinates": [ -4.910465292061792, 41.038157227066982 ] } },
{ "type": "Feature", "properties": { "ID": 142376675.0, "NOMBRE": null, "TIPO_0316": "01", "REGIM_0316": "02", "F_ALTA": "2018-06-14", "area": 608.646, "cuenca": "Zapardiel", "Tipo": "Laguna", "variacion": 97.597724914550781 }, "geometry": { "type": "Point", "coordinates": [ -4.908552829507503, 41.041248647569212 ] } },
{ "type": "Feature", "properties": { "ID": 142376677.0, "NOMBRE": null, "TIPO_0316": "01", "REGIM_0316": "02", "F_ALTA": "2018-06-14", "area": 1441.805, "cuenca": "Zapardiel", "Tipo": "Laguna", "variacion": 98.613044738769531 }, "geometry": { "type": "Point", "coordinates": [ -4.917394800291318, 41.045112863943935 ] } },
{ "type": "Feature", "properties": { "ID": 142376676.0, "NOMBRE": null, "TIPO_0316": "01", "REGIM_0316": "02", "F_ALTA": "2018-06-14", "area": 4039.116, "cuenca": "Zapardiel", "Tipo": "Laguna", "variacion": 98.498565673828125 }, "geometry": { "type": "Point", "coordinates": [ -4.916273425218672, 41.046186642133243 ] } },
{ "type": "Feature", "properties": { "ID": 142376801.0, "NOMBRE": null, "TIPO_0316": "01", "REGIM_0316": "02", "F_ALTA": "2018-06-14", "area": 546.921, "cuenca": "Zapardiel", "Tipo": "Laguna", "variacion": 81.620712280273438 }, "geometry": { "type": "Point", "coordinates": [ -4.813705377796082, 41.049889896106528 ] } },
{ "type": "Feature", "properties": { "ID": 142376799.0, "NOMBRE": null, "TIPO_0316": "01", "REGIM_0316": "02", "F_ALTA": "2018-06-14", "area": 598.98, "cuenca": "Zapardiel", "Tipo": "Laguna", "variacion": 80.036758422851562 }, "geometry": { "type": "Point", "coordinates": [ -4.804907741818765, 41.050305230635118 ] } },
{ "type": "Feature", "properties": { "ID": 142361607.0, "NOMBRE": "Laguna de la Cuba", "TIPO_0316": "01", "REGIM_0316": "02", "F_ALTA": "2021-05-25", "area": 3832.873, "cuenca": "Zapardiel", "Tipo": "Laguna", "variacion": 100.76769256591797 }, "geometry": { "type": "Point", "coordinates": [ -4.93494279564394, 41.056771636855203 ] } },
{ "type": "Feature", "properties": { "ID": 142376789.0, "NOMBRE": null, "TIPO_0316": "01", "REGIM_0316": "02", "F_ALTA": "2018-06-14", "area": 620.153, "cuenca": "Zapardiel", "Tipo": "Laguna", "variacion": 76.740989685058594 }, "geometry": { "type": "Point", "coordinates": [ -4.789761988884885, 41.06072464813726 ] } },
{ "type": "Feature", "properties": { "ID": 142393114.0, "NOMBRE": null, "TIPO_0316": "01", "REGIM_0316": "01", "F_ALTA": "2018-06-15", "area": 762.342, "cuenca": "Zapardiel", "Tipo": "Laguna", "variacion": 82.179481506347656 }, "geometry": { "type": "Point", "coordinates": [ -4.821121311914043, 41.06104831868641 ] } },
{ "type": "Feature", "properties": { "ID": 142376671.0, "NOMBRE": null, "TIPO_0316": "01", "REGIM_0316": "02", "F_ALTA": "2018-06-14", "area": 1205.457, "cuenca": "Zapardiel", "Tipo": "Laguna", "variacion": 93.773262023925781 }, "geometry": { "type": "Point", "coordinates": [ -4.885705062756281, 41.071056362835087 ] } },
{ "type": "Feature", "properties": { "ID": 142393113.0, "NOMBRE": null, "TIPO_0316": "01", "REGIM_0316": "01", "F_ALTA": "2018-06-15", "area": 197.021, "cuenca": "Zapardiel", "Tipo": "Laguna", "variacion": 80.592491149902344 }, "geometry": { "type": "Point", "coordinates": [ -4.814668932467677, 41.074449265216316 ] } },
{ "type": "Feature", "properties": { "ID": 142376767.0, "NOMBRE": null, "TIPO_0316": "01", "REGIM_0316": "02", "F_ALTA": "2022-08-25", "area": 741.505, "cuenca": "Adaja", "Tipo": "Laguna", "variacion": 72.222404479980469 }, "geometry": { "type": "Point", "coordinates": [ -4.753111403255793, 41.074556769100887 ] } },
{ "type": "Feature", "properties": { "ID": 142376766.0, "NOMBRE": null, "TIPO_0316": "01", "REGIM_0316": "02", "F_ALTA": "2018-06-14", "area": 98.163, "cuenca": "Adaja", "Tipo": "Laguna", "variacion": 72.143836975097656 }, "geometry": { "type": "Point", "coordinates": [ -4.751966754544299, 41.074598120583751 ] } },
{ "type": "Feature", "properties": { "ID": 142376764.0, "NOMBRE": null, "TIPO_0316": "01", "REGIM_0316": "02", "F_ALTA": "2018-06-14", "area": 523.749, "cuenca": "Adaja", "Tipo": "Laguna", "variacion": 72.222930908203125 }, "geometry": { "type": "Point", "coordinates": [ -4.753100358890713, 41.075558620189916 ] } },
{ "type": "Feature", "properties": { "ID": 142361601.0, "NOMBRE": "Laguna del Gato", "TIPO_0316": "01", "REGIM_0316": "02", "F_ALTA": "2021-05-25", "area": 1171.098, "cuenca": "Zapardiel", "Tipo": "Laguna", "variacion": 93.952621459960938 }, "geometry": { "type": "Point", "coordinates": [ -4.886856914775244, 41.076612763678504 ] } },
{ "type": "Feature", "properties": { "ID": 142376775.0, "NOMBRE": null, "TIPO_0316": "01", "REGIM_0316": "02", "F_ALTA": "2018-06-14", "area": 47.312, "cuenca": "Adaja", "Tipo": "Laguna", "variacion": 73.032684326171875 }, "geometry": { "type": "Point", "coordinates": [ -4.762805785452621, 41.076620912503827 ] } },
{ "type": "Feature", "properties": { "ID": 142376681.0, "NOMBRE": null, "TIPO_0316": "01", "REGIM_0316": "02", "F_ALTA": "2018-06-14", "area": 2140.59, "cuenca": "Zapardiel", "Tipo": "Laguna", "variacion": 100.65365600585938 }, "geometry": { "type": "Point", "coordinates": [ -4.931108381220295, 41.077113978274006 ] } },
{ "type": "Feature", "properties": { "ID": 142393115.0, "NOMBRE": null, "TIPO_0316": "01", "REGIM_0316": "01", "F_ALTA": "2018-06-15", "area": 1049.481, "cuenca": "Zapardiel", "Tipo": "Laguna", "variacion": 84.147834777832031 }, "geometry": { "type": "Point", "coordinates": [ -4.833411989987201, 41.078288180073947 ] } },
{ "type": "Feature", "properties": { "ID": 142376687.0, "NOMBRE": null, "TIPO_0316": "01", "REGIM_0316": "02", "F_ALTA": "2018-06-14", "area": 1184.523, "cuenca": "Zapardiel", "Tipo": "Laguna", "variacion": 102.67637634277344 }, "geometry": { "type": "Point", "coordinates": [ -4.945057010909315, 41.084235370673319 ] } },
{ "type": "Feature", "properties": { "ID": 142361608.0, "NOMBRE": "Lavajo del Ganso", "TIPO_0316": "01", "REGIM_0316": "01", "F_ALTA": "2021-05-25", "area": 1661.415, "cuenca": "Zapardiel", "Tipo": "Laguna", "variacion": 102.20169067382812 }, "geometry": { "type": "Point", "coordinates": [ -4.941005733857271, 41.086275526542863 ] } },
{ "type": "Feature", "properties": { "ID": 142361624.0, "NOMBRE": "Laguna del Barrero", "TIPO_0316": "01", "REGIM_0316": "01", "F_ALTA": "2021-05-25", "area": 2684.553, "cuenca": "Zapardiel", "Tipo": "Laguna", "variacion": 90.843086242675781 }, "geometry": { "type": "Point", "coordinates": [ -4.868539324129963, 41.086815808331977 ] } },
{ "type": "Feature", "properties": { "ID": 142393111.0, "NOMBRE": null, "TIPO_0316": "01", "REGIM_0316": "01", "F_ALTA": "2018-06-15", "area": 265.727, "cuenca": "Zapardiel", "Tipo": "Laguna", "variacion": 80.401466369628906 }, "geometry": { "type": "Point", "coordinates": [ -4.811441490388991, 41.089780843770711 ] } },
{ "type": "Feature", "properties": { "ID": 142393085.0, "NOMBRE": null, "TIPO_0316": "01", "REGIM_0316": "01", "F_ALTA": "2018-06-15", "area": 1647.688, "cuenca": "Zapardiel", "Tipo": "Laguna", "variacion": 101.25503540039062 }, "geometry": { "type": "Point", "coordinates": [ -4.933019552147062, 41.090046515097988 ] } },
{ "type": "Feature", "properties": { "ID": 142393109.0, "NOMBRE": null, "TIPO_0316": "01", "REGIM_0316": "01", "F_ALTA": "2022-08-25", "area": 595.612, "cuenca": "Zapardiel", "Tipo": "Laguna", "variacion": 79.823593139648438 }, "geometry": { "type": "Point", "coordinates": [ -4.807937188958309, 41.090293686947987 ] } },
{ "type": "Feature", "properties": { "ID": 142393108.0, "NOMBRE": null, "TIPO_0316": "01", "REGIM_0316": "01", "F_ALTA": "2018-06-15", "area": 193.048, "cuenca": "Zapardiel", "Tipo": "Laguna", "variacion": 79.794502258300781 }, "geometry": { "type": "Point", "coordinates": [ -4.807797123602938, 41.090577166338718 ] } },
{ "type": "Feature", "properties": { "ID": 142393106.0, "NOMBRE": null, "TIPO_0316": "01", "REGIM_0316": "01", "F_ALTA": "2018-06-15", "area": 2579.675, "cuenca": "Adaja", "Tipo": "Laguna", "variacion": 74.51531982421875 }, "geometry": { "type": "Point", "coordinates": [ -4.769599865274615, 41.091457438762333 ] } },
{ "type": "Feature", "properties": { "ID": 142376683.0, "NOMBRE": null, "TIPO_0316": "01", "REGIM_0316": "02", "F_ALTA": "2018-06-14", "area": 212.537, "cuenca": "Zapardiel", "Tipo": "Laguna", "variacion": 102.17594909667969 }, "geometry": { "type": "Point", "coordinates": [ -4.938694989692488, 41.093829333031223 ] } },
{ "type": "Feature", "properties": { "ID": 142376752.0, "NOMBRE": null, "TIPO_0316": "01", "REGIM_0316": "02", "F_ALTA": "2018-06-14", "area": 398.227, "cuenca": "Adaja", "Tipo": "Laguna", "variacion": 73.821075439453125 }, "geometry": { "type": "Point", "coordinates": [ -4.7483782929106, 41.100251977873832 ] } },
{ "type": "Feature", "properties": { "ID": 142376780.0, "NOMBRE": null, "TIPO_0316": "01", "REGIM_0316": "02", "F_ALTA": "2018-06-14", "area": 1069.744, "cuenca": "Adaja", "Tipo": "Laguna", "variacion": 76.912277221679688 }, "geometry": { "type": "Point", "coordinates": [ -4.779865725360776, 41.103593278855669 ] } },
{ "type": "Feature", "properties": { "ID": 142376751.0, "NOMBRE": null, "TIPO_0316": "01", "REGIM_0316": "02", "F_ALTA": "2018-06-14", "area": 2293.43, "cuenca": "Adaja", "Tipo": "Laguna", "variacion": 74.477630615234375 }, "geometry": { "type": "Point", "coordinates": [ -4.752109507475562, 41.103754474390485 ] } },
{ "type": "Feature", "properties": { "ID": 142393086.0, "NOMBRE": null, "TIPO_0316": "01", "REGIM_0316": "01", "F_ALTA": "2018-06-15", "area": 890.355, "cuenca": "Zapardiel", "Tipo": "Laguna", "variacion": 103.36152648925781 }, "geometry": { "type": "Point", "coordinates": [ -4.944238588782112, 41.104331442292164 ] } },
{ "type": "Feature", "properties": { "ID": 142393084.0, "NOMBRE": null, "TIPO_0316": "01", "REGIM_0316": "01", "F_ALTA": "2018-06-15", "area": 672.417, "cuenca": "Zapardiel", "Tipo": "Laguna", "variacion": 97.161354064941406 }, "geometry": { "type": "Point", "coordinates": [ -4.901915004618263, 41.104442233774357 ] } },
{ "type": "Feature", "properties": { "ID": 142376749.0, "NOMBRE": null, "TIPO_0316": "01", "REGIM_0316": "02", "F_ALTA": "2018-06-14", "area": 1076.397, "cuenca": "Adaja", "Tipo": "Laguna", "variacion": 75.153739929199219 }, "geometry": { "type": "Point", "coordinates": [ -4.757921036679427, 41.106004945503642 ] } },
{ "type": "Feature", "properties": { "ID": 142376745.0, "NOMBRE": null, "TIPO_0316": "01", "REGIM_0316": "02", "F_ALTA": "2018-06-14", "area": 2437.471, "cuenca": "Adaja", "Tipo": "Laguna", "variacion": 75.754188537597656 }, "geometry": { "type": "Point", "coordinates": [ -4.748802345343581, 41.113461301414922 ] } },
{ "type": "Feature", "properties": { "ID": 142376748.0, "NOMBRE": null, "TIPO_0316": "01", "REGIM_0316": "02", "F_ALTA": "2018-06-14", "area": 3206.168, "cuenca": "Adaja", "Tipo": "Laguna", "variacion": 75.299331665039062 }, "geometry": { "type": "Point", "coordinates": [ -4.745451861756023, 41.111487967636918 ] } },
{ "type": "Feature", "properties": { "ID": 142393060.0, "NOMBRE": null, "TIPO_0316": "01", "REGIM_0316": "01", "F_ALTA": "2018-06-15", "area": 135.893, "cuenca": "Adaja", "Tipo": "Laguna", "variacion": 79.15142822265625 }, "geometry": { "type": "Point", "coordinates": [ -4.742105682762421, 41.132964586667313 ] } },
{ "type": "Feature", "properties": { "ID": 142393226.0, "NOMBRE": null, "TIPO_0316": "01", "REGIM_0316": "01", "F_ALTA": "2018-06-15", "area": 511.553, "cuenca": "Adaja", "Tipo": "Laguna", "variacion": 75.347389221191406 }, "geometry": { "type": "Point", "coordinates": [ -4.68551332863036, 41.050581131787119 ] } },
{ "type": "Feature", "properties": { "ID": 142361643.0, "NOMBRE": "Lavajo Redondo", "TIPO_0316": "01", "REGIM_0316": "02", "F_ALTA": "2021-05-25", "area": 2340.541, "cuenca": "Zapardiel", "Tipo": "Laguna", "variacion": 103.98154449462891 }, "geometry": { "type": "Point", "coordinates": [ -4.944997012385734, 41.114594184746153 ] } },
{ "type": "Feature", "properties": { "ID": 142361605.0, "NOMBRE": "Lavajo de Don Sancho", "TIPO_0316": "01", "REGIM_0316": "02", "F_ALTA": "2021-05-25", "area": 4620.571, "cuenca": "Zapardiel", "Tipo": "Laguna", "variacion": 102.0484619140625 }, "geometry": { "type": "Point", "coordinates": [ -4.930397067814731, 41.116232241353423 ] } },
{ "type": "Feature", "properties": { "ID": 142376743.0, "NOMBRE": null, "TIPO_0316": "01", "REGIM_0316": "02", "F_ALTA": "2018-06-14", "area": 1697.083, "cuenca": "Adaja", "Tipo": "Laguna", "variacion": 76.469558715820312 }, "geometry": { "type": "Point", "coordinates": [ -4.749762709778344, 41.117246264309266 ] } },
{ "type": "Feature", "properties": { "ID": 142393023.0, "NOMBRE": null, "TIPO_0316": "01", "REGIM_0316": "01", "F_ALTA": "2018-06-15", "area": 11152.932, "cuenca": "Adaja", "Tipo": "Laguna", "variacion": 76.985954284667969 }, "geometry": { "type": "Point", "coordinates": [ -4.756171715320473, 41.118263523535497 ] } },
{ "type": "Feature", "properties": { "ID": 142376392.0, "NOMBRE": null, "TIPO_0316": "01", "REGIM_0316": "02", "F_ALTA": "2018-06-14", "area": 108.888, "cuenca": "Adaja", "Tipo": "Laguna", "variacion": 77.754127502441406 }, "geometry": { "type": "Point", "coordinates": [ -4.756978029918828, 41.122485046416223 ] } },
{ "type": "Feature", "properties": { "ID": 142376393.0, "NOMBRE": null, "TIPO_0316": "01", "REGIM_0316": "02", "F_ALTA": "2018-06-14", "area": 123.955, "cuenca": "Adaja", "Tipo": "Laguna", "variacion": 77.814476013183594 }, "geometry": { "type": "Point", "coordinates": [ -4.757235834325981, 41.122628043249733 ] } },
{ "type": "Feature", "properties": { "ID": 142393021.0, "NOMBRE": null, "TIPO_0316": "01", "REGIM_0316": "01", "F_ALTA": "2018-06-15", "area": 282.231, "cuenca": "Adaja", "Tipo": "Laguna", "variacion": 77.883758544921875 }, "geometry": { "type": "Point", "coordinates": [ -4.750052776954417, 41.125092740619372 ] } },
{ "type": "Feature", "properties": { "ID": 142376680.0, "NOMBRE": null, "TIPO_0316": "01", "REGIM_0316": "02", "F_ALTA": "2018-06-14", "area": 1099.555, "cuenca": "Zapardiel", "Tipo": "Laguna", "variacion": 103.02803039550781 }, "geometry": { "type": "Point", "coordinates": [ -4.933125292228683, 41.125725818587092 ] } },
{ "type": "Feature", "properties": { "ID": 142376685.0, "NOMBRE": null, "TIPO_0316": "01", "REGIM_0316": "02", "F_ALTA": "2018-06-14", "area": 332.099, "cuenca": "Zapardiel", "Tipo": "Laguna", "variacion": 104.86377716064453 }, "geometry": { "type": "Point", "coordinates": [ -4.946316059107837, 41.126669041323794 ] } },
{ "type": "Feature", "properties": { "ID": 142393022.0, "NOMBRE": null, "TIPO_0316": "01", "REGIM_0316": "01", "F_ALTA": "2018-06-15", "area": 1129.477, "cuenca": "Adaja", "Tipo": "Laguna", "variacion": 78.423500061035156 }, "geometry": { "type": "Point", "coordinates": [ -4.753742561755106, 41.126942129428109 ] } },
{ "type": "Feature", "properties": { "ID": 142376394.0, "NOMBRE": null, "TIPO_0316": "01", "REGIM_0316": "02", "F_ALTA": "2018-06-14", "area": 5796.182, "cuenca": "Adaja", "Tipo": "Laguna", "variacion": 79.182472229003906 }, "geometry": { "type": "Point", "coordinates": [ -4.762786488027346, 41.128074344219087 ] } },
{ "type": "Feature", "properties": { "ID": 142376391.0, "NOMBRE": null, "TIPO_0316": "01", "REGIM_0316": "02", "F_ALTA": "2018-06-14", "area": 1428.435, "cuenca": "Adaja", "Tipo": "Laguna", "variacion": 78.714981079101562 }, "geometry": { "type": "Point", "coordinates": [ -4.750806291403756, 41.129118779684248 ] } },
{ "type": "Feature", "properties": { "ID": 142376390.0, "NOMBRE": null, "TIPO_0316": "01", "REGIM_0316": "02", "F_ALTA": "2018-06-14", "area": 2662.484, "cuenca": "Adaja", "Tipo": "Laguna", "variacion": 79.205986022949219 }, "geometry": { "type": "Point", "coordinates": [ -4.750590091194232, 41.131783407299181 ] } },
{ "type": "Feature", "properties": { "ID": 142376686.0, "NOMBRE": null, "TIPO_0316": "01", "REGIM_0316": "02", "F_ALTA": "2018-06-14", "area": 484.923, "cuenca": "Zapardiel", "Tipo": "Laguna", "variacion": 105.65686798095703 }, "geometry": { "type": "Point", "coordinates": [ -4.948011154773812, 41.13524331199352 ] } },
{ "type": "Feature", "properties": { "ID": 142376684.0, "NOMBRE": null, "TIPO_0316": "01", "REGIM_0316": "02", "F_ALTA": "2018-06-14", "area": 617.184, "cuenca": "Zapardiel", "Tipo": "Laguna", "variacion": 105.51573944091797 }, "geometry": { "type": "Point", "coordinates": [ -4.946920977361118, 41.135352256463904 ] } },
{ "type": "Feature", "properties": { "ID": 142393026.0, "NOMBRE": null, "TIPO_0316": "01", "REGIM_0316": "01", "F_ALTA": "2018-06-15", "area": 350.042, "cuenca": "Adaja", "Tipo": "Laguna", "variacion": 82.582229614257812 }, "geometry": { "type": "Point", "coordinates": [ -4.779951486006993, 41.138711154571602 ] } },
{ "type": "Feature", "properties": { "ID": 142376400.0, "NOMBRE": null, "TIPO_0316": "01", "REGIM_0316": "02", "F_ALTA": "2018-06-14", "area": 454.933, "cuenca": "Adaja", "Tipo": "Laguna", "variacion": 82.979019165039062 }, "geometry": { "type": "Point", "coordinates": [ -4.782698430614218, 41.139277776346241 ] } },
{ "type": "Feature", "properties": { "ID": 142360755.0, "NOMBRE": "Laguna del Hornillo", "TIPO_0316": "01", "REGIM_0316": "01", "F_ALTA": "2022-08-25", "area": 32480.662, "cuenca": "Tormes", "Tipo": "Laguna", "variacion": 197.23593139648438 }, "geometry": { "type": "Point", "coordinates": [ -5.674293259073454, 40.352313962427225 ] } },
{ "type": "Feature", "properties": { "ID": 142360753.0, "NOMBRE": "Laguna del Chorrito", "TIPO_0316": "01", "REGIM_0316": "01", "F_ALTA": "2021-05-25", "area": 2516.515, "cuenca": "Tormes", "Tipo": "Laguna", "variacion": 197.47953796386719 }, "geometry": { "type": "Point", "coordinates": [ -5.672361777118394, 40.342841773852555 ] } },
{ "type": "Feature", "properties": { "ID": 142368076.0, "NOMBRE": null, "TIPO_0316": "01", "REGIM_0316": "02", "F_ALTA": "2018-06-14", "area": 123.712, "cuenca": "Tormes", "Tipo": "Laguna", "variacion": 181.90394592285156 }, "geometry": { "type": "Point", "coordinates": [ -5.600092900362488, 40.330223505705931 ] } },
{ "type": "Feature", "properties": { "ID": 142385865.0, "NOMBRE": null, "TIPO_0316": "01", "REGIM_0316": "01", "F_ALTA": "2018-06-14", "area": 485.841, "cuenca": "Tormes", "Tipo": "Laguna", "variacion": 198.48184204101562 }, "geometry": { "type": "Point", "coordinates": [ -5.656109082675268, 40.311945368551527 ] } },
{ "type": "Feature", "properties": { "ID": 142385862.0, "NOMBRE": null, "TIPO_0316": "01", "REGIM_0316": "01", "F_ALTA": "2022-08-25", "area": 8905.379, "cuenca": "Tormes", "Tipo": "Laguna", "variacion": 197.85165405273438 }, "geometry": { "type": "Point", "coordinates": [ -5.637663414293264, 40.299189175660651 ] } },
{ "type": "Feature", "properties": { "ID": 142361122.0, "NOMBRE": "Laguna Cuadrada", "TIPO_0316": "01", "REGIM_0316": "02", "F_ALTA": "2021-05-25", "area": 6761.338, "cuenca": "Tormes", "Tipo": "Laguna", "variacion": 226.29910278320312 }, "geometry": { "type": "Point", "coordinates": [ -5.6014374054472, 40.221092708498425 ] } },
{ "type": "Feature", "properties": { "ID": 142361121.0, "NOMBRE": "Laguna de los Caballeros", "TIPO_0316": "01", "REGIM_0316": "02", "F_ALTA": "2021-05-25", "area": 23028.648, "cuenca": "Tormes", "Tipo": "Laguna", "variacion": 228.604736328125 }, "geometry": { "type": "Point", "coordinates": [ -5.588551656134412, 40.217613488258898 ] } },
{ "type": "Feature", "properties": { "ID": 142385868.0, "NOMBRE": null, "TIPO_0316": "01", "REGIM_0316": "01", "F_ALTA": "2018-06-14", "area": 6663.383, "cuenca": "Tormes", "Tipo": "Laguna", "variacion": 210.50904846191406 }, "geometry": { "type": "Point", "coordinates": [ -5.720240159166409, 40.309237102546575 ] } },
{ "type": "Feature", "properties": { "ID": 142385866.0, "NOMBRE": "Lagunas El Trampal", "TIPO_0316": "01", "REGIM_0316": "01", "F_ALTA": "2022-08-25", "area": 12426.036, "cuenca": "Tormes", "Tipo": "Laguna", "variacion": 210.03456115722656 }, "geometry": { "type": "Point", "coordinates": [ -5.716560693452888, 40.308742298356009 ] } },
{ "type": "Feature", "properties": { "ID": 142385869.0, "NOMBRE": null, "TIPO_0316": "01", "REGIM_0316": "01", "F_ALTA": "2018-06-14", "area": 66374.356, "cuenca": "Tormes", "Tipo": "Laguna", "variacion": 209.10888671875 }, "geometry": { "type": "Point", "coordinates": [ -5.712274052503943, 40.310334412341291 ] } },
{ "type": "Feature", "properties": { "ID": 142361291.0, "NOMBRE": "Laguna Negra", "TIPO_0316": "01", "REGIM_0316": "02", "F_ALTA": "2021-05-25", "area": 2439.156, "cuenca": "Tormes", "Tipo": "Laguna", "variacion": 211.33938598632812 }, "geometry": { "type": "Point", "coordinates": [ -5.71069444026705, 40.295526324625065 ] } },
{ "type": "Feature", "properties": { "ID": 142360756.0, "NOMBRE": "Charca de las Joyas", "TIPO_0316": "01", "REGIM_0316": "01", "F_ALTA": "2021-05-25", "area": 12162.904, "cuenca": "Tormes", "Tipo": "Laguna", "variacion": 172.82096862792969 }, "geometry": { "type": "Point", "coordinates": [ -5.569237576236685, 40.370193749580757 ] } },
{ "type": "Feature", "properties": { "ID": 142385873.0, "NOMBRE": null, "TIPO_0316": "01", "REGIM_0316": "01", "F_ALTA": "2022-08-25", "area": 236.984, "cuenca": "Tormes", "Tipo": "Laguna", "variacion": 177.07490539550781 }, "geometry": { "type": "Point", "coordinates": [ -5.576310256025904, 40.389824833760095 ] } },
{ "type": "Feature", "properties": { "ID": 142385874.0, "NOMBRE": null, "TIPO_0316": "01", "REGIM_0316": "01", "F_ALTA": "2022-08-25", "area": 170.823, "cuenca": "Tormes", "Tipo": "Laguna", "variacion": 177.15254211425781 }, "geometry": { "type": "Point", "coordinates": [ -5.576628294358065, 40.389932835204256 ] } },
{ "type": "Feature", "properties": { "ID": 142385875.0, "NOMBRE": null, "TIPO_0316": "01", "REGIM_0316": "01", "F_ALTA": "2018-06-14", "area": 513.218, "cuenca": "Tormes", "Tipo": "Laguna", "variacion": 177.27143859863281 }, "geometry": { "type": "Point", "coordinates": [ -5.577019968954799, 40.390055216396867 ] } },
{ "type": "Feature", "properties": { "ID": 142368080.0, "NOMBRE": null, "TIPO_0316": "01", "REGIM_0316": "02", "F_ALTA": "2018-06-14", "area": 463.249, "cuenca": "Tormes", "Tipo": "Laguna", "variacion": 174.27374267578125 }, "geometry": { "type": "Point", "coordinates": [ -5.547681706081768, 40.395023232174289 ] } },
{ "type": "Feature", "properties": { "ID": 142368081.0, "NOMBRE": null, "TIPO_0316": "01", "REGIM_0316": "02", "F_ALTA": "2018-06-14", "area": 648.1, "cuenca": "Tormes", "Tipo": "Laguna", "variacion": 183.95512390136719 }, "geometry": { "type": "Point", "coordinates": [ -5.605566926718206, 40.396659402041593 ] } },
{ "type": "Feature", "properties": { "ID": 142385879.0, "NOMBRE": null, "TIPO_0316": "01", "REGIM_0316": "01", "F_ALTA": "2018-06-14", "area": 936.696, "cuenca": "Tormes", "Tipo": "Laguna", "variacion": 191.07005310058594 }, "geometry": { "type": "Point", "coordinates": [ -5.640088234717321, 40.397596794354698 ] } },
{ "type": "Feature", "properties": { "ID": 142368082.0, "NOMBRE": null, "TIPO_0316": "01", "REGIM_0316": "02", "F_ALTA": "2018-06-14", "area": 931.806, "cuenca": "Tormes", "Tipo": "Laguna", "variacion": 189.62503051757812 }, "geometry": { "type": "Point", "coordinates": [ -5.626016256164156, 40.407034650070358 ] } },
{ "type": "Feature", "properties": { "ID": 142368083.0, "NOMBRE": null, "TIPO_0316": "01", "REGIM_0316": "02", "F_ALTA": "2018-06-14", "area": 4526.365, "cuenca": "Tormes", "Tipo": "Laguna", "variacion": 188.70233154296875 }, "geometry": { "type": "Point", "coordinates": [ -5.615085843658087, 40.413038256916174 ] } },
{ "type": "Feature", "properties": { "ID": 142385880.0, "NOMBRE": null, "TIPO_0316": "01", "REGIM_0316": "01", "F_ALTA": "2018-06-14", "area": 13480.652, "cuenca": "Tormes", "Tipo": "Laguna", "variacion": 200.45518493652344 }, "geometry": { "type": "Point", "coordinates": [ -5.677851103469761, 40.422305673450246 ] } },
{ "type": "Feature", "properties": { "ID": 142385883.0, "NOMBRE": null, "TIPO_0316": "01", "REGIM_0316": "01", "F_ALTA": "2018-06-14", "area": 363.831, "cuenca": "Tormes", "Tipo": "Laguna", "variacion": 200.16496276855469 }, "geometry": { "type": "Point", "coordinates": [ -5.670394926198941, 40.429528651380593 ] } },
{ "type": "Feature", "properties": { "ID": 142385917.0, "NOMBRE": null, "TIPO_0316": "01", "REGIM_0316": "01", "F_ALTA": "2022-08-25", "area": 281.484, "cuenca": "Tormes", "Tipo": "Laguna", "variacion": 199.15983581542969 }, "geometry": { "type": "Point", "coordinates": [ -5.576227395866712, 40.46947864887435 ] } },
{ "type": "Feature", "properties": { "ID": 142386092.0, "NOMBRE": null, "TIPO_0316": "01", "REGIM_0316": "01", "F_ALTA": "2018-06-14", "area": 167.951, "cuenca": "Tormes", "Tipo": "Laguna", "variacion": 219.3016357421875 }, "geometry": { "type": "Point", "coordinates": [ -5.488096413472778, 40.581503989897662 ] } },
{ "type": "Feature", "properties": { "ID": 142386070.0, "NOMBRE": null, "TIPO_0316": "01", "REGIM_0316": "01", "F_ALTA": "2018-06-14", "area": 44.987, "cuenca": "Tormes", "Tipo": "Laguna", "variacion": 219.93893432617188 }, "geometry": { "type": "Point", "coordinates": [ -5.481759314029066, 40.571549505422766 ] } },
{ "type": "Feature", "properties": { "ID": 142386084.0, "NOMBRE": null, "TIPO_0316": "01", "REGIM_0316": "01", "F_ALTA": "2018-06-14", "area": 187.446, "cuenca": "Tormes", "Tipo": "Laguna", "variacion": 219.77642822265625 }, "geometry": { "type": "Point", "coordinates": [ -5.481904411894461, 40.579363991017345 ] } },
{ "type": "Feature", "properties": { "ID": 142386066.0, "NOMBRE": null, "TIPO_0316": "01", "REGIM_0316": "01", "F_ALTA": "2018-06-14", "area": 76.478, "cuenca": "Tormes", "Tipo": "Laguna", "variacion": 220.20066833496094 }, "geometry": { "type": "Point", "coordinates": [ -5.478551906308939, 40.571076369456975 ] } },
{ "type": "Feature", "properties": { "ID": 142386069.0, "NOMBRE": null, "TIPO_0316": "01", "REGIM_0316": "01", "F_ALTA": "2018-06-14", "area": 80.977, "cuenca": "Tormes", "Tipo": "Laguna", "variacion": 220.766845703125 }, "geometry": { "type": "Point", "coordinates": [ -5.470969588820249, 40.572391369860775 ] } },
{ "type": "Feature", "properties": { "ID": 142386079.0, "NOMBRE": null, "TIPO_0316": "01", "REGIM_0316": "01", "F_ALTA": "2022-08-25", "area": 38.709, "cuenca": "Tormes", "Tipo": "Laguna", "variacion": 220.7294921875 }, "geometry": { "type": "Point", "coordinates": [ -5.468149885445659, 40.579578834820161 ] } },
{ "type": "Feature", "properties": { "ID": 142386077.0, "NOMBRE": null, "TIPO_0316": "01", "REGIM_0316": "01", "F_ALTA": "2018-06-14", "area": 122.968, "cuenca": "Tormes", "Tipo": "Laguna", "variacion": 222.40536499023438 }, "geometry": { "type": "Point", "coordinates": [ -5.443972774158585, 40.581545908651243 ] } },
{ "type": "Feature", "properties": { "ID": 142386268.0, "NOMBRE": null, "TIPO_0316": "01", "REGIM_0316": "01", "F_ALTA": "2018-06-14", "area": 84.978, "cuenca": "Tormes", "Tipo": "Laguna", "variacion": 222.49720764160156 }, "geometry": { "type": "Point", "coordinates": [ -5.44219317651602, 40.581899641599769 ] } },
{ "type": "Feature", "properties": { "ID": 142386266.0, "NOMBRE": null, "TIPO_0316": "01", "REGIM_0316": "01", "F_ALTA": "2022-08-25", "area": 67.843, "cuenca": "Tormes", "Tipo": "Laguna", "variacion": 222.51899719238281 }, "geometry": { "type": "Point", "coordinates": [ -5.441610269509478, 40.582401514827232 ] } },
{ "type": "Feature", "properties": { "ID": 142385990.0, "NOMBRE": null, "TIPO_0316": "01", "REGIM_0316": "01", "F_ALTA": "2018-06-14", "area": 107.973, "cuenca": "Tormes", "Tipo": "Laguna", "variacion": 224.04803466796875 }, "geometry": { "type": "Point", "coordinates": [ -5.43498678025139, 40.568862438421121 ] } },
{ "type": "Feature", "properties": { "ID": 142385989.0, "NOMBRE": null, "TIPO_0316": "01", "REGIM_0316": "01", "F_ALTA": "2022-08-25", "area": 61.461, "cuenca": "Tormes", "Tipo": "Laguna", "variacion": 224.20301818847656 }, "geometry": { "type": "Point", "coordinates": [ -5.433618122754836, 40.568517769025021 ] } },
{ "type": "Feature", "properties": { "ID": 142386247.0, "NOMBRE": null, "TIPO_0316": "01", "REGIM_0316": "01", "F_ALTA": "2018-06-14", "area": 68.983, "cuenca": "Tormes", "Tipo": "Laguna", "variacion": 222.27561950683594 }, "geometry": { "type": "Point", "coordinates": [ -5.435227860432557, 40.589785727125523 ] } },
{ "type": "Feature", "properties": { "ID": 142376647.0, "NOMBRE": null, "TIPO_0316": "01", "REGIM_0316": "02", "F_ALTA": "2018-06-14", "area": 929.124, "cuenca": "Zapardiel", "Tipo": "Laguna", "variacion": 113.86405181884766 }, "geometry": { "type": "Point", "coordinates": [ -5.015488899087747, 41.138529501890609 ] } },
{ "type": "Feature", "properties": { "ID": 142386255.0, "NOMBRE": null, "TIPO_0316": "01", "REGIM_0316": "01", "F_ALTA": "2018-06-14", "area": 103.474, "cuenca": "Tormes", "Tipo": "Laguna", "variacion": 222.66336059570312 }, "geometry": { "type": "Point", "coordinates": [ -5.432251181567381, 40.587871633225141 ] } },
{ "type": "Feature", "properties": { "ID": 142386257.0, "NOMBRE": null, "TIPO_0316": "01", "REGIM_0316": "01", "F_ALTA": "2018-06-14", "area": 58.485, "cuenca": "Tormes", "Tipo": "Laguna", "variacion": 222.8382568359375 }, "geometry": { "type": "Point", "coordinates": [ -5.431335281860964, 40.586962079566909 ] } },
{ "type": "Feature", "properties": { "ID": 142386258.0, "NOMBRE": null, "TIPO_0316": "01", "REGIM_0316": "01", "F_ALTA": "2018-06-14", "area": 94.977, "cuenca": "Tormes", "Tipo": "Laguna", "variacion": 222.89144897460938 }, "geometry": { "type": "Point", "coordinates": [ -5.431174346238358, 40.586532303667589 ] } },
{ "type": "Feature", "properties": { "ID": 142386259.0, "NOMBRE": null, "TIPO_0316": "01", "REGIM_0316": "01", "F_ALTA": "2018-06-14", "area": 83.479, "cuenca": "Tormes", "Tipo": "Laguna", "variacion": 222.99534606933594 }, "geometry": { "type": "Point", "coordinates": [ -5.430367031464882, 40.586011057277531 ] } },
{ "type": "Feature", "properties": { "ID": 142386249.0, "NOMBRE": null, "TIPO_0316": "01", "REGIM_0316": "01", "F_ALTA": "2018-06-14", "area": 222.946, "cuenca": "Tormes", "Tipo": "Laguna", "variacion": 222.77574157714844 }, "geometry": { "type": "Point", "coordinates": [ -5.428776463690578, 40.589149986069465 ] } },
{ "type": "Feature", "properties": { "ID": 142386248.0, "NOMBRE": null, "TIPO_0316": "01", "REGIM_0316": "01", "F_ALTA": "2018-06-14", "area": 77.481, "cuenca": "Tormes", "Tipo": "Laguna", "variacion": 222.76564025878906 }, "geometry": { "type": "Point", "coordinates": [ -5.428437027225306, 40.589501777122855 ] } },
{ "type": "Feature", "properties": { "ID": 142392853.0, "NOMBRE": null, "TIPO_0316": "01", "REGIM_0316": "01", "F_ALTA": "2018-06-15", "area": 86.979, "cuenca": "Tormes", "Tipo": "Laguna", "variacion": 223.88882446289062 }, "geometry": { "type": "Point", "coordinates": [ -5.42598913410366, 40.580286503720188 ] } },
{ "type": "Feature", "properties": { "ID": 142392880.0, "NOMBRE": null, "TIPO_0316": "01", "REGIM_0316": "01", "F_ALTA": "2018-06-15", "area": 132.968, "cuenca": "Tormes", "Tipo": "Laguna", "variacion": 222.87675476074219 }, "geometry": { "type": "Point", "coordinates": [ -5.424681312832558, 40.590678418156436 ] } },
{ "type": "Feature", "properties": { "ID": 142392747.0, "NOMBRE": null, "TIPO_0316": "01", "REGIM_0316": "01", "F_ALTA": "2018-06-15", "area": 285.932, "cuenca": "Tormes", "Tipo": "Laguna", "variacion": 222.33952331542969 }, "geometry": { "type": "Point", "coordinates": [ -5.423454445642712, 40.595729908514201 ] } },
{ "type": "Feature", "properties": { "ID": 142392746.0, "NOMBRE": null, "TIPO_0316": "01", "REGIM_0316": "01", "F_ALTA": "2018-06-15", "area": 261.438, "cuenca": "Tormes", "Tipo": "Laguna", "variacion": 222.421142578125 }, "geometry": { "type": "Point", "coordinates": [ -5.423019303689567, 40.595187506451886 ] } },
{ "type": "Feature", "properties": { "ID": 142392877.0, "NOMBRE": null, "TIPO_0316": "01", "REGIM_0316": "01", "F_ALTA": "2022-08-25", "area": 89.21, "cuenca": "Tormes", "Tipo": "Laguna", "variacion": 223.23295593261719 }, "geometry": { "type": "Point", "coordinates": [ -5.421192013799598, 40.589535299864409 ] } },
{ "type": "Feature", "properties": { "ID": 142392842.0, "NOMBRE": null, "TIPO_0316": "01", "REGIM_0316": "01", "F_ALTA": "2018-06-15", "area": 234.445, "cuenca": "Tormes", "Tipo": "Laguna", "variacion": 225.36158752441406 }, "geometry": { "type": "Point", "coordinates": [ -5.416387221306217, 40.57327421486162 ] } },
{ "type": "Feature", "properties": { "ID": 142392858.0, "NOMBRE": null, "TIPO_0316": "01", "REGIM_0316": "01", "F_ALTA": "2018-06-15", "area": 302.93, "cuenca": "Tormes", "Tipo": "Laguna", "variacion": 224.28651428222656 }, "geometry": { "type": "Point", "coordinates": [ -5.416506743627281, 40.58333316788265 ] } },
{ "type": "Feature", "properties": { "ID": 142392876.0, "NOMBRE": null, "TIPO_0316": "01", "REGIM_0316": "01", "F_ALTA": "2018-06-15", "area": 66.984, "cuenca": "Tormes", "Tipo": "Laguna", "variacion": 223.57449340820312 }, "geometry": { "type": "Point", "coordinates": [ -5.414567557604168, 40.590118076848071 ] } },
{ "type": "Feature", "properties": { "ID": 142392862.0, "NOMBRE": null, "TIPO_0316": "01", "REGIM_0316": "01", "F_ALTA": "2018-06-15", "area": 218.95, "cuenca": "Tormes", "Tipo": "Laguna", "variacion": 224.15303039550781 }, "geometry": { "type": "Point", "coordinates": [ -5.413104412807434, 40.586388561373063 ] } },
{ "type": "Feature", "properties": { "ID": 142392762.0, "NOMBRE": null, "TIPO_0316": "01", "REGIM_0316": "01", "F_ALTA": "2018-06-15", "area": 52.488, "cuenca": "Tormes", "Tipo": "Laguna", "variacion": 222.44869995117188 }, "geometry": { "type": "Point", "coordinates": [ -5.404702259875547, 40.601786408748247 ] } },
{ "type": "Feature", "properties": { "ID": 142392753.0, "NOMBRE": null, "TIPO_0316": "01", "REGIM_0316": "01", "F_ALTA": "2018-06-15", "area": 128.972, "cuenca": "Tormes", "Tipo": "Laguna", "variacion": 223.00035095214844 }, "geometry": { "type": "Point", "coordinates": [ -5.402526513155553, 40.598943649122333 ] } },
{ "type": "Feature", "properties": { "ID": 142386090.0, "NOMBRE": null, "TIPO_0316": "01", "REGIM_0316": "01", "F_ALTA": "2022-08-25", "area": 523.084, "cuenca": "Tormes", "Tipo": "Laguna", "variacion": 217.71049499511719 }, "geometry": { "type": "Point", "coordinates": [ -5.515049511943432, 40.577734056429215 ] } },
{ "type": "Feature", "properties": { "ID": 142386081.0, "NOMBRE": null, "TIPO_0316": "01", "REGIM_0316": "01", "F_ALTA": "2022-08-25", "area": 359.029, "cuenca": "Tormes", "Tipo": "Laguna", "variacion": 217.74203491210938 }, "geometry": { "type": "Point", "coordinates": [ -5.514365333541765, 40.574561455830775 ] } },
{ "type": "Feature", "properties": { "ID": 142386073.0, "NOMBRE": null, "TIPO_0316": "01", "REGIM_0316": "01", "F_ALTA": "2022-08-25", "area": 739.963, "cuenca": "Tormes", "Tipo": "Laguna", "variacion": 217.98554992675781 }, "geometry": { "type": "Point", "coordinates": [ -5.509545181874439, 40.570723253717588 ] } },
{ "type": "Feature", "properties": { "ID": 142386091.0, "NOMBRE": null, "TIPO_0316": "01", "REGIM_0316": "01", "F_ALTA": "2018-06-14", "area": 205.437, "cuenca": "Tormes", "Tipo": "Laguna", "variacion": 218.17039489746094 }, "geometry": { "type": "Point", "coordinates": [ -5.507135181908884, 40.578744431046239 ] } },
{ "type": "Feature", "properties": { "ID": 142386093.0, "NOMBRE": null, "TIPO_0316": "01", "REGIM_0316": "01", "F_ALTA": "2018-06-14", "area": 148.955, "cuenca": "Tormes", "Tipo": "Laguna", "variacion": 218.93614196777344 }, "geometry": { "type": "Point", "coordinates": [ -5.49401929583592, 40.581250290613568 ] } },
{ "type": "Feature", "properties": { "ID": 142386072.0, "NOMBRE": null, "TIPO_0316": "01", "REGIM_0316": "01", "F_ALTA": "2018-06-14", "area": 98.471, "cuenca": "Tormes", "Tipo": "Laguna", "variacion": 219.36062622070312 }, "geometry": { "type": "Point", "coordinates": [ -5.489547306789466, 40.571439658230581 ] } },
{ "type": "Feature", "properties": { "ID": 142386089.0, "NOMBRE": null, "TIPO_0316": "01", "REGIM_0316": "01", "F_ALTA": "2018-06-14", "area": 73.478, "cuenca": "Tormes", "Tipo": "Laguna", "variacion": 219.22517395019531 }, "geometry": { "type": "Point", "coordinates": [ -5.489960268410671, 40.579882500903494 ] } },
{ "type": "Feature", "properties": { "ID": 142386065.0, "NOMBRE": null, "TIPO_0316": "01", "REGIM_0316": "01", "F_ALTA": "2018-06-14", "area": 105.969, "cuenca": "Tormes", "Tipo": "Laguna", "variacion": 220.23367309570312 }, "geometry": { "type": "Point", "coordinates": [ -5.478271014748066, 40.570243886266304 ] } },
{ "type": "Feature", "properties": { "ID": 142386064.0, "NOMBRE": null, "TIPO_0316": "01", "REGIM_0316": "01", "F_ALTA": "2018-06-14", "area": 78.477, "cuenca": "Tormes", "Tipo": "Laguna", "variacion": 220.37948608398438 }, "geometry": { "type": "Point", "coordinates": [ -5.476243406057328, 40.570452410987869 ] } },
{ "type": "Feature", "properties": { "ID": 142386063.0, "NOMBRE": null, "TIPO_0316": "01", "REGIM_0316": "01", "F_ALTA": "2018-06-14", "area": 292.92, "cuenca": "Tormes", "Tipo": "Laguna", "variacion": 221.24041748046875 }, "geometry": { "type": "Point", "coordinates": [ -5.465408013927468, 40.571168773400181 ] } },
{ "type": "Feature", "properties": { "ID": 142386061.0, "NOMBRE": null, "TIPO_0316": "01", "REGIM_0316": "01", "F_ALTA": "2018-06-14", "area": 109.469, "cuenca": "Tormes", "Tipo": "Laguna", "variacion": 220.36483764648438 }, "geometry": { "type": "Point", "coordinates": [ -5.4768067646695, 40.569056828320925 ] } },
{ "type": "Feature", "properties": { "ID": 142386058.0, "NOMBRE": null, "TIPO_0316": "01", "REGIM_0316": "01", "F_ALTA": "2018-06-14", "area": 310.911, "cuenca": "Tormes", "Tipo": "Laguna", "variacion": 220.08905029296875 }, "geometry": { "type": "Point", "coordinates": [ -5.480312396464881, 40.568289447863343 ] } },
{ "type": "Feature", "properties": { "ID": 142386057.0, "NOMBRE": null, "TIPO_0316": "01", "REGIM_0316": "01", "F_ALTA": "2018-06-14", "area": 50.986, "cuenca": "Tormes", "Tipo": "Laguna", "variacion": 222.2174072265625 }, "geometry": { "type": "Point", "coordinates": [ -5.454051537431106, 40.570794090544808 ] } },
{ "type": "Feature", "properties": { "ID": 142386056.0, "NOMBRE": null, "TIPO_0316": "01", "REGIM_0316": "01", "F_ALTA": "2018-06-14", "area": 231.439, "cuenca": "Tormes", "Tipo": "Laguna", "variacion": 222.24565124511719 }, "geometry": { "type": "Point", "coordinates": [ -5.453822105128531, 40.570489850086481 ] } },
{ "type": "Feature", "properties": { "ID": 142386055.0, "NOMBRE": null, "TIPO_0316": "01", "REGIM_0316": "01", "F_ALTA": "2022-08-25", "area": 873.436, "cuenca": "Tormes", "Tipo": "Laguna", "variacion": 217.39112854003906 }, "geometry": { "type": "Point", "coordinates": [ -5.516056588844158, 40.563206950995145 ] } },
{ "type": "Feature", "properties": { "ID": 142386053.0, "NOMBRE": null, "TIPO_0316": "01", "REGIM_0316": "01", "F_ALTA": "2018-06-14", "area": 129.965, "cuenca": "Tormes", "Tipo": "Laguna", "variacion": 221.93629455566406 }, "geometry": { "type": "Point", "coordinates": [ -5.457993862466854, 40.569081655117955 ] } },
{ "type": "Feature", "properties": { "ID": 142386050.0, "NOMBRE": null, "TIPO_0316": "01", "REGIM_0316": "01", "F_ALTA": "2022-08-25", "area": 761.411, "cuenca": "Tormes", "Tipo": "Laguna", "variacion": 217.70274353027344 }, "geometry": { "type": "Point", "coordinates": [ -5.51078925848963, 40.5622147017394 ] } },
{ "type": "Feature", "properties": { "ID": 142385988.0, "NOMBRE": null, "TIPO_0316": "01", "REGIM_0316": "01", "F_ALTA": "2022-08-25", "area": 552.24, "cuenca": "Tormes", "Tipo": "Laguna", "variacion": 218.60972595214844 }, "geometry": { "type": "Point", "coordinates": [ -5.497650615129581, 40.560478135005894 ] } },
{ "type": "Feature", "properties": { "ID": 142385987.0, "NOMBRE": null, "TIPO_0316": "01", "REGIM_0316": "01", "F_ALTA": "2022-08-25", "area": 44.837, "cuenca": "Tormes", "Tipo": "Laguna", "variacion": 222.66194152832031 }, "geometry": { "type": "Point", "coordinates": [ -5.451288262054461, 40.565595891623552 ] } },
{ "type": "Feature", "properties": { "ID": 142385985.0, "NOMBRE": null, "TIPO_0316": "01", "REGIM_0316": "01", "F_ALTA": "2022-08-25", "area": 146.52, "cuenca": "Tormes", "Tipo": "Laguna", "variacion": 221.66978454589844 }, "geometry": { "type": "Point", "coordinates": [ -5.46244044169774, 40.564045353864017 ] } },
{ "type": "Feature", "properties": { "ID": 142385976.0, "NOMBRE": null, "TIPO_0316": "01", "REGIM_0316": "01", "F_ALTA": "2022-08-25", "area": 414.089, "cuenca": "Tormes", "Tipo": "Laguna", "variacion": 217.61871337890625 }, "geometry": { "type": "Point", "coordinates": [ -5.507938696176355, 40.555408836699591 ] } },
{ "type": "Feature", "properties": { "ID": 142385975.0, "NOMBRE": null, "TIPO_0316": "01", "REGIM_0316": "01", "F_ALTA": "2022-08-25", "area": 1103.811, "cuenca": "Tormes", "Tipo": "Laguna", "variacion": 216.88430786132812 }, "geometry": { "type": "Point", "coordinates": [ -5.516112551662462, 40.553063109131323 ] } },
{ "type": "Feature", "properties": { "ID": 142385972.0, "NOMBRE": null, "TIPO_0316": "01", "REGIM_0316": "01", "F_ALTA": "2022-08-25", "area": 173.533, "cuenca": "Tormes", "Tipo": "Laguna", "variacion": 216.912353515625 }, "geometry": { "type": "Point", "coordinates": [ -5.514565864217317, 40.551719025467989 ] } },
{ "type": "Feature", "properties": { "ID": 142376014.0, "NOMBRE": null, "TIPO_0316": "01", "REGIM_0316": "02", "F_ALTA": "2018-06-14", "area": 1296.611, "cuenca": "Tormes", "Tipo": "Laguna", "variacion": 322.01919555664062 }, "geometry": { "type": "Point", "coordinates": [ -5.226417183113004, 40.416799399603136 ] } },
{ "type": "Feature", "properties": { "ID": 146198047.0, "NOMBRE": null, "TIPO_0316": "01", "REGIM_0316": "01", "F_ALTA": "2018-09-18", "area": 678.021, "cuenca": "Alberche", "Tipo": "Laguna", "variacion": 357.68658447265625 }, "geometry": { "type": "Point", "coordinates": [ -5.08257526643439, 40.441340215004516 ] } },
{ "type": "Feature", "properties": { "ID": 146198046.0, "NOMBRE": null, "TIPO_0316": "01", "REGIM_0316": "01", "F_ALTA": "2018-09-18", "area": 869.537, "cuenca": "Alberche", "Tipo": "Laguna", "variacion": 358.32467651367188 }, "geometry": { "type": "Point", "coordinates": [ -5.067250987403467, 40.442814610136431 ] } },
{ "type": "Feature", "properties": { "ID": 142361471.0, "NOMBRE": "Laguna de Santiago", "TIPO_0316": "01", "REGIM_0316": "01", "F_ALTA": "2021-05-25", "area": 2230.546, "cuenca": "Tormes", "Tipo": "Laguna", "variacion": 233.43550109863281 }, "geometry": { "type": "Point", "coordinates": [ -5.380212914857759, 40.4487432816614 ] } },
{ "type": "Feature", "properties": { "ID": 146198048.0, "NOMBRE": null, "TIPO_0316": "01", "REGIM_0316": "01", "F_ALTA": "2018-09-18", "area": 1489.098, "cuenca": "Alberche", "Tipo": "Laguna", "variacion": 309.66497802734375 }, "geometry": { "type": "Point", "coordinates": [ -5.04065657982258, 40.459621257881807 ] } },
{ "type": "Feature", "properties": { "ID": 142376015.0, "NOMBRE": null, "TIPO_0316": "01", "REGIM_0316": "02", "F_ALTA": "2018-06-14", "area": 266.461, "cuenca": "Tormes", "Tipo": "Laguna", "variacion": 260.58538818359375 }, "geometry": { "type": "Point", "coordinates": [ -5.311905391659986, 40.464995608458651 ] } },
{ "type": "Feature", "properties": { "ID": 142392904.0, "NOMBRE": null, "TIPO_0316": "01", "REGIM_0316": "01", "F_ALTA": "2018-06-15", "area": 153.968, "cuenca": "Tormes", "Tipo": "Laguna", "variacion": 234.62277221679688 }, "geometry": { "type": "Point", "coordinates": [ -5.381278300539258, 40.470284070800609 ] } },
{ "type": "Feature", "properties": { "ID": 142392905.0, "NOMBRE": null, "TIPO_0316": "01", "REGIM_0316": "01", "F_ALTA": "2018-06-15", "area": 131.975, "cuenca": "Tormes", "Tipo": "Laguna", "variacion": 238.58151245117188 }, "geometry": { "type": "Point", "coordinates": [ -5.370220812831557, 40.484425972051646 ] } },
{ "type": "Feature", "properties": { "ID": 142392906.0, "NOMBRE": null, "TIPO_0316": "01", "REGIM_0316": "01", "F_ALTA": "2018-06-15", "area": 130.974, "cuenca": "Tormes", "Tipo": "Laguna", "variacion": 238.48388671875 }, "geometry": { "type": "Point", "coordinates": [ -5.370526491021667, 40.485229702980099 ] } },
{ "type": "Feature", "properties": { "ID": 142392907.0, "NOMBRE": null, "TIPO_0316": "01", "REGIM_0316": "01", "F_ALTA": "2018-06-15", "area": 92.982, "cuenca": "Tormes", "Tipo": "Laguna", "variacion": 237.17906188964844 }, "geometry": { "type": "Point", "coordinates": [ -5.374941162474397, 40.486067886515315 ] } },
{ "type": "Feature", "properties": { "ID": 142392908.0, "NOMBRE": null, "TIPO_0316": "01", "REGIM_0316": "01", "F_ALTA": "2018-06-15", "area": 337.937, "cuenca": "Tormes", "Tipo": "Laguna", "variacion": 240.8045654296875 }, "geometry": { "type": "Point", "coordinates": [ -5.361927775935598, 40.491437025845023 ] } },
{ "type": "Feature", "properties": { "ID": 142392910.0, "NOMBRE": null, "TIPO_0316": "01", "REGIM_0316": "01", "F_ALTA": "2018-06-15", "area": 133.475, "cuenca": "Tormes", "Tipo": "Laguna", "variacion": 240.55146789550781 }, "geometry": { "type": "Point", "coordinates": [ -5.362244694202629, 40.494021643721823 ] } },
{ "type": "Feature", "properties": { "ID": 142392911.0, "NOMBRE": null, "TIPO_0316": "01", "REGIM_0316": "01", "F_ALTA": "2018-06-15", "area": 1103.294, "cuenca": "Tormes", "Tipo": "Laguna", "variacion": 240.85734558105469 }, "geometry": { "type": "Point", "coordinates": [ -5.360911691021609, 40.494088299031432 ] } },
{ "type": "Feature", "properties": { "ID": 142392909.0, "NOMBRE": null, "TIPO_0316": "01", "REGIM_0316": "01", "F_ALTA": "2018-06-15", "area": 118.478, "cuenca": "Tormes", "Tipo": "Laguna", "variacion": 241.43136596679688 }, "geometry": { "type": "Point", "coordinates": [ -5.358920473352581, 40.494212421705456 ] } },
{ "type": "Feature", "properties": { "ID": 142392912.0, "NOMBRE": null, "TIPO_0316": "01", "REGIM_0316": "01", "F_ALTA": "2018-06-15", "area": 135.973, "cuenca": "Tormes", "Tipo": "Laguna", "variacion": 238.20654296875 }, "geometry": { "type": "Point", "coordinates": [ -5.370644601918916, 40.494323239320011 ] } },
{ "type": "Feature", "properties": { "ID": 142392914.0, "NOMBRE": null, "TIPO_0316": "01", "REGIM_0316": "01", "F_ALTA": "2018-06-15", "area": 1969.132, "cuenca": "Tormes", "Tipo": "Laguna", "variacion": 240.35313415527344 }, "geometry": { "type": "Point", "coordinates": [ -5.362211022275293, 40.496489303099466 ] } },
{ "type": "Feature", "properties": { "ID": 142392913.0, "NOMBRE": null, "TIPO_0316": "01", "REGIM_0316": "01", "F_ALTA": "2018-06-15", "area": 127.976, "cuenca": "Tormes", "Tipo": "Laguna", "variacion": 241.24775695800781 }, "geometry": { "type": "Point", "coordinates": [ -5.358768766306921, 40.496806275550306 ] } },
{ "type": "Feature", "properties": { "ID": 142392915.0, "NOMBRE": null, "TIPO_0316": "01", "REGIM_0316": "01", "F_ALTA": "2018-06-15", "area": 3449.364, "cuenca": "Tormes", "Tipo": "Laguna", "variacion": 240.64424133300781 }, "geometry": { "type": "Point", "coordinates": [ -5.360544952911404, 40.498153675566954 ] } },
{ "type": "Feature", "properties": { "ID": 142376021.0, "NOMBRE": null, "TIPO_0316": "01", "REGIM_0316": "02", "F_ALTA": "2018-06-14", "area": 357.436, "cuenca": "Tormes", "Tipo": "Laguna", "variacion": 243.57878112792969 }, "geometry": { "type": "Point", "coordinates": [ -5.349110421375154, 40.498280318339418 ] } },
{ "type": "Feature", "properties": { "ID": 142392916.0, "NOMBRE": null, "TIPO_0316": "01", "REGIM_0316": "01", "F_ALTA": "2018-06-15", "area": 176.466, "cuenca": "Tormes", "Tipo": "Laguna", "variacion": 238.67192077636719 }, "geometry": { "type": "Point", "coordinates": [ -5.368235773016542, 40.498402026154722 ] } },
{ "type": "Feature", "properties": { "ID": 142376022.0, "NOMBRE": null, "TIPO_0316": "01", "REGIM_0316": "02", "F_ALTA": "2018-06-14", "area": 323.943, "cuenca": "Tormes", "Tipo": "Laguna", "variacion": 243.79084777832031 }, "geometry": { "type": "Point", "coordinates": [ -5.348063859379902, 40.498495109021569 ] } },
{ "type": "Feature", "properties": { "ID": 142376020.0, "NOMBRE": null, "TIPO_0316": "01", "REGIM_0316": "02", "F_ALTA": "2018-06-14", "area": 206.966, "cuenca": "Tormes", "Tipo": "Laguna", "variacion": 247.18232727050781 }, "geometry": { "type": "Point", "coordinates": [ -5.33364459043602, 40.499793429186802 ] } },
{ "type": "Feature", "properties": { "ID": 142376023.0, "NOMBRE": null, "TIPO_0316": "01", "REGIM_0316": "02", "F_ALTA": "2018-06-14", "area": 1898.583, "cuenca": "Tormes", "Tipo": "Laguna", "variacion": 230.39759826660156 }, "geometry": { "type": "Point", "coordinates": [ -5.400833570047686, 40.501883665179015 ] } },
{ "type": "Feature", "properties": { "ID": 142392917.0, "NOMBRE": null, "TIPO_0316": "01", "REGIM_0316": "01", "F_ALTA": "2018-06-15", "area": 487.417, "cuenca": "Tormes", "Tipo": "Laguna", "variacion": 244.64010620117188 }, "geometry": { "type": "Point", "coordinates": [ -5.341495130492113, 40.50396602655028 ] } },
{ "type": "Feature", "properties": { "ID": 142392918.0, "NOMBRE": null, "TIPO_0316": "01", "REGIM_0316": "01", "F_ALTA": "2018-06-15", "area": 99.483, "cuenca": "Tormes", "Tipo": "Laguna", "variacion": 238.16729736328125 }, "geometry": { "type": "Point", "coordinates": [ -5.348146106257286, 40.535405656624441 ] } },
{ "type": "Feature", "properties": { "ID": 142376024.0, "NOMBRE": null, "TIPO_0316": "01", "REGIM_0316": "02", "F_ALTA": "2018-06-14", "area": 162.463, "cuenca": "Tormes", "Tipo": "Laguna", "variacion": 227.79924011230469 }, "geometry": { "type": "Point", "coordinates": [ -5.408649273788471, 40.5547492656939 ] } },
{ "type": "Feature", "properties": { "ID": 142392920.0, "NOMBRE": null, "TIPO_0316": "01", "REGIM_0316": "01", "F_ALTA": "2022-08-25", "area": 213.018, "cuenca": "Tormes", "Tipo": "Laguna", "variacion": 233.54220581054688 }, "geometry": { "type": "Point", "coordinates": [ -5.337363209852597, 40.56415381276932 ] } },
{ "type": "Feature", "properties": { "ID": 142392921.0, "NOMBRE": null, "TIPO_0316": "01", "REGIM_0316": "01", "F_ALTA": "2018-06-15", "area": 156.473, "cuenca": "Tormes", "Tipo": "Laguna", "variacion": 233.10702514648438 }, "geometry": { "type": "Point", "coordinates": [ -5.341549450827705, 40.564732617104518 ] } },
{ "type": "Feature", "properties": { "ID": 142385981.0, "NOMBRE": null, "TIPO_0316": "01", "REGIM_0316": "01", "F_ALTA": "2022-08-25", "area": 38.328, "cuenca": "Tormes", "Tipo": "Laguna", "variacion": 223.3143310546875 }, "geometry": { "type": "Point", "coordinates": [ -5.444471927736175, 40.56552168697668 ] } },
{ "type": "Feature", "properties": { "ID": 142392922.0, "NOMBRE": null, "TIPO_0316": "01", "REGIM_0316": "01", "F_ALTA": "2018-06-15", "area": 489.417, "cuenca": "Tormes", "Tipo": "Laguna", "variacion": 232.800048828125 }, "geometry": { "type": "Point", "coordinates": [ -5.342058562657031, 40.566067663124954 ] } },
{ "type": "Feature", "properties": { "ID": 142385986.0, "NOMBRE": null, "TIPO_0316": "01", "REGIM_0316": "01", "F_ALTA": "2018-06-14", "area": 75.481, "cuenca": "Tormes", "Tipo": "Laguna", "variacion": 224.36436462402344 }, "geometry": { "type": "Point", "coordinates": [ -5.432589764765451, 40.56747952159084 ] } },
{ "type": "Feature", "properties": { "ID": 142385984.0, "NOMBRE": null, "TIPO_0316": "01", "REGIM_0316": "01", "F_ALTA": "2022-08-25", "area": 64.659, "cuenca": "Tormes", "Tipo": "Laguna", "variacion": 224.81959533691406 }, "geometry": { "type": "Point", "coordinates": [ -5.427650750439803, 40.56768443855362 ] } },
{ "type": "Feature", "properties": { "ID": 142392925.0, "NOMBRE": null, "TIPO_0316": "01", "REGIM_0316": "02", "F_ALTA": "2022-08-25", "area": 330.985, "cuenca": "Tormes", "Tipo": "Laguna", "variacion": 230.84906005859375 }, "geometry": { "type": "Point", "coordinates": [ -5.362181497179907, 40.567904779565495 ] } },
{ "type": "Feature", "properties": { "ID": 146196811.0, "NOMBRE": "Laguna Cañada del Gallo", "TIPO_0316": "01", "REGIM_0316": "01", "F_ALTA": "2021-05-25", "area": 9010.951, "cuenca": "Tormes", "Tipo": "Laguna", "variacion": 348.611572265625 }, "geometry": { "type": "Point", "coordinates": [ -5.209675636575311, 40.397614736220184 ] } },
{ "type": "Feature", "properties": { "ID": 142375988.0, "NOMBRE": null, "TIPO_0316": "01", "REGIM_0316": "02", "F_ALTA": "2018-06-14", "area": 509.672, "cuenca": "Tormes", "Tipo": "Laguna", "variacion": 370.96795654296875 }, "geometry": { "type": "Point", "coordinates": [ -5.189447342180528, 40.392902654924399 ] } },
{ "type": "Feature", "properties": { "ID": 142392903.0, "NOMBRE": null, "TIPO_0316": "01", "REGIM_0316": "01", "F_ALTA": "2018-06-15", "area": 946.617, "cuenca": "Tormes", "Tipo": "Laguna", "variacion": 284.4677734375 }, "geometry": { "type": "Point", "coordinates": [ -5.30255794702932, 40.376417529238466 ] } },
{ "type": "Feature", "properties": { "ID": 232014085.0, "NOMBRE": null, "TIPO_0316": "01", "REGIM_0316": "01", "F_ALTA": "2022-08-25", "area": 112.918, "cuenca": "Alberche", "Tipo": "Laguna", "variacion": 521.3612060546875 }, "geometry": { "type": "Point", "coordinates": [ -5.081699813685353, 40.387578774180319 ] } },
{ "type": "Feature", "properties": { "ID": 142392888.0, "NOMBRE": null, "TIPO_0316": "01", "REGIM_0316": "01", "F_ALTA": "2018-06-15", "area": 906.461, "cuenca": "Tormes", "Tipo": "Laguna", "variacion": 404.19827270507812 }, "geometry": { "type": "Point", "coordinates": [ -5.179606199087654, 40.365877089316882 ] } },
{ "type": "Feature", "properties": { "ID": 146198045.0, "NOMBRE": null, "TIPO_0316": "01", "REGIM_0316": "01", "F_ALTA": "2022-08-25", "area": 727.53, "cuenca": "Alberche", "Tipo": "Laguna", "variacion": 662.87054443359375 }, "geometry": { "type": "Point", "coordinates": [ -5.003079865531087, 40.346406600528105 ] } },
{ "type": "Feature", "properties": { "ID": 142375987.0, "NOMBRE": null, "TIPO_0316": "01", "REGIM_0316": "02", "F_ALTA": "2018-06-14", "area": 396.923, "cuenca": "Tormes", "Tipo": "Laguna", "variacion": 413.67007446289062 }, "geometry": { "type": "Point", "coordinates": [ -5.182272465799397, 40.322360108084304 ] } },
{ "type": "Feature", "properties": { "ID": 146198043.0, "NOMBRE": null, "TIPO_0316": "01", "REGIM_0316": "01", "F_ALTA": "2018-09-18", "area": 476.509, "cuenca": "Alberche", "Tipo": "Laguna", "variacion": 660.435791015625 }, "geometry": { "type": "Point", "coordinates": [ -5.013518335511614, 40.326077420026841 ] } },
{ "type": "Feature", "properties": { "ID": 142361472.0, "NOMBRE": "Laguna del Cervunal", "TIPO_0316": "01", "REGIM_0316": "01", "F_ALTA": "2021-05-25", "area": 5939.514, "cuenca": "Tormes", "Tipo": "Laguna", "variacion": 309.0274658203125 }, "geometry": { "type": "Point", "coordinates": [ -5.289610838428584, 40.29297068979308 ] } },
{ "type": "Feature", "properties": { "ID": 146198042.0, "NOMBRE": null, "TIPO_0316": "01", "REGIM_0316": "01", "F_ALTA": "2018-09-18", "area": 578.476, "cuenca": "Tietar", "Tipo": "Laguna", "variacion": 640.1243896484375 }, "geometry": { "type": "Point", "coordinates": [ -5.011403880355894, 40.309468026146348 ] } },
{ "type": "Feature", "properties": { "ID": 142361474.0, "NOMBRE": "Laguna Bajera", "TIPO_0316": "01", "REGIM_0316": "01", "F_ALTA": "2022-11-10", "area": 9741.876, "cuenca": "Tormes", "Tipo": "Laguna", "variacion": 305.50408935546875 }, "geometry": { "type": "Point", "coordinates": [ -5.300309876862269, 40.270661851852381 ] } },
{ "type": "Feature", "properties": { "ID": 142361482.0, "NOMBRE": "Laguna del Cura", "TIPO_0316": "01", "REGIM_0316": "02", "F_ALTA": "2021-05-25", "area": 2620.28, "cuenca": "Tormes", "Tipo": "Laguna", "variacion": 420.31069946289062 }, "geometry": { "type": "Point", "coordinates": [ -5.167352549421023, 40.284765044869907 ] } },
{ "type": "Feature", "properties": { "ID": 142392945.0, "NOMBRE": null, "TIPO_0316": "01", "REGIM_0316": "01", "F_ALTA": "2018-06-15", "area": 184.569, "cuenca": "Tormes", "Tipo": "Laguna", "variacion": 318.86270141601562 }, "geometry": { "type": "Point", "coordinates": [ -5.275286179584599, 40.272863762638906 ] } },
{ "type": "Feature", "properties": { "ID": 142361475.0, "NOMBRE": "Laguna Brincalobitos", "TIPO_0316": "01", "REGIM_0316": "01", "F_ALTA": "2022-11-10", "area": 1097.994, "cuenca": "Tormes", "Tipo": "Laguna", "variacion": 305.54705810546875 }, "geometry": { "type": "Point", "coordinates": [ -5.300346642472006, 40.269624142494678 ] } },
{ "type": "Feature", "properties": { "ID": 142392946.0, "NOMBRE": null, "TIPO_0316": "01", "REGIM_0316": "01", "F_ALTA": "2018-06-15", "area": 67.006, "cuenca": "Tormes", "Tipo": "Laguna", "variacion": 318.86395263671875 }, "geometry": { "type": "Point", "coordinates": [ -5.275306009510143, 40.272504818188175 ] } },
{ "type": "Feature", "properties": { "ID": 142361477.0, "NOMBRE": "Laguna Mediana", "TIPO_0316": "01", "REGIM_0316": "01", "F_ALTA": "2022-11-10", "area": 3324.342, "cuenca": "Tormes", "Tipo": "Laguna", "variacion": 305.2081298828125 }, "geometry": { "type": "Point", "coordinates": [ -5.301545634437272, 40.268018029947385 ] } },
{ "type": "Feature", "properties": { "ID": 142392951.0, "NOMBRE": null, "TIPO_0316": "01", "REGIM_0316": "01", "F_ALTA": "2018-06-15", "area": 502.236, "cuenca": "Tormes", "Tipo": "Laguna", "variacion": 315.442626953125 }, "geometry": { "type": "Point", "coordinates": [ -5.281602351914352, 40.267172822664541 ] } },
{ "type": "Feature", "properties": { "ID": 142392948.0, "NOMBRE": null, "TIPO_0316": "01", "REGIM_0316": "01", "F_ALTA": "2018-06-15", "area": 1915.038, "cuenca": "Tormes", "Tipo": "Laguna", "variacion": 336.47427368164062 }, "geometry": { "type": "Point", "coordinates": [ -5.24657920382757, 40.269509363239045 ] } },
{ "type": "Feature", "properties": { "ID": 142392954.0, "NOMBRE": null, "TIPO_0316": "01", "REGIM_0316": "01", "F_ALTA": "2018-06-15", "area": 689.832, "cuenca": "Tormes", "Tipo": "Laguna", "variacion": 317.197509765625 }, "geometry": { "type": "Point", "coordinates": [ -5.278199308336673, 40.266071054644328 ] } },
{ "type": "Feature", "properties": { "ID": 142392949.0, "NOMBRE": null, "TIPO_0316": "01", "REGIM_0316": "01", "F_ALTA": "2018-06-15", "area": 2111.401, "cuenca": "Tormes", "Tipo": "Laguna", "variacion": 335.61178588867188 }, "geometry": { "type": "Point", "coordinates": [ -5.247535958225665, 40.268232866209381 ] } },
{ "type": "Feature", "properties": { "ID": 142392956.0, "NOMBRE": null, "TIPO_0316": "01", "REGIM_0316": "01", "F_ALTA": "2018-06-15", "area": 2845.753, "cuenca": "Tormes", "Tipo": "Laguna", "variacion": 311.65023803710938 }, "geometry": { "type": "Point", "coordinates": [ -5.289497252216963, 40.26239325577135 ] } },
{ "type": "Feature", "properties": { "ID": 142392957.0, "NOMBRE": null, "TIPO_0316": "01", "REGIM_0316": "01", "F_ALTA": "2018-06-15", "area": 159.211, "cuenca": "Tormes", "Tipo": "Laguna", "variacion": 318.74484252929688 }, "geometry": { "type": "Point", "coordinates": [ -5.274948222088139, 40.261719666678253 ] } },
{ "type": "Feature", "properties": { "ID": 142392958.0, "NOMBRE": null, "TIPO_0316": "01", "REGIM_0316": "01", "F_ALTA": "2018-06-15", "area": 320.104, "cuenca": "Tormes", "Tipo": "Laguna", "variacion": 318.61636352539062 }, "geometry": { "type": "Point", "coordinates": [ -5.275226230079387, 40.261344590356543 ] } },
{ "type": "Feature", "properties": { "ID": 142392959.0, "NOMBRE": null, "TIPO_0316": "01", "REGIM_0316": "01", "F_ALTA": "2018-06-15", "area": 119.758, "cuenca": "Tormes", "Tipo": "Laguna", "variacion": 317.74026489257812 }, "geometry": { "type": "Point", "coordinates": [ -5.276898875155494, 40.258629267595531 ] } },
{ "type": "Feature", "properties": { "ID": 142392960.0, "NOMBRE": null, "TIPO_0316": "01", "REGIM_0316": "01", "F_ALTA": "2018-06-15", "area": 2030.284, "cuenca": "Tormes", "Tipo": "Laguna", "variacion": 317.50616455078125 }, "geometry": { "type": "Point", "coordinates": [ -5.277197106582643, 40.2582637561827 ] } },
{ "type": "Feature", "properties": { "ID": 142392962.0, "NOMBRE": null, "TIPO_0316": "01", "REGIM_0316": "01", "F_ALTA": "2018-06-15", "area": 521.618, "cuenca": "Tormes", "Tipo": "Laguna", "variacion": 317.49319458007812 }, "geometry": { "type": "Point", "coordinates": [ -5.277323478295071, 40.257510853820435 ] } },
{ "type": "Feature", "properties": { "ID": 142392961.0, "NOMBRE": null, "TIPO_0316": "01", "REGIM_0316": "01", "F_ALTA": "2018-06-15", "area": 333.865, "cuenca": "Tormes", "Tipo": "Laguna", "variacion": 319.09637451171875 }, "geometry": { "type": "Point", "coordinates": [ -5.273873822601118, 40.257888801164526 ] } },
{ "type": "Feature", "properties": { "ID": 142392963.0, "NOMBRE": null, "TIPO_0316": "01", "REGIM_0316": "01", "F_ALTA": "2018-06-15", "area": 273.163, "cuenca": "Tormes", "Tipo": "Laguna", "variacion": 318.84637451171875 }, "geometry": { "type": "Point", "coordinates": [ -5.274487996481779, 40.257446056427526 ] } },
{ "type": "Feature", "properties": { "ID": 142392964.0, "NOMBRE": null, "TIPO_0316": "01", "REGIM_0316": "01", "F_ALTA": "2018-06-15", "area": 738.466, "cuenca": "Tormes", "Tipo": "Laguna", "variacion": 317.81784057617188 }, "geometry": { "type": "Point", "coordinates": [ -5.27661770945195, 40.256948197663711 ] } },
{ "type": "Feature", "properties": { "ID": 142392965.0, "NOMBRE": null, "TIPO_0316": "01", "REGIM_0316": "01", "F_ALTA": "2018-06-15", "area": 1871.95, "cuenca": "Tormes", "Tipo": "Laguna", "variacion": 316.86233520507812 }, "geometry": { "type": "Point", "coordinates": [ -5.278338258550543, 40.252904080692844 ] } },
{ "type": "Feature", "properties": { "ID": 142392966.0, "NOMBRE": null, "TIPO_0316": "01", "REGIM_0316": "01", "F_ALTA": "2018-06-15", "area": 39.595, "cuenca": "Tormes", "Tipo": "Laguna", "variacion": 316.73989868164062 }, "geometry": { "type": "Point", "coordinates": [ -5.278478280458019, 40.252051491989064 ] } },
{ "type": "Feature", "properties": { "ID": 146197802.0, "NOMBRE": "Piscina Natural", "TIPO_0316": "01", "REGIM_0316": "01", "F_ALTA": "2021-05-25", "area": 208.294, "cuenca": "Tietar", "Tipo": "Laguna", "variacion": 518.3636474609375 }, "geometry": { "type": "Point", "coordinates": [ -5.081925385276426, 40.269922554942234 ] } },
{ "type": "Feature", "properties": { "ID": 142392967.0, "NOMBRE": null, "TIPO_0316": "01", "REGIM_0316": "01", "F_ALTA": "2018-06-15", "area": 25.078, "cuenca": "Tormes", "Tipo": "Laguna", "variacion": 315.49212646484375 }, "geometry": { "type": "Point", "coordinates": [ -5.281266819638931, 40.24834844652321 ] } },
{ "type": "Feature", "properties": { "ID": 142392968.0, "NOMBRE": null, "TIPO_0316": "01", "REGIM_0316": "01", "F_ALTA": "2018-06-15", "area": 67.078, "cuenca": "Tormes", "Tipo": "Laguna", "variacion": 315.2996826171875 }, "geometry": { "type": "Point", "coordinates": [ -5.281561251720838, 40.248184206767618 ] } },
{ "type": "Feature", "properties": { "ID": 146209519.0, "NOMBRE": null, "TIPO_0316": "01", "REGIM_0316": "02", "F_ALTA": "2018-09-18", "area": 185.74, "cuenca": "Tietar", "Tipo": "Laguna", "variacion": 521.556396484375 }, "geometry": { "type": "Point", "coordinates": [ -4.99950133598555, 40.250436848489194 ] } },
{ "type": "Feature", "properties": { "ID": 146209420.0, "NOMBRE": null, "TIPO_0316": "01", "REGIM_0316": "02", "F_ALTA": "2018-09-18", "area": 308.194, "cuenca": "Tietar", "Tipo": "Laguna", "variacion": 489.66891479492188 }, "geometry": { "type": "Point", "coordinates": [ -5.048915207953528, 40.238783416570207 ] } },
{ "type": "Feature", "properties": { "ID": 146197803.0, "NOMBRE": null, "TIPO_0316": "01", "REGIM_0316": "01", "F_ALTA": "2022-08-25", "area": 3085.155, "cuenca": "Tietar", "Tipo": "Laguna", "variacion": 404.30282592773438 }, "geometry": { "type": "Point", "coordinates": [ -5.080945536440074, 40.190899505841649 ] } },
{ "type": "Feature", "properties": { "ID": 142361123.0, "NOMBRE": "Laguna de la Nava", "TIPO_0316": "01", "REGIM_0316": "01", "F_ALTA": "2021-05-25", "area": 47021.288, "cuenca": "Tormes", "Tipo": "Laguna", "variacion": 223.5296630859375 }, "geometry": { "type": "Point", "coordinates": [ -5.574199594397948, 40.229154841355808 ] } },
{ "type": "Feature", "properties": { "ID": 142385871.0, "NOMBRE": null, "TIPO_0316": "01", "REGIM_0316": "01", "F_ALTA": "2018-06-14", "area": 469.476, "cuenca": "Tormes", "Tipo": "Laguna", "variacion": 175.32992553710938 }, "geometry": { "type": "Point", "coordinates": [ -5.583495790550987, 40.354560344274198 ] } },
{ "type": "Feature", "properties": { "ID": 142360752.0, "NOMBRE": "Charca Matarredonda", "TIPO_0316": "01", "REGIM_0316": "01", "F_ALTA": "2021-05-25", "area": 13617.018, "cuenca": "Tormes", "Tipo": "Laguna", "variacion": 173.92391967773438 }, "geometry": { "type": "Point", "coordinates": [ -5.575681162405754, 40.347201244008055 ] } },
{ "type": "Feature", "properties": { "ID": 142374529.0, "NOMBRE": null, "TIPO_0316": "01", "REGIM_0316": "02", "F_ALTA": "2018-06-14", "area": 12482.225, "cuenca": "Tormes", "Tipo": "Laguna", "variacion": 231.68891906738281 }, "geometry": { "type": "Point", "coordinates": [ -5.561310218582322, 40.216660271062196 ] } },
{ "type": "Feature", "properties": { "ID": 142368078.0, "NOMBRE": null, "TIPO_0316": "01", "REGIM_0316": "02", "F_ALTA": "2018-06-14", "area": 2439.236, "cuenca": "Tormes", "Tipo": "Laguna", "variacion": 172.86482238769531 }, "geometry": { "type": "Point", "coordinates": [ -5.57008813646984, 40.345143325946069 ] } },
{ "type": "Feature", "properties": { "ID": 142360754.0, "NOMBRE": "Charca Acayano", "TIPO_0316": "01", "REGIM_0316": "01", "F_ALTA": "2021-05-25", "area": 8053.102, "cuenca": "Tormes", "Tipo": "Laguna", "variacion": 171.63520812988281 }, "geometry": { "type": "Point", "coordinates": [ -5.566552963483565, 40.356045605867145 ] } },
{ "type": "Feature", "properties": { "ID": 142368075.0, "NOMBRE": null, "TIPO_0316": "01", "REGIM_0316": "02", "F_ALTA": "2018-06-14", "area": 583.808, "cuenca": "Tormes", "Tipo": "Laguna", "variacion": 172.6407470703125 }, "geometry": { "type": "Point", "coordinates": [ -5.535933118671227, 40.32182709435007 ] } },
{ "type": "Feature", "properties": { "ID": 142368077.0, "NOMBRE": null, "TIPO_0316": "01", "REGIM_0316": "02", "F_ALTA": "2018-06-14", "area": 140.872, "cuenca": "Tormes", "Tipo": "Laguna", "variacion": 166.39669799804688 }, "geometry": { "type": "Point", "coordinates": [ -5.517791455142374, 40.349234903137905 ] } },
{ "type": "Feature", "properties": { "ID": 142385870.0, "NOMBRE": null, "TIPO_0316": "01", "REGIM_0316": "01", "F_ALTA": "2018-06-14", "area": 1269.173, "cuenca": "Tormes", "Tipo": "Laguna", "variacion": 166.95928955078125 }, "geometry": { "type": "Point", "coordinates": [ -5.516837285394889, 40.343528781139774 ] } },
{ "type": "Feature", "properties": { "ID": 142385872.0, "NOMBRE": null, "TIPO_0316": "01", "REGIM_0316": "01", "F_ALTA": "2018-06-14", "area": 715.94, "cuenca": "Tormes", "Tipo": "Laguna", "variacion": 166.78778076171875 }, "geometry": { "type": "Point", "coordinates": [ -5.517453953334267, 40.366022035931103 ] } },
{ "type": "Feature", "properties": { "ID": 142385867.0, "NOMBRE": null, "TIPO_0316": "01", "REGIM_0316": "01", "F_ALTA": "2018-06-14", "area": 583.272, "cuenca": "Tormes", "Tipo": "Laguna", "variacion": 171.40617370605469 }, "geometry": { "type": "Point", "coordinates": [ -5.489786000017625, 40.335879180815709 ] } },
{ "type": "Feature", "properties": { "ID": 142392900.0, "NOMBRE": null, "TIPO_0316": "01", "REGIM_0316": "01", "F_ALTA": "2018-06-15", "area": 330.81, "cuenca": "Tormes", "Tipo": "Laguna", "variacion": 209.77642822265625 }, "geometry": { "type": "Point", "coordinates": [ -5.407073485344357, 40.35172684396661 ] } },
{ "type": "Feature", "properties": { "ID": 142392901.0, "NOMBRE": null, "TIPO_0316": "01", "REGIM_0316": "01", "F_ALTA": "2018-06-15", "area": 755.382, "cuenca": "Tormes", "Tipo": "Laguna", "variacion": 216.45274353027344 }, "geometry": { "type": "Point", "coordinates": [ -5.396524149968941, 40.359365359132894 ] } },
{ "type": "Feature", "properties": { "ID": 142392902.0, "NOMBRE": null, "TIPO_0316": "01", "REGIM_0316": "01", "F_ALTA": "2018-06-15", "area": 552.087, "cuenca": "Tormes", "Tipo": "Laguna", "variacion": 217.111328125 }, "geometry": { "type": "Point", "coordinates": [ -5.395580593331353, 40.359508505215622 ] } },
{ "type": "Feature", "properties": { "ID": 146197801.0, "NOMBRE": null, "TIPO_0316": "01", "REGIM_0316": "01", "F_ALTA": "2018-09-18", "area": 2803.718, "cuenca": "Tietar", "Tipo": "Laguna", "variacion": 407.63275146484375 }, "geometry": { "type": "Point", "coordinates": [ -5.03675203059215, 40.178884663689267 ] } },
{ "type": "Feature", "properties": { "ID": 146209419.0, "NOMBRE": null, "TIPO_0316": "01", "REGIM_0316": "02", "F_ALTA": "2018-09-18", "area": 347.236, "cuenca": "Tietar", "Tipo": "Laguna", "variacion": 393.79632568359375 }, "geometry": { "type": "Point", "coordinates": [ -5.031491196506355, 40.16423012423914 ] } },
{ "type": "Feature", "properties": { "ID": 146209434.0, "NOMBRE": null, "TIPO_0316": "01", "REGIM_0316": "02", "F_ALTA": "2018-09-18", "area": 496.86, "cuenca": "Tietar", "Tipo": "Laguna", "variacion": 371.57476806640625 }, "geometry": { "type": "Point", "coordinates": [ -5.007860579089888, 40.134012251993838 ] } },
{ "type": "Feature", "properties": { "ID": 146196791.0, "NOMBRE": "Charca de las Casas", "TIPO_0316": "01", "REGIM_0316": "01", "F_ALTA": "2021-05-25", "area": 28239.528, "cuenca": "Tietar", "Tipo": "Laguna", "variacion": 383.70339965820312 }, "geometry": { "type": "Point", "coordinates": [ -5.005204718907412, 40.149993310717129 ] } },
{ "type": "Feature", "properties": { "ID": 146196790.0, "NOMBRE": "Charca de las Majadas", "TIPO_0316": "01", "REGIM_0316": "01", "F_ALTA": "2021-05-25", "area": 14160.44, "cuenca": "Tietar", "Tipo": "Laguna", "variacion": 373.96139526367188 }, "geometry": { "type": "Point", "coordinates": [ -5.002092900834334, 40.137104210876522 ] } },
{ "type": "Feature", "properties": { "ID": 146209418.0, "NOMBRE": null, "TIPO_0316": "01", "REGIM_0316": "02", "F_ALTA": "2018-09-18", "area": 3483.98, "cuenca": "Tietar", "Tipo": "Laguna", "variacion": 404.83212280273438 }, "geometry": { "type": "Point", "coordinates": [ -5.002307026463863, 40.172764037082274 ] } },
{ "type": "Feature", "properties": { "ID": 146197867.0, "NOMBRE": null, "TIPO_0316": "01", "REGIM_0316": "01", "F_ALTA": "2018-09-18", "area": 3962.594, "cuenca": "Tietar", "Tipo": "Laguna", "variacion": 389.072021484375 }, "geometry": { "type": "Point", "coordinates": [ -4.998610721592312, 40.156200633746067 ] } },
{ "type": "Feature", "properties": { "ID": 146197866.0, "NOMBRE": "Charca del Valle de las Cañas", "TIPO_0316": "01", "REGIM_0316": "01", "F_ALTA": "2022-08-25", "area": 103953.761, "cuenca": "Tietar", "Tipo": "Laguna", "variacion": 376.820556640625 }, "geometry": { "type": "Point", "coordinates": [ -4.994891729708042, 40.141131624564068 ] } },
{ "type": "Feature", "properties": { "ID": 146209520.0, "NOMBRE": null, "TIPO_0316": "01", "REGIM_0316": "02", "F_ALTA": "2022-08-25", "area": 2688.493, "cuenca": "Tietar", "Tipo": "Laguna", "variacion": 382.7138671875 }, "geometry": { "type": "Point", "coordinates": [ -4.996348257475857, 40.148703601501914 ] } },
{ "type": "Feature", "properties": { "ID": 146197865.0, "NOMBRE": null, "TIPO_0316": "01", "REGIM_0316": "01", "F_ALTA": "2018-09-18", "area": 5101.64, "cuenca": "Tietar", "Tipo": "Laguna", "variacion": 388.26681518554688 }, "geometry": { "type": "Point", "coordinates": [ -4.985182880473908, 40.155914859266197 ] } },
{ "type": "Feature", "properties": { "ID": 146197863.0, "NOMBRE": null, "TIPO_0316": "01", "REGIM_0316": "01", "F_ALTA": "2018-09-18", "area": 10620.544, "cuenca": "Tietar", "Tipo": "Laguna", "variacion": 397.92059326171875 }, "geometry": { "type": "Point", "coordinates": [ -4.977978924681182, 40.16740628109681 ] } },
{ "type": "Feature", "properties": { "ID": 146209518.0, "NOMBRE": null, "TIPO_0316": "01", "REGIM_0316": "02", "F_ALTA": "2018-09-18", "area": 6781.39, "cuenca": "Tietar", "Tipo": "Laguna", "variacion": 377.203369140625 }, "geometry": { "type": "Point", "coordinates": [ -4.960834767761659, 40.145890920578061 ] } },
{ "type": "Feature", "properties": { "ID": 146209517.0, "NOMBRE": null, "TIPO_0316": "01", "REGIM_0316": "02", "F_ALTA": "2018-09-18", "area": 891.573, "cuenca": "Tietar", "Tipo": "Laguna", "variacion": 410.72454833984375 }, "geometry": { "type": "Point", "coordinates": [ -4.963698254374202, 40.182628305389954 ] } },
{ "type": "Feature", "properties": { "ID": 146196793.0, "NOMBRE": "Laguna de Pelayo", "TIPO_0316": "01", "REGIM_0316": "02", "F_ALTA": "2021-05-25", "area": 4559.2, "cuenca": "Tietar", "Tipo": "Laguna", "variacion": 400.63970947265625 }, "geometry": { "type": "Point", "coordinates": [ -4.945213090796205, 40.178126918096318 ] } },
{ "type": "Feature", "properties": { "ID": 146209516.0, "NOMBRE": null, "TIPO_0316": "01", "REGIM_0316": "02", "F_ALTA": "2022-08-25", "area": 1378.877, "cuenca": "Tietar", "Tipo": "Laguna", "variacion": 366.1988525390625 }, "geometry": { "type": "Point", "coordinates": [ -4.939744200682479, 40.135873023555959 ] } },
{ "type": "Feature", "properties": { "ID": 146197862.0, "NOMBRE": null, "TIPO_0316": "01", "REGIM_0316": "01", "F_ALTA": "2018-09-18", "area": 847.528, "cuenca": "Tietar", "Tipo": "Laguna", "variacion": 366.10733032226562 }, "geometry": { "type": "Point", "coordinates": [ -4.929679283986665, 40.139765873902221 ] } },
{ "type": "Feature", "properties": { "ID": 146197861.0, "NOMBRE": null, "TIPO_0316": "01", "REGIM_0316": "01", "F_ALTA": "2022-08-25", "area": 1405.902, "cuenca": "Tietar", "Tipo": "Laguna", "variacion": 374.3173828125 }, "geometry": { "type": "Point", "coordinates": [ -4.925075074234179, 40.154113375192715 ] } },
{ "type": "Feature", "properties": { "ID": 146209515.0, "NOMBRE": null, "TIPO_0316": "01", "REGIM_0316": "02", "F_ALTA": "2018-09-18", "area": 224.984, "cuenca": "Tietar", "Tipo": "Laguna", "variacion": 367.46759033203125 }, "geometry": { "type": "Point", "coordinates": [ -4.923467215211027, 40.14463940044697 ] } },
{ "type": "Feature", "properties": { "ID": 146197860.0, "NOMBRE": null, "TIPO_0316": "01", "REGIM_0316": "01", "F_ALTA": "2018-09-18", "area": 2298.586, "cuenca": "Tietar", "Tipo": "Laguna", "variacion": 374.86672973632812 }, "geometry": { "type": "Point", "coordinates": [ -4.920726285385834, 40.157114746920726 ] } },
{ "type": "Feature", "properties": { "ID": 146209512.0, "NOMBRE": null, "TIPO_0316": "01", "REGIM_0316": "02", "F_ALTA": "2018-09-18", "area": 643.27, "cuenca": "Tietar", "Tipo": "Laguna", "variacion": 388.82626342773438 }, "geometry": { "type": "Point", "coordinates": [ -4.913623392218708, 40.179692009875147 ] } },
{ "type": "Feature", "properties": { "ID": 146197673.0, "NOMBRE": null, "TIPO_0316": "01", "REGIM_0316": "01", "F_ALTA": "2018-09-18", "area": 292.958, "cuenca": "Tietar", "Tipo": "Laguna", "variacion": 311.03436279296875 }, "geometry": { "type": "Point", "coordinates": [ -5.348539360687097, 40.158327371037323 ] } },
{ "type": "Feature", "properties": { "ID": 146197672.0, "NOMBRE": null, "TIPO_0316": "01", "REGIM_0316": "01", "F_ALTA": "2018-09-18", "area": 1408.07, "cuenca": "Tietar", "Tipo": "Laguna", "variacion": 311.49798583984375 }, "geometry": { "type": "Point", "coordinates": [ -5.340185610747802, 40.160066678353502 ] } },
{ "type": "Feature", "properties": { "ID": 142392952.0, "NOMBRE": "La Lagunilla", "TIPO_0316": "01", "REGIM_0316": "01", "F_ALTA": "2022-08-25", "area": 866.45, "cuenca": "Tormes", "Tipo": "Laguna", "variacion": 283.15054321289062 }, "geometry": { "type": "Point", "coordinates": [ -5.347412793054731, 40.266725860132397 ] } },
{ "type": "Feature", "properties": { "ID": 146197671.0, "NOMBRE": null, "TIPO_0316": "01", "REGIM_0316": "01", "F_ALTA": "2018-09-18", "area": 2453.485, "cuenca": "Tietar", "Tipo": "Laguna", "variacion": 311.69100952148438 }, "geometry": { "type": "Point", "coordinates": [ -5.337685871194776, 40.158866789609554 ] } },
{ "type": "Feature", "properties": { "ID": 146197670.0, "NOMBRE": null, "TIPO_0316": "01", "REGIM_0316": "01", "F_ALTA": "2018-09-18", "area": 3784.012, "cuenca": "Tietar", "Tipo": "Laguna", "variacion": 311.76223754882812 }, "geometry": { "type": "Point", "coordinates": [ -5.337717774019374, 40.157369859975269 ] } },
{ "type": "Feature", "properties": { "ID": 142392950.0, "NOMBRE": null, "TIPO_0316": "01", "REGIM_0316": "01", "F_ALTA": "2018-06-15", "area": 423.919, "cuenca": "Tormes", "Tipo": "Laguna", "variacion": 284.52435302734375 }, "geometry": { "type": "Point", "coordinates": [ -5.343786196651338, 40.267627461911154 ] } },
{ "type": "Feature", "properties": { "ID": 146197668.0, "NOMBRE": null, "TIPO_0316": "01", "REGIM_0316": "01", "F_ALTA": "2018-09-18", "area": 1065.479, "cuenca": "Tietar", "Tipo": "Laguna", "variacion": 312.20458984375 }, "geometry": { "type": "Point", "coordinates": [ -5.329040270782019, 40.154534021707896 ] } },
{ "type": "Feature", "properties": { "ID": 142386253.0, "NOMBRE": null, "TIPO_0316": "01", "REGIM_0316": "01", "F_ALTA": "2018-06-14", "area": 110.473, "cuenca": "Tormes", "Tipo": "Laguna", "variacion": 222.54214477539062 }, "geometry": { "type": "Point", "coordinates": [ -5.433099505459593, 40.588737635189787 ] } },
{ "type": "Feature", "properties": { "ID": 146197667.0, "NOMBRE": null, "TIPO_0316": "01", "REGIM_0316": "01", "F_ALTA": "2018-09-18", "area": 448.339, "cuenca": "Tietar", "Tipo": "Laguna", "variacion": 312.0404052734375 }, "geometry": { "type": "Point", "coordinates": [ -5.325933800251581, 40.161179814977565 ] } },
{ "type": "Feature", "properties": { "ID": 146197666.0, "NOMBRE": null, "TIPO_0316": "01", "REGIM_0316": "01", "F_ALTA": "2018-09-18", "area": 11609.458, "cuenca": "Tietar", "Tipo": "Laguna", "variacion": 312.4361572265625 }, "geometry": { "type": "Point", "coordinates": [ -5.320231048404898, 40.125377257190642 ] } },
{ "type": "Feature", "properties": { "ID": 142392955.0, "NOMBRE": null, "TIPO_0316": "01", "REGIM_0316": "01", "F_ALTA": "2018-06-15", "area": 143.602, "cuenca": "Tormes", "Tipo": "Laguna", "variacion": 291.42730712890625 }, "geometry": { "type": "Point", "coordinates": [ -5.331923756882078, 40.264892024233163 ] } },
{ "type": "Feature", "properties": { "ID": 142392943.0, "NOMBRE": null, "TIPO_0316": "01", "REGIM_0316": "01", "F_ALTA": "2018-06-15", "area": 385.558, "cuenca": "Tormes", "Tipo": "Laguna", "variacion": 287.58071899414062 }, "geometry": { "type": "Point", "coordinates": [ -5.332353108228133, 40.275876793537229 ] } },
{ "type": "Feature", "properties": { "ID": 142392944.0, "NOMBRE": null, "TIPO_0316": "01", "REGIM_0316": "01", "F_ALTA": "2018-06-15", "area": 101.961, "cuenca": "Tormes", "Tipo": "Laguna", "variacion": 287.58071899414062 }, "geometry": { "type": "Point", "coordinates": [ -5.332400385688036, 40.275782174877975 ] } },
{ "type": "Feature", "properties": { "ID": 146197665.0, "NOMBRE": null, "TIPO_0316": "01", "REGIM_0316": "01", "F_ALTA": "2018-09-18", "area": 1075.051, "cuenca": "Tietar", "Tipo": "Laguna", "variacion": 312.27658081054688 }, "geometry": { "type": "Point", "coordinates": [ -5.318850923456823, 40.158979091396169 ] } },
{ "type": "Feature", "properties": { "ID": 146197757.0, "NOMBRE": null, "TIPO_0316": "01", "REGIM_0316": "01", "F_ALTA": "2018-09-18", "area": 10415.877, "cuenca": "Tietar", "Tipo": "Laguna", "variacion": 312.59152221679688 }, "geometry": { "type": "Point", "coordinates": [ -5.312111570657541, 40.135428193686444 ] } },
{ "type": "Feature", "properties": { "ID": 146197756.0, "NOMBRE": null, "TIPO_0316": "01", "REGIM_0316": "01", "F_ALTA": "2018-09-18", "area": 613.891, "cuenca": "Tietar", "Tipo": "Laguna", "variacion": 312.550537109375 }, "geometry": { "type": "Point", "coordinates": [ -5.312547924756923, 40.148234203187279 ] } },
{ "type": "Feature", "properties": { "ID": 146197755.0, "NOMBRE": null, "TIPO_0316": "01", "REGIM_0316": "01", "F_ALTA": "2022-08-25", "area": 1025.118, "cuenca": "Tietar", "Tipo": "Laguna", "variacion": 312.5989990234375 }, "geometry": { "type": "Point", "coordinates": [ -5.309850143878286, 40.13999977192757 ] } },
{ "type": "Feature", "properties": { "ID": 146197706.0, "NOMBRE": null, "TIPO_0316": "01", "REGIM_0316": "01", "F_ALTA": "2018-09-18", "area": 169.806, "cuenca": "Tietar", "Tipo": "Laguna", "variacion": 311.0126953125 }, "geometry": { "type": "Point", "coordinates": [ -5.313414572220353, 40.187089829882424 ] } },
{ "type": "Feature", "properties": { "ID": 146197754.0, "NOMBRE": null, "TIPO_0316": "01", "REGIM_0316": "01", "F_ALTA": "2018-09-18", "area": 617.06, "cuenca": "Tietar", "Tipo": "Laguna", "variacion": 312.24832153320312 }, "geometry": { "type": "Point", "coordinates": [ -5.311000747415683, 40.163551802277794 ] } },
{ "type": "Feature", "properties": { "ID": 146196783.0, "NOMBRE": "Charco Zarco", "TIPO_0316": "01", "REGIM_0316": "01", "F_ALTA": "2021-05-25", "area": 118.57, "cuenca": "Tietar", "Tipo": "Laguna", "variacion": 304.63449096679688 }, "geometry": { "type": "Point", "coordinates": [ -5.315643735568545, 40.236711609179224 ] } },
{ "type": "Feature", "properties": { "ID": 146197705.0, "NOMBRE": null, "TIPO_0316": "01", "REGIM_0316": "01", "F_ALTA": "2018-09-18", "area": 477.43, "cuenca": "Tietar", "Tipo": "Laguna", "variacion": 311.04489135742188 }, "geometry": { "type": "Point", "coordinates": [ -5.311286100622317, 40.18847555271671 ] } },
{ "type": "Feature", "properties": { "ID": 146197753.0, "NOMBRE": null, "TIPO_0316": "01", "REGIM_0316": "01", "F_ALTA": "2018-09-18", "area": 5791.115, "cuenca": "Tietar", "Tipo": "Laguna", "variacion": 312.25091552734375 }, "geometry": { "type": "Point", "coordinates": [ -5.309003041065185, 40.164207766500837 ] } },
{ "type": "Feature", "properties": { "ID": 146197752.0, "NOMBRE": null, "TIPO_0316": "01", "REGIM_0316": "01", "F_ALTA": "2018-09-18", "area": 450.527, "cuenca": "Tietar", "Tipo": "Laguna", "variacion": 312.52395629882812 }, "geometry": { "type": "Point", "coordinates": [ -5.303764429009989, 40.127233024877711 ] } },
{ "type": "Feature", "properties": { "ID": 146197751.0, "NOMBRE": null, "TIPO_0316": "01", "REGIM_0316": "01", "F_ALTA": "2018-09-18", "area": 231.713, "cuenca": "Tietar", "Tipo": "Laguna", "variacion": 312.5208740234375 }, "geometry": { "type": "Point", "coordinates": [ -5.302538430692039, 40.127182354004134 ] } },
{ "type": "Feature", "properties": { "ID": 146197750.0, "NOMBRE": null, "TIPO_0316": "01", "REGIM_0316": "01", "F_ALTA": "2018-09-18", "area": 201.943, "cuenca": "Tietar", "Tipo": "Laguna", "variacion": 312.52267456054688 }, "geometry": { "type": "Point", "coordinates": [ -5.302338113182608, 40.127286022194056 ] } },
{ "type": "Feature", "properties": { "ID": 142376039.0, "NOMBRE": "Las Lagunillas", "TIPO_0316": "01", "REGIM_0316": "02", "F_ALTA": "2022-08-25", "area": 5492.891, "cuenca": "Tormes", "Tipo": "Laguna", "variacion": 296.30245971679688 }, "geometry": { "type": "Point", "coordinates": [ -5.312491654804944, 40.284624876387333 ] } },
{ "type": "Feature", "properties": { "ID": 146197749.0, "NOMBRE": null, "TIPO_0316": "01", "REGIM_0316": "01", "F_ALTA": "2018-09-18", "area": 2699.695, "cuenca": "Tietar", "Tipo": "Laguna", "variacion": 312.54080200195312 }, "geometry": { "type": "Point", "coordinates": [ -5.300315375093661, 40.129888026663174 ] } },
{ "type": "Feature", "properties": { "ID": 146197748.0, "NOMBRE": null, "TIPO_0316": "01", "REGIM_0316": "01", "F_ALTA": "2018-09-18", "area": 1300.793, "cuenca": "Tietar", "Tipo": "Laguna", "variacion": 312.53591918945312 }, "geometry": { "type": "Point", "coordinates": [ -5.299306941385534, 40.129487257813985 ] } },
{ "type": "Feature", "properties": { "ID": 142361479.0, "NOMBRE": "Laguna Cimera", "TIPO_0316": "01", "REGIM_0316": "01", "F_ALTA": "2022-11-10", "area": 41655.06, "cuenca": "Tormes", "Tipo": "Laguna", "variacion": 304.067138671875 }, "geometry": { "type": "Point", "coordinates": [ -5.30534155566959, 40.263236112415633 ] } },
{ "type": "Feature", "properties": { "ID": 142361478.0, "NOMBRE": "Laguna Galana", "TIPO_0316": "01", "REGIM_0316": "01", "F_ALTA": "2022-11-10", "area": 15833.113, "cuenca": "Tormes", "Tipo": "Laguna", "variacion": 304.718994140625 }, "geometry": { "type": "Point", "coordinates": [ -5.302849763208096, 40.266664645463258 ] } },
{ "type": "Feature", "properties": { "ID": 146197747.0, "NOMBRE": null, "TIPO_0316": "01", "REGIM_0316": "01", "F_ALTA": "2018-09-18", "area": 2144.092, "cuenca": "Tietar", "Tipo": "Laguna", "variacion": 312.45965576171875 }, "geometry": { "type": "Point", "coordinates": [ -5.291847305935716, 40.120894422660676 ] } },
{ "type": "Feature", "properties": { "ID": 142361473.0, "NOMBRE": "Laguna de Majalaescoba", "TIPO_0316": "01", "REGIM_0316": "01", "F_ALTA": "2022-08-25", "area": 3784.35, "cuenca": "Tormes", "Tipo": "Laguna", "variacion": 301.96340942382812 }, "geometry": { "type": "Point", "coordinates": [ -5.304189709157964, 40.280430690907416 ] } },
{ "type": "Feature", "properties": { "ID": 142361480.0, "NOMBRE": "Laguna del Güetre", "TIPO_0316": "01", "REGIM_0316": "01", "F_ALTA": "2022-11-10", "area": 3062.94, "cuenca": "Tormes", "Tipo": "Laguna", "variacion": 306.34228515625 }, "geometry": { "type": "Point", "coordinates": [ -5.30129143383325, 40.260302316706991 ] } },
{ "type": "Feature", "properties": { "ID": 146197776.0, "NOMBRE": null, "TIPO_0316": "01", "REGIM_0316": "01", "F_ALTA": "2018-09-18", "area": 1696.806, "cuenca": "Tietar", "Tipo": "Laguna", "variacion": 335.71517944335938 }, "geometry": { "type": "Point", "coordinates": [ -5.14897716580927, 40.131304580121203 ] } },
{ "type": "Feature", "properties": { "ID": 146209427.0, "NOMBRE": null, "TIPO_0316": "01", "REGIM_0316": "02", "F_ALTA": "2018-09-18", "area": 1704.976, "cuenca": "Tietar", "Tipo": "Laguna", "variacion": 344.93460083007812 }, "geometry": { "type": "Point", "coordinates": [ -5.150828038039648, 40.159637374115334 ] } },
{ "type": "Feature", "properties": { "ID": 146197816.0, "NOMBRE": null, "TIPO_0316": "01", "REGIM_0316": "01", "F_ALTA": "2018-09-18", "area": 7206.553, "cuenca": "Tietar", "Tipo": "Laguna", "variacion": 347.12078857421875 }, "geometry": { "type": "Point", "coordinates": [ -5.150421819578434, 40.163869355515466 ] } },
{ "type": "Feature", "properties": { "ID": 146209426.0, "NOMBRE": null, "TIPO_0316": "01", "REGIM_0316": "02", "F_ALTA": "2018-09-18", "area": 749.435, "cuenca": "Tietar", "Tipo": "Laguna", "variacion": 345.0352783203125 }, "geometry": { "type": "Point", "coordinates": [ -5.150101619932335, 40.159108152742782 ] } },
{ "type": "Feature", "properties": { "ID": 146197775.0, "NOMBRE": null, "TIPO_0316": "01", "REGIM_0316": "01", "F_ALTA": "2018-09-18", "area": 660.533, "cuenca": "Tietar", "Tipo": "Laguna", "variacion": 335.75985717773438 }, "geometry": { "type": "Point", "coordinates": [ -5.147977412920235, 40.130103849683785 ] } },
{ "type": "Feature", "properties": { "ID": 146197774.0, "NOMBRE": null, "TIPO_0316": "01", "REGIM_0316": "01", "F_ALTA": "2018-09-18", "area": 343.604, "cuenca": "Tietar", "Tipo": "Laguna", "variacion": 336.90203857421875 }, "geometry": { "type": "Point", "coordinates": [ -5.148180386923471, 40.13431608383187 ] } },
{ "type": "Feature", "properties": { "ID": 146209401.0, "NOMBRE": null, "TIPO_0316": "01", "REGIM_0316": "02", "F_ALTA": "2018-09-18", "area": 73.103, "cuenca": "Tietar", "Tipo": "Laguna", "variacion": 339.58624267578125 }, "geometry": { "type": "Point", "coordinates": [ -5.148528672867534, 40.143116306885297 ] } },
{ "type": "Feature", "properties": { "ID": 146197815.0, "NOMBRE": null, "TIPO_0316": "01", "REGIM_0316": "01", "F_ALTA": "2022-08-25", "area": 4053.189, "cuenca": "Tietar", "Tipo": "Laguna", "variacion": 349.15084838867188 }, "geometry": { "type": "Point", "coordinates": [ -5.14954695000512, 40.167400971086821 ] } },
{ "type": "Feature", "properties": { "ID": 146197814.0, "NOMBRE": null, "TIPO_0316": "01", "REGIM_0316": "01", "F_ALTA": "2018-09-18", "area": 1643.723, "cuenca": "Tietar", "Tipo": "Laguna", "variacion": 344.86196899414062 }, "geometry": { "type": "Point", "coordinates": [ -5.148670485260867, 40.157157685252145 ] } },
{ "type": "Feature", "properties": { "ID": 146197773.0, "NOMBRE": null, "TIPO_0316": "01", "REGIM_0316": "01", "F_ALTA": "2018-09-18", "area": 1542.967, "cuenca": "Tietar", "Tipo": "Laguna", "variacion": 337.05734252929688 }, "geometry": { "type": "Point", "coordinates": [ -5.145523107941206, 40.131945137525697 ] } },
{ "type": "Feature", "properties": { "ID": 146197772.0, "NOMBRE": null, "TIPO_0316": "01", "REGIM_0316": "01", "F_ALTA": "2018-09-18", "area": 1102.147, "cuenca": "Tietar", "Tipo": "Laguna", "variacion": 335.93887329101562 }, "geometry": { "type": "Point", "coordinates": [ -5.144894989933822, 40.127400386563515 ] } },
{ "type": "Feature", "properties": { "ID": 146196788.0, "NOMBRE": "Charca del Quemado", "TIPO_0316": "01", "REGIM_0316": "01", "F_ALTA": "2021-05-25", "area": 40695.692, "cuenca": "Tietar", "Tipo": "Laguna", "variacion": 347.09759521484375 }, "geometry": { "type": "Point", "coordinates": [ -5.145829169037652, 40.159100848838733 ] } },
{ "type": "Feature", "properties": { "ID": 146209399.0, "NOMBRE": null, "TIPO_0316": "01", "REGIM_0316": "02", "F_ALTA": "2018-09-18", "area": 898.717, "cuenca": "Tietar", "Tipo": "Laguna", "variacion": 342.66629028320312 }, "geometry": { "type": "Point", "coordinates": [ -5.14549934535188, 40.148161323754486 ] } },
{ "type": "Feature", "properties": { "ID": 146197813.0, "NOMBRE": null, "TIPO_0316": "01", "REGIM_0316": "01", "F_ALTA": "2018-09-18", "area": 8071.678, "cuenca": "Tietar", "Tipo": "Laguna", "variacion": 348.7100830078125 }, "geometry": { "type": "Point", "coordinates": [ -5.145774719104043, 40.162755392374379 ] } },
{ "type": "Feature", "properties": { "ID": 146197839.0, "NOMBRE": null, "TIPO_0316": "01", "REGIM_0316": "01", "F_ALTA": "2018-09-18", "area": 1209.577, "cuenca": "Tietar", "Tipo": "Laguna", "variacion": 335.92044067382812 }, "geometry": { "type": "Point", "coordinates": [ -5.143204047630584, 40.125476413749091 ] } },
{ "type": "Feature", "properties": { "ID": 146197812.0, "NOMBRE": null, "TIPO_0316": "01", "REGIM_0316": "01", "F_ALTA": "2018-09-18", "area": 701.731, "cuenca": "Tietar", "Tipo": "Laguna", "variacion": 352.15911865234375 }, "geometry": { "type": "Point", "coordinates": [ -5.146432330361393, 40.170171072145813 ] } },
{ "type": "Feature", "properties": { "ID": 146197838.0, "NOMBRE": null, "TIPO_0316": "01", "REGIM_0316": "01", "F_ALTA": "2022-08-25", "area": 5411.823, "cuenca": "Tietar", "Tipo": "Laguna", "variacion": 341.18267822265625 }, "geometry": { "type": "Point", "coordinates": [ -5.143561857806262, 40.142168740084685 ] } },
{ "type": "Feature", "properties": { "ID": 146197837.0, "NOMBRE": null, "TIPO_0316": "01", "REGIM_0316": "01", "F_ALTA": "2018-09-18", "area": 5426.288, "cuenca": "Tietar", "Tipo": "Laguna", "variacion": 339.74563598632812 }, "geometry": { "type": "Point", "coordinates": [ -5.142732530265921, 40.137189051498005 ] } },
{ "type": "Feature", "properties": { "ID": 146197811.0, "NOMBRE": null, "TIPO_0316": "01", "REGIM_0316": "01", "F_ALTA": "2018-09-18", "area": 2100.752, "cuenca": "Tietar", "Tipo": "Laguna", "variacion": 350.55938720703125 }, "geometry": { "type": "Point", "coordinates": [ -5.144830620520732, 40.165513307732276 ] } },
{ "type": "Feature", "properties": { "ID": 146197836.0, "NOMBRE": null, "TIPO_0316": "01", "REGIM_0316": "01", "F_ALTA": "2018-09-18", "area": 949.053, "cuenca": "Tietar", "Tipo": "Laguna", "variacion": 338.55325317382812 }, "geometry": { "type": "Point", "coordinates": [ -5.140850131513996, 40.131678647241927 ] } },
{ "type": "Feature", "properties": { "ID": 146209461.0, "NOMBRE": null, "TIPO_0316": "01", "REGIM_0316": "02", "F_ALTA": "2018-09-18", "area": 309.876, "cuenca": "Tietar", "Tipo": "Laguna", "variacion": 343.0770263671875 }, "geometry": { "type": "Point", "coordinates": [ -5.140068322576155, 40.143787612522644 ] } },
{ "type": "Feature", "properties": { "ID": 146197834.0, "NOMBRE": null, "TIPO_0316": "01", "REGIM_0316": "01", "F_ALTA": "2018-09-18", "area": 299.345, "cuenca": "Tietar", "Tipo": "Laguna", "variacion": 339.48602294921875 }, "geometry": { "type": "Point", "coordinates": [ -5.137889128698967, 40.131325363390104 ] } },
{ "type": "Feature", "properties": { "ID": 146209424.0, "NOMBRE": null, "TIPO_0316": "01", "REGIM_0316": "02", "F_ALTA": "2018-09-18", "area": 1684.584, "cuenca": "Tietar", "Tipo": "Laguna", "variacion": 346.95468139648438 }, "geometry": { "type": "Point", "coordinates": [ -5.13815556017126, 40.151305789167857 ] } },
{ "type": "Feature", "properties": { "ID": 146197833.0, "NOMBRE": null, "TIPO_0316": "01", "REGIM_0316": "01", "F_ALTA": "2018-09-18", "area": 2286.282, "cuenca": "Tietar", "Tipo": "Laguna", "variacion": 337.72183227539062 }, "geometry": { "type": "Point", "coordinates": [ -5.133093962055955, 40.12106522420126 ] } },
{ "type": "Feature", "properties": { "ID": 146197809.0, "NOMBRE": null, "TIPO_0316": "01", "REGIM_0316": "01", "F_ALTA": "2022-08-25", "area": 623.314, "cuenca": "Tietar", "Tipo": "Laguna", "variacion": 352.348876953125 }, "geometry": { "type": "Point", "coordinates": [ -5.125870518077882, 40.151634982448869 ] } },
{ "type": "Feature", "properties": { "ID": 146197832.0, "NOMBRE": null, "TIPO_0316": "01", "REGIM_0316": "01", "F_ALTA": "2018-09-18", "area": 1063.268, "cuenca": "Tietar", "Tipo": "Laguna", "variacion": 343.08114624023438 }, "geometry": { "type": "Point", "coordinates": [ -5.12211989387819, 40.127025112340469 ] } },
{ "type": "Feature", "properties": { "ID": 146197831.0, "NOMBRE": null, "TIPO_0316": "01", "REGIM_0316": "01", "F_ALTA": "2018-09-18", "area": 6305.623, "cuenca": "Tietar", "Tipo": "Laguna", "variacion": 340.36700439453125 }, "geometry": { "type": "Point", "coordinates": [ -5.120264667780044, 40.117565822264311 ] } },
{ "type": "Feature", "properties": { "ID": 146209423.0, "NOMBRE": null, "TIPO_0316": "01", "REGIM_0316": "02", "F_ALTA": "2018-09-18", "area": 4029.703, "cuenca": "Tietar", "Tipo": "Laguna", "variacion": 354.28982543945312 }, "geometry": { "type": "Point", "coordinates": [ -5.121150221653577, 40.151417707717989 ] } },
{ "type": "Feature", "properties": { "ID": 146209457.0, "NOMBRE": null, "TIPO_0316": "01", "REGIM_0316": "02", "F_ALTA": "2022-08-25", "area": 527.491, "cuenca": "Tietar", "Tipo": "Laguna", "variacion": 347.81460571289062 }, "geometry": { "type": "Point", "coordinates": [ -5.118483861957319, 40.135652211362959 ] } },
{ "type": "Feature", "properties": { "ID": 146209422.0, "NOMBRE": null, "TIPO_0316": "01", "REGIM_0316": "02", "F_ALTA": "2018-09-18", "area": 718.247, "cuenca": "Tietar", "Tipo": "Laguna", "variacion": 356.050537109375 }, "geometry": { "type": "Point", "coordinates": [ -5.118863985499885, 40.152997486407997 ] } },
{ "type": "Feature", "properties": { "ID": 146209456.0, "NOMBRE": null, "TIPO_0316": "01", "REGIM_0316": "02", "F_ALTA": "2018-09-18", "area": 2147.633, "cuenca": "Tietar", "Tipo": "Laguna", "variacion": 354.68377685546875 }, "geometry": { "type": "Point", "coordinates": [ -5.117781237504717, 40.149605081474263 ] } },
{ "type": "Feature", "properties": { "ID": 146197808.0, "NOMBRE": null, "TIPO_0316": "01", "REGIM_0316": "01", "F_ALTA": "2018-09-18", "area": 2624.635, "cuenca": "Tietar", "Tipo": "Laguna", "variacion": 362.52410888671875 }, "geometry": { "type": "Point", "coordinates": [ -5.116793732779854, 40.162570625200381 ] } },
{ "type": "Feature", "properties": { "ID": 146209454.0, "NOMBRE": null, "TIPO_0316": "01", "REGIM_0316": "02", "F_ALTA": "2018-09-18", "area": 1231.995, "cuenca": "Tietar", "Tipo": "Laguna", "variacion": 356.269287109375 }, "geometry": { "type": "Point", "coordinates": [ -5.11234311867198, 40.148391666749284 ] } },
{ "type": "Feature", "properties": { "ID": 146209452.0, "NOMBRE": null, "TIPO_0316": "01", "REGIM_0316": "02", "F_ALTA": "2018-09-18", "area": 1430.839, "cuenca": "Tietar", "Tipo": "Laguna", "variacion": 349.93142700195312 }, "geometry": { "type": "Point", "coordinates": [ -5.1091181933069, 40.13313818903179 ] } },
{ "type": "Feature", "properties": { "ID": 146209451.0, "NOMBRE": null, "TIPO_0316": "01", "REGIM_0316": "02", "F_ALTA": "2018-09-18", "area": 3229.241, "cuenca": "Tietar", "Tipo": "Laguna", "variacion": 347.52496337890625 }, "geometry": { "type": "Point", "coordinates": [ -5.106095822335603, 40.125658304187141 ] } },
{ "type": "Feature", "properties": { "ID": 146209449.0, "NOMBRE": null, "TIPO_0316": "01", "REGIM_0316": "02", "F_ALTA": "2018-09-18", "area": 1216.72, "cuenca": "Tietar", "Tipo": "Laguna", "variacion": 352.16885375976562 }, "geometry": { "type": "Point", "coordinates": [ -5.100583095296915, 40.131979350647576 ] } },
{ "type": "Feature", "properties": { "ID": 146197807.0, "NOMBRE": null, "TIPO_0316": "01", "REGIM_0316": "01", "F_ALTA": "2018-09-18", "area": 1383.3, "cuenca": "Tietar", "Tipo": "Laguna", "variacion": 371.12161254882812 }, "geometry": { "type": "Point", "coordinates": [ -5.093189224683791, 40.159790226470484 ] } },
{ "type": "Feature", "properties": { "ID": 146197806.0, "NOMBRE": null, "TIPO_0316": "01", "REGIM_0316": "01", "F_ALTA": "2022-08-25", "area": 1244.281, "cuenca": "Tietar", "Tipo": "Laguna", "variacion": 370.76876831054688 }, "geometry": { "type": "Point", "coordinates": [ -5.09210945077805, 40.158655351502695 ] } },
{ "type": "Feature", "properties": { "ID": 146197805.0, "NOMBRE": null, "TIPO_0316": "01", "REGIM_0316": "01", "F_ALTA": "2022-08-25", "area": 800.638, "cuenca": "Tietar", "Tipo": "Laguna", "variacion": 370.65362548828125 }, "geometry": { "type": "Point", "coordinates": [ -5.088992691330229, 40.156645598703399 ] } },
{ "type": "Feature", "properties": { "ID": 146209447.0, "NOMBRE": null, "TIPO_0316": "01", "REGIM_0316": "02", "F_ALTA": "2022-08-25", "area": 410.816, "cuenca": "Tietar", "Tipo": "Laguna", "variacion": 371.94540405273438 }, "geometry": { "type": "Point", "coordinates": [ -5.071593518883479, 40.149927841621221 ] } },
{ "type": "Feature", "properties": { "ID": 146197745.0, "NOMBRE": null, "TIPO_0316": "01", "REGIM_0316": "01", "F_ALTA": "2018-09-18", "area": 1795.444, "cuenca": "Tietar", "Tipo": "Laguna", "variacion": 312.48361206054688 }, "geometry": { "type": "Point", "coordinates": [ -5.291139784501476, 40.166639781753659 ] } },
{ "type": "Feature", "properties": { "ID": 146197744.0, "NOMBRE": null, "TIPO_0316": "01", "REGIM_0316": "01", "F_ALTA": "2018-09-18", "area": 1047.306, "cuenca": "Tietar", "Tipo": "Laguna", "variacion": 312.60177612304688 }, "geometry": { "type": "Point", "coordinates": [ -5.285824841375649, 40.163378820375009 ] } },
{ "type": "Feature", "properties": { "ID": 146197743.0, "NOMBRE": null, "TIPO_0316": "01", "REGIM_0316": "01", "F_ALTA": "2018-09-18", "area": 1890.965, "cuenca": "Tietar", "Tipo": "Laguna", "variacion": 312.7646484375 }, "geometry": { "type": "Point", "coordinates": [ -5.27549207736396, 40.151796612419105 ] } },
{ "type": "Feature", "properties": { "ID": 146209292.0, "NOMBRE": null, "TIPO_0316": "01", "REGIM_0316": "02", "F_ALTA": "2018-09-18", "area": 418.794, "cuenca": "Tietar", "Tipo": "Laguna", "variacion": 313.05502319335938 }, "geometry": { "type": "Point", "coordinates": [ -5.272489960465604, 40.162396733230473 ] } },
{ "type": "Feature", "properties": { "ID": 146197741.0, "NOMBRE": null, "TIPO_0316": "01", "REGIM_0316": "01", "F_ALTA": "2018-09-18", "area": 632.342, "cuenca": "Tietar", "Tipo": "Laguna", "variacion": 313.14285278320312 }, "geometry": { "type": "Point", "coordinates": [ -5.271755903483695, 40.164651077539773 ] } },
{ "type": "Feature", "properties": { "ID": 146197735.0, "NOMBRE": null, "TIPO_0316": "01", "REGIM_0316": "01", "F_ALTA": "2018-09-18", "area": 2220.53, "cuenca": "Tietar", "Tipo": "Laguna", "variacion": 315.4002685546875 }, "geometry": { "type": "Point", "coordinates": [ -5.229148817163352, 40.118009407869955 ] } },
{ "type": "Feature", "properties": { "ID": 146197734.0, "NOMBRE": null, "TIPO_0316": "01", "REGIM_0316": "01", "F_ALTA": "2018-09-18", "area": 1051.021, "cuenca": "Tietar", "Tipo": "Laguna", "variacion": 316.64199829101562 }, "geometry": { "type": "Point", "coordinates": [ -5.229452662116775, 40.145951798903269 ] } },
{ "type": "Feature", "properties": { "ID": 146197733.0, "NOMBRE": null, "TIPO_0316": "01", "REGIM_0316": "01", "F_ALTA": "2018-09-18", "area": 323.782, "cuenca": "Tietar", "Tipo": "Laguna", "variacion": 316.74246215820312 }, "geometry": { "type": "Point", "coordinates": [ -5.22374616472811, 40.133434429564723 ] } },
{ "type": "Feature", "properties": { "ID": 146197731.0, "NOMBRE": null, "TIPO_0316": "01", "REGIM_0316": "01", "F_ALTA": "2018-09-18", "area": 1960.912, "cuenca": "Tietar", "Tipo": "Laguna", "variacion": 318.20989990234375 }, "geometry": { "type": "Point", "coordinates": [ -5.217233734854704, 40.138313477029499 ] } },
{ "type": "Feature", "properties": { "ID": 146197730.0, "NOMBRE": null, "TIPO_0316": "01", "REGIM_0316": "01", "F_ALTA": "2018-09-18", "area": 6025.353, "cuenca": "Tietar", "Tipo": "Laguna", "variacion": 318.78543090820312 }, "geometry": { "type": "Point", "coordinates": [ -5.21468997762673, 40.139260437645056 ] } },
{ "type": "Feature", "properties": { "ID": 146197823.0, "NOMBRE": null, "TIPO_0316": "01", "REGIM_0316": "01", "F_ALTA": "2018-09-18", "area": 375.653, "cuenca": "Tietar", "Tipo": "Laguna", "variacion": 327.14508056640625 }, "geometry": { "type": "Point", "coordinates": [ -5.198563120138063, 40.164996762627034 ] } },
{ "type": "Feature", "properties": { "ID": 146196789.0, "NOMBRE": "Charca de la Lobera", "TIPO_0316": "01", "REGIM_0316": "02", "F_ALTA": "2021-05-25", "area": 5007.58, "cuenca": "Tietar", "Tipo": "Laguna", "variacion": 324.232177734375 }, "geometry": { "type": "Point", "coordinates": [ -5.196273566494206, 40.147126164609581 ] } },
{ "type": "Feature", "properties": { "ID": 146196787.0, "NOMBRE": "Balsa de las Mesas", "TIPO_0316": "01", "REGIM_0316": "02", "F_ALTA": "2021-05-25", "area": 8458.242, "cuenca": "Tietar", "Tipo": "Laguna", "variacion": 322.40231323242188 }, "geometry": { "type": "Point", "coordinates": [ -5.187428243935786, 40.117224775626681 ] } },
{ "type": "Feature", "properties": { "ID": 146209433.0, "NOMBRE": null, "TIPO_0316": "01", "REGIM_0316": "02", "F_ALTA": "2018-09-18", "area": 909.306, "cuenca": "Tietar", "Tipo": "Laguna", "variacion": 328.73184204101562 }, "geometry": { "type": "Point", "coordinates": [ -5.187439811903156, 40.155440818153565 ] } },
{ "type": "Feature", "properties": { "ID": 146197795.0, "NOMBRE": null, "TIPO_0316": "01", "REGIM_0316": "01", "F_ALTA": "2018-09-18", "area": 651.586, "cuenca": "Tietar", "Tipo": "Laguna", "variacion": 325.325439453125 }, "geometry": { "type": "Point", "coordinates": [ -5.185646766530423, 40.135535641082711 ] } },
{ "type": "Feature", "properties": { "ID": 146209413.0, "NOMBRE": null, "TIPO_0316": "01", "REGIM_0316": "02", "F_ALTA": "2018-09-18", "area": 613.721, "cuenca": "Tietar", "Tipo": "Laguna", "variacion": 329.046142578125 }, "geometry": { "type": "Point", "coordinates": [ -5.176885037963094, 40.141275172309847 ] } },
{ "type": "Feature", "properties": { "ID": 146209412.0, "NOMBRE": null, "TIPO_0316": "01", "REGIM_0316": "02", "F_ALTA": "2018-09-18", "area": 687.442, "cuenca": "Tietar", "Tipo": "Laguna", "variacion": 326.3074951171875 }, "geometry": { "type": "Point", "coordinates": [ -5.175411550067712, 40.124452390021681 ] } },
{ "type": "Feature", "properties": { "ID": 146197822.0, "NOMBRE": null, "TIPO_0316": "01", "REGIM_0316": "01", "F_ALTA": "2018-09-18", "area": 4234.298, "cuenca": "Tietar", "Tipo": "Laguna", "variacion": 331.60650634765625 }, "geometry": { "type": "Point", "coordinates": [ -5.176909238864988, 40.15205524443077 ] } },
{ "type": "Feature", "properties": { "ID": 146209411.0, "NOMBRE": null, "TIPO_0316": "01", "REGIM_0316": "02", "F_ALTA": "2018-09-18", "area": 5946.121, "cuenca": "Tietar", "Tipo": "Laguna", "variacion": 326.435791015625 }, "geometry": { "type": "Point", "coordinates": [ -5.173715354192215, 40.122529147559881 ] } },
{ "type": "Feature", "properties": { "ID": 146197789.0, "NOMBRE": null, "TIPO_0316": "01", "REGIM_0316": "01", "F_ALTA": "2018-09-18", "area": 612.905, "cuenca": "Tietar", "Tipo": "Laguna", "variacion": 327.28744506835938 }, "geometry": { "type": "Point", "coordinates": [ -5.168018642118266, 40.118619295872719 ] } },
{ "type": "Feature", "properties": { "ID": 146209409.0, "NOMBRE": null, "TIPO_0316": "01", "REGIM_0316": "02", "F_ALTA": "2018-09-18", "area": 552.575, "cuenca": "Tietar", "Tipo": "Laguna", "variacion": 331.3739013671875 }, "geometry": { "type": "Point", "coordinates": [ -5.167971696426171, 40.138513867963567 ] } },
{ "type": "Feature", "properties": { "ID": 146197785.0, "NOMBRE": null, "TIPO_0316": "01", "REGIM_0316": "01", "F_ALTA": "2018-09-18", "area": 1539.885, "cuenca": "Tietar", "Tipo": "Laguna", "variacion": 332.55096435546875 }, "geometry": { "type": "Point", "coordinates": [ -5.162296838063479, 40.136001017493278 ] } },
{ "type": "Feature", "properties": { "ID": 146197784.0, "NOMBRE": null, "TIPO_0316": "01", "REGIM_0316": "01", "F_ALTA": "2018-09-18", "area": 2206.481, "cuenca": "Tietar", "Tipo": "Laguna", "variacion": 331.61135864257812 }, "geometry": { "type": "Point", "coordinates": [ -5.16181755518534, 40.131295715011028 ] } },
{ "type": "Feature", "properties": { "ID": 146197820.0, "NOMBRE": null, "TIPO_0316": "01", "REGIM_0316": "01", "F_ALTA": "2018-09-18", "area": 8462.615, "cuenca": "Tietar", "Tipo": "Laguna", "variacion": 339.37432861328125 }, "geometry": { "type": "Point", "coordinates": [ -5.161889976870951, 40.157796640948142 ] } },
{ "type": "Feature", "properties": { "ID": 146209407.0, "NOMBRE": null, "TIPO_0316": "01", "REGIM_0316": "02", "F_ALTA": "2018-09-18", "area": 218.792, "cuenca": "Tietar", "Tipo": "Laguna", "variacion": 334.58514404296875 }, "geometry": { "type": "Point", "coordinates": [ -5.159655568977202, 40.140056279255603 ] } },
{ "type": "Feature", "properties": { "ID": 146209406.0, "NOMBRE": null, "TIPO_0316": "01", "REGIM_0316": "02", "F_ALTA": "2018-09-18", "area": 483.197, "cuenca": "Tietar", "Tipo": "Laguna", "variacion": 336.25225830078125 }, "geometry": { "type": "Point", "coordinates": [ -5.158804967537617, 40.144847858755824 ] } },
{ "type": "Feature", "properties": { "ID": 146209405.0, "NOMBRE": null, "TIPO_0316": "01", "REGIM_0316": "02", "F_ALTA": "2018-09-18", "area": 278.245, "cuenca": "Tietar", "Tipo": "Laguna", "variacion": 334.44329833984375 }, "geometry": { "type": "Point", "coordinates": [ -5.157889218908604, 40.137522918857535 ] } },
{ "type": "Feature", "properties": { "ID": 146209404.0, "NOMBRE": null, "TIPO_0316": "01", "REGIM_0316": "02", "F_ALTA": "2018-09-18", "area": 575.428, "cuenca": "Tietar", "Tipo": "Laguna", "variacion": 335.62921142578125 }, "geometry": { "type": "Point", "coordinates": [ -5.158118125065081, 40.141733967277631 ] } },
{ "type": "Feature", "properties": { "ID": 146197782.0, "NOMBRE": null, "TIPO_0316": "01", "REGIM_0316": "01", "F_ALTA": "2018-09-18", "area": 3305.452, "cuenca": "Tietar", "Tipo": "Laguna", "variacion": 331.32186889648438 }, "geometry": { "type": "Point", "coordinates": [ -5.156262813728242, 40.122864087103814 ] } },
{ "type": "Feature", "properties": { "ID": 146209430.0, "NOMBRE": null, "TIPO_0316": "01", "REGIM_0316": "02", "F_ALTA": "2018-09-18", "area": 639.182, "cuenca": "Tietar", "Tipo": "Laguna", "variacion": 340.54666137695312 }, "geometry": { "type": "Point", "coordinates": [ -5.156872277971084, 40.155058197850877 ] } },
{ "type": "Feature", "properties": { "ID": 146197818.0, "NOMBRE": null, "TIPO_0316": "01", "REGIM_0316": "01", "F_ALTA": "2018-09-18", "area": 1030.745, "cuenca": "Tietar", "Tipo": "Laguna", "variacion": 341.78036499023438 }, "geometry": { "type": "Point", "coordinates": [ -5.156170202672785, 40.15771944490362 ] } },
{ "type": "Feature", "properties": { "ID": 146209403.0, "NOMBRE": null, "TIPO_0316": "01", "REGIM_0316": "02", "F_ALTA": "2018-09-18", "area": 1502.473, "cuenca": "Tietar", "Tipo": "Laguna", "variacion": 333.02896118164062 }, "geometry": { "type": "Point", "coordinates": [ -5.152640361740145, 40.125509151372846 ] } },
{ "type": "Feature", "properties": { "ID": 146197778.0, "NOMBRE": null, "TIPO_0316": "01", "REGIM_0316": "01", "F_ALTA": "2018-09-18", "area": 23870.072, "cuenca": "Tietar", "Tipo": "Laguna", "variacion": 332.37069702148438 }, "geometry": { "type": "Point", "coordinates": [ -5.15069721701671, 40.120268381890988 ] } },
{ "type": "Feature", "properties": { "ID": 146209402.0, "NOMBRE": null, "TIPO_0316": "01", "REGIM_0316": "02", "F_ALTA": "2018-09-18", "area": 332.54, "cuenca": "Tietar", "Tipo": "Laguna", "variacion": 337.40341186523438 }, "geometry": { "type": "Point", "coordinates": [ -5.153250095756785, 40.141682259954223 ] } },
{ "type": "Feature", "properties": { "ID": 146197817.0, "NOMBRE": null, "TIPO_0316": "01", "REGIM_0316": "01", "F_ALTA": "2018-09-18", "area": 247.896, "cuenca": "Tietar", "Tipo": "Laguna", "variacion": 339.82830810546875 }, "geometry": { "type": "Point", "coordinates": [ -5.152161208512423, 40.14775431982715 ] } },
{ "type": "Feature", "properties": { "ID": 146209429.0, "NOMBRE": null, "TIPO_0316": "01", "REGIM_0316": "02", "F_ALTA": "2018-09-18", "area": 258.542, "cuenca": "Tietar", "Tipo": "Laguna", "variacion": 342.5162353515625 }, "geometry": { "type": "Point", "coordinates": [ -5.152721228888346, 40.155619693196449 ] } },
{ "type": "Feature", "properties": { "ID": 146197796.0, "NOMBRE": null, "TIPO_0316": "01", "REGIM_0316": "01", "F_ALTA": "2018-09-18", "area": 12151.373, "cuenca": "Tietar", "Tipo": "Laguna", "variacion": 321.01510620117188 }, "geometry": { "type": "Point", "coordinates": [ -5.192916597881331, 40.115185560875005 ] } },
{ "type": "Feature", "properties": { "ID": 146209417.0, "NOMBRE": null, "TIPO_0316": "01", "REGIM_0316": "02", "F_ALTA": "2018-09-18", "area": 1452.52, "cuenca": "Tietar", "Tipo": "Laguna", "variacion": 321.632080078125 }, "geometry": { "type": "Point", "coordinates": [ -5.18729209144793, 40.110114181971795 ] } },
{ "type": "Feature", "properties": { "ID": 146197722.0, "NOMBRE": null, "TIPO_0316": "01", "REGIM_0316": "01", "F_ALTA": "2022-08-25", "area": 113.748, "cuenca": "Tietar", "Tipo": "Laguna", "variacion": 320.03836059570312 }, "geometry": { "type": "Point", "coordinates": [ -5.186003685948938, 40.090356668612884 ] } },
{ "type": "Feature", "properties": { "ID": 146197721.0, "NOMBRE": null, "TIPO_0316": "01", "REGIM_0316": "01", "F_ALTA": "2018-09-18", "area": 410.329, "cuenca": "Tietar", "Tipo": "Laguna", "variacion": 320.38055419921875 }, "geometry": { "type": "Point", "coordinates": [ -5.184539431474187, 40.091233217614203 ] } },
{ "type": "Feature", "properties": { "ID": 146209416.0, "NOMBRE": null, "TIPO_0316": "01", "REGIM_0316": "02", "F_ALTA": "2018-09-18", "area": 599.314, "cuenca": "Tietar", "Tipo": "Laguna", "variacion": 322.78985595703125 }, "geometry": { "type": "Point", "coordinates": [ -5.18247205374569, 40.111354055372686 ] } },
{ "type": "Feature", "properties": { "ID": 146197794.0, "NOMBRE": null, "TIPO_0316": "01", "REGIM_0316": "01", "F_ALTA": "2018-09-18", "area": 20303.385, "cuenca": "Tietar", "Tipo": "Laguna", "variacion": 322.5111083984375 }, "geometry": { "type": "Point", "coordinates": [ -5.17866314897416, 40.102150048917878 ] } },
{ "type": "Feature", "properties": { "ID": 146209415.0, "NOMBRE": null, "TIPO_0316": "01", "REGIM_0316": "02", "F_ALTA": "2018-09-18", "area": 846.928, "cuenca": "Tietar", "Tipo": "Laguna", "variacion": 323.51983642578125 }, "geometry": { "type": "Point", "coordinates": [ -5.179345914330842, 40.11195689917249 ] } },
{ "type": "Feature", "properties": { "ID": 146209414.0, "NOMBRE": null, "TIPO_0316": "01", "REGIM_0316": "02", "F_ALTA": "2018-09-18", "area": 94.962, "cuenca": "Tietar", "Tipo": "Laguna", "variacion": 323.3931884765625 }, "geometry": { "type": "Point", "coordinates": [ -5.179366526530147, 40.11091536336005 ] } },
{ "type": "Feature", "properties": { "ID": 146197793.0, "NOMBRE": null, "TIPO_0316": "01", "REGIM_0316": "01", "F_ALTA": "2018-09-18", "area": 149.295, "cuenca": "Tietar", "Tipo": "Laguna", "variacion": 325.25048828125 }, "geometry": { "type": "Point", "coordinates": [ -5.171664409229183, 40.111753355605508 ] } },
{ "type": "Feature", "properties": { "ID": 146197792.0, "NOMBRE": null, "TIPO_0316": "01", "REGIM_0316": "01", "F_ALTA": "2018-09-18", "area": 204.768, "cuenca": "Tietar", "Tipo": "Laguna", "variacion": 325.55599975585938 }, "geometry": { "type": "Point", "coordinates": [ -5.17180924935349, 40.113960369236857 ] } },
{ "type": "Feature", "properties": { "ID": 146197791.0, "NOMBRE": null, "TIPO_0316": "01", "REGIM_0316": "01", "F_ALTA": "2018-09-18", "area": 183.41, "cuenca": "Tietar", "Tipo": "Laguna", "variacion": 326.30899047851562 }, "geometry": { "type": "Point", "coordinates": [ -5.170256527353152, 40.116273829944681 ] } },
{ "type": "Feature", "properties": { "ID": 146197790.0, "NOMBRE": null, "TIPO_0316": "01", "REGIM_0316": "01", "F_ALTA": "2018-09-18", "area": 411.807, "cuenca": "Tietar", "Tipo": "Laguna", "variacion": 326.59942626953125 }, "geometry": { "type": "Point", "coordinates": [ -5.169493645275333, 40.117047454038989 ] } },
{ "type": "Feature", "properties": { "ID": 146209410.0, "NOMBRE": null, "TIPO_0316": "01", "REGIM_0316": "02", "F_ALTA": "2018-09-18", "area": 3168.615, "cuenca": "Tietar", "Tipo": "Laguna", "variacion": 325.24160766601562 }, "geometry": { "type": "Point", "coordinates": [ -5.166680204798215, 40.104161654320478 ] } },
{ "type": "Feature", "properties": { "ID": 146197788.0, "NOMBRE": null, "TIPO_0316": "01", "REGIM_0316": "01", "F_ALTA": "2018-09-18", "area": 24572.108, "cuenca": "Tietar", "Tipo": "Laguna", "variacion": 326.66366577148438 }, "geometry": { "type": "Point", "coordinates": [ -5.164194573119137, 40.109385490562019 ] } },
{ "type": "Feature", "properties": { "ID": 146209229.0, "NOMBRE": null, "TIPO_0316": "01", "REGIM_0316": "02", "F_ALTA": "2018-09-18", "area": 306.43, "cuenca": "Tietar", "Tipo": "Laguna", "variacion": 325.212890625 }, "geometry": { "type": "Point", "coordinates": [ -5.16280451648706, 40.098311753820724 ] } },
{ "type": "Feature", "properties": { "ID": 146197783.0, "NOMBRE": null, "TIPO_0316": "01", "REGIM_0316": "01", "F_ALTA": "2018-09-18", "area": 7568.263, "cuenca": "Tietar", "Tipo": "Laguna", "variacion": 328.62408447265625 }, "geometry": { "type": "Point", "coordinates": [ -5.159436923468967, 40.113813249784286 ] } },
{ "type": "Feature", "properties": { "ID": 146197781.0, "NOMBRE": null, "TIPO_0316": "01", "REGIM_0316": "01", "F_ALTA": "2018-09-18", "area": 922.466, "cuenca": "Tietar", "Tipo": "Laguna", "variacion": 329.3673095703125 }, "geometry": { "type": "Point", "coordinates": [ -5.153634364750392, 40.110167791446742 ] } },
{ "type": "Feature", "properties": { "ID": 146197780.0, "NOMBRE": null, "TIPO_0316": "01", "REGIM_0316": "01", "F_ALTA": "2018-09-18", "area": 1667.922, "cuenca": "Tietar", "Tipo": "Laguna", "variacion": 330.39639282226562 }, "geometry": { "type": "Point", "coordinates": [ -5.153790447265286, 40.115435882928089 ] } },
{ "type": "Feature", "properties": { "ID": 146197779.0, "NOMBRE": null, "TIPO_0316": "01", "REGIM_0316": "01", "F_ALTA": "2018-09-18", "area": 1843.583, "cuenca": "Tietar", "Tipo": "Laguna", "variacion": 329.23248291015625 }, "geometry": { "type": "Point", "coordinates": [ -5.15120185271725, 40.106448885031206 ] } },
{ "type": "Feature", "properties": { "ID": 146197777.0, "NOMBRE": null, "TIPO_0316": "01", "REGIM_0316": "01", "F_ALTA": "2018-09-18", "area": 1115.516, "cuenca": "Tietar", "Tipo": "Laguna", "variacion": 330.84725952148438 }, "geometry": { "type": "Point", "coordinates": [ -5.150641330817718, 40.113576934652457 ] } },
{ "type": "Feature", "properties": { "ID": 146209400.0, "NOMBRE": null, "TIPO_0316": "01", "REGIM_0316": "02", "F_ALTA": "2018-09-18", "area": 316.677, "cuenca": "Tietar", "Tipo": "Laguna", "variacion": 333.07147216796875 }, "geometry": { "type": "Point", "coordinates": [ -5.143779356535502, 40.115300436525118 ] } },
{ "type": "Feature", "properties": { "ID": 146209463.0, "NOMBRE": null, "TIPO_0316": "01", "REGIM_0316": "02", "F_ALTA": "2022-08-25", "area": 2749.452, "cuenca": "Tietar", "Tipo": "Laguna", "variacion": 331.83627319335938 }, "geometry": { "type": "Point", "coordinates": [ -5.141206737755232, 40.107361452488497 ] } },
{ "type": "Feature", "properties": { "ID": 146209462.0, "NOMBRE": null, "TIPO_0316": "01", "REGIM_0316": "02", "F_ALTA": "2018-09-18", "area": 781.066, "cuenca": "Tietar", "Tipo": "Laguna", "variacion": 334.10281372070312 }, "geometry": { "type": "Point", "coordinates": [ -5.14031564491567, 40.115550255769804 ] } },
{ "type": "Feature", "properties": { "ID": 146209460.0, "NOMBRE": null, "TIPO_0316": "01", "REGIM_0316": "02", "F_ALTA": "2018-09-18", "area": 990.687, "cuenca": "Tietar", "Tipo": "Laguna", "variacion": 333.09164428710938 }, "geometry": { "type": "Point", "coordinates": [ -5.134366465936402, 40.105409261038744 ] } },
{ "type": "Feature", "properties": { "ID": 146197904.0, "NOMBRE": null, "TIPO_0316": "01", "REGIM_0316": "01", "F_ALTA": "2022-08-25", "area": 1387.747, "cuenca": "Tietar", "Tipo": "Laguna", "variacion": 240.4710693359375 }, "geometry": { "type": "Point", "coordinates": [ -4.62783222766161, 40.205904135617573 ] } },
{ "type": "Feature", "properties": { "ID": 146198044.0, "NOMBRE": null, "TIPO_0316": "01", "REGIM_0316": "01", "F_ALTA": "2018-09-18", "area": 3866.832, "cuenca": "Alberche", "Tipo": "Laguna", "variacion": 326.20440673828125 }, "geometry": { "type": "Point", "coordinates": [ -4.792547593332004, 40.363448794964725 ] } },
{ "type": "Feature", "properties": { "ID": 146198070.0, "NOMBRE": null, "TIPO_0316": "01", "REGIM_0316": "01", "F_ALTA": "2018-09-18", "area": 1378.006, "cuenca": "Alberche", "Tipo": "Laguna", "variacion": 230.45045471191406 }, "geometry": { "type": "Point", "coordinates": [ -4.502728284126002, 40.389841035288264 ] } },
{ "type": "Feature", "properties": { "ID": 146198069.0, "NOMBRE": null, "TIPO_0316": "01", "REGIM_0316": "01", "F_ALTA": "2022-08-25", "area": 1614.842, "cuenca": "Alberche", "Tipo": "Laguna", "variacion": 230.22097778320312 }, "geometry": { "type": "Point", "coordinates": [ -4.485900538687635, 40.361383034432279 ] } },
{ "type": "Feature", "properties": { "ID": 146210715.0, "NOMBRE": null, "TIPO_0316": "01", "REGIM_0316": "02", "F_ALTA": "2018-09-18", "area": 458.532, "cuenca": "Alberche", "Tipo": "Laguna", "variacion": 230.26170349121094 }, "geometry": { "type": "Point", "coordinates": [ -4.475397939412812, 40.361769833520022 ] } },
{ "type": "Feature", "properties": { "ID": 146198077.0, "NOMBRE": null, "TIPO_0316": "01", "REGIM_0316": "01", "F_ALTA": "2018-09-18", "area": 2248.403, "cuenca": "Tietar", "Tipo": "Laguna", "variacion": 235.52510070800781 }, "geometry": { "type": "Point", "coordinates": [ -4.645112132304503, 40.344536450945746 ] } },
{ "type": "Feature", "properties": { "ID": 146210717.0, "NOMBRE": null, "TIPO_0316": "01", "REGIM_0316": "02", "F_ALTA": "2018-09-18", "area": 776.772, "cuenca": "Alberche", "Tipo": "Laguna", "variacion": 230.14958190917969 }, "geometry": { "type": "Point", "coordinates": [ -4.484439691188323, 40.355238365316389 ] } },
{ "type": "Feature", "properties": { "ID": 146198068.0, "NOMBRE": null, "TIPO_0316": "01", "REGIM_0316": "01", "F_ALTA": "2018-09-18", "area": 565.481, "cuenca": "Alberche", "Tipo": "Laguna", "variacion": 230.11660766601562 }, "geometry": { "type": "Point", "coordinates": [ -4.485322941731146, 40.353650060777788 ] } },
{ "type": "Feature", "properties": { "ID": 146210718.0, "NOMBRE": null, "TIPO_0316": "01", "REGIM_0316": "02", "F_ALTA": "2018-09-18", "area": 915.648, "cuenca": "Alberche", "Tipo": "Laguna", "variacion": 230.10227966308594 }, "geometry": { "type": "Point", "coordinates": [ -4.485298345619692, 40.352697267736275 ] } },
{ "type": "Feature", "properties": { "ID": 146210720.0, "NOMBRE": null, "TIPO_0316": "01", "REGIM_0316": "02", "F_ALTA": "2018-09-18", "area": 4112.447, "cuenca": "Alberche", "Tipo": "Laguna", "variacion": 229.9879150390625 }, "geometry": { "type": "Point", "coordinates": [ -4.489587104645429, 40.349587204559832 ] } },
{ "type": "Feature", "properties": { "ID": 146210712.0, "NOMBRE": null, "TIPO_0316": "01", "REGIM_0316": "02", "F_ALTA": "2018-09-18", "area": 291.241, "cuenca": "Alberche", "Tipo": "Laguna", "variacion": 230.30329895019531 }, "geometry": { "type": "Point", "coordinates": [ -4.453306334309484, 40.351381875652862 ] } },
{ "type": "Feature", "properties": { "ID": 146198074.0, "NOMBRE": null, "TIPO_0316": "01", "REGIM_0316": "01", "F_ALTA": "2018-09-18", "area": 2452.522, "cuenca": "Tietar", "Tipo": "Laguna", "variacion": 229.19346618652344 }, "geometry": { "type": "Point", "coordinates": [ -4.621080231475752, 40.334286376264984 ] } },
{ "type": "Feature", "properties": { "ID": 146198078.0, "NOMBRE": null, "TIPO_0316": "01", "REGIM_0316": "01", "F_ALTA": "2022-08-25", "area": 2560.721, "cuenca": "Tietar", "Tipo": "Laguna", "variacion": 232.2479248046875 }, "geometry": { "type": "Point", "coordinates": [ -4.645088342736862, 40.32731720195541 ] } },
{ "type": "Feature", "properties": { "ID": 146197910.0, "NOMBRE": null, "TIPO_0316": "01", "REGIM_0316": "01", "F_ALTA": "2018-09-18", "area": 737.045, "cuenca": "Tietar", "Tipo": "Laguna", "variacion": 284.20352172851562 }, "geometry": { "type": "Point", "coordinates": [ -4.745451754672239, 40.309459845973485 ] } },
{ "type": "Feature", "properties": { "ID": 146198081.0, "NOMBRE": null, "TIPO_0316": "01", "REGIM_0316": "01", "F_ALTA": "2018-09-18", "area": 1113.139, "cuenca": "Tietar", "Tipo": "Laguna", "variacion": 233.71693420410156 }, "geometry": { "type": "Point", "coordinates": [ -4.657410666129704, 40.315185753008215 ] } },
{ "type": "Feature", "properties": { "ID": 146198076.0, "NOMBRE": null, "TIPO_0316": "01", "REGIM_0316": "01", "F_ALTA": "2018-09-18", "area": 1054.335, "cuenca": "Tietar", "Tipo": "Laguna", "variacion": 228.97454833984375 }, "geometry": { "type": "Point", "coordinates": [ -4.642370233442524, 40.31017196990787 ] } },
{ "type": "Feature", "properties": { "ID": 146198075.0, "NOMBRE": null, "TIPO_0316": "01", "REGIM_0316": "01", "F_ALTA": "2018-09-18", "area": 2341.86, "cuenca": "Tietar", "Tipo": "Laguna", "variacion": 228.78921508789062 }, "geometry": { "type": "Point", "coordinates": [ -4.641772256271346, 40.310052397506553 ] } },
{ "type": "Feature", "properties": { "ID": 146198066.0, "NOMBRE": null, "TIPO_0316": "01", "REGIM_0316": "01", "F_ALTA": "2018-09-18", "area": 2786.707, "cuenca": "Alberche", "Tipo": "Laguna", "variacion": 230.0751953125 }, "geometry": { "type": "Point", "coordinates": [ -4.468227212686592, 40.325317666706738 ] } },
{ "type": "Feature", "properties": { "ID": 146198073.0, "NOMBRE": null, "TIPO_0316": "01", "REGIM_0316": "01", "F_ALTA": "2018-09-18", "area": 2280.967, "cuenca": "Tietar", "Tipo": "Laguna", "variacion": 223.54667663574219 }, "geometry": { "type": "Point", "coordinates": [ -4.599854015445613, 40.311034788639944 ] } },
{ "type": "Feature", "properties": { "ID": 146198072.0, "NOMBRE": null, "TIPO_0316": "01", "REGIM_0316": "01", "F_ALTA": "2018-09-18", "area": 3063.135, "cuenca": "Tietar", "Tipo": "Laguna", "variacion": 225.03297424316406 }, "geometry": { "type": "Point", "coordinates": [ -4.550595258762888, 40.312905111245328 ] } },
{ "type": "Feature", "properties": { "ID": 146196812.0, "NOMBRE": "Lago Colinar", "TIPO_0316": "01", "REGIM_0316": "01", "F_ALTA": "2021-05-25", "area": 4276.385, "cuenca": "Tietar", "Tipo": "Laguna", "variacion": 225.04055786132812 }, "geometry": { "type": "Point", "coordinates": [ -4.549507602015945, 40.312270291824326 ] } },
{ "type": "Feature", "properties": { "ID": 146197902.0, "NOMBRE": null, "TIPO_0316": "01", "REGIM_0316": "01", "F_ALTA": "2018-09-18", "area": 1903.173, "cuenca": "Tietar", "Tipo": "Laguna", "variacion": 223.19993591308594 }, "geometry": { "type": "Point", "coordinates": [ -4.605177258606755, 40.305431746623306 ] } },
{ "type": "Feature", "properties": { "ID": 146197909.0, "NOMBRE": null, "TIPO_0316": "01", "REGIM_0316": "01", "F_ALTA": "2018-09-18", "area": 572.253, "cuenca": "Tietar", "Tipo": "Laguna", "variacion": 247.980224609375 }, "geometry": { "type": "Point", "coordinates": [ -4.692414900956218, 40.2654794774122 ] } },
{ "type": "Feature", "properties": { "ID": 146197906.0, "NOMBRE": null, "TIPO_0316": "01", "REGIM_0316": "01", "F_ALTA": "2018-09-18", "area": 567.291, "cuenca": "Tietar", "Tipo": "Laguna", "variacion": 243.81010437011719 }, "geometry": { "type": "Point", "coordinates": [ -4.683219652907236, 40.262702719210708 ] } },
{ "type": "Feature", "properties": { "ID": 146197908.0, "NOMBRE": null, "TIPO_0316": "01", "REGIM_0316": "01", "F_ALTA": "2018-09-18", "area": 8759.631, "cuenca": "Tietar", "Tipo": "Laguna", "variacion": 247.80589294433594 }, "geometry": { "type": "Point", "coordinates": [ -4.691183068168003, 40.261559074564403 ] } },
{ "type": "Feature", "properties": { "ID": 146197907.0, "NOMBRE": null, "TIPO_0316": "01", "REGIM_0316": "01", "F_ALTA": "2018-09-18", "area": 256.422, "cuenca": "Tietar", "Tipo": "Laguna", "variacion": 245.76266479492188 }, "geometry": { "type": "Point", "coordinates": [ -4.686186593530502, 40.258626199168184 ] } },
{ "type": "Feature", "properties": { "ID": 142376875.0, "NOMBRE": null, "TIPO_0316": "01", "REGIM_0316": "02", "F_ALTA": "2018-06-14", "area": 241.041, "cuenca": "Trabancos", "Tipo": "Laguna", "variacion": 121.54844665527344 }, "geometry": { "type": "Point", "coordinates": [ -5.149069733651136, 41.056313276588703 ] } },
{ "type": "Feature", "properties": { "ID": 142376889.0, "NOMBRE": null, "TIPO_0316": "01", "REGIM_0316": "02", "F_ALTA": "2018-06-14", "area": 28732.683, "cuenca": "Trabancos", "Tipo": "Laguna", "variacion": 116.42613220214844 }, "geometry": { "type": "Point", "coordinates": [ -5.124744093499096, 41.034761994056133 ] } },
{ "type": "Feature", "properties": { "ID": 142377419.0, "NOMBRE": null, "TIPO_0316": "01", "REGIM_0316": "02", "F_ALTA": "2018-06-14", "area": 2341.025, "cuenca": "Adaja", "Tipo": "Laguna", "variacion": 139.56808471679688 }, "geometry": { "type": "Point", "coordinates": [ -4.482239353365096, 40.811337041071859 ] } },
{ "type": "Feature", "properties": { "ID": null, "NOMBRE": "NAVATEJARES (BALSA)", "TIPO_0316": null, "REGIM_0316": null, "F_ALTA": null, "area": 6434.677, "cuenca": "Tormes", "Tipo": "Embalse", "variacion": 171.55168151855469 }, "geometry": { "type": "Point", "coordinates": [ -5.518627017839036, 40.323806739685075 ] } },
{ "type": "Feature", "properties": { "ID": null, "NOMBRE": "PAJARERO, EL", "TIPO_0316": null, "REGIM_0316": null, "F_ALTA": null, "area": 39358.285, "cuenca": "Tietar", "Tipo": "Embalse", "variacion": 224.24354553222656 }, "geometry": { "type": "Point", "coordinates": [ -4.561830258269771, 40.311818901971144 ] } },
{ "type": "Feature", "properties": { "ID": null, "NOMBRE": "SERONES", "TIPO_0316": null, "REGIM_0316": null, "F_ALTA": null, "area": 1973994.131, "cuenca": "Adaja", "Tipo": "Embalse", "variacion": 176.36582946777344 }, "geometry": { "type": "Point", "coordinates": [ -4.455012314502411, 40.678573024882333 ] } },
{ "type": "Feature", "properties": { "ID": null, "NOMBRE": "FUENTES CLARAS (DIQUE DE COLA)", "TIPO_0316": null, "REGIM_0316": null, "F_ALTA": null, "area": 158067.385, "cuenca": "Adaja", "Tipo": "Embalse", "variacion": 155.96609497070312 }, "geometry": { "type": "Point", "coordinates": [ -4.709915390611317, 40.670493925838542 ] } },
{ "type": "Feature", "properties": { "ID": null, "NOMBRE": "PEGUERINOS", "TIPO_0316": null, "REGIM_0316": null, "F_ALTA": null, "area": 43821.957, "cuenca": "Alberche", "Tipo": "Embalse", "variacion": 193.94230651855469 }, "geometry": { "type": "Point", "coordinates": [ -4.223175119395178, 40.664697748319632 ] } },
{ "type": "Feature", "properties": { "ID": null, "NOMBRE": "MILAGRO, EL", "TIPO_0316": null, "REGIM_0316": null, "F_ALTA": null, "area": 199321.717, "cuenca": "Tormes", "Tipo": "Embalse", "variacion": 144.2589111328125 }, "geometry": { "type": "Point", "coordinates": [ -5.054347356302946, 40.747232627223191 ] } },
{ "type": "Feature", "properties": { "ID": null, "NOMBRE": "CASTRO DE LAS COGOTAS", "TIPO_0316": null, "REGIM_0316": null, "F_ALTA": null, "area": 3600598.58, "cuenca": "Adaja", "Tipo": "Embalse", "variacion": 150.55087280273438 }, "geometry": { "type": "Point", "coordinates": [ -4.693955960663275, 40.704792103013929 ] } },
{ "type": "Feature", "properties": { "ID": null, "NOMBRE": "ZORITA DE LOS MOLINOS", "TIPO_0316": null, "REGIM_0316": null, "F_ALTA": null, "area": 51027.964, "cuenca": "Adaja", "Tipo": "Embalse", "variacion": 108.24449920654297 }, "geometry": { "type": "Point", "coordinates": [ -4.697526424719243, 40.758536750048144 ] } },
{ "type": "Feature", "properties": { "ID": null, "NOMBRE": "LLANOS DEL TORMES, LOS (BALSA)", "TIPO_0316": null, "REGIM_0316": null, "F_ALTA": null, "area": 5125.728, "cuenca": "Tormes", "Tipo": "Embalse", "variacion": 175.09054565429688 }, "geometry": { "type": "Point", "coordinates": [ -5.482262900328363, 40.329222521394733 ] } },
{ "type": "Feature", "properties": { "ID": null, "NOMBRE": "LOSAR DEL BARCO, EL (BALSA)", "TIPO_0316": null, "REGIM_0316": null, "F_ALTA": null, "area": 3080.906, "cuenca": "Tormes", "Tipo": "Embalse", "variacion": 170.25871276855469 }, "geometry": { "type": "Point", "coordinates": [ -5.539928193378497, 40.381543360161864 ] } },
{ "type": "Feature", "properties": { "ID": null, "NOMBRE": "NAVACEPEDA DE TORMES", "TIPO_0316": null, "REGIM_0316": null, "F_ALTA": null, "area": 9513.986, "cuenca": "Tormes", "Tipo": "Embalse", "variacion": 317.39797973632812 }, "geometry": { "type": "Point", "coordinates": [ -5.254234231270241, 40.389784163122279 ] } },
{ "type": "Feature", "properties": { "ID": null, "NOMBRE": "NAVACEÑOS (BALSA)", "TIPO_0316": null, "REGIM_0316": null, "F_ALTA": null, "area": 3478.327, "cuenca": "Tormes", "Tipo": "Embalse", "variacion": 183.78932189941406 }, "geometry": { "type": "Point", "coordinates": [ -5.534219743549382, 40.296828455888864 ] } },
{ "type": "Feature", "properties": { "ID": null, "NOMBRE": "NAVALONGUILLA (BALSA)", "TIPO_0316": null, "REGIM_0316": null, "F_ALTA": null, "area": 1040.335, "cuenca": "Tormes", "Tipo": "Embalse", "variacion": 202.80245971679688 }, "geometry": { "type": "Point", "coordinates": [ -5.489634394475544, 40.277417624904409 ] } },
{ "type": "Feature", "properties": { "ID": null, "NOMBRE": "PALACIOS DE BECEDAS (BALSA)", "TIPO_0316": null, "REGIM_0316": null, "F_ALTA": null, "area": 3093.651, "cuenca": "Tormes", "Tipo": "Embalse", "variacion": 183.58946228027344 }, "geometry": { "type": "Point", "coordinates": [ -5.606383764656005, 40.393435597396348 ] } },
{ "type": "Feature", "properties": { "ID": null, "NOMBRE": "PORTERAS (BALSA)", "TIPO_0316": null, "REGIM_0316": null, "F_ALTA": null, "area": 70489.037, "cuenca": "Adaja", "Tipo": "Embalse", "variacion": 90.753089904785156 }, "geometry": { "type": "Point", "coordinates": [ -4.820036020703258, 40.98779309580619 ] } },
{ "type": "Feature", "properties": { "ID": null, "NOMBRE": "PUERTO CASTILLA (BALSA)", "TIPO_0316": null, "REGIM_0316": null, "F_ALTA": null, "area": 2580.253, "cuenca": "Tormes", "Tipo": "Embalse", "variacion": 200.30764770507812 }, "geometry": { "type": "Point", "coordinates": [ -5.627977794605123, 40.285711411342277 ] } },
{ "type": "Feature", "properties": { "ID": null, "NOMBRE": "NAVA DE AREVALO (BALSA)", "TIPO_0316": null, "REGIM_0316": null, "F_ALTA": null, "area": 86500.45, "cuenca": "Adaja", "Tipo": "Embalse", "variacion": 88.782096862792969 }, "geometry": { "type": "Point", "coordinates": [ -4.758848148257733, 40.966768277757843 ] } },
{ "type": "Feature", "properties": { "ID": null, "NOMBRE": "UMBRIAS (BALSA)", "TIPO_0316": null, "REGIM_0316": null, "F_ALTA": null, "area": 6882.426, "cuenca": "Tormes", "Tipo": "Embalse", "variacion": 184.67440795898438 }, "geometry": { "type": "Point", "coordinates": [ -5.567921072182161, 40.300389270613302 ] } },
{ "type": "Feature", "properties": { "ID": null, "NOMBRE": "VAUPERAL (BALSA)", "TIPO_0316": null, "REGIM_0316": null, "F_ALTA": null, "area": 37484.838, "cuenca": "Adaja", "Tipo": "Embalse", "variacion": 92.47064208984375 }, "geometry": { "type": "Point", "coordinates": [ -4.666534768814278, 40.94521653813274 ] } },
{ "type": "Feature", "properties": { "ID": null, "NOMBRE": "VILLAFRANCA DE LA SIERRA (BALSA)", "TIPO_0316": null, "REGIM_0316": null, "F_ALTA": null, "area": 7797.92, "cuenca": "Tormes", "Tipo": "Embalse", "variacion": 267.3463134765625 }, "geometry": { "type": "Point", "coordinates": [ -5.232308764393448, 40.492027008795489 ] } },
{ "type": "Feature", "properties": { "ID": null, "NOMBRE": "ZAPARDIEL DE LA CAÑADA", "TIPO_0316": null, "REGIM_0316": null, "F_ALTA": null, "area": 109962.085, "cuenca": "Tormes", "Tipo": "Embalse", "variacion": 227.77825927734375 }, "geometry": { "type": "Point", "coordinates": [ -5.311565674390756, 40.591738250739681 ] } },
{ "type": "Feature", "properties": { "ID": null, "NOMBRE": "CANDELEDA", "TIPO_0316": null, "REGIM_0316": null, "F_ALTA": null, "area": 9.595, "cuenca": "Tietar", "Tipo": "Embalse", "variacion": 317.18536376953125 }, "geometry": { "type": "Point", "coordinates": [ -5.239231497837858, 40.170189598458151 ] } },
{ "type": "Feature", "properties": { "ID": null, "NOMBRE": "GARGANTA BLANCA", "TIPO_0316": null, "REGIM_0316": null, "F_ALTA": null, "area": 9.588, "cuenca": "Tietar", "Tipo": "Embalse", "variacion": 323.38372802734375 }, "geometry": { "type": "Point", "coordinates": [ -5.249655272001888, 40.219461159639941 ] } },
{ "type": "Feature", "properties": { "ID": null, "NOMBRE": "GARGANTA DE LA VEGA", "TIPO_0316": null, "REGIM_0316": null, "F_ALTA": null, "area": 9.583, "cuenca": "Tormes", "Tipo": "Embalse", "variacion": 215.82415771484375 }, "geometry": { "type": "Point", "coordinates": [ -5.602776701470209, 40.243132395819558 ] } },
{ "type": "Feature", "properties": { "ID": null, "NOMBRE": "GARGANTA LOBREGA", "TIPO_0316": null, "REGIM_0316": null, "F_ALTA": null, "area": 9.585, "cuenca": "Tietar", "Tipo": "Embalse", "variacion": 344.4193115234375 }, "geometry": { "type": "Point", "coordinates": [ -5.21552560578088, 40.233407056026266 ] } },
{ "type": "Feature", "properties": { "ID": null, "NOMBRE": "GARGANTON", "TIPO_0316": null, "REGIM_0316": null, "F_ALTA": null, "area": 9.581, "cuenca": "Tormes", "Tipo": "Embalse", "variacion": 312.32461547851562 }, "geometry": { "type": "Point", "coordinates": [ -5.287545404219081, 40.266353648845481 ] } },
{ "type": "Feature", "properties": { "ID": null, "NOMBRE": "CAÑADA, LA", "TIPO_0316": null, "REGIM_0316": null, "F_ALTA": null, "area": 9.534, "cuenca": "Alberche", "Tipo": "Embalse", "variacion": 191.38525390625 }, "geometry": { "type": "Point", "coordinates": [ -4.493316211039744, 40.614111967118767 ] } },
{ "type": "Feature", "properties": { "ID": null, "NOMBRE": "LAGUNA GRANDE", "TIPO_0316": null, "REGIM_0316": null, "F_ALTA": null, "area": 9.582, "cuenca": "Tormes", "Tipo": "Embalse", "variacion": 317.59808349609375 }, "geometry": { "type": "Point", "coordinates": [ -5.27691191432169, 40.257149895914566 ] } },
{ "type": "Feature", "properties": { "ID": null, "NOMBRE": "LLANOS DEL TORMES, LOS", "TIPO_0316": null, "REGIM_0316": null, "F_ALTA": null, "area": 9.572, "cuenca": "Tormes", "Tipo": "Embalse", "variacion": 176.88650512695312 }, "geometry": { "type": "Point", "coordinates": [ -5.48638215324007, 40.321513138810225 ] } },
{ "type": "Feature", "properties": { "ID": null, "NOMBRE": "BARRERONES", "TIPO_0316": null, "REGIM_0316": null, "F_ALTA": null, "area": 9.581, "cuenca": "Tormes", "Tipo": "Embalse", "variacion": 320.99295043945312 }, "geometry": { "type": "Point", "coordinates": [ -5.270741199683678, 40.262838283382955 ] } },
{ "type": "Feature", "properties": { "ID": null, "NOMBRE": "PINAR, DEL (ARROYO)", "TIPO_0316": null, "REGIM_0316": null, "F_ALTA": null, "area": 9.576, "cuenca": "Tormes", "Tipo": "Embalse", "variacion": 306.31118774414062 }, "geometry": { "type": "Point", "coordinates": [ -5.292458784190389, 40.29970368294417 ] } },
{ "type": "Feature", "properties": { "ID": null, "NOMBRE": "CINCO LAGUNAS", "TIPO_0316": null, "REGIM_0316": null, "F_ALTA": null, "area": 9.579, "cuenca": "Tormes", "Tipo": "Embalse", "variacion": 305.340576171875 }, "geometry": { "type": "Point", "coordinates": [ -5.300406657005412, 40.27180073139391 ] } },
{ "type": "Feature", "properties": { "ID": null, "NOMBRE": "VALLEJO HONDO", "TIPO_0316": null, "REGIM_0316": null, "F_ALTA": null, "area": 9.549, "cuenca": "Alberche", "Tipo": "Embalse", "variacion": 220.81643676757812 }, "geometry": { "type": "Point", "coordinates": [ -4.681575551103095, 40.497460373251542 ] } },
{ "type": "Feature", "properties": { "ID": null, "NOMBRE": "MORISCO", "TIPO_0316": null, "REGIM_0316": null, "F_ALTA": null, "area": 9.564, "cuenca": "Alberche", "Tipo": "Embalse", "variacion": 319.07296752929688 }, "geometry": { "type": "Point", "coordinates": [ -4.80125872903948, 40.399149555472817 ] } },
{ "type": "Feature", "properties": { "ID": null, "NOMBRE": "NAVARREVISCA", "TIPO_0316": null, "REGIM_0316": null, "F_ALTA": null, "area": 9.565, "cuenca": "Alberche", "Tipo": "Embalse", "variacion": 423.72390747070312 }, "geometry": { "type": "Point", "coordinates": [ -4.883275324334298, 40.390086189942458 ] } },
{ "type": "Feature", "properties": { "ID": null, "NOMBRE": "NUESTRA SEÑORA DEL CUBILLO", "TIPO_0316": null, "REGIM_0316": null, "F_ALTA": null, "area": 9.52, "cuenca": "Adaja", "Tipo": "Embalse", "variacion": 157.1636962890625 }, "geometry": { "type": "Point", "coordinates": [ -4.538900595033449, 40.709928997631685 ] } },
{ "type": "Feature", "properties": { "ID": null, "NOMBRE": "VENTA DEL OBISPO", "TIPO_0316": null, "REGIM_0316": null, "F_ALTA": null, "area": 9.566, "cuenca": "Alberche", "Tipo": "Embalse", "variacion": 595.56707763671875 }, "geometry": { "type": "Point", "coordinates": [ -4.98074554055057, 40.378529939382823 ] } },
{ "type": "Feature", "properties": { "ID": null, "NOMBRE": "MIJARES", "TIPO_0316": null, "REGIM_0316": null, "F_ALTA": null, "area": 9.564, "cuenca": "Alberche", "Tipo": "Embalse", "variacion": 331.31588745117188 }, "geometry": { "type": "Point", "coordinates": [ -4.814319228483441, 40.39889125139905 ] } },
{ "type": "Feature", "properties": { "ID": null, "NOMBRE": "PASCUALCOBO", "TIPO_0316": null, "REGIM_0316": null, "F_ALTA": null, "area": 9.528, "cuenca": "Tormes", "Tipo": "Embalse", "variacion": 213.35023498535156 }, "geometry": { "type": "Point", "coordinates": [ -5.279769597460364, 40.640463391849252 ] } },
{ "type": "Feature", "properties": { "ID": null, "NOMBRE": "PAVONA, LA", "TIPO_0316": null, "REGIM_0316": null, "F_ALTA": null, "area": 9.542, "cuenca": "Adaja", "Tipo": "Embalse", "variacion": 196.15997314453125 }, "geometry": { "type": "Point", "coordinates": [ -4.706789744733237, 40.547582484317914 ] } },
{ "type": "Feature", "properties": { "ID": null, "NOMBRE": "BURGOHONDO (BALSA)", "TIPO_0316": null, "REGIM_0316": null, "F_ALTA": null, "area": 3866.837, "cuenca": "Alberche", "Tipo": "Embalse", "variacion": 326.20440673828125 }, "geometry": { "type": "Point", "coordinates": [ -4.79254759318305, 40.363448794954351 ] } },
{ "type": "Feature", "properties": { "ID": null, "NOMBRE": "LOBERAS, LAS (BALSA)", "TIPO_0316": null, "REGIM_0316": null, "F_ALTA": null, "area": 18153.484, "cuenca": "Tietar", "Tipo": "Embalse", "variacion": 324.8468017578125 }, "geometry": { "type": "Point", "coordinates": [ -5.196917819780372, 40.151762614357629 ] } },
{ "type": "Feature", "properties": { "ID": null, "NOMBRE": "PEPELIN", "TIPO_0316": null, "REGIM_0316": null, "F_ALTA": null, "area": 21952.323, "cuenca": "Tietar", "Tipo": "Embalse", "variacion": 291.0469970703125 }, "geometry": { "type": "Point", "coordinates": [ -4.753486929629109, 40.302220104704638 ] } },
{ "type": "Feature", "properties": { "ID": null, "NOMBRE": "MAJALAHONDA", "TIPO_0316": null, "REGIM_0316": null, "F_ALTA": null, "area": 3134.096, "cuenca": "Tietar", "Tipo": "Embalse", "variacion": 234.26570129394531 }, "geometry": { "type": "Point", "coordinates": [ -4.603918059398384, 40.216791723549413 ] } },
{ "type": "Feature", "properties": { "ID": null, "NOMBRE": "VILLAREJO DEL VALLE (BALSA)", "TIPO_0316": null, "REGIM_0316": null, "F_ALTA": null, "area": 3026.976, "cuenca": "Tietar", "Tipo": "Embalse", "variacion": 619.11407470703125 }, "geometry": { "type": "Point", "coordinates": [ -4.992549173988367, 40.300336244594419 ] } },
{ "type": "Feature", "properties": { "ID": null, "NOMBRE": "VETONIA, LA", "TIPO_0316": null, "REGIM_0316": null, "F_ALTA": null, "area": 20478.511, "cuenca": "Tietar", "Tipo": "Embalse", "variacion": 311.88885498046875 }, "geometry": { "type": "Point", "coordinates": [ -5.333280817375783, 40.158921272978127 ] } },
{ "type": "Feature", "properties": { "ID": null, "NOMBRE": "PINARA, LA", "TIPO_0316": null, "REGIM_0316": null, "F_ALTA": null, "area": 3443.401, "cuenca": "Tietar", "Tipo": "Embalse", "variacion": 231.97076416015625 }, "geometry": { "type": "Point", "coordinates": [ -4.652920280436183, 40.312436465630249 ] } },
{ "type": "Feature", "properties": { "ID": null, "NOMBRE": "HOYOS DEL ESPINO", "TIPO_0316": null, "REGIM_0316": null, "F_ALTA": null, "area": 19091.084, "cuenca": "Tormes", "Tipo": "Embalse", "variacion": 408.51937866210938 }, "geometry": { "type": "Point", "coordinates": [ -5.170979778725163, 40.37471709518131 ] } },
{ "type": "Feature", "properties": { "ID": null, "NOMBRE": "BARBELLIDO", "TIPO_0316": null, "REGIM_0316": null, "F_ALTA": null, "area": 7054.886, "cuenca": "Tormes", "Tipo": "Embalse", "variacion": 362.69888305664062 }, "geometry": { "type": "Point", "coordinates": [ -5.224248224280152, 40.328579305776017 ] } },
{ "type": "Feature", "properties": { "ID": null, "NOMBRE": "BECEDAS (BALSA)", "TIPO_0316": null, "REGIM_0316": null, "F_ALTA": null, "area": 11905.593, "cuenca": "Tormes", "Tipo": "Embalse", "variacion": 191.18063354492188 }, "geometry": { "type": "Point", "coordinates": [ -5.641561184228148, 40.396171711416741 ] } },
{ "type": "Feature", "properties": { "ID": null, "NOMBRE": "FRESNILLO, EL (BALSA)", "TIPO_0316": null, "REGIM_0316": null, "F_ALTA": null, "area": 48343.077, "cuenca": "Adaja", "Tipo": "Embalse", "variacion": 161.13787841796875 }, "geometry": { "type": "Point", "coordinates": [ -4.645649675488794, 40.623116589487353 ] } },
{ "type": "Feature", "properties": { "ID": null, "NOMBRE": "GALLEGOS DE SOBRINOS", "TIPO_0316": null, "REGIM_0316": null, "F_ALTA": null, "area": 123286.546, "cuenca": "Tormes", "Tipo": "Embalse", "variacion": 190.05909729003906 }, "geometry": { "type": "Point", "coordinates": [ -5.096780550715496, 40.670270817447829 ] } },
{ "type": "Feature", "properties": { "ID": null, "NOMBRE": "HERGUIJUELA, LA (BALSA)", "TIPO_0316": null, "REGIM_0316": null, "F_ALTA": null, "area": 13778.344, "cuenca": "Tormes", "Tipo": "Embalse", "variacion": 297.456787109375 }, "geometry": { "type": "Point", "coordinates": [ -5.264492273689616, 40.41968874768363 ] } },
{ "type": "Feature", "properties": { "ID": null, "NOMBRE": "HORNILLOS, LOS", "TIPO_0316": null, "REGIM_0316": null, "F_ALTA": null, "area": 7319.266, "cuenca": "Tietar", "Tipo": "Embalse", "variacion": 233.53337097167969 }, "geometry": { "type": "Point", "coordinates": [ -4.651140615518996, 40.325686174226306 ] } },
{ "type": "Feature", "properties": { "ID": null, "NOMBRE": "GARGANTA ELIZA", "TIPO_0316": null, "REGIM_0316": null, "F_ALTA": null, "area": 20680.939, "cuenca": "Tietar", "Tipo": "Embalse", "variacion": 444.9852294921875 }, "geometry": { "type": "Point", "coordinates": [ -4.935646930357346, 40.222206468361755 ] } },
{ "type": "Feature", "properties": { "ID": null, "NOMBRE": "NAVALMORAL", "TIPO_0316": null, "REGIM_0316": null, "F_ALTA": null, "area": 7852.846, "cuenca": "Alberche", "Tipo": "Embalse", "variacion": 251.86515808105469 }, "geometry": { "type": "Point", "coordinates": [ -4.763084621979652, 40.472855536243756 ] } },
{ "type": "Feature", "properties": { "ID": null, "NOMBRE": "CASAVIEJA", "TIPO_0316": null, "REGIM_0316": null, "F_ALTA": null, "area": 39386.003, "cuenca": "Tietar", "Tipo": "Embalse", "variacion": 293.32882690429688 }, "geometry": { "type": "Point", "coordinates": [ -4.755698339791483, 40.311082061451508 ] } },
{ "type": "Feature", "properties": { "ID": null, "NOMBRE": "NAVALPERAL DE PINARES", "TIPO_0316": null, "REGIM_0316": null, "F_ALTA": null, "area": 98919.365, "cuenca": "Alberche", "Tipo": "Embalse", "variacion": 199.02357482910156 }, "geometry": { "type": "Point", "coordinates": [ -4.473526316025595, 40.60149911176164 ] } },
{ "type": "Feature", "properties": { "ID": null, "NOMBRE": "SAN ESTEBAN (TAJO)", "TIPO_0316": null, "REGIM_0316": null, "F_ALTA": null, "area": 9.578, "cuenca": "Tietar", "Tipo": "Embalse", "variacion": 578.8681640625 }, "geometry": { "type": "Point", "coordinates": [ -4.965716674022162, 40.290179747296413 ] } },
{ "type": "Feature", "properties": { "ID": null, "NOMBRE": "SANTA MARIA DE CANDELEDA (AZUD)", "TIPO_0316": null, "REGIM_0316": null, "F_ALTA": null, "area": 9.595, "cuenca": "Tietar", "Tipo": "Embalse", "variacion": 317.18536376953125 }, "geometry": { "type": "Point", "coordinates": [ -5.239232089935081, 40.170207603826881 ] } },
{ "type": "Feature", "properties": { "ID": null, "NOMBRE": "SANTIAGO DE ARAVALLE (BALSA)", "TIPO_0316": null, "REGIM_0316": null, "F_ALTA": null, "area": 9.573, "cuenca": "Tormes", "Tipo": "Embalse", "variacion": 192.88992309570312 }, "geometry": { "type": "Point", "coordinates": [ -5.626577284394929, 40.308963800758079 ] } },
{ "type": "Feature", "properties": { "ID": null, "NOMBRE": "TIETAR (AZUD DERIVACION)", "TIPO_0316": null, "REGIM_0316": null, "F_ALTA": null, "area": 9.597, "cuenca": "Tietar", "Tipo": "Embalse", "variacion": 391.52090454101562 }, "geometry": { "type": "Point", "coordinates": [ -5.014178757804134, 40.159506164553406 ] } },
{ "type": "Feature", "properties": { "ID": null, "NOMBRE": "GARGANTA HONDA", "TIPO_0316": null, "REGIM_0316": null, "F_ALTA": null, "area": 14043.371, "cuenca": "Adaja", "Tipo": "Embalse", "variacion": 238.74201965332031 }, "geometry": { "type": "Point", "coordinates": [ -4.905034910180331, 40.528602937645807 ] } },
{ "type": "Feature", "properties": { "ID": null, "NOMBRE": "BECEDAS II", "TIPO_0316": null, "REGIM_0316": null, "F_ALTA": null, "area": 41507.691, "cuenca": "Alberche", "Tipo": "Embalse", "variacion": 228.46656799316406 }, "geometry": { "type": "Point", "coordinates": [ -4.446058626821277, 40.513051727588 ] } },
{ "type": "Feature", "properties": { "ID": null, "NOMBRE": "BECEDAS I", "TIPO_0316": null, "REGIM_0316": null, "F_ALTA": null, "area": 53542.018, "cuenca": "Alberche", "Tipo": "Embalse", "variacion": 229.224853515625 }, "geometry": { "type": "Point", "coordinates": [ -4.445610504361304, 40.50806388058475 ] } },
{ "type": "Feature", "properties": { "ID": null, "NOMBRE": "CHARCO DEL CURA", "TIPO_0316": null, "REGIM_0316": null, "F_ALTA": null, "area": 345151.738, "cuenca": "Alberche", "Tipo": "Embalse", "variacion": 230.35188293457031 }, "geometry": { "type": "Point", "coordinates": [ -4.511367513997453, 40.424974891235919 ] } },
{ "type": "Feature", "properties": { "ID": null, "NOMBRE": "BURGUILLO, EL", "TIPO_0316": null, "REGIM_0316": null, "F_ALTA": null, "area": 8799734.603, "cuenca": "Alberche", "Tipo": "Embalse", "variacion": 231.17529296875 }, "geometry": { "type": "Point", "coordinates": [ -4.583987157196305, 40.426522490739657 ] } },
{ "type": "Feature", "properties": { "ID": null, "NOMBRE": "SAN JUAN", "TIPO_0316": null, "REGIM_0316": null, "F_ALTA": null, "area": 991338.124, "cuenca": "Alberche", "Tipo": "Embalse", "variacion": 230.08303833007812 }, "geometry": { "type": "Point", "coordinates": [ -4.415670632707214, 40.410498985968239 ] } },
{ "type": "Feature", "properties": { "ID": null, "NOMBRE": "HINCHONA, LA", "TIPO_0316": null, "REGIM_0316": null, "F_ALTA": null, "area": 10107.161, "cuenca": "Alberche", "Tipo": "Embalse", "variacion": 230.4619140625 }, "geometry": { "type": "Point", "coordinates": [ -4.508090247232412, 40.383616461005218 ] } },
{ "type": "Feature", "properties": { "ID": null, "NOMBRE": "SANTA LUCIA DE LA SIERRA", "TIPO_0316": null, "REGIM_0316": null, "F_ALTA": null, "area": 118398.408, "cuenca": "Tormes", "Tipo": "Embalse", "variacion": 179.23342895507812 }, "geometry": { "type": "Point", "coordinates": [ -5.596011567009782, 40.341639791036073 ] } },
{ "type": "Feature", "properties": { "ID": null, "NOMBRE": "ARAVALLE", "TIPO_0316": null, "REGIM_0316": null, "F_ALTA": null, "area": 19708.114, "cuenca": "Tormes", "Tipo": "Embalse", "variacion": 179.97023010253906 }, "geometry": { "type": "Point", "coordinates": [ -5.586471074962999, 40.324554454389535 ] } },
{ "type": "Feature", "properties": { "ID": null, "NOMBRE": "PIEDRALAVES", "TIPO_0316": null, "REGIM_0316": null, "F_ALTA": null, "area": 43022.773, "cuenca": "Tietar", "Tipo": "Embalse", "variacion": 258.67156982421875 }, "geometry": { "type": "Point", "coordinates": [ -4.706726616271415, 40.339191571304561 ] } },
{ "type": "Feature", "properties": { "ID": null, "NOMBRE": "DUQUE, EL", "TIPO_0316": null, "REGIM_0316": null, "F_ALTA": null, "area": 220890.302, "cuenca": "Tormes", "Tipo": "Embalse", "variacion": 206.178466796875 }, "geometry": { "type": "Point", "coordinates": [ -5.68721618326039, 40.303150091989124 ] } },
{ "type": "Feature", "properties": { "ID": null, "NOMBRE": "ARENAS DE SAN PEDRO", "TIPO_0316": null, "REGIM_0316": null, "F_ALTA": null, "area": 82064.204, "cuenca": "Tietar", "Tipo": "Embalse", "variacion": 416.28915405273438 }, "geometry": { "type": "Point", "coordinates": [ -5.10346072743496, 40.214034605366926 ] } },
{ "type": "Feature", "properties": { "ID": null, "NOMBRE": "ROSARITO", "TIPO_0316": null, "REGIM_0316": null, "F_ALTA": null, "area": 3302214.039, "cuenca": "Tietar", "Tipo": "Embalse", "variacion": 312.45553588867188 }, "geometry": { "type": "Point", "coordinates": [ -5.280042998301801, 40.111349067066108 ] } },
{ "type": "Feature", "properties": { "ID": null, "NOMBRE": "CIUDAD DUCAL", "TIPO_0316": null, "REGIM_0316": null, "F_ALTA": null, "area": 53016.309, "cuenca": "Alberche", "Tipo": "Embalse", "variacion": 213.27394104003906 }, "geometry": { "type": "Point", "coordinates": [ -4.377734869760377, 40.57237379403518 ] } },
{ "type": "Feature", "properties": { "ID": null, "NOMBRE": "VALTRAVIES (ARROYO)", "TIPO_0316": null, "REGIM_0316": null, "F_ALTA": null, "area": 75114.372, "cuenca": "Alberche", "Tipo": "Embalse", "variacion": 197.14955139160156 }, "geometry": { "type": "Point", "coordinates": [ -4.323676987670276, 40.638099570078545 ] } },
{ "type": "Feature", "properties": { "ID": null, "NOMBRE": "ACEÑA, LA", "TIPO_0316": null, "REGIM_0316": null, "F_ALTA": null, "area": 1079294.093, "cuenca": "Alberche", "Tipo": "Embalse", "variacion": 201.38287353515625 }, "geometry": { "type": "Point", "coordinates": [ -4.223123570824193, 40.620668050197445 ] } },
{ "type": "Feature", "properties": { "ID": null, "NOMBRE": "NAVAS DEL MARQUES, LAS", "TIPO_0316": null, "REGIM_0316": null, "F_ALTA": null, "area": 218864.877, "cuenca": "Alberche", "Tipo": "Embalse", "variacion": 197.60877990722656 }, "geometry": { "type": "Point", "coordinates": [ -4.304169599017445, 40.637984027324698 ] } },
{ "type": "Feature", "properties": { "ID": null, "NOMBRE": "SANTA CRUZ DE PINARES", "TIPO_0316": null, "REGIM_0316": null, "F_ALTA": null, "area": 71041.151, "cuenca": "Alberche", "Tipo": "Embalse", "variacion": 198.7042236328125 }, "geometry": { "type": "Point", "coordinates": [ -4.590184648422762, 40.553936921546182 ] } },
{ "type": "Feature", "properties": { "ID": null, "NOMBRE": "BECERRIL", "TIPO_0316": null, "REGIM_0316": null, "F_ALTA": null, "area": 288602.822, "cuenca": "Adaja", "Tipo": "Embalse", "variacion": 181.91862487792969 }, "geometry": { "type": "Point", "coordinates": [ -4.645165783945648, 40.572713755491904 ] } }
]
}
