{
"type": "FeatureCollection",
"name": "red_electrica",
"crs": { "type": "name", "properties": { "name": "urn:ogc:def:crs:OGC:1.3:CRS84" } },
"features": [
{ "type": "Feature", "properties": { "fid": 1, "INSPIREID": "ES.IGN.BDDAE.34070500000", "COUNTRY": "ES", "NATLEV": "https://inspire.ec.europa.eu/codelist/AdministrativeHierarchyLevel/3rdOrder", "NATLEVNAME": "Provincia", "NATCODE": "34070500000", "NAMEUNIT": "Ávila", "CODNUT1": "ES4", "CODNUT2": "ES41", "CODNUT3": null }, "geometry": { "type": "MultiLineString", "coordinates": [ [ [ -4.784522, 41.142368 ], [ -4.785606759699361, 41.143671466493153 ] ] ] } },
{ "type": "Feature", "properties": { "fid": 1, "INSPIREID": "ES.IGN.BDDAE.34070500000", "COUNTRY": "ES", "NATLEV": "https://inspire.ec.europa.eu/codelist/AdministrativeHierarchyLevel/3rdOrder", "NATLEVNAME": "Provincia", "NATCODE": "34070500000", "NAMEUNIT": "Ávila", "CODNUT1": "ES4", "CODNUT2": "ES41", "CODNUT3": null }, "geometry": { "type": "MultiLineString", "coordinates": [ [ [ -4.773972, 41.141297 ], [ -4.775597124690504, 41.144589706211136 ] ] ] } },
{ "type": "Feature", "properties": { "fid": 1, "INSPIREID": "ES.IGN.BDDAE.34070500000", "COUNTRY": "ES", "NATLEV": "https://inspire.ec.europa.eu/codelist/AdministrativeHierarchyLevel/3rdOrder", "NATLEVNAME": "Provincia", "NATCODE": "34070500000", "NAMEUNIT": "Ávila", "CODNUT1": "ES4", "CODNUT2": "ES41", "CODNUT3": null }, "geometry": { "type": "MultiLineString", "coordinates": [ [ [ -4.715316659210029, 41.069264386139203 ], [ -4.71717, 41.07035 ], [ -4.717243, 41.070385 ], [ -4.717581, 41.070587 ], [ -4.717787, 41.07071 ], [ -4.719394, 41.07165 ], [ -4.719612, 41.071773 ], [ -4.719708, 41.071834 ], [ -4.719854, 41.071922 ], [ -4.719999, 41.072001 ], [ -4.723335, 41.073951 ], [ -4.723431, 41.074013 ], [ -4.725627, 41.075574 ], [ -4.726815, 41.076421 ], [ -4.726827, 41.07643 ], [ -4.726948, 41.0765 ], [ -4.731461, 41.079279 ], [ -4.731497, 41.079296 ], [ -4.733893, 41.080774 ], [ -4.735708, 41.08189 ], [ -4.73588, 41.082077 ], [ -4.736394, 41.082619 ], [ -4.736806, 41.082901 ], [ -4.73717, 41.083147 ], [ -4.737556, 41.083331 ], [ -4.737822, 41.083498 ], [ -4.737834, 41.083507 ] ] ] } },
{ "type": "Feature", "properties": { "fid": 1, "INSPIREID": "ES.IGN.BDDAE.34070500000", "COUNTRY": "ES", "NATLEV": "https://inspire.ec.europa.eu/codelist/AdministrativeHierarchyLevel/3rdOrder", "NATLEVNAME": "Provincia", "NATCODE": "34070500000", "NAMEUNIT": "Ávila", "CODNUT1": "ES4", "CODNUT2": "ES41", "CODNUT3": null }, "geometry": { "type": "MultiLineString", "coordinates": [ [ [ -4.687639, 41.038602 ], [ -4.689748, 41.041084 ], [ -4.689908, 41.041271 ], [ -4.691501, 41.043085 ], [ -4.692273, 41.043966 ], [ -4.693144, 41.045007 ], [ -4.693402, 41.045327 ], [ -4.693537, 41.045487 ], [ -4.693562, 41.045514 ], [ -4.694139, 41.046208 ], [ -4.696248, 41.048645 ], [ -4.696321, 41.048734 ], [ -4.69648, 41.048903 ], [ -4.696934, 41.04941 ], [ -4.696958, 41.049427 ], [ -4.697044, 41.049525 ], [ -4.697191, 41.049694 ], [ -4.69795, 41.050539 ], [ -4.698159, 41.05077 ], [ -4.698404, 41.051046 ], [ -4.699054, 41.051811 ], [ -4.699055851474645, 41.051813777211969 ] ] ] } },
{ "type": "Feature", "properties": { "fid": 1, "INSPIREID": "ES.IGN.BDDAE.34070500000", "COUNTRY": "ES", "NATLEV": "https://inspire.ec.europa.eu/codelist/AdministrativeHierarchyLevel/3rdOrder", "NATLEVNAME": "Provincia", "NATCODE": "34070500000", "NAMEUNIT": "Ávila", "CODNUT1": "ES4", "CODNUT2": "ES41", "CODNUT3": null }, "geometry": { "type": "MultiLineString", "coordinates": [ [ [ -4.559478253878501, 40.886450427184784 ], [ -4.559645, 40.886731 ], [ -4.55978, 40.886936 ], [ -4.560534, 40.888214 ], [ -4.561632, 40.889965 ], [ -4.562051, 40.890626 ], [ -4.563211, 40.89252 ], [ -4.563606, 40.893163 ], [ -4.565148, 40.895628 ], [ -4.565654, 40.89645 ], [ -4.566531, 40.897888 ], [ -4.568161, 40.90056 ], [ -4.568285, 40.900765 ], [ -4.568396, 40.900944 ], [ -4.568803, 40.901614 ], [ -4.570383, 40.90416 ], [ -4.570741, 40.904731 ], [ -4.571692, 40.906268 ], [ -4.572964, 40.90834 ], [ -4.574408, 40.910689 ], [ -4.575323, 40.912181 ], [ -4.576063, 40.913342 ], [ -4.576828, 40.914557 ], [ -4.577656, 40.915933 ], [ -4.578212, 40.916844 ] ] ] } },
{ "type": "Feature", "properties": { "fid": 1, "INSPIREID": "ES.IGN.BDDAE.34070500000", "COUNTRY": "ES", "NATLEV": "https://inspire.ec.europa.eu/codelist/AdministrativeHierarchyLevel/3rdOrder", "NATLEVNAME": "Provincia", "NATCODE": "34070500000", "NAMEUNIT": "Ávila", "CODNUT1": "ES4", "CODNUT2": "ES41", "CODNUT3": null }, "geometry": { "type": "MultiLineString", "coordinates": [ [ [ -4.540058, 40.854902 ], [ -4.540797, 40.85606 ], [ -4.541303, 40.8569 ], [ -4.541501, 40.85723 ], [ -4.541562, 40.857329 ], [ -4.541994, 40.858052 ], [ -4.542303, 40.858553 ], [ -4.542525, 40.858928 ], [ -4.542957, 40.859679 ], [ -4.543761, 40.861091 ], [ -4.545514, 40.863996 ], [ -4.547, 40.866165 ], [ -4.547111, 40.866334 ], [ -4.54753, 40.867031 ], [ -4.547654, 40.867237 ], [ -4.548678, 40.868944 ], [ -4.550417, 40.871758 ], [ -4.552107, 40.8745 ], [ -4.553821, 40.877261 ], [ -4.55429, 40.878038 ], [ -4.55508, 40.879334 ], [ -4.555352, 40.879789 ], [ -4.555611, 40.8802 ], [ -4.555685, 40.880325 ], [ -4.555931, 40.880709 ], [ -4.55709, 40.882559 ], [ -4.557854, 40.883773 ], [ -4.558533, 40.884854 ], [ -4.558910574381447, 40.885492280501964 ] ] ] } },
{ "type": "Feature", "properties": { "fid": 1, "INSPIREID": "ES.IGN.BDDAE.34070500000", "COUNTRY": "ES", "NATLEV": "https://inspire.ec.europa.eu/codelist/AdministrativeHierarchyLevel/3rdOrder", "NATLEVNAME": "Provincia", "NATCODE": "34070500000", "NAMEUNIT": "Ávila", "CODNUT1": "ES4", "CODNUT2": "ES41", "CODNUT3": null }, "geometry": { "type": "MultiLineString", "coordinates": [ [ [ -4.716285013951246, 41.071032885471126 ], [ -4.716576, 41.071287 ], [ -4.716734, 41.071428 ], [ -4.717209, 41.071854 ], [ -4.718099, 41.072633 ], [ -4.719, 41.073439 ], [ -4.719122, 41.073537 ], [ -4.719524, 41.0739 ], [ -4.721925, 41.076035 ], [ -4.722144, 41.076221 ], [ -4.722254, 41.076318 ], [ -4.724215, 41.078036 ], [ -4.724471, 41.078258 ], [ -4.724653, 41.078417 ], [ -4.724751, 41.078506 ], [ -4.727201, 41.080703 ], [ -4.727908, 41.081314 ], [ -4.728407, 41.081757 ], [ -4.728931, 41.082217 ], [ -4.730101, 41.083245 ], [ -4.730393, 41.083501 ] ] ] } },
{ "type": "Feature", "properties": { "fid": 1, "INSPIREID": "ES.IGN.BDDAE.34070500000", "COUNTRY": "ES", "NATLEV": "https://inspire.ec.europa.eu/codelist/AdministrativeHierarchyLevel/3rdOrder", "NATLEVNAME": "Provincia", "NATCODE": "34070500000", "NAMEUNIT": "Ávila", "CODNUT1": "ES4", "CODNUT2": "ES41", "CODNUT3": null }, "geometry": { "type": "MultiLineString", "coordinates": [ [ [ -4.364745, 40.636935 ], [ -4.365707, 40.637102 ] ] ] } },
{ "type": "Feature", "properties": { "fid": 1, "INSPIREID": "ES.IGN.BDDAE.34070500000", "COUNTRY": "ES", "NATLEV": "https://inspire.ec.europa.eu/codelist/AdministrativeHierarchyLevel/3rdOrder", "NATLEVNAME": "Provincia", "NATCODE": "34070500000", "NAMEUNIT": "Ávila", "CODNUT1": "ES4", "CODNUT2": "ES41", "CODNUT3": null }, "geometry": { "type": "MultiLineString", "coordinates": [ [ [ -4.419413, 40.644921 ], [ -4.43288, 40.646208 ], [ -4.433472, 40.646264 ], [ -4.437478, 40.646647 ], [ -4.438782, 40.646774 ], [ -4.440583, 40.646941 ], [ -4.443273, 40.647205 ], [ -4.443486, 40.64722 ], [ -4.444695, 40.64734 ], [ -4.446378, 40.647499 ], [ -4.448109, 40.647667 ], [ -4.451486, 40.647985 ], [ -4.457768, 40.648581 ], [ -4.463765, 40.649154 ], [ -4.464831, 40.649258 ], [ -4.468091, 40.649567 ], [ -4.471089, 40.649854 ], [ -4.471429, 40.652399 ], [ -4.471684, 40.654305 ], [ -4.472988, 40.664144 ], [ -4.473188, 40.665682 ], [ -4.473344, 40.666851 ] ] ] } },
{ "type": "Feature", "properties": { "fid": 1, "INSPIREID": "ES.IGN.BDDAE.34070500000", "COUNTRY": "ES", "NATLEV": "https://inspire.ec.europa.eu/codelist/AdministrativeHierarchyLevel/3rdOrder", "NATLEVNAME": "Provincia", "NATCODE": "34070500000", "NAMEUNIT": "Ávila", "CODNUT1": "ES4", "CODNUT2": "ES41", "CODNUT3": null }, "geometry": { "type": "MultiLineString", "coordinates": [ [ [ -4.687642, 41.037809 ], [ -4.688133, 41.038388 ], [ -4.690474, 41.041101 ], [ -4.692117, 41.042995 ], [ -4.69365, 41.044765 ], [ -4.694287, 41.045494 ], [ -4.694483, 41.045726 ], [ -4.69729, 41.048909 ], [ -4.697388, 41.049016 ], [ -4.69789, 41.049585 ], [ -4.698712, 41.050537 ], [ -4.698748, 41.050572 ], [ -4.698908, 41.050768 ], [ -4.699166, 41.051061 ], [ -4.699607, 41.051568 ], [ -4.699766, 41.051746 ], [ -4.699863723660212, 41.051857684183105 ] ] ] } },
{ "type": "Feature", "properties": { "fid": 1, "INSPIREID": "ES.IGN.BDDAE.34070500000", "COUNTRY": "ES", "NATLEV": "https://inspire.ec.europa.eu/codelist/AdministrativeHierarchyLevel/3rdOrder", "NATLEVNAME": "Provincia", "NATCODE": "34070500000", "NAMEUNIT": "Ávila", "CODNUT1": "ES4", "CODNUT2": "ES41", "CODNUT3": null }, "geometry": { "type": "MultiLineString", "coordinates": [ [ [ -4.440014027606994, 40.355823135106263 ], [ -4.442196, 40.351664 ], [ -4.44257, 40.350948 ], [ -4.443927, 40.348346 ], [ -4.444135, 40.34795 ] ] ] } },
{ "type": "Feature", "properties": { "fid": 1, "INSPIREID": "ES.IGN.BDDAE.34070500000", "COUNTRY": "ES", "NATLEV": "https://inspire.ec.europa.eu/codelist/AdministrativeHierarchyLevel/3rdOrder", "NATLEVNAME": "Provincia", "NATCODE": "34070500000", "NAMEUNIT": "Ávila", "CODNUT1": "ES4", "CODNUT2": "ES41", "CODNUT3": null }, "geometry": { "type": "MultiLineString", "coordinates": [ [ [ -4.540058, 40.854902 ], [ -4.540797, 40.85606 ], [ -4.541303, 40.8569 ], [ -4.541501, 40.85723 ], [ -4.541562, 40.857329 ], [ -4.541994, 40.858052 ], [ -4.542303, 40.858553 ], [ -4.542525, 40.858928 ], [ -4.542957, 40.859679 ], [ -4.543761, 40.861091 ], [ -4.545514, 40.863996 ], [ -4.547, 40.866165 ], [ -4.547111, 40.866334 ], [ -4.54753, 40.867031 ], [ -4.547654, 40.867237 ], [ -4.548678, 40.868944 ], [ -4.550417, 40.871758 ], [ -4.552107, 40.8745 ], [ -4.553821, 40.877261 ], [ -4.55429, 40.878038 ], [ -4.55508, 40.879334 ], [ -4.555352, 40.879789 ], [ -4.555611, 40.8802 ], [ -4.555685, 40.880325 ], [ -4.555931, 40.880709 ], [ -4.55709, 40.882559 ], [ -4.557854, 40.883773 ], [ -4.558533, 40.884854 ], [ -4.558910574381447, 40.885492280501964 ] ] ] } },
{ "type": "Feature", "properties": { "fid": 1, "INSPIREID": "ES.IGN.BDDAE.34070500000", "COUNTRY": "ES", "NATLEV": "https://inspire.ec.europa.eu/codelist/AdministrativeHierarchyLevel/3rdOrder", "NATLEVNAME": "Provincia", "NATCODE": "34070500000", "NAMEUNIT": "Ávila", "CODNUT1": "ES4", "CODNUT2": "ES41", "CODNUT3": null }, "geometry": { "type": "MultiLineString", "coordinates": [ [ [ -4.441639, 40.412832 ], [ -4.44175, 40.412497 ], [ -4.441772, 40.412425 ], [ -4.441781, 40.412317 ], [ -4.441779, 40.412236 ], [ -4.441719, 40.411065 ], [ -4.441716, 40.410921 ], [ -4.441715, 40.410894 ], [ -4.441724, 40.41075 ], [ -4.441723, 40.410696 ], [ -4.441733, 40.410606 ], [ -4.441743, 40.410551 ], [ -4.442037, 40.408854 ], [ -4.442037, 40.408827 ], [ -4.442065, 40.406818 ], [ -4.442074, 40.405593 ], [ -4.442073, 40.405565 ], [ -4.442117, 40.405421 ], [ -4.442139, 40.40533 ], [ -4.442145, 40.404529 ], [ -4.442142, 40.404375 ], [ -4.442147, 40.40406 ], [ -4.442147, 40.404051 ], [ -4.442144, 40.403907 ], [ -4.442191, 40.403357 ], [ -4.442256, 40.402545 ], [ -4.442301, 40.401887 ], [ -4.442312, 40.401842 ], [ -4.442344, 40.401679 ], [ -4.44251, 40.400092 ], [ -4.442579, 40.397217 ], [ -4.442578, 40.39719 ], [ -4.442586, 40.396992 ], [ -4.442583, 40.396875 ], [ -4.442583, 40.396857 ], [ -4.442582, 40.396812 ], [ -4.442592, 40.39673 ], [ -4.442592, 40.396721 ], [ -4.442596, 40.396379 ], [ -4.442603, 40.396163 ], [ -4.442613, 40.395532 ], [ -4.442657, 40.39373 ], [ -4.442671, 40.392712 ], [ -4.442757, 40.38899 ], [ -4.442809692056086, 40.386642276167727 ] ], [ [ -4.442881967840019, 40.383287493853764 ], [ -4.442882, 40.383286 ], [ -4.442895, 40.382781 ], [ -4.443065, 40.374725 ], [ -4.443079, 40.374292 ], [ -4.443086, 40.373527 ], [ -4.443112, 40.372517 ], [ -4.441225973957244, 40.365974938635965 ] ], [ [ -4.440098439124566, 40.362087862851354 ], [ -4.439642, 40.360484 ] ] ] } },
{ "type": "Feature", "properties": { "fid": 1, "INSPIREID": "ES.IGN.BDDAE.34070500000", "COUNTRY": "ES", "NATLEV": "https://inspire.ec.europa.eu/codelist/AdministrativeHierarchyLevel/3rdOrder", "NATLEVNAME": "Provincia", "NATCODE": "34070500000", "NAMEUNIT": "Ávila", "CODNUT1": "ES4", "CODNUT2": "ES41", "CODNUT3": null }, "geometry": { "type": "MultiLineString", "coordinates": [ [ [ -4.687639, 41.038602 ], [ -4.689748, 41.041084 ], [ -4.689908, 41.041271 ], [ -4.691501, 41.043085 ], [ -4.692273, 41.043966 ], [ -4.693144, 41.045007 ], [ -4.693402, 41.045327 ], [ -4.693537, 41.045487 ], [ -4.693562, 41.045514 ], [ -4.694139, 41.046208 ], [ -4.696248, 41.048645 ], [ -4.696321, 41.048734 ], [ -4.69648, 41.048903 ], [ -4.696934, 41.04941 ], [ -4.696958, 41.049427 ], [ -4.697044, 41.049525 ], [ -4.697191, 41.049694 ], [ -4.69795, 41.050539 ], [ -4.698159, 41.05077 ], [ -4.698404, 41.051046 ], [ -4.699054, 41.051811 ], [ -4.699055851474645, 41.051813777211969 ] ] ] } },
{ "type": "Feature", "properties": { "fid": 1, "INSPIREID": "ES.IGN.BDDAE.34070500000", "COUNTRY": "ES", "NATLEV": "https://inspire.ec.europa.eu/codelist/AdministrativeHierarchyLevel/3rdOrder", "NATLEVNAME": "Provincia", "NATCODE": "34070500000", "NAMEUNIT": "Ávila", "CODNUT1": "ES4", "CODNUT2": "ES41", "CODNUT3": null }, "geometry": { "type": "MultiLineString", "coordinates": [ [ [ -4.559478253878501, 40.886450427184784 ], [ -4.559645, 40.886731 ], [ -4.55978, 40.886936 ], [ -4.560534, 40.888214 ], [ -4.561632, 40.889965 ], [ -4.562051, 40.890626 ], [ -4.563211, 40.89252 ], [ -4.563606, 40.893163 ], [ -4.565148, 40.895628 ], [ -4.565654, 40.89645 ], [ -4.566531, 40.897888 ], [ -4.568161, 40.90056 ], [ -4.568285, 40.900765 ], [ -4.568396, 40.900944 ], [ -4.568803, 40.901614 ], [ -4.570383, 40.90416 ], [ -4.570741, 40.904731 ], [ -4.571692, 40.906268 ], [ -4.572964, 40.90834 ], [ -4.574408, 40.910689 ], [ -4.575323, 40.912181 ], [ -4.576063, 40.913342 ], [ -4.576828, 40.914557 ], [ -4.577656, 40.915933 ], [ -4.578212, 40.916844 ] ] ] } },
{ "type": "Feature", "properties": { "fid": 1, "INSPIREID": "ES.IGN.BDDAE.34070500000", "COUNTRY": "ES", "NATLEV": "https://inspire.ec.europa.eu/codelist/AdministrativeHierarchyLevel/3rdOrder", "NATLEVNAME": "Provincia", "NATCODE": "34070500000", "NAMEUNIT": "Ávila", "CODNUT1": "ES4", "CODNUT2": "ES41", "CODNUT3": null }, "geometry": { "type": "MultiLineString", "coordinates": [ [ [ -4.441639, 40.412832 ], [ -4.44175, 40.412497 ], [ -4.441772, 40.412425 ], [ -4.441781, 40.412317 ], [ -4.441779, 40.412236 ], [ -4.441719, 40.411065 ], [ -4.441716, 40.410921 ], [ -4.441715, 40.410894 ], [ -4.441724, 40.41075 ], [ -4.441723, 40.410696 ], [ -4.441733, 40.410606 ], [ -4.441743, 40.410551 ], [ -4.442037, 40.408854 ], [ -4.442037, 40.408827 ], [ -4.442065, 40.406818 ], [ -4.442074, 40.405593 ], [ -4.442073, 40.405565 ], [ -4.442117, 40.405421 ], [ -4.442139, 40.40533 ], [ -4.442145, 40.404529 ], [ -4.442142, 40.404375 ], [ -4.442147, 40.40406 ], [ -4.442147, 40.404051 ], [ -4.442144, 40.403907 ], [ -4.442191, 40.403357 ], [ -4.442256, 40.402545 ], [ -4.442301, 40.401887 ], [ -4.442312, 40.401842 ], [ -4.442344, 40.401679 ], [ -4.44251, 40.400092 ], [ -4.442579, 40.397217 ], [ -4.442578, 40.39719 ], [ -4.442586, 40.396992 ], [ -4.442583, 40.396875 ], [ -4.442583, 40.396857 ], [ -4.442582, 40.396812 ], [ -4.442592, 40.39673 ], [ -4.442592, 40.396721 ], [ -4.442596, 40.396379 ], [ -4.442603, 40.396163 ], [ -4.442613, 40.395532 ], [ -4.442657, 40.39373 ], [ -4.442671, 40.392712 ], [ -4.442757, 40.38899 ], [ -4.442809692056086, 40.386642276167727 ] ], [ [ -4.442881967840019, 40.383287493853764 ], [ -4.442882, 40.383286 ], [ -4.442895, 40.382781 ], [ -4.443065, 40.374725 ], [ -4.443079, 40.374292 ], [ -4.443086, 40.373527 ], [ -4.443112, 40.372517 ], [ -4.441225973957244, 40.365974938635965 ] ], [ [ -4.440098439124566, 40.362087862851354 ], [ -4.439642, 40.360484 ] ] ] } },
{ "type": "Feature", "properties": { "fid": 1, "INSPIREID": "ES.IGN.BDDAE.34070500000", "COUNTRY": "ES", "NATLEV": "https://inspire.ec.europa.eu/codelist/AdministrativeHierarchyLevel/3rdOrder", "NATLEVNAME": "Provincia", "NATCODE": "34070500000", "NAMEUNIT": "Ávila", "CODNUT1": "ES4", "CODNUT2": "ES41", "CODNUT3": null }, "geometry": { "type": "MultiLineString", "coordinates": [ [ [ -4.364745, 40.636935 ], [ -4.365707, 40.637102 ] ] ] } },
{ "type": "Feature", "properties": { "fid": 1, "INSPIREID": "ES.IGN.BDDAE.34070500000", "COUNTRY": "ES", "NATLEV": "https://inspire.ec.europa.eu/codelist/AdministrativeHierarchyLevel/3rdOrder", "NATLEVNAME": "Provincia", "NATCODE": "34070500000", "NAMEUNIT": "Ávila", "CODNUT1": "ES4", "CODNUT2": "ES41", "CODNUT3": null }, "geometry": { "type": "MultiLineString", "coordinates": [ [ [ -4.715316659210029, 41.069264386139203 ], [ -4.71717, 41.07035 ], [ -4.717243, 41.070385 ], [ -4.717581, 41.070587 ], [ -4.717787, 41.07071 ], [ -4.719394, 41.07165 ], [ -4.719612, 41.071773 ], [ -4.719708, 41.071834 ], [ -4.719854, 41.071922 ], [ -4.719999, 41.072001 ], [ -4.723335, 41.073951 ], [ -4.723431, 41.074013 ], [ -4.725627, 41.075574 ], [ -4.726815, 41.076421 ], [ -4.726827, 41.07643 ], [ -4.726948, 41.0765 ], [ -4.731461, 41.079279 ], [ -4.731497, 41.079296 ], [ -4.733893, 41.080774 ], [ -4.735708, 41.08189 ], [ -4.73588, 41.082077 ], [ -4.736394, 41.082619 ], [ -4.736806, 41.082901 ], [ -4.73717, 41.083147 ], [ -4.737556, 41.083331 ], [ -4.737822, 41.083498 ], [ -4.737834, 41.083507 ] ] ] } },
{ "type": "Feature", "properties": { "fid": 1, "INSPIREID": "ES.IGN.BDDAE.34070500000", "COUNTRY": "ES", "NATLEV": "https://inspire.ec.europa.eu/codelist/AdministrativeHierarchyLevel/3rdOrder", "NATLEVNAME": "Provincia", "NATCODE": "34070500000", "NAMEUNIT": "Ávila", "CODNUT1": "ES4", "CODNUT2": "ES41", "CODNUT3": null }, "geometry": { "type": "MultiLineString", "coordinates": [ [ [ -4.687642, 41.037809 ], [ -4.688133, 41.038388 ], [ -4.690474, 41.041101 ], [ -4.692117, 41.042995 ], [ -4.69365, 41.044765 ], [ -4.694287, 41.045494 ], [ -4.694483, 41.045726 ], [ -4.69729, 41.048909 ], [ -4.697388, 41.049016 ], [ -4.69789, 41.049585 ], [ -4.698712, 41.050537 ], [ -4.698748, 41.050572 ], [ -4.698908, 41.050768 ], [ -4.699166, 41.051061 ], [ -4.699607, 41.051568 ], [ -4.699766, 41.051746 ], [ -4.699863723660212, 41.051857684183105 ] ] ] } },
{ "type": "Feature", "properties": { "fid": 1, "INSPIREID": "ES.IGN.BDDAE.34070500000", "COUNTRY": "ES", "NATLEV": "https://inspire.ec.europa.eu/codelist/AdministrativeHierarchyLevel/3rdOrder", "NATLEVNAME": "Provincia", "NATCODE": "34070500000", "NAMEUNIT": "Ávila", "CODNUT1": "ES4", "CODNUT2": "ES41", "CODNUT3": null }, "geometry": { "type": "MultiLineString", "coordinates": [ [ [ -4.716285013951246, 41.071032885471126 ], [ -4.716576, 41.071287 ], [ -4.716734, 41.071428 ], [ -4.717209, 41.071854 ], [ -4.718099, 41.072633 ], [ -4.719, 41.073439 ], [ -4.719122, 41.073537 ], [ -4.719524, 41.0739 ], [ -4.721925, 41.076035 ], [ -4.722144, 41.076221 ], [ -4.722254, 41.076318 ], [ -4.724215, 41.078036 ], [ -4.724471, 41.078258 ], [ -4.724653, 41.078417 ], [ -4.724751, 41.078506 ], [ -4.727201, 41.080703 ], [ -4.727908, 41.081314 ], [ -4.728407, 41.081757 ], [ -4.728931, 41.082217 ], [ -4.730101, 41.083245 ], [ -4.730393, 41.083501 ] ] ] } },
{ "type": "Feature", "properties": { "fid": 1, "INSPIREID": "ES.IGN.BDDAE.34070500000", "COUNTRY": "ES", "NATLEV": "https://inspire.ec.europa.eu/codelist/AdministrativeHierarchyLevel/3rdOrder", "NATLEVNAME": "Provincia", "NATCODE": "34070500000", "NAMEUNIT": "Ávila", "CODNUT1": "ES4", "CODNUT2": "ES41", "CODNUT3": null }, "geometry": { "type": "MultiLineString", "coordinates": [ [ [ -4.716285013951246, 41.071032885471126 ], [ -4.716576, 41.071287 ], [ -4.716734, 41.071428 ], [ -4.717209, 41.071854 ], [ -4.718099, 41.072633 ], [ -4.719, 41.073439 ], [ -4.719122, 41.073537 ], [ -4.719524, 41.0739 ], [ -4.721925, 41.076035 ], [ -4.722144, 41.076221 ], [ -4.722254, 41.076318 ], [ -4.724215, 41.078036 ], [ -4.724471, 41.078258 ], [ -4.724653, 41.078417 ], [ -4.724751, 41.078506 ], [ -4.727201, 41.080703 ], [ -4.727908, 41.081314 ], [ -4.728407, 41.081757 ], [ -4.728931, 41.082217 ], [ -4.730101, 41.083245 ], [ -4.730393, 41.083501 ] ] ] } },
{ "type": "Feature", "properties": { "fid": 1, "INSPIREID": "ES.IGN.BDDAE.34070500000", "COUNTRY": "ES", "NATLEV": "https://inspire.ec.europa.eu/codelist/AdministrativeHierarchyLevel/3rdOrder", "NATLEVNAME": "Provincia", "NATCODE": "34070500000", "NAMEUNIT": "Ávila", "CODNUT1": "ES4", "CODNUT2": "ES41", "CODNUT3": null }, "geometry": { "type": "MultiLineString", "coordinates": [ [ [ -4.715316659210029, 41.069264386139203 ], [ -4.71717, 41.07035 ], [ -4.717243, 41.070385 ], [ -4.717581, 41.070587 ], [ -4.717787, 41.07071 ], [ -4.719394, 41.07165 ], [ -4.719612, 41.071773 ], [ -4.719708, 41.071834 ], [ -4.719854, 41.071922 ], [ -4.719999, 41.072001 ], [ -4.723335, 41.073951 ], [ -4.723431, 41.074013 ], [ -4.725627, 41.075574 ], [ -4.726815, 41.076421 ], [ -4.726827, 41.07643 ], [ -4.726948, 41.0765 ], [ -4.731461, 41.079279 ], [ -4.731497, 41.079296 ], [ -4.733893, 41.080774 ], [ -4.735708, 41.08189 ], [ -4.73588, 41.082077 ], [ -4.736394, 41.082619 ], [ -4.736806, 41.082901 ], [ -4.73717, 41.083147 ], [ -4.737556, 41.083331 ], [ -4.737822, 41.083498 ], [ -4.737834, 41.083507 ] ] ] } },
{ "type": "Feature", "properties": { "fid": 1, "INSPIREID": "ES.IGN.BDDAE.34070500000", "COUNTRY": "ES", "NATLEV": "https://inspire.ec.europa.eu/codelist/AdministrativeHierarchyLevel/3rdOrder", "NATLEVNAME": "Provincia", "NATCODE": "34070500000", "NAMEUNIT": "Ávila", "CODNUT1": "ES4", "CODNUT2": "ES41", "CODNUT3": null }, "geometry": { "type": "MultiLineString", "coordinates": [ [ [ -4.687642, 41.037809 ], [ -4.688133, 41.038388 ], [ -4.690474, 41.041101 ], [ -4.692117, 41.042995 ], [ -4.69365, 41.044765 ], [ -4.694287, 41.045494 ], [ -4.694483, 41.045726 ], [ -4.69729, 41.048909 ], [ -4.697388, 41.049016 ], [ -4.69789, 41.049585 ], [ -4.698712, 41.050537 ], [ -4.698748, 41.050572 ], [ -4.698908, 41.050768 ], [ -4.699166, 41.051061 ], [ -4.699607, 41.051568 ], [ -4.699766, 41.051746 ], [ -4.699863723660212, 41.051857684183105 ] ] ] } },
{ "type": "Feature", "properties": { "fid": 1, "INSPIREID": "ES.IGN.BDDAE.34070500000", "COUNTRY": "ES", "NATLEV": "https://inspire.ec.europa.eu/codelist/AdministrativeHierarchyLevel/3rdOrder", "NATLEVNAME": "Provincia", "NATCODE": "34070500000", "NAMEUNIT": "Ávila", "CODNUT1": "ES4", "CODNUT2": "ES41", "CODNUT3": null }, "geometry": { "type": "MultiLineString", "coordinates": [ [ [ -4.687642, 41.037809 ], [ -4.688133, 41.038388 ], [ -4.690474, 41.041101 ], [ -4.692117, 41.042995 ], [ -4.69365, 41.044765 ], [ -4.694287, 41.045494 ], [ -4.694483, 41.045726 ], [ -4.69729, 41.048909 ], [ -4.697388, 41.049016 ], [ -4.69789, 41.049585 ], [ -4.698712, 41.050537 ], [ -4.698748, 41.050572 ], [ -4.698908, 41.050768 ], [ -4.699166, 41.051061 ], [ -4.699607, 41.051568 ], [ -4.699766, 41.051746 ], [ -4.699863723660212, 41.051857684183105 ] ] ] } },
{ "type": "Feature", "properties": { "fid": 1, "INSPIREID": "ES.IGN.BDDAE.34070500000", "COUNTRY": "ES", "NATLEV": "https://inspire.ec.europa.eu/codelist/AdministrativeHierarchyLevel/3rdOrder", "NATLEVNAME": "Provincia", "NATCODE": "34070500000", "NAMEUNIT": "Ávila", "CODNUT1": "ES4", "CODNUT2": "ES41", "CODNUT3": null }, "geometry": { "type": "MultiLineString", "coordinates": [ [ [ -4.364745, 40.636935 ], [ -4.365707, 40.637102 ] ] ] } },
{ "type": "Feature", "properties": { "fid": 1, "INSPIREID": "ES.IGN.BDDAE.34070500000", "COUNTRY": "ES", "NATLEV": "https://inspire.ec.europa.eu/codelist/AdministrativeHierarchyLevel/3rdOrder", "NATLEVNAME": "Provincia", "NATCODE": "34070500000", "NAMEUNIT": "Ávila", "CODNUT1": "ES4", "CODNUT2": "ES41", "CODNUT3": null }, "geometry": { "type": "MultiLineString", "coordinates": [ [ [ -4.559478253878501, 40.886450427184784 ], [ -4.559645, 40.886731 ], [ -4.55978, 40.886936 ], [ -4.560534, 40.888214 ], [ -4.561632, 40.889965 ], [ -4.562051, 40.890626 ], [ -4.563211, 40.89252 ], [ -4.563606, 40.893163 ], [ -4.565148, 40.895628 ], [ -4.565654, 40.89645 ], [ -4.566531, 40.897888 ], [ -4.568161, 40.90056 ], [ -4.568285, 40.900765 ], [ -4.568396, 40.900944 ], [ -4.568803, 40.901614 ], [ -4.570383, 40.90416 ], [ -4.570741, 40.904731 ], [ -4.571692, 40.906268 ], [ -4.572964, 40.90834 ], [ -4.574408, 40.910689 ], [ -4.575323, 40.912181 ], [ -4.576063, 40.913342 ], [ -4.576828, 40.914557 ], [ -4.577656, 40.915933 ], [ -4.578212, 40.916844 ] ] ] } },
{ "type": "Feature", "properties": { "fid": 1, "INSPIREID": "ES.IGN.BDDAE.34070500000", "COUNTRY": "ES", "NATLEV": "https://inspire.ec.europa.eu/codelist/AdministrativeHierarchyLevel/3rdOrder", "NATLEVNAME": "Provincia", "NATCODE": "34070500000", "NAMEUNIT": "Ávila", "CODNUT1": "ES4", "CODNUT2": "ES41", "CODNUT3": null }, "geometry": { "type": "MultiLineString", "coordinates": [ [ [ -4.540058, 40.854902 ], [ -4.540797, 40.85606 ], [ -4.541303, 40.8569 ], [ -4.541501, 40.85723 ], [ -4.541562, 40.857329 ], [ -4.541994, 40.858052 ], [ -4.542303, 40.858553 ], [ -4.542525, 40.858928 ], [ -4.542957, 40.859679 ], [ -4.543761, 40.861091 ], [ -4.545514, 40.863996 ], [ -4.547, 40.866165 ], [ -4.547111, 40.866334 ], [ -4.54753, 40.867031 ], [ -4.547654, 40.867237 ], [ -4.548678, 40.868944 ], [ -4.550417, 40.871758 ], [ -4.552107, 40.8745 ], [ -4.553821, 40.877261 ], [ -4.55429, 40.878038 ], [ -4.55508, 40.879334 ], [ -4.555352, 40.879789 ], [ -4.555611, 40.8802 ], [ -4.555685, 40.880325 ], [ -4.555931, 40.880709 ], [ -4.55709, 40.882559 ], [ -4.557854, 40.883773 ], [ -4.558533, 40.884854 ], [ -4.558910574381447, 40.885492280501964 ] ] ] } },
{ "type": "Feature", "properties": { "fid": 1, "INSPIREID": "ES.IGN.BDDAE.34070500000", "COUNTRY": "ES", "NATLEV": "https://inspire.ec.europa.eu/codelist/AdministrativeHierarchyLevel/3rdOrder", "NATLEVNAME": "Provincia", "NATCODE": "34070500000", "NAMEUNIT": "Ávila", "CODNUT1": "ES4", "CODNUT2": "ES41", "CODNUT3": null }, "geometry": { "type": "MultiLineString", "coordinates": [ [ [ -4.440014027606994, 40.355823135106263 ], [ -4.442196, 40.351664 ], [ -4.44257, 40.350948 ], [ -4.443927, 40.348346 ], [ -4.444135, 40.34795 ] ] ] } },
{ "type": "Feature", "properties": { "fid": 1, "INSPIREID": "ES.IGN.BDDAE.34070500000", "COUNTRY": "ES", "NATLEV": "https://inspire.ec.europa.eu/codelist/AdministrativeHierarchyLevel/3rdOrder", "NATLEVNAME": "Provincia", "NATCODE": "34070500000", "NAMEUNIT": "Ávila", "CODNUT1": "ES4", "CODNUT2": "ES41", "CODNUT3": null }, "geometry": { "type": "MultiLineString", "coordinates": [ [ [ -4.441639, 40.412832 ], [ -4.44175, 40.412497 ], [ -4.441772, 40.412425 ], [ -4.441781, 40.412317 ], [ -4.441779, 40.412236 ], [ -4.441719, 40.411065 ], [ -4.441716, 40.410921 ], [ -4.441715, 40.410894 ], [ -4.441724, 40.41075 ], [ -4.441723, 40.410696 ], [ -4.441733, 40.410606 ], [ -4.441743, 40.410551 ], [ -4.442037, 40.408854 ], [ -4.442037, 40.408827 ], [ -4.442065, 40.406818 ], [ -4.442074, 40.405593 ], [ -4.442073, 40.405565 ], [ -4.442117, 40.405421 ], [ -4.442139, 40.40533 ], [ -4.442145, 40.404529 ], [ -4.442142, 40.404375 ], [ -4.442147, 40.40406 ], [ -4.442147, 40.404051 ], [ -4.442144, 40.403907 ], [ -4.442191, 40.403357 ], [ -4.442256, 40.402545 ], [ -4.442301, 40.401887 ], [ -4.442312, 40.401842 ], [ -4.442344, 40.401679 ], [ -4.44251, 40.400092 ], [ -4.442579, 40.397217 ], [ -4.442578, 40.39719 ], [ -4.442586, 40.396992 ], [ -4.442583, 40.396875 ], [ -4.442583, 40.396857 ], [ -4.442582, 40.396812 ], [ -4.442592, 40.39673 ], [ -4.442592, 40.396721 ], [ -4.442596, 40.396379 ], [ -4.442603, 40.396163 ], [ -4.442613, 40.395532 ], [ -4.442657, 40.39373 ], [ -4.442671, 40.392712 ], [ -4.442757, 40.38899 ], [ -4.442809692056086, 40.386642276167727 ] ], [ [ -4.442881967840019, 40.383287493853764 ], [ -4.442882, 40.383286 ], [ -4.442895, 40.382781 ], [ -4.443065, 40.374725 ], [ -4.443079, 40.374292 ], [ -4.443086, 40.373527 ], [ -4.443112, 40.372517 ], [ -4.441225973957244, 40.365974938635965 ] ], [ [ -4.440098439124566, 40.362087862851354 ], [ -4.439642, 40.360484 ] ] ] } },
{ "type": "Feature", "properties": { "fid": 1, "INSPIREID": "ES.IGN.BDDAE.34070500000", "COUNTRY": "ES", "NATLEV": "https://inspire.ec.europa.eu/codelist/AdministrativeHierarchyLevel/3rdOrder", "NATLEVNAME": "Provincia", "NATCODE": "34070500000", "NAMEUNIT": "Ávila", "CODNUT1": "ES4", "CODNUT2": "ES41", "CODNUT3": null }, "geometry": { "type": "MultiLineString", "coordinates": [ [ [ -4.440014027606994, 40.355823135106263 ], [ -4.442196, 40.351664 ], [ -4.44257, 40.350948 ], [ -4.443927, 40.348346 ], [ -4.444135, 40.34795 ] ] ] } },
{ "type": "Feature", "properties": { "fid": 1, "INSPIREID": "ES.IGN.BDDAE.34070500000", "COUNTRY": "ES", "NATLEV": "https://inspire.ec.europa.eu/codelist/AdministrativeHierarchyLevel/3rdOrder", "NATLEVNAME": "Provincia", "NATCODE": "34070500000", "NAMEUNIT": "Ávila", "CODNUT1": "ES4", "CODNUT2": "ES41", "CODNUT3": null }, "geometry": { "type": "MultiLineString", "coordinates": [ [ [ -4.687639, 41.038602 ], [ -4.689748, 41.041084 ], [ -4.689908, 41.041271 ], [ -4.691501, 41.043085 ], [ -4.692273, 41.043966 ], [ -4.693144, 41.045007 ], [ -4.693402, 41.045327 ], [ -4.693537, 41.045487 ], [ -4.693562, 41.045514 ], [ -4.694139, 41.046208 ], [ -4.696248, 41.048645 ], [ -4.696321, 41.048734 ], [ -4.69648, 41.048903 ], [ -4.696934, 41.04941 ], [ -4.696958, 41.049427 ], [ -4.697044, 41.049525 ], [ -4.697191, 41.049694 ], [ -4.69795, 41.050539 ], [ -4.698159, 41.05077 ], [ -4.698404, 41.051046 ], [ -4.699054, 41.051811 ], [ -4.699055851474645, 41.051813777211969 ] ] ] } },
{ "type": "Feature", "properties": { "fid": 1, "INSPIREID": "ES.IGN.BDDAE.34070500000", "COUNTRY": "ES", "NATLEV": "https://inspire.ec.europa.eu/codelist/AdministrativeHierarchyLevel/3rdOrder", "NATLEVNAME": "Provincia", "NATCODE": "34070500000", "NAMEUNIT": "Ávila", "CODNUT1": "ES4", "CODNUT2": "ES41", "CODNUT3": null }, "geometry": { "type": "MultiLineString", "coordinates": [ [ [ -4.715316659210029, 41.069264386139203 ], [ -4.71717, 41.07035 ], [ -4.717243, 41.070385 ], [ -4.717581, 41.070587 ], [ -4.717787, 41.07071 ], [ -4.719394, 41.07165 ], [ -4.719612, 41.071773 ], [ -4.719708, 41.071834 ], [ -4.719854, 41.071922 ], [ -4.719999, 41.072001 ], [ -4.723335, 41.073951 ], [ -4.723431, 41.074013 ], [ -4.725627, 41.075574 ], [ -4.726815, 41.076421 ], [ -4.726827, 41.07643 ], [ -4.726948, 41.0765 ], [ -4.731461, 41.079279 ], [ -4.731497, 41.079296 ], [ -4.733893, 41.080774 ], [ -4.735708, 41.08189 ], [ -4.73588, 41.082077 ], [ -4.736394, 41.082619 ], [ -4.736806, 41.082901 ], [ -4.73717, 41.083147 ], [ -4.737556, 41.083331 ], [ -4.737822, 41.083498 ], [ -4.737834, 41.083507 ] ] ] } },
{ "type": "Feature", "properties": { "fid": 1, "INSPIREID": "ES.IGN.BDDAE.34070500000", "COUNTRY": "ES", "NATLEV": "https://inspire.ec.europa.eu/codelist/AdministrativeHierarchyLevel/3rdOrder", "NATLEVNAME": "Provincia", "NATCODE": "34070500000", "NAMEUNIT": "Ávila", "CODNUT1": "ES4", "CODNUT2": "ES41", "CODNUT3": null }, "geometry": { "type": "MultiLineString", "coordinates": [ [ [ -4.687642, 41.037809 ], [ -4.688133, 41.038388 ], [ -4.690474, 41.041101 ], [ -4.692117, 41.042995 ], [ -4.69365, 41.044765 ], [ -4.694287, 41.045494 ], [ -4.694483, 41.045726 ], [ -4.69729, 41.048909 ], [ -4.697388, 41.049016 ], [ -4.69789, 41.049585 ], [ -4.698712, 41.050537 ], [ -4.698748, 41.050572 ], [ -4.698908, 41.050768 ], [ -4.699166, 41.051061 ], [ -4.699607, 41.051568 ], [ -4.699766, 41.051746 ], [ -4.699863723660212, 41.051857684183105 ] ] ] } },
{ "type": "Feature", "properties": { "fid": 1, "INSPIREID": "ES.IGN.BDDAE.34070500000", "COUNTRY": "ES", "NATLEV": "https://inspire.ec.europa.eu/codelist/AdministrativeHierarchyLevel/3rdOrder", "NATLEVNAME": "Provincia", "NATCODE": "34070500000", "NAMEUNIT": "Ávila", "CODNUT1": "ES4", "CODNUT2": "ES41", "CODNUT3": null }, "geometry": { "type": "MultiLineString", "coordinates": [ [ [ -4.559478253878501, 40.886450427184784 ], [ -4.559645, 40.886731 ], [ -4.55978, 40.886936 ], [ -4.560534, 40.888214 ], [ -4.561632, 40.889965 ], [ -4.562051, 40.890626 ], [ -4.563211, 40.89252 ], [ -4.563606, 40.893163 ], [ -4.565148, 40.895628 ], [ -4.565654, 40.89645 ], [ -4.566531, 40.897888 ], [ -4.568161, 40.90056 ], [ -4.568285, 40.900765 ], [ -4.568396, 40.900944 ], [ -4.568803, 40.901614 ], [ -4.570383, 40.90416 ], [ -4.570741, 40.904731 ], [ -4.571692, 40.906268 ], [ -4.572964, 40.90834 ], [ -4.574408, 40.910689 ], [ -4.575323, 40.912181 ], [ -4.576063, 40.913342 ], [ -4.576828, 40.914557 ], [ -4.577656, 40.915933 ], [ -4.578212, 40.916844 ] ] ] } },
{ "type": "Feature", "properties": { "fid": 1, "INSPIREID": "ES.IGN.BDDAE.34070500000", "COUNTRY": "ES", "NATLEV": "https://inspire.ec.europa.eu/codelist/AdministrativeHierarchyLevel/3rdOrder", "NATLEVNAME": "Provincia", "NATCODE": "34070500000", "NAMEUNIT": "Ávila", "CODNUT1": "ES4", "CODNUT2": "ES41", "CODNUT3": null }, "geometry": { "type": "MultiLineString", "coordinates": [ [ [ -4.540058, 40.854902 ], [ -4.540797, 40.85606 ], [ -4.541303, 40.8569 ], [ -4.541501, 40.85723 ], [ -4.541562, 40.857329 ], [ -4.541994, 40.858052 ], [ -4.542303, 40.858553 ], [ -4.542525, 40.858928 ], [ -4.542957, 40.859679 ], [ -4.543761, 40.861091 ], [ -4.545514, 40.863996 ], [ -4.547, 40.866165 ], [ -4.547111, 40.866334 ], [ -4.54753, 40.867031 ], [ -4.547654, 40.867237 ], [ -4.548678, 40.868944 ], [ -4.550417, 40.871758 ], [ -4.552107, 40.8745 ], [ -4.553821, 40.877261 ], [ -4.55429, 40.878038 ], [ -4.55508, 40.879334 ], [ -4.555352, 40.879789 ], [ -4.555611, 40.8802 ], [ -4.555685, 40.880325 ], [ -4.555931, 40.880709 ], [ -4.55709, 40.882559 ], [ -4.557854, 40.883773 ], [ -4.558533, 40.884854 ], [ -4.558910574381447, 40.885492280501964 ] ] ] } },
{ "type": "Feature", "properties": { "fid": 1, "INSPIREID": "ES.IGN.BDDAE.34070500000", "COUNTRY": "ES", "NATLEV": "https://inspire.ec.europa.eu/codelist/AdministrativeHierarchyLevel/3rdOrder", "NATLEVNAME": "Provincia", "NATCODE": "34070500000", "NAMEUNIT": "Ávila", "CODNUT1": "ES4", "CODNUT2": "ES41", "CODNUT3": null }, "geometry": { "type": "MultiLineString", "coordinates": [ [ [ -4.364745, 40.636935 ], [ -4.365707, 40.637102 ] ] ] } },
{ "type": "Feature", "properties": { "fid": 1, "INSPIREID": "ES.IGN.BDDAE.34070500000", "COUNTRY": "ES", "NATLEV": "https://inspire.ec.europa.eu/codelist/AdministrativeHierarchyLevel/3rdOrder", "NATLEVNAME": "Provincia", "NATCODE": "34070500000", "NAMEUNIT": "Ávila", "CODNUT1": "ES4", "CODNUT2": "ES41", "CODNUT3": null }, "geometry": { "type": "MultiLineString", "coordinates": [ [ [ -4.419413, 40.644921 ], [ -4.43288, 40.646208 ], [ -4.433472, 40.646264 ], [ -4.437478, 40.646647 ], [ -4.438782, 40.646774 ], [ -4.440583, 40.646941 ], [ -4.443273, 40.647205 ], [ -4.443486, 40.64722 ], [ -4.444695, 40.64734 ], [ -4.446378, 40.647499 ], [ -4.448109, 40.647667 ], [ -4.451486, 40.647985 ], [ -4.457768, 40.648581 ], [ -4.463765, 40.649154 ], [ -4.464831, 40.649258 ], [ -4.468091, 40.649567 ], [ -4.471089, 40.649854 ], [ -4.471429, 40.652399 ], [ -4.471684, 40.654305 ], [ -4.472988, 40.664144 ], [ -4.473188, 40.665682 ], [ -4.473344, 40.666851 ] ] ] } },
{ "type": "Feature", "properties": { "fid": 1, "INSPIREID": "ES.IGN.BDDAE.34070500000", "COUNTRY": "ES", "NATLEV": "https://inspire.ec.europa.eu/codelist/AdministrativeHierarchyLevel/3rdOrder", "NATLEVNAME": "Provincia", "NATCODE": "34070500000", "NAMEUNIT": "Ávila", "CODNUT1": "ES4", "CODNUT2": "ES41", "CODNUT3": null }, "geometry": { "type": "MultiLineString", "coordinates": [ [ [ -4.419413, 40.644921 ], [ -4.43288, 40.646208 ], [ -4.433472, 40.646264 ], [ -4.437478, 40.646647 ], [ -4.438782, 40.646774 ], [ -4.440583, 40.646941 ], [ -4.443273, 40.647205 ], [ -4.443486, 40.64722 ], [ -4.444695, 40.64734 ], [ -4.446378, 40.647499 ], [ -4.448109, 40.647667 ], [ -4.451486, 40.647985 ], [ -4.457768, 40.648581 ], [ -4.463765, 40.649154 ], [ -4.464831, 40.649258 ], [ -4.468091, 40.649567 ], [ -4.471089, 40.649854 ], [ -4.471429, 40.652399 ], [ -4.471684, 40.654305 ], [ -4.472988, 40.664144 ], [ -4.473188, 40.665682 ], [ -4.473344, 40.666851 ] ] ] } },
{ "type": "Feature", "properties": { "fid": 1, "INSPIREID": "ES.IGN.BDDAE.34070500000", "COUNTRY": "ES", "NATLEV": "https://inspire.ec.europa.eu/codelist/AdministrativeHierarchyLevel/3rdOrder", "NATLEVNAME": "Provincia", "NATCODE": "34070500000", "NAMEUNIT": "Ávila", "CODNUT1": "ES4", "CODNUT2": "ES41", "CODNUT3": null }, "geometry": { "type": "MultiLineString", "coordinates": [ [ [ -4.559478253878501, 40.886450427184784 ], [ -4.559645, 40.886731 ], [ -4.55978, 40.886936 ], [ -4.560534, 40.888214 ], [ -4.561632, 40.889965 ], [ -4.562051, 40.890626 ], [ -4.563211, 40.89252 ], [ -4.563606, 40.893163 ], [ -4.565148, 40.895628 ], [ -4.565654, 40.89645 ], [ -4.566531, 40.897888 ], [ -4.568161, 40.90056 ], [ -4.568285, 40.900765 ], [ -4.568396, 40.900944 ], [ -4.568803, 40.901614 ], [ -4.570383, 40.90416 ], [ -4.570741, 40.904731 ], [ -4.571692, 40.906268 ], [ -4.572964, 40.90834 ], [ -4.574408, 40.910689 ], [ -4.575323, 40.912181 ], [ -4.576063, 40.913342 ], [ -4.576828, 40.914557 ], [ -4.577656, 40.915933 ], [ -4.578212, 40.916844 ] ] ] } },
{ "type": "Feature", "properties": { "fid": 1, "INSPIREID": "ES.IGN.BDDAE.34070500000", "COUNTRY": "ES", "NATLEV": "https://inspire.ec.europa.eu/codelist/AdministrativeHierarchyLevel/3rdOrder", "NATLEVNAME": "Provincia", "NATCODE": "34070500000", "NAMEUNIT": "Ávila", "CODNUT1": "ES4", "CODNUT2": "ES41", "CODNUT3": null }, "geometry": { "type": "MultiLineString", "coordinates": [ [ [ -4.687639, 41.038602 ], [ -4.689748, 41.041084 ], [ -4.689908, 41.041271 ], [ -4.691501, 41.043085 ], [ -4.692273, 41.043966 ], [ -4.693144, 41.045007 ], [ -4.693402, 41.045327 ], [ -4.693537, 41.045487 ], [ -4.693562, 41.045514 ], [ -4.694139, 41.046208 ], [ -4.696248, 41.048645 ], [ -4.696321, 41.048734 ], [ -4.69648, 41.048903 ], [ -4.696934, 41.04941 ], [ -4.696958, 41.049427 ], [ -4.697044, 41.049525 ], [ -4.697191, 41.049694 ], [ -4.69795, 41.050539 ], [ -4.698159, 41.05077 ], [ -4.698404, 41.051046 ], [ -4.699054, 41.051811 ], [ -4.699055851474645, 41.051813777211969 ] ] ] } },
{ "type": "Feature", "properties": { "fid": 1, "INSPIREID": "ES.IGN.BDDAE.34070500000", "COUNTRY": "ES", "NATLEV": "https://inspire.ec.europa.eu/codelist/AdministrativeHierarchyLevel/3rdOrder", "NATLEVNAME": "Provincia", "NATCODE": "34070500000", "NAMEUNIT": "Ávila", "CODNUT1": "ES4", "CODNUT2": "ES41", "CODNUT3": null }, "geometry": { "type": "MultiLineString", "coordinates": [ [ [ -4.540058, 40.854902 ], [ -4.540797, 40.85606 ], [ -4.541303, 40.8569 ], [ -4.541501, 40.85723 ], [ -4.541562, 40.857329 ], [ -4.541994, 40.858052 ], [ -4.542303, 40.858553 ], [ -4.542525, 40.858928 ], [ -4.542957, 40.859679 ], [ -4.543761, 40.861091 ], [ -4.545514, 40.863996 ], [ -4.547, 40.866165 ], [ -4.547111, 40.866334 ], [ -4.54753, 40.867031 ], [ -4.547654, 40.867237 ], [ -4.548678, 40.868944 ], [ -4.550417, 40.871758 ], [ -4.552107, 40.8745 ], [ -4.553821, 40.877261 ], [ -4.55429, 40.878038 ], [ -4.55508, 40.879334 ], [ -4.555352, 40.879789 ], [ -4.555611, 40.8802 ], [ -4.555685, 40.880325 ], [ -4.555931, 40.880709 ], [ -4.55709, 40.882559 ], [ -4.557854, 40.883773 ], [ -4.558533, 40.884854 ], [ -4.558910574381447, 40.885492280501964 ] ] ] } },
{ "type": "Feature", "properties": { "fid": 1, "INSPIREID": "ES.IGN.BDDAE.34070500000", "COUNTRY": "ES", "NATLEV": "https://inspire.ec.europa.eu/codelist/AdministrativeHierarchyLevel/3rdOrder", "NATLEVNAME": "Provincia", "NATCODE": "34070500000", "NAMEUNIT": "Ávila", "CODNUT1": "ES4", "CODNUT2": "ES41", "CODNUT3": null }, "geometry": { "type": "MultiLineString", "coordinates": [ [ [ -4.364745, 40.636935 ], [ -4.365707, 40.637102 ] ] ] } },
{ "type": "Feature", "properties": { "fid": 1, "INSPIREID": "ES.IGN.BDDAE.34070500000", "COUNTRY": "ES", "NATLEV": "https://inspire.ec.europa.eu/codelist/AdministrativeHierarchyLevel/3rdOrder", "NATLEVNAME": "Provincia", "NATCODE": "34070500000", "NAMEUNIT": "Ávila", "CODNUT1": "ES4", "CODNUT2": "ES41", "CODNUT3": null }, "geometry": { "type": "MultiLineString", "coordinates": [ [ [ -4.419413, 40.644921 ], [ -4.43288, 40.646208 ], [ -4.433472, 40.646264 ], [ -4.437478, 40.646647 ], [ -4.438782, 40.646774 ], [ -4.440583, 40.646941 ], [ -4.443273, 40.647205 ], [ -4.443486, 40.64722 ], [ -4.444695, 40.64734 ], [ -4.446378, 40.647499 ], [ -4.448109, 40.647667 ], [ -4.451486, 40.647985 ], [ -4.457768, 40.648581 ], [ -4.463765, 40.649154 ], [ -4.464831, 40.649258 ], [ -4.468091, 40.649567 ], [ -4.471089, 40.649854 ], [ -4.471429, 40.652399 ], [ -4.471684, 40.654305 ], [ -4.472988, 40.664144 ], [ -4.473188, 40.665682 ], [ -4.473344, 40.666851 ] ] ] } },
{ "type": "Feature", "properties": { "fid": 1, "INSPIREID": "ES.IGN.BDDAE.34070500000", "COUNTRY": "ES", "NATLEV": "https://inspire.ec.europa.eu/codelist/AdministrativeHierarchyLevel/3rdOrder", "NATLEVNAME": "Provincia", "NATCODE": "34070500000", "NAMEUNIT": "Ávila", "CODNUT1": "ES4", "CODNUT2": "ES41", "CODNUT3": null }, "geometry": { "type": "MultiLineString", "coordinates": [ [ [ -4.440014027606994, 40.355823135106263 ], [ -4.442196, 40.351664 ], [ -4.44257, 40.350948 ], [ -4.443927, 40.348346 ], [ -4.444135, 40.34795 ] ] ] } },
{ "type": "Feature", "properties": { "fid": 1, "INSPIREID": "ES.IGN.BDDAE.34070500000", "COUNTRY": "ES", "NATLEV": "https://inspire.ec.europa.eu/codelist/AdministrativeHierarchyLevel/3rdOrder", "NATLEVNAME": "Provincia", "NATCODE": "34070500000", "NAMEUNIT": "Ávila", "CODNUT1": "ES4", "CODNUT2": "ES41", "CODNUT3": null }, "geometry": { "type": "MultiLineString", "coordinates": [ [ [ -4.441639, 40.412832 ], [ -4.44175, 40.412497 ], [ -4.441772, 40.412425 ], [ -4.441781, 40.412317 ], [ -4.441779, 40.412236 ], [ -4.441719, 40.411065 ], [ -4.441716, 40.410921 ], [ -4.441715, 40.410894 ], [ -4.441724, 40.41075 ], [ -4.441723, 40.410696 ], [ -4.441733, 40.410606 ], [ -4.441743, 40.410551 ], [ -4.442037, 40.408854 ], [ -4.442037, 40.408827 ], [ -4.442065, 40.406818 ], [ -4.442074, 40.405593 ], [ -4.442073, 40.405565 ], [ -4.442117, 40.405421 ], [ -4.442139, 40.40533 ], [ -4.442145, 40.404529 ], [ -4.442142, 40.404375 ], [ -4.442147, 40.40406 ], [ -4.442147, 40.404051 ], [ -4.442144, 40.403907 ], [ -4.442191, 40.403357 ], [ -4.442256, 40.402545 ], [ -4.442301, 40.401887 ], [ -4.442312, 40.401842 ], [ -4.442344, 40.401679 ], [ -4.44251, 40.400092 ], [ -4.442579, 40.397217 ], [ -4.442578, 40.39719 ], [ -4.442586, 40.396992 ], [ -4.442583, 40.396875 ], [ -4.442583, 40.396857 ], [ -4.442582, 40.396812 ], [ -4.442592, 40.39673 ], [ -4.442592, 40.396721 ], [ -4.442596, 40.396379 ], [ -4.442603, 40.396163 ], [ -4.442613, 40.395532 ], [ -4.442657, 40.39373 ], [ -4.442671, 40.392712 ], [ -4.442757, 40.38899 ], [ -4.442809692056086, 40.386642276167727 ] ], [ [ -4.442881967840019, 40.383287493853764 ], [ -4.442882, 40.383286 ], [ -4.442895, 40.382781 ], [ -4.443065, 40.374725 ], [ -4.443079, 40.374292 ], [ -4.443086, 40.373527 ], [ -4.443112, 40.372517 ], [ -4.441225973957244, 40.365974938635965 ] ], [ [ -4.440098439124566, 40.362087862851354 ], [ -4.439642, 40.360484 ] ] ] } },
{ "type": "Feature", "properties": { "fid": 1, "INSPIREID": "ES.IGN.BDDAE.34070500000", "COUNTRY": "ES", "NATLEV": "https://inspire.ec.europa.eu/codelist/AdministrativeHierarchyLevel/3rdOrder", "NATLEVNAME": "Provincia", "NATCODE": "34070500000", "NAMEUNIT": "Ávila", "CODNUT1": "ES4", "CODNUT2": "ES41", "CODNUT3": null }, "geometry": { "type": "MultiLineString", "coordinates": [ [ [ -4.687642, 41.037809 ], [ -4.688133, 41.038388 ], [ -4.690474, 41.041101 ], [ -4.692117, 41.042995 ], [ -4.69365, 41.044765 ], [ -4.694287, 41.045494 ], [ -4.694483, 41.045726 ], [ -4.69729, 41.048909 ], [ -4.697388, 41.049016 ], [ -4.69789, 41.049585 ], [ -4.698712, 41.050537 ], [ -4.698748, 41.050572 ], [ -4.698908, 41.050768 ], [ -4.699166, 41.051061 ], [ -4.699607, 41.051568 ], [ -4.699766, 41.051746 ], [ -4.699863723660212, 41.051857684183105 ] ] ] } },
{ "type": "Feature", "properties": { "fid": 1, "INSPIREID": "ES.IGN.BDDAE.34070500000", "COUNTRY": "ES", "NATLEV": "https://inspire.ec.europa.eu/codelist/AdministrativeHierarchyLevel/3rdOrder", "NATLEVNAME": "Provincia", "NATCODE": "34070500000", "NAMEUNIT": "Ávila", "CODNUT1": "ES4", "CODNUT2": "ES41", "CODNUT3": null }, "geometry": { "type": "MultiLineString", "coordinates": [ [ [ -4.715316659210029, 41.069264386139203 ], [ -4.71717, 41.07035 ], [ -4.717243, 41.070385 ], [ -4.717581, 41.070587 ], [ -4.717787, 41.07071 ], [ -4.719394, 41.07165 ], [ -4.719612, 41.071773 ], [ -4.719708, 41.071834 ], [ -4.719854, 41.071922 ], [ -4.719999, 41.072001 ], [ -4.723335, 41.073951 ], [ -4.723431, 41.074013 ], [ -4.725627, 41.075574 ], [ -4.726815, 41.076421 ], [ -4.726827, 41.07643 ], [ -4.726948, 41.0765 ], [ -4.731461, 41.079279 ], [ -4.731497, 41.079296 ], [ -4.733893, 41.080774 ], [ -4.735708, 41.08189 ], [ -4.73588, 41.082077 ], [ -4.736394, 41.082619 ], [ -4.736806, 41.082901 ], [ -4.73717, 41.083147 ], [ -4.737556, 41.083331 ], [ -4.737822, 41.083498 ], [ -4.737834, 41.083507 ] ] ] } },
{ "type": "Feature", "properties": { "fid": 1, "INSPIREID": "ES.IGN.BDDAE.34070500000", "COUNTRY": "ES", "NATLEV": "https://inspire.ec.europa.eu/codelist/AdministrativeHierarchyLevel/3rdOrder", "NATLEVNAME": "Provincia", "NATCODE": "34070500000", "NAMEUNIT": "Ávila", "CODNUT1": "ES4", "CODNUT2": "ES41", "CODNUT3": null }, "geometry": { "type": "MultiLineString", "coordinates": [ [ [ -4.715316659210029, 41.069264386139203 ], [ -4.71717, 41.07035 ], [ -4.717243, 41.070385 ], [ -4.717581, 41.070587 ], [ -4.717787, 41.07071 ], [ -4.719394, 41.07165 ], [ -4.719612, 41.071773 ], [ -4.719708, 41.071834 ], [ -4.719854, 41.071922 ], [ -4.719999, 41.072001 ], [ -4.723335, 41.073951 ], [ -4.723431, 41.074013 ], [ -4.725627, 41.075574 ], [ -4.726815, 41.076421 ], [ -4.726827, 41.07643 ], [ -4.726948, 41.0765 ], [ -4.731461, 41.079279 ], [ -4.731497, 41.079296 ], [ -4.733893, 41.080774 ], [ -4.735708, 41.08189 ], [ -4.73588, 41.082077 ], [ -4.736394, 41.082619 ], [ -4.736806, 41.082901 ], [ -4.73717, 41.083147 ], [ -4.737556, 41.083331 ], [ -4.737822, 41.083498 ], [ -4.737834, 41.083507 ] ] ] } },
{ "type": "Feature", "properties": { "fid": 1, "INSPIREID": "ES.IGN.BDDAE.34070500000", "COUNTRY": "ES", "NATLEV": "https://inspire.ec.europa.eu/codelist/AdministrativeHierarchyLevel/3rdOrder", "NATLEVNAME": "Provincia", "NATCODE": "34070500000", "NAMEUNIT": "Ávila", "CODNUT1": "ES4", "CODNUT2": "ES41", "CODNUT3": null }, "geometry": { "type": "MultiLineString", "coordinates": [ [ [ -4.540058, 40.854902 ], [ -4.540797, 40.85606 ], [ -4.541303, 40.8569 ], [ -4.541501, 40.85723 ], [ -4.541562, 40.857329 ], [ -4.541994, 40.858052 ], [ -4.542303, 40.858553 ], [ -4.542525, 40.858928 ], [ -4.542957, 40.859679 ], [ -4.543761, 40.861091 ], [ -4.545514, 40.863996 ], [ -4.547, 40.866165 ], [ -4.547111, 40.866334 ], [ -4.54753, 40.867031 ], [ -4.547654, 40.867237 ], [ -4.548678, 40.868944 ], [ -4.550417, 40.871758 ], [ -4.552107, 40.8745 ], [ -4.553821, 40.877261 ], [ -4.55429, 40.878038 ], [ -4.55508, 40.879334 ], [ -4.555352, 40.879789 ], [ -4.555611, 40.8802 ], [ -4.555685, 40.880325 ], [ -4.555931, 40.880709 ], [ -4.55709, 40.882559 ], [ -4.557854, 40.883773 ], [ -4.558533, 40.884854 ], [ -4.558910574381447, 40.885492280501964 ] ] ] } },
{ "type": "Feature", "properties": { "fid": 1, "INSPIREID": "ES.IGN.BDDAE.34070500000", "COUNTRY": "ES", "NATLEV": "https://inspire.ec.europa.eu/codelist/AdministrativeHierarchyLevel/3rdOrder", "NATLEVNAME": "Provincia", "NATCODE": "34070500000", "NAMEUNIT": "Ávila", "CODNUT1": "ES4", "CODNUT2": "ES41", "CODNUT3": null }, "geometry": { "type": "MultiLineString", "coordinates": [ [ [ -4.364745, 40.636935 ], [ -4.365707, 40.637102 ] ] ] } },
{ "type": "Feature", "properties": { "fid": 1, "INSPIREID": "ES.IGN.BDDAE.34070500000", "COUNTRY": "ES", "NATLEV": "https://inspire.ec.europa.eu/codelist/AdministrativeHierarchyLevel/3rdOrder", "NATLEVNAME": "Provincia", "NATCODE": "34070500000", "NAMEUNIT": "Ávila", "CODNUT1": "ES4", "CODNUT2": "ES41", "CODNUT3": null }, "geometry": { "type": "MultiLineString", "coordinates": [ [ [ -4.419413, 40.644921 ], [ -4.43288, 40.646208 ], [ -4.433472, 40.646264 ], [ -4.437478, 40.646647 ], [ -4.438782, 40.646774 ], [ -4.440583, 40.646941 ], [ -4.443273, 40.647205 ], [ -4.443486, 40.64722 ], [ -4.444695, 40.64734 ], [ -4.446378, 40.647499 ], [ -4.448109, 40.647667 ], [ -4.451486, 40.647985 ], [ -4.457768, 40.648581 ], [ -4.463765, 40.649154 ], [ -4.464831, 40.649258 ], [ -4.468091, 40.649567 ], [ -4.471089, 40.649854 ], [ -4.471429, 40.652399 ], [ -4.471684, 40.654305 ], [ -4.472988, 40.664144 ], [ -4.473188, 40.665682 ], [ -4.473344, 40.666851 ] ] ] } },
{ "type": "Feature", "properties": { "fid": 1, "INSPIREID": "ES.IGN.BDDAE.34070500000", "COUNTRY": "ES", "NATLEV": "https://inspire.ec.europa.eu/codelist/AdministrativeHierarchyLevel/3rdOrder", "NATLEVNAME": "Provincia", "NATCODE": "34070500000", "NAMEUNIT": "Ávila", "CODNUT1": "ES4", "CODNUT2": "ES41", "CODNUT3": null }, "geometry": { "type": "MultiLineString", "coordinates": [ [ [ -4.440014027606994, 40.355823135106263 ], [ -4.442196, 40.351664 ], [ -4.44257, 40.350948 ], [ -4.443927, 40.348346 ], [ -4.444135, 40.34795 ] ] ] } },
{ "type": "Feature", "properties": { "fid": 1, "INSPIREID": "ES.IGN.BDDAE.34070500000", "COUNTRY": "ES", "NATLEV": "https://inspire.ec.europa.eu/codelist/AdministrativeHierarchyLevel/3rdOrder", "NATLEVNAME": "Provincia", "NATCODE": "34070500000", "NAMEUNIT": "Ávila", "CODNUT1": "ES4", "CODNUT2": "ES41", "CODNUT3": null }, "geometry": { "type": "MultiLineString", "coordinates": [ [ [ -4.441639, 40.412832 ], [ -4.44175, 40.412497 ], [ -4.441772, 40.412425 ], [ -4.441781, 40.412317 ], [ -4.441779, 40.412236 ], [ -4.441719, 40.411065 ], [ -4.441716, 40.410921 ], [ -4.441715, 40.410894 ], [ -4.441724, 40.41075 ], [ -4.441723, 40.410696 ], [ -4.441733, 40.410606 ], [ -4.441743, 40.410551 ], [ -4.442037, 40.408854 ], [ -4.442037, 40.408827 ], [ -4.442065, 40.406818 ], [ -4.442074, 40.405593 ], [ -4.442073, 40.405565 ], [ -4.442117, 40.405421 ], [ -4.442139, 40.40533 ], [ -4.442145, 40.404529 ], [ -4.442142, 40.404375 ], [ -4.442147, 40.40406 ], [ -4.442147, 40.404051 ], [ -4.442144, 40.403907 ], [ -4.442191, 40.403357 ], [ -4.442256, 40.402545 ], [ -4.442301, 40.401887 ], [ -4.442312, 40.401842 ], [ -4.442344, 40.401679 ], [ -4.44251, 40.400092 ], [ -4.442579, 40.397217 ], [ -4.442578, 40.39719 ], [ -4.442586, 40.396992 ], [ -4.442583, 40.396875 ], [ -4.442583, 40.396857 ], [ -4.442582, 40.396812 ], [ -4.442592, 40.39673 ], [ -4.442592, 40.396721 ], [ -4.442596, 40.396379 ], [ -4.442603, 40.396163 ], [ -4.442613, 40.395532 ], [ -4.442657, 40.39373 ], [ -4.442671, 40.392712 ], [ -4.442757, 40.38899 ], [ -4.442809692056086, 40.386642276167727 ] ], [ [ -4.442881967840019, 40.383287493853764 ], [ -4.442882, 40.383286 ], [ -4.442895, 40.382781 ], [ -4.443065, 40.374725 ], [ -4.443079, 40.374292 ], [ -4.443086, 40.373527 ], [ -4.443112, 40.372517 ], [ -4.441225973957244, 40.365974938635965 ] ], [ [ -4.440098439124566, 40.362087862851354 ], [ -4.439642, 40.360484 ] ] ] } },
{ "type": "Feature", "properties": { "fid": 1, "INSPIREID": "ES.IGN.BDDAE.34070500000", "COUNTRY": "ES", "NATLEV": "https://inspire.ec.europa.eu/codelist/AdministrativeHierarchyLevel/3rdOrder", "NATLEVNAME": "Provincia", "NATCODE": "34070500000", "NAMEUNIT": "Ávila", "CODNUT1": "ES4", "CODNUT2": "ES41", "CODNUT3": null }, "geometry": { "type": "MultiLineString", "coordinates": [ [ [ -4.559478253878501, 40.886450427184784 ], [ -4.559645, 40.886731 ], [ -4.55978, 40.886936 ], [ -4.560534, 40.888214 ], [ -4.561632, 40.889965 ], [ -4.562051, 40.890626 ], [ -4.563211, 40.89252 ], [ -4.563606, 40.893163 ], [ -4.565148, 40.895628 ], [ -4.565654, 40.89645 ], [ -4.566531, 40.897888 ], [ -4.568161, 40.90056 ], [ -4.568285, 40.900765 ], [ -4.568396, 40.900944 ], [ -4.568803, 40.901614 ], [ -4.570383, 40.90416 ], [ -4.570741, 40.904731 ], [ -4.571692, 40.906268 ], [ -4.572964, 40.90834 ], [ -4.574408, 40.910689 ], [ -4.575323, 40.912181 ], [ -4.576063, 40.913342 ], [ -4.576828, 40.914557 ], [ -4.577656, 40.915933 ], [ -4.578212, 40.916844 ] ] ] } },
{ "type": "Feature", "properties": { "fid": 1, "INSPIREID": "ES.IGN.BDDAE.34070500000", "COUNTRY": "ES", "NATLEV": "https://inspire.ec.europa.eu/codelist/AdministrativeHierarchyLevel/3rdOrder", "NATLEVNAME": "Provincia", "NATCODE": "34070500000", "NAMEUNIT": "Ávila", "CODNUT1": "ES4", "CODNUT2": "ES41", "CODNUT3": null }, "geometry": { "type": "MultiLineString", "coordinates": [ [ [ -4.687639, 41.038602 ], [ -4.689748, 41.041084 ], [ -4.689908, 41.041271 ], [ -4.691501, 41.043085 ], [ -4.692273, 41.043966 ], [ -4.693144, 41.045007 ], [ -4.693402, 41.045327 ], [ -4.693537, 41.045487 ], [ -4.693562, 41.045514 ], [ -4.694139, 41.046208 ], [ -4.696248, 41.048645 ], [ -4.696321, 41.048734 ], [ -4.69648, 41.048903 ], [ -4.696934, 41.04941 ], [ -4.696958, 41.049427 ], [ -4.697044, 41.049525 ], [ -4.697191, 41.049694 ], [ -4.69795, 41.050539 ], [ -4.698159, 41.05077 ], [ -4.698404, 41.051046 ], [ -4.699054, 41.051811 ], [ -4.699055851474645, 41.051813777211969 ] ] ] } },
{ "type": "Feature", "properties": { "fid": 1, "INSPIREID": "ES.IGN.BDDAE.34070500000", "COUNTRY": "ES", "NATLEV": "https://inspire.ec.europa.eu/codelist/AdministrativeHierarchyLevel/3rdOrder", "NATLEVNAME": "Provincia", "NATCODE": "34070500000", "NAMEUNIT": "Ávila", "CODNUT1": "ES4", "CODNUT2": "ES41", "CODNUT3": null }, "geometry": { "type": "MultiLineString", "coordinates": [ [ [ -4.716285013951246, 41.071032885471126 ], [ -4.716576, 41.071287 ], [ -4.716734, 41.071428 ], [ -4.717209, 41.071854 ], [ -4.718099, 41.072633 ], [ -4.719, 41.073439 ], [ -4.719122, 41.073537 ], [ -4.719524, 41.0739 ], [ -4.721925, 41.076035 ], [ -4.722144, 41.076221 ], [ -4.722254, 41.076318 ], [ -4.724215, 41.078036 ], [ -4.724471, 41.078258 ], [ -4.724653, 41.078417 ], [ -4.724751, 41.078506 ], [ -4.727201, 41.080703 ], [ -4.727908, 41.081314 ], [ -4.728407, 41.081757 ], [ -4.728931, 41.082217 ], [ -4.730101, 41.083245 ], [ -4.730393, 41.083501 ] ] ] } },
{ "type": "Feature", "properties": { "fid": 1, "INSPIREID": "ES.IGN.BDDAE.34070500000", "COUNTRY": "ES", "NATLEV": "https://inspire.ec.europa.eu/codelist/AdministrativeHierarchyLevel/3rdOrder", "NATLEVNAME": "Provincia", "NATCODE": "34070500000", "NAMEUNIT": "Ávila", "CODNUT1": "ES4", "CODNUT2": "ES41", "CODNUT3": null }, "geometry": { "type": "MultiLineString", "coordinates": [ [ [ -4.559478253878501, 40.886450427184784 ], [ -4.559645, 40.886731 ], [ -4.55978, 40.886936 ], [ -4.560534, 40.888214 ], [ -4.561632, 40.889965 ], [ -4.562051, 40.890626 ], [ -4.563211, 40.89252 ], [ -4.563606, 40.893163 ], [ -4.565148, 40.895628 ], [ -4.565654, 40.89645 ], [ -4.566531, 40.897888 ], [ -4.568161, 40.90056 ], [ -4.568285, 40.900765 ], [ -4.568396, 40.900944 ], [ -4.568803, 40.901614 ], [ -4.570383, 40.90416 ], [ -4.570741, 40.904731 ], [ -4.571692, 40.906268 ], [ -4.572964, 40.90834 ], [ -4.574408, 40.910689 ], [ -4.575323, 40.912181 ], [ -4.576063, 40.913342 ], [ -4.576828, 40.914557 ], [ -4.577656, 40.915933 ], [ -4.578212, 40.916844 ] ] ] } },
{ "type": "Feature", "properties": { "fid": 1, "INSPIREID": "ES.IGN.BDDAE.34070500000", "COUNTRY": "ES", "NATLEV": "https://inspire.ec.europa.eu/codelist/AdministrativeHierarchyLevel/3rdOrder", "NATLEVNAME": "Provincia", "NATCODE": "34070500000", "NAMEUNIT": "Ávila", "CODNUT1": "ES4", "CODNUT2": "ES41", "CODNUT3": null }, "geometry": { "type": "MultiLineString", "coordinates": [ [ [ -4.440014027606994, 40.355823135106263 ], [ -4.442196, 40.351664 ], [ -4.44257, 40.350948 ], [ -4.443927, 40.348346 ], [ -4.444135, 40.34795 ] ] ] } },
{ "type": "Feature", "properties": { "fid": 1, "INSPIREID": "ES.IGN.BDDAE.34070500000", "COUNTRY": "ES", "NATLEV": "https://inspire.ec.europa.eu/codelist/AdministrativeHierarchyLevel/3rdOrder", "NATLEVNAME": "Provincia", "NATCODE": "34070500000", "NAMEUNIT": "Ávila", "CODNUT1": "ES4", "CODNUT2": "ES41", "CODNUT3": null }, "geometry": { "type": "MultiLineString", "coordinates": [ [ [ -4.441639, 40.412832 ], [ -4.44175, 40.412497 ], [ -4.441772, 40.412425 ], [ -4.441781, 40.412317 ], [ -4.441779, 40.412236 ], [ -4.441719, 40.411065 ], [ -4.441716, 40.410921 ], [ -4.441715, 40.410894 ], [ -4.441724, 40.41075 ], [ -4.441723, 40.410696 ], [ -4.441733, 40.410606 ], [ -4.441743, 40.410551 ], [ -4.442037, 40.408854 ], [ -4.442037, 40.408827 ], [ -4.442065, 40.406818 ], [ -4.442074, 40.405593 ], [ -4.442073, 40.405565 ], [ -4.442117, 40.405421 ], [ -4.442139, 40.40533 ], [ -4.442145, 40.404529 ], [ -4.442142, 40.404375 ], [ -4.442147, 40.40406 ], [ -4.442147, 40.404051 ], [ -4.442144, 40.403907 ], [ -4.442191, 40.403357 ], [ -4.442256, 40.402545 ], [ -4.442301, 40.401887 ], [ -4.442312, 40.401842 ], [ -4.442344, 40.401679 ], [ -4.44251, 40.400092 ], [ -4.442579, 40.397217 ], [ -4.442578, 40.39719 ], [ -4.442586, 40.396992 ], [ -4.442583, 40.396875 ], [ -4.442583, 40.396857 ], [ -4.442582, 40.396812 ], [ -4.442592, 40.39673 ], [ -4.442592, 40.396721 ], [ -4.442596, 40.396379 ], [ -4.442603, 40.396163 ], [ -4.442613, 40.395532 ], [ -4.442657, 40.39373 ], [ -4.442671, 40.392712 ], [ -4.442757, 40.38899 ], [ -4.442809692056086, 40.386642276167727 ] ], [ [ -4.442881967840019, 40.383287493853764 ], [ -4.442882, 40.383286 ], [ -4.442895, 40.382781 ], [ -4.443065, 40.374725 ], [ -4.443079, 40.374292 ], [ -4.443086, 40.373527 ], [ -4.443112, 40.372517 ], [ -4.441225973957244, 40.365974938635965 ] ], [ [ -4.440098439124566, 40.362087862851354 ], [ -4.439642, 40.360484 ] ] ] } },
{ "type": "Feature", "properties": { "fid": 1, "INSPIREID": "ES.IGN.BDDAE.34070500000", "COUNTRY": "ES", "NATLEV": "https://inspire.ec.europa.eu/codelist/AdministrativeHierarchyLevel/3rdOrder", "NATLEVNAME": "Provincia", "NATCODE": "34070500000", "NAMEUNIT": "Ávila", "CODNUT1": "ES4", "CODNUT2": "ES41", "CODNUT3": null }, "geometry": { "type": "MultiLineString", "coordinates": [ [ [ -4.716285013951246, 41.071032885471126 ], [ -4.716576, 41.071287 ], [ -4.716734, 41.071428 ], [ -4.717209, 41.071854 ], [ -4.718099, 41.072633 ], [ -4.719, 41.073439 ], [ -4.719122, 41.073537 ], [ -4.719524, 41.0739 ], [ -4.721925, 41.076035 ], [ -4.722144, 41.076221 ], [ -4.722254, 41.076318 ], [ -4.724215, 41.078036 ], [ -4.724471, 41.078258 ], [ -4.724653, 41.078417 ], [ -4.724751, 41.078506 ], [ -4.727201, 41.080703 ], [ -4.727908, 41.081314 ], [ -4.728407, 41.081757 ], [ -4.728931, 41.082217 ], [ -4.730101, 41.083245 ], [ -4.730393, 41.083501 ] ] ] } },
{ "type": "Feature", "properties": { "fid": 1, "INSPIREID": "ES.IGN.BDDAE.34070500000", "COUNTRY": "ES", "NATLEV": "https://inspire.ec.europa.eu/codelist/AdministrativeHierarchyLevel/3rdOrder", "NATLEVNAME": "Provincia", "NATCODE": "34070500000", "NAMEUNIT": "Ávila", "CODNUT1": "ES4", "CODNUT2": "ES41", "CODNUT3": null }, "geometry": { "type": "MultiLineString", "coordinates": [ [ [ -4.687639, 41.038602 ], [ -4.689748, 41.041084 ], [ -4.689908, 41.041271 ], [ -4.691501, 41.043085 ], [ -4.692273, 41.043966 ], [ -4.693144, 41.045007 ], [ -4.693402, 41.045327 ], [ -4.693537, 41.045487 ], [ -4.693562, 41.045514 ], [ -4.694139, 41.046208 ], [ -4.696248, 41.048645 ], [ -4.696321, 41.048734 ], [ -4.69648, 41.048903 ], [ -4.696934, 41.04941 ], [ -4.696958, 41.049427 ], [ -4.697044, 41.049525 ], [ -4.697191, 41.049694 ], [ -4.69795, 41.050539 ], [ -4.698159, 41.05077 ], [ -4.698404, 41.051046 ], [ -4.699054, 41.051811 ], [ -4.699055851474645, 41.051813777211969 ] ] ] } },
{ "type": "Feature", "properties": { "fid": 1, "INSPIREID": "ES.IGN.BDDAE.34070500000", "COUNTRY": "ES", "NATLEV": "https://inspire.ec.europa.eu/codelist/AdministrativeHierarchyLevel/3rdOrder", "NATLEVNAME": "Provincia", "NATCODE": "34070500000", "NAMEUNIT": "Ávila", "CODNUT1": "ES4", "CODNUT2": "ES41", "CODNUT3": null }, "geometry": { "type": "MultiLineString", "coordinates": [ [ [ -4.716285013951246, 41.071032885471126 ], [ -4.716576, 41.071287 ], [ -4.716734, 41.071428 ], [ -4.717209, 41.071854 ], [ -4.718099, 41.072633 ], [ -4.719, 41.073439 ], [ -4.719122, 41.073537 ], [ -4.719524, 41.0739 ], [ -4.721925, 41.076035 ], [ -4.722144, 41.076221 ], [ -4.722254, 41.076318 ], [ -4.724215, 41.078036 ], [ -4.724471, 41.078258 ], [ -4.724653, 41.078417 ], [ -4.724751, 41.078506 ], [ -4.727201, 41.080703 ], [ -4.727908, 41.081314 ], [ -4.728407, 41.081757 ], [ -4.728931, 41.082217 ], [ -4.730101, 41.083245 ], [ -4.730393, 41.083501 ] ] ] } },
{ "type": "Feature", "properties": { "fid": 1, "INSPIREID": "ES.IGN.BDDAE.34070500000", "COUNTRY": "ES", "NATLEV": "https://inspire.ec.europa.eu/codelist/AdministrativeHierarchyLevel/3rdOrder", "NATLEVNAME": "Provincia", "NATCODE": "34070500000", "NAMEUNIT": "Ávila", "CODNUT1": "ES4", "CODNUT2": "ES41", "CODNUT3": null }, "geometry": { "type": "MultiLineString", "coordinates": [ [ [ -4.687639, 41.038602 ], [ -4.689748, 41.041084 ], [ -4.689908, 41.041271 ], [ -4.691501, 41.043085 ], [ -4.692273, 41.043966 ], [ -4.693144, 41.045007 ], [ -4.693402, 41.045327 ], [ -4.693537, 41.045487 ], [ -4.693562, 41.045514 ], [ -4.694139, 41.046208 ], [ -4.696248, 41.048645 ], [ -4.696321, 41.048734 ], [ -4.69648, 41.048903 ], [ -4.696934, 41.04941 ], [ -4.696958, 41.049427 ], [ -4.697044, 41.049525 ], [ -4.697191, 41.049694 ], [ -4.69795, 41.050539 ], [ -4.698159, 41.05077 ], [ -4.698404, 41.051046 ], [ -4.699054, 41.051811 ], [ -4.699055851474645, 41.051813777211969 ] ] ] } },
{ "type": "Feature", "properties": { "fid": 1, "INSPIREID": "ES.IGN.BDDAE.34070500000", "COUNTRY": "ES", "NATLEV": "https://inspire.ec.europa.eu/codelist/AdministrativeHierarchyLevel/3rdOrder", "NATLEVNAME": "Provincia", "NATCODE": "34070500000", "NAMEUNIT": "Ávila", "CODNUT1": "ES4", "CODNUT2": "ES41", "CODNUT3": null }, "geometry": { "type": "MultiLineString", "coordinates": [ [ [ -4.559478253878501, 40.886450427184784 ], [ -4.559645, 40.886731 ], [ -4.55978, 40.886936 ], [ -4.560534, 40.888214 ], [ -4.561632, 40.889965 ], [ -4.562051, 40.890626 ], [ -4.563211, 40.89252 ], [ -4.563606, 40.893163 ], [ -4.565148, 40.895628 ], [ -4.565654, 40.89645 ], [ -4.566531, 40.897888 ], [ -4.568161, 40.90056 ], [ -4.568285, 40.900765 ], [ -4.568396, 40.900944 ], [ -4.568803, 40.901614 ], [ -4.570383, 40.90416 ], [ -4.570741, 40.904731 ], [ -4.571692, 40.906268 ], [ -4.572964, 40.90834 ], [ -4.574408, 40.910689 ], [ -4.575323, 40.912181 ], [ -4.576063, 40.913342 ], [ -4.576828, 40.914557 ], [ -4.577656, 40.915933 ], [ -4.578212, 40.916844 ] ] ] } },
{ "type": "Feature", "properties": { "fid": 1, "INSPIREID": "ES.IGN.BDDAE.34070500000", "COUNTRY": "ES", "NATLEV": "https://inspire.ec.europa.eu/codelist/AdministrativeHierarchyLevel/3rdOrder", "NATLEVNAME": "Provincia", "NATCODE": "34070500000", "NAMEUNIT": "Ávila", "CODNUT1": "ES4", "CODNUT2": "ES41", "CODNUT3": null }, "geometry": { "type": "MultiLineString", "coordinates": [ [ [ -4.687642, 41.037809 ], [ -4.688133, 41.038388 ], [ -4.690474, 41.041101 ], [ -4.692117, 41.042995 ], [ -4.69365, 41.044765 ], [ -4.694287, 41.045494 ], [ -4.694483, 41.045726 ], [ -4.69729, 41.048909 ], [ -4.697388, 41.049016 ], [ -4.69789, 41.049585 ], [ -4.698712, 41.050537 ], [ -4.698748, 41.050572 ], [ -4.698908, 41.050768 ], [ -4.699166, 41.051061 ], [ -4.699607, 41.051568 ], [ -4.699766, 41.051746 ], [ -4.699863723660212, 41.051857684183105 ] ] ] } },
{ "type": "Feature", "properties": { "fid": 1, "INSPIREID": "ES.IGN.BDDAE.34070500000", "COUNTRY": "ES", "NATLEV": "https://inspire.ec.europa.eu/codelist/AdministrativeHierarchyLevel/3rdOrder", "NATLEVNAME": "Provincia", "NATCODE": "34070500000", "NAMEUNIT": "Ávila", "CODNUT1": "ES4", "CODNUT2": "ES41", "CODNUT3": null }, "geometry": { "type": "MultiLineString", "coordinates": [ [ [ -4.419413, 40.644921 ], [ -4.43288, 40.646208 ], [ -4.433472, 40.646264 ], [ -4.437478, 40.646647 ], [ -4.438782, 40.646774 ], [ -4.440583, 40.646941 ], [ -4.443273, 40.647205 ], [ -4.443486, 40.64722 ], [ -4.444695, 40.64734 ], [ -4.446378, 40.647499 ], [ -4.448109, 40.647667 ], [ -4.451486, 40.647985 ], [ -4.457768, 40.648581 ], [ -4.463765, 40.649154 ], [ -4.464831, 40.649258 ], [ -4.468091, 40.649567 ], [ -4.471089, 40.649854 ], [ -4.471429, 40.652399 ], [ -4.471684, 40.654305 ], [ -4.472988, 40.664144 ], [ -4.473188, 40.665682 ], [ -4.473344, 40.666851 ] ] ] } },
{ "type": "Feature", "properties": { "fid": 1, "INSPIREID": "ES.IGN.BDDAE.34070500000", "COUNTRY": "ES", "NATLEV": "https://inspire.ec.europa.eu/codelist/AdministrativeHierarchyLevel/3rdOrder", "NATLEVNAME": "Provincia", "NATCODE": "34070500000", "NAMEUNIT": "Ávila", "CODNUT1": "ES4", "CODNUT2": "ES41", "CODNUT3": null }, "geometry": { "type": "MultiLineString", "coordinates": [ [ [ -4.540058, 40.854902 ], [ -4.540797, 40.85606 ], [ -4.541303, 40.8569 ], [ -4.541501, 40.85723 ], [ -4.541562, 40.857329 ], [ -4.541994, 40.858052 ], [ -4.542303, 40.858553 ], [ -4.542525, 40.858928 ], [ -4.542957, 40.859679 ], [ -4.543761, 40.861091 ], [ -4.545514, 40.863996 ], [ -4.547, 40.866165 ], [ -4.547111, 40.866334 ], [ -4.54753, 40.867031 ], [ -4.547654, 40.867237 ], [ -4.548678, 40.868944 ], [ -4.550417, 40.871758 ], [ -4.552107, 40.8745 ], [ -4.553821, 40.877261 ], [ -4.55429, 40.878038 ], [ -4.55508, 40.879334 ], [ -4.555352, 40.879789 ], [ -4.555611, 40.8802 ], [ -4.555685, 40.880325 ], [ -4.555931, 40.880709 ], [ -4.55709, 40.882559 ], [ -4.557854, 40.883773 ], [ -4.558533, 40.884854 ], [ -4.558910574381447, 40.885492280501964 ] ] ] } },
{ "type": "Feature", "properties": { "fid": 1, "INSPIREID": "ES.IGN.BDDAE.34070500000", "COUNTRY": "ES", "NATLEV": "https://inspire.ec.europa.eu/codelist/AdministrativeHierarchyLevel/3rdOrder", "NATLEVNAME": "Provincia", "NATCODE": "34070500000", "NAMEUNIT": "Ávila", "CODNUT1": "ES4", "CODNUT2": "ES41", "CODNUT3": null }, "geometry": { "type": "MultiLineString", "coordinates": [ [ [ -4.364745, 40.636935 ], [ -4.365707, 40.637102 ] ] ] } },
{ "type": "Feature", "properties": { "fid": 1, "INSPIREID": "ES.IGN.BDDAE.34070500000", "COUNTRY": "ES", "NATLEV": "https://inspire.ec.europa.eu/codelist/AdministrativeHierarchyLevel/3rdOrder", "NATLEVNAME": "Provincia", "NATCODE": "34070500000", "NAMEUNIT": "Ávila", "CODNUT1": "ES4", "CODNUT2": "ES41", "CODNUT3": null }, "geometry": { "type": "MultiLineString", "coordinates": [ [ [ -4.419413, 40.644921 ], [ -4.43288, 40.646208 ], [ -4.433472, 40.646264 ], [ -4.437478, 40.646647 ], [ -4.438782, 40.646774 ], [ -4.440583, 40.646941 ], [ -4.443273, 40.647205 ], [ -4.443486, 40.64722 ], [ -4.444695, 40.64734 ], [ -4.446378, 40.647499 ], [ -4.448109, 40.647667 ], [ -4.451486, 40.647985 ], [ -4.457768, 40.648581 ], [ -4.463765, 40.649154 ], [ -4.464831, 40.649258 ], [ -4.468091, 40.649567 ], [ -4.471089, 40.649854 ], [ -4.471429, 40.652399 ], [ -4.471684, 40.654305 ], [ -4.472988, 40.664144 ], [ -4.473188, 40.665682 ], [ -4.473344, 40.666851 ] ] ] } },
{ "type": "Feature", "properties": { "fid": 1, "INSPIREID": "ES.IGN.BDDAE.34070500000", "COUNTRY": "ES", "NATLEV": "https://inspire.ec.europa.eu/codelist/AdministrativeHierarchyLevel/3rdOrder", "NATLEVNAME": "Provincia", "NATCODE": "34070500000", "NAMEUNIT": "Ávila", "CODNUT1": "ES4", "CODNUT2": "ES41", "CODNUT3": null }, "geometry": { "type": "MultiLineString", "coordinates": [ [ [ -4.440014027606994, 40.355823135106263 ], [ -4.442196, 40.351664 ], [ -4.44257, 40.350948 ], [ -4.443927, 40.348346 ], [ -4.444135, 40.34795 ] ] ] } },
{ "type": "Feature", "properties": { "fid": 1, "INSPIREID": "ES.IGN.BDDAE.34070500000", "COUNTRY": "ES", "NATLEV": "https://inspire.ec.europa.eu/codelist/AdministrativeHierarchyLevel/3rdOrder", "NATLEVNAME": "Provincia", "NATCODE": "34070500000", "NAMEUNIT": "Ávila", "CODNUT1": "ES4", "CODNUT2": "ES41", "CODNUT3": null }, "geometry": { "type": "MultiLineString", "coordinates": [ [ [ -4.441639, 40.412832 ], [ -4.44175, 40.412497 ], [ -4.441772, 40.412425 ], [ -4.441781, 40.412317 ], [ -4.441779, 40.412236 ], [ -4.441719, 40.411065 ], [ -4.441716, 40.410921 ], [ -4.441715, 40.410894 ], [ -4.441724, 40.41075 ], [ -4.441723, 40.410696 ], [ -4.441733, 40.410606 ], [ -4.441743, 40.410551 ], [ -4.442037, 40.408854 ], [ -4.442037, 40.408827 ], [ -4.442065, 40.406818 ], [ -4.442074, 40.405593 ], [ -4.442073, 40.405565 ], [ -4.442117, 40.405421 ], [ -4.442139, 40.40533 ], [ -4.442145, 40.404529 ], [ -4.442142, 40.404375 ], [ -4.442147, 40.40406 ], [ -4.442147, 40.404051 ], [ -4.442144, 40.403907 ], [ -4.442191, 40.403357 ], [ -4.442256, 40.402545 ], [ -4.442301, 40.401887 ], [ -4.442312, 40.401842 ], [ -4.442344, 40.401679 ], [ -4.44251, 40.400092 ], [ -4.442579, 40.397217 ], [ -4.442578, 40.39719 ], [ -4.442586, 40.396992 ], [ -4.442583, 40.396875 ], [ -4.442583, 40.396857 ], [ -4.442582, 40.396812 ], [ -4.442592, 40.39673 ], [ -4.442592, 40.396721 ], [ -4.442596, 40.396379 ], [ -4.442603, 40.396163 ], [ -4.442613, 40.395532 ], [ -4.442657, 40.39373 ], [ -4.442671, 40.392712 ], [ -4.442757, 40.38899 ], [ -4.442809692056086, 40.386642276167727 ] ], [ [ -4.442881967840019, 40.383287493853764 ], [ -4.442882, 40.383286 ], [ -4.442895, 40.382781 ], [ -4.443065, 40.374725 ], [ -4.443079, 40.374292 ], [ -4.443086, 40.373527 ], [ -4.443112, 40.372517 ], [ -4.441225973957244, 40.365974938635965 ] ], [ [ -4.440098439124566, 40.362087862851354 ], [ -4.439642, 40.360484 ] ] ] } },
{ "type": "Feature", "properties": { "fid": 1, "INSPIREID": "ES.IGN.BDDAE.34070500000", "COUNTRY": "ES", "NATLEV": "https://inspire.ec.europa.eu/codelist/AdministrativeHierarchyLevel/3rdOrder", "NATLEVNAME": "Provincia", "NATCODE": "34070500000", "NAMEUNIT": "Ávila", "CODNUT1": "ES4", "CODNUT2": "ES41", "CODNUT3": null }, "geometry": { "type": "MultiLineString", "coordinates": [ [ [ -4.716285013951246, 41.071032885471126 ], [ -4.716576, 41.071287 ], [ -4.716734, 41.071428 ], [ -4.717209, 41.071854 ], [ -4.718099, 41.072633 ], [ -4.719, 41.073439 ], [ -4.719122, 41.073537 ], [ -4.719524, 41.0739 ], [ -4.721925, 41.076035 ], [ -4.722144, 41.076221 ], [ -4.722254, 41.076318 ], [ -4.724215, 41.078036 ], [ -4.724471, 41.078258 ], [ -4.724653, 41.078417 ], [ -4.724751, 41.078506 ], [ -4.727201, 41.080703 ], [ -4.727908, 41.081314 ], [ -4.728407, 41.081757 ], [ -4.728931, 41.082217 ], [ -4.730101, 41.083245 ], [ -4.730393, 41.083501 ] ] ] } },
{ "type": "Feature", "properties": { "fid": 1, "INSPIREID": "ES.IGN.BDDAE.34070500000", "COUNTRY": "ES", "NATLEV": "https://inspire.ec.europa.eu/codelist/AdministrativeHierarchyLevel/3rdOrder", "NATLEVNAME": "Provincia", "NATCODE": "34070500000", "NAMEUNIT": "Ávila", "CODNUT1": "ES4", "CODNUT2": "ES41", "CODNUT3": null }, "geometry": { "type": "MultiLineString", "coordinates": [ [ [ -4.687639, 41.038602 ], [ -4.689748, 41.041084 ], [ -4.689908, 41.041271 ], [ -4.691501, 41.043085 ], [ -4.692273, 41.043966 ], [ -4.693144, 41.045007 ], [ -4.693402, 41.045327 ], [ -4.693537, 41.045487 ], [ -4.693562, 41.045514 ], [ -4.694139, 41.046208 ], [ -4.696248, 41.048645 ], [ -4.696321, 41.048734 ], [ -4.69648, 41.048903 ], [ -4.696934, 41.04941 ], [ -4.696958, 41.049427 ], [ -4.697044, 41.049525 ], [ -4.697191, 41.049694 ], [ -4.69795, 41.050539 ], [ -4.698159, 41.05077 ], [ -4.698404, 41.051046 ], [ -4.699054, 41.051811 ], [ -4.699055851474645, 41.051813777211969 ] ] ] } },
{ "type": "Feature", "properties": { "fid": 1, "INSPIREID": "ES.IGN.BDDAE.34070500000", "COUNTRY": "ES", "NATLEV": "https://inspire.ec.europa.eu/codelist/AdministrativeHierarchyLevel/3rdOrder", "NATLEVNAME": "Provincia", "NATCODE": "34070500000", "NAMEUNIT": "Ávila", "CODNUT1": "ES4", "CODNUT2": "ES41", "CODNUT3": null }, "geometry": { "type": "MultiLineString", "coordinates": [ [ [ -4.715316659210029, 41.069264386139203 ], [ -4.71717, 41.07035 ], [ -4.717243, 41.070385 ], [ -4.717581, 41.070587 ], [ -4.717787, 41.07071 ], [ -4.719394, 41.07165 ], [ -4.719612, 41.071773 ], [ -4.719708, 41.071834 ], [ -4.719854, 41.071922 ], [ -4.719999, 41.072001 ], [ -4.723335, 41.073951 ], [ -4.723431, 41.074013 ], [ -4.725627, 41.075574 ], [ -4.726815, 41.076421 ], [ -4.726827, 41.07643 ], [ -4.726948, 41.0765 ], [ -4.731461, 41.079279 ], [ -4.731497, 41.079296 ], [ -4.733893, 41.080774 ], [ -4.735708, 41.08189 ], [ -4.73588, 41.082077 ], [ -4.736394, 41.082619 ], [ -4.736806, 41.082901 ], [ -4.73717, 41.083147 ], [ -4.737556, 41.083331 ], [ -4.737822, 41.083498 ], [ -4.737834, 41.083507 ] ] ] } },
{ "type": "Feature", "properties": { "fid": 1, "INSPIREID": "ES.IGN.BDDAE.34070500000", "COUNTRY": "ES", "NATLEV": "https://inspire.ec.europa.eu/codelist/AdministrativeHierarchyLevel/3rdOrder", "NATLEVNAME": "Provincia", "NATCODE": "34070500000", "NAMEUNIT": "Ávila", "CODNUT1": "ES4", "CODNUT2": "ES41", "CODNUT3": null }, "geometry": { "type": "MultiLineString", "coordinates": [ [ [ -4.716285013951246, 41.071032885471126 ], [ -4.716576, 41.071287 ], [ -4.716734, 41.071428 ], [ -4.717209, 41.071854 ], [ -4.718099, 41.072633 ], [ -4.719, 41.073439 ], [ -4.719122, 41.073537 ], [ -4.719524, 41.0739 ], [ -4.721925, 41.076035 ], [ -4.722144, 41.076221 ], [ -4.722254, 41.076318 ], [ -4.724215, 41.078036 ], [ -4.724471, 41.078258 ], [ -4.724653, 41.078417 ], [ -4.724751, 41.078506 ], [ -4.727201, 41.080703 ], [ -4.727908, 41.081314 ], [ -4.728407, 41.081757 ], [ -4.728931, 41.082217 ], [ -4.730101, 41.083245 ], [ -4.730393, 41.083501 ] ] ] } },
{ "type": "Feature", "properties": { "fid": 1, "INSPIREID": "ES.IGN.BDDAE.34070500000", "COUNTRY": "ES", "NATLEV": "https://inspire.ec.europa.eu/codelist/AdministrativeHierarchyLevel/3rdOrder", "NATLEVNAME": "Provincia", "NATCODE": "34070500000", "NAMEUNIT": "Ávila", "CODNUT1": "ES4", "CODNUT2": "ES41", "CODNUT3": null }, "geometry": { "type": "MultiLineString", "coordinates": [ [ [ -4.364745, 40.636935 ], [ -4.365707, 40.637102 ] ] ] } },
{ "type": "Feature", "properties": { "fid": 1, "INSPIREID": "ES.IGN.BDDAE.34070500000", "COUNTRY": "ES", "NATLEV": "https://inspire.ec.europa.eu/codelist/AdministrativeHierarchyLevel/3rdOrder", "NATLEVNAME": "Provincia", "NATCODE": "34070500000", "NAMEUNIT": "Ávila", "CODNUT1": "ES4", "CODNUT2": "ES41", "CODNUT3": null }, "geometry": { "type": "MultiLineString", "coordinates": [ [ [ -4.423505384168243, 40.675906704738203 ], [ -4.423506, 40.675907 ] ] ] } },
{ "type": "Feature", "properties": { "fid": 1, "INSPIREID": "ES.IGN.BDDAE.34070500000", "COUNTRY": "ES", "NATLEV": "https://inspire.ec.europa.eu/codelist/AdministrativeHierarchyLevel/3rdOrder", "NATLEVNAME": "Provincia", "NATCODE": "34070500000", "NAMEUNIT": "Ávila", "CODNUT1": "ES4", "CODNUT2": "ES41", "CODNUT3": null }, "geometry": { "type": "MultiLineString", "coordinates": [ [ [ -4.427401687594753, 40.688995074382198 ], [ -4.427402, 40.688995 ] ] ] } },
{ "type": "Feature", "properties": { "fid": 1, "INSPIREID": "ES.IGN.BDDAE.34070500000", "COUNTRY": "ES", "NATLEV": "https://inspire.ec.europa.eu/codelist/AdministrativeHierarchyLevel/3rdOrder", "NATLEVNAME": "Provincia", "NATCODE": "34070500000", "NAMEUNIT": "Ávila", "CODNUT1": "ES4", "CODNUT2": "ES41", "CODNUT3": null }, "geometry": { "type": "MultiLineString", "coordinates": [ [ [ -4.419304, 40.633394 ], [ -4.419303739412047, 40.633394725114307 ] ] ] } },
{ "type": "Feature", "properties": { "fid": 1, "INSPIREID": "ES.IGN.BDDAE.34070500000", "COUNTRY": "ES", "NATLEV": "https://inspire.ec.europa.eu/codelist/AdministrativeHierarchyLevel/3rdOrder", "NATLEVNAME": "Provincia", "NATCODE": "34070500000", "NAMEUNIT": "Ávila", "CODNUT1": "ES4", "CODNUT2": "ES41", "CODNUT3": null }, "geometry": { "type": "MultiLineString", "coordinates": [ [ [ -4.365707, 40.637102 ], [ -4.365707998710878, 40.637102173469174 ] ], [ [ -4.419412973391772, 40.644920997449837 ], [ -4.419413, 40.644921 ] ] ] } },
{ "type": "Feature", "properties": { "fid": 1, "INSPIREID": "ES.IGN.BDDAE.34070500000", "COUNTRY": "ES", "NATLEV": "https://inspire.ec.europa.eu/codelist/AdministrativeHierarchyLevel/3rdOrder", "NATLEVNAME": "Provincia", "NATCODE": "34070500000", "NAMEUNIT": "Ávila", "CODNUT1": "ES4", "CODNUT2": "ES41", "CODNUT3": null }, "geometry": { "type": "MultiLineString", "coordinates": [ [ [ -4.540057707797907, 40.854901542547701 ], [ -4.540058, 40.854902 ] ] ] } },
{ "type": "Feature", "properties": { "fid": 1, "INSPIREID": "ES.IGN.BDDAE.34070500000", "COUNTRY": "ES", "NATLEV": "https://inspire.ec.europa.eu/codelist/AdministrativeHierarchyLevel/3rdOrder", "NATLEVNAME": "Provincia", "NATCODE": "34070500000", "NAMEUNIT": "Ávila", "CODNUT1": "ES4", "CODNUT2": "ES41", "CODNUT3": null }, "geometry": { "type": "MultiLineString", "coordinates": [ [ [ -4.515976, 40.828456 ], [ -4.515976345070408, 40.828456238457512 ] ] ] } },
{ "type": "Feature", "properties": { "fid": 1, "INSPIREID": "ES.IGN.BDDAE.34070500000", "COUNTRY": "ES", "NATLEV": "https://inspire.ec.europa.eu/codelist/AdministrativeHierarchyLevel/3rdOrder", "NATLEVNAME": "Provincia", "NATCODE": "34070500000", "NAMEUNIT": "Ávila", "CODNUT1": "ES4", "CODNUT2": "ES41", "CODNUT3": null }, "geometry": { "type": "MultiLineString", "coordinates": [ [ [ -4.987072, 40.583511 ], [ -4.985215, 40.583841 ], [ -4.973542, 40.585879 ], [ -4.969569, 40.586568 ], [ -4.967888, 40.586867 ], [ -4.967523, 40.586927 ], [ -4.967418, 40.586947 ], [ -4.967183, 40.586987 ], [ -4.96683, 40.587047 ], [ -4.966713, 40.587076 ], [ -4.965983, 40.587197 ], [ -4.964843, 40.587396 ], [ -4.964784, 40.587406 ], [ -4.964514, 40.587456 ], [ -4.964502, 40.587456 ], [ -4.964432, 40.587466 ], [ -4.964232, 40.587506 ], [ -4.963092, 40.587705 ], [ -4.963033, 40.587715 ], [ -4.962392, 40.587609 ], [ -4.959649, 40.58716 ], [ -4.958117, 40.586907 ], [ -4.942758, 40.589797 ], [ -4.939808, 40.59036 ], [ -4.928091, 40.592565 ], [ -4.914503, 40.595115 ], [ -4.912364, 40.59552 ], [ -4.902502, 40.597376 ], [ -4.901291, 40.597603 ], [ -4.89539, 40.598709 ], [ -4.894931, 40.598798 ], [ -4.894144, 40.598946 ], [ -4.891969, 40.599351 ], [ -4.8891, 40.599893 ], [ -4.884762, 40.600703 ], [ -4.882564, 40.601117 ], [ -4.878284, 40.601926 ], [ -4.867691, 40.603908 ], [ -4.861918, 40.604992 ], [ -4.858285, 40.605672 ], [ -4.854311, 40.606421 ] ] ] } },
{ "type": "Feature", "properties": { "fid": 1, "INSPIREID": "ES.IGN.BDDAE.34070500000", "COUNTRY": "ES", "NATLEV": "https://inspire.ec.europa.eu/codelist/AdministrativeHierarchyLevel/3rdOrder", "NATLEVNAME": "Provincia", "NATCODE": "34070500000", "NAMEUNIT": "Ávila", "CODNUT1": "ES4", "CODNUT2": "ES41", "CODNUT3": null }, "geometry": { "type": "MultiLineString", "coordinates": [ [ [ -4.849907, 40.541831 ], [ -4.849931, 40.541839 ], [ -4.849943, 40.541848 ], [ -4.850086, 40.5419 ], [ -4.850194, 40.541943 ], [ -4.851627, 40.542524 ], [ -4.851936, 40.5426 ], [ -4.852802, 40.542766 ], [ -4.853693, 40.542941 ], [ -4.854263, 40.543058 ], [ -4.854322, 40.543066 ] ] ] } },
{ "type": "Feature", "properties": { "fid": 1, "INSPIREID": "ES.IGN.BDDAE.34070500000", "COUNTRY": "ES", "NATLEV": "https://inspire.ec.europa.eu/codelist/AdministrativeHierarchyLevel/3rdOrder", "NATLEVNAME": "Provincia", "NATCODE": "34070500000", "NAMEUNIT": "Ávila", "CODNUT1": "ES4", "CODNUT2": "ES41", "CODNUT3": null }, "geometry": { "type": "MultiLineString", "coordinates": [ [ [ -4.628145, 40.666853 ], [ -4.630032, 40.664673 ], [ -4.630217, 40.664508 ], [ -4.641811, 40.654399 ], [ -4.64235, 40.654193 ], [ -4.642561, 40.654109 ], [ -4.647718, 40.652162 ], [ -4.650354, 40.65116 ], [ -4.65087, 40.650964 ], [ -4.652229, 40.650449 ], [ -4.655337, 40.649377 ], [ -4.656017, 40.649142 ], [ -4.664226, 40.646304 ], [ -4.666817, 40.645411 ], [ -4.669455, 40.644499 ], [ -4.670937, 40.644631 ], [ -4.672087, 40.644731 ], [ -4.67345, 40.644846 ], [ -4.673461, 40.644846 ], [ -4.673882, 40.64511 ], [ -4.676392, 40.646659 ], [ -4.6765, 40.646721 ], [ -4.679551, 40.648568 ], [ -4.679647, 40.64863 ], [ -4.679755, 40.648691 ], [ -4.680055, 40.648876 ], [ -4.680199, 40.648964 ], [ -4.681472, 40.649738 ], [ -4.68158, 40.6498 ], [ -4.681604, 40.649818 ] ] ] } },
{ "type": "Feature", "properties": { "fid": 1, "INSPIREID": "ES.IGN.BDDAE.34070500000", "COUNTRY": "ES", "NATLEV": "https://inspire.ec.europa.eu/codelist/AdministrativeHierarchyLevel/3rdOrder", "NATLEVNAME": "Provincia", "NATCODE": "34070500000", "NAMEUNIT": "Ávila", "CODNUT1": "ES4", "CODNUT2": "ES41", "CODNUT3": null }, "geometry": { "type": "MultiLineString", "coordinates": [ [ [ -4.618621, 40.583525 ], [ -4.619614, 40.584538 ], [ -4.620172, 40.585125 ], [ -4.620777, 40.585747 ], [ -4.622159, 40.587178 ], [ -4.62371, 40.588786 ], [ -4.624413, 40.589506 ], [ -4.625152, 40.590252 ], [ -4.626389, 40.591559 ], [ -4.62645, 40.591621 ], [ -4.627759, 40.592981 ], [ -4.627795, 40.593017 ], [ -4.627819, 40.593043 ], [ -4.629322, 40.59459 ], [ -4.631178, 40.596536 ], [ -4.632863, 40.598269 ], [ -4.634451, 40.599931 ], [ -4.635968, 40.601558 ], [ -4.635968, 40.601567 ], [ -4.637472, 40.603113 ], [ -4.638536, 40.604098 ], [ -4.639118, 40.60473 ], [ -4.639628, 40.605272 ], [ -4.640223, 40.605921 ], [ -4.641799, 40.60752 ], [ -4.643302, 40.609057 ], [ -4.643799, 40.609573 ], [ -4.644977, 40.610826 ], [ -4.646505, 40.612408 ], [ -4.647682, 40.613643 ], [ -4.649222, 40.615234 ], [ -4.649343, 40.615358 ], [ -4.650677, 40.616726 ], [ -4.651636, 40.61773 ], [ -4.652776, 40.618903 ], [ -4.654062, 40.620218 ], [ -4.655796, 40.622013 ], [ -4.657592, 40.623879 ], [ -4.6594, 40.625745 ], [ -4.661148, 40.627584 ], [ -4.662931, 40.629405 ], [ -4.664656, 40.631227 ], [ -4.665905, 40.632497 ], [ -4.666427, 40.633039 ], [ -4.668162, 40.634825 ], [ -4.669109, 40.63582 ], [ -4.669886, 40.636637 ], [ -4.671683, 40.638512 ], [ -4.671841, 40.638672 ], [ -4.673455, 40.640342 ], [ -4.674074, 40.640982 ], [ -4.675216, 40.642172 ], [ -4.675531, 40.642492 ], [ -4.675713, 40.642679 ], [ -4.67632, 40.6433 ], [ -4.677194, 40.644207 ], [ -4.678068, 40.645104 ], [ -4.679853, 40.646942 ], [ -4.680484, 40.6476 ], [ -4.680557, 40.64768 ], [ -4.681006, 40.648133 ], [ -4.681079, 40.648213 ], [ -4.681152, 40.648284 ], [ -4.681274, 40.648417 ], [ -4.681455, 40.648595 ], [ -4.681516, 40.648666 ], [ -4.681844, 40.649003 ], [ -4.681929, 40.649101 ], [ -4.682561, 40.649768 ], [ -4.682585, 40.649785 ], [ -4.682464, 40.65012 ], [ -4.682419, 40.650229 ], [ -4.682386, 40.65032 ] ] ] } },
{ "type": "Feature", "properties": { "fid": 1, "INSPIREID": "ES.IGN.BDDAE.34070500000", "COUNTRY": "ES", "NATLEV": "https://inspire.ec.europa.eu/codelist/AdministrativeHierarchyLevel/3rdOrder", "NATLEVNAME": "Provincia", "NATCODE": "34070500000", "NAMEUNIT": "Ávila", "CODNUT1": "ES4", "CODNUT2": "ES41", "CODNUT3": null }, "geometry": { "type": "MultiLineString", "coordinates": [ [ [ -4.669302, 40.666841 ], [ -4.668875, 40.664884 ], [ -4.668821, 40.664623 ], [ -4.668689, 40.664049 ], [ -4.668688, 40.66404 ] ] ] } },
{ "type": "Feature", "properties": { "fid": 1, "INSPIREID": "ES.IGN.BDDAE.34070500000", "COUNTRY": "ES", "NATLEV": "https://inspire.ec.europa.eu/codelist/AdministrativeHierarchyLevel/3rdOrder", "NATLEVNAME": "Provincia", "NATCODE": "34070500000", "NAMEUNIT": "Ávila", "CODNUT1": "ES4", "CODNUT2": "ES41", "CODNUT3": null }, "geometry": { "type": "MultiLineString", "coordinates": [ [ [ -4.899356, 40.58352 ], [ -4.901081, 40.578086 ], [ -4.901221, 40.577625 ], [ -4.902815, 40.57259 ], [ -4.903455, 40.57057 ], [ -4.903618, 40.570081 ], [ -4.903673, 40.569909 ], [ -4.904702, 40.566631 ], [ -4.907109, 40.559061 ], [ -4.907423, 40.558047 ], [ -4.90854, 40.554542 ], [ -4.907943, 40.553471 ], [ -4.90732, 40.552346 ], [ -4.905404, 40.548901 ], [ -4.904332, 40.548981 ], [ -4.903884, 40.549007 ], [ -4.902151, 40.549134 ], [ -4.899735, 40.550138 ], [ -4.892172, 40.548704 ], [ -4.883304, 40.54702 ], [ -4.863811, 40.543319 ], [ -4.863412, 40.543415 ], [ -4.859273, 40.544464 ], [ -4.857952, 40.544098 ], [ -4.857619, 40.544004 ], [ -4.85675, 40.543757 ], [ -4.856631, 40.543722 ], [ -4.856393, 40.543663 ], [ -4.854513, 40.543135 ], [ -4.854322, 40.543066 ] ] ] } },
{ "type": "Feature", "properties": { "fid": 1, "INSPIREID": "ES.IGN.BDDAE.34070500000", "COUNTRY": "ES", "NATLEV": "https://inspire.ec.europa.eu/codelist/AdministrativeHierarchyLevel/3rdOrder", "NATLEVNAME": "Provincia", "NATCODE": "34070500000", "NAMEUNIT": "Ávila", "CODNUT1": "ES4", "CODNUT2": "ES41", "CODNUT3": null }, "geometry": { "type": "MultiLineString", "coordinates": [ [ [ -5.013179, 40.500166 ], [ -5.001308, 40.509299 ], [ -4.995158, 40.514036 ], [ -4.989134, 40.518662 ], [ -4.987307, 40.519577 ], [ -4.985248, 40.520603 ], [ -4.972079, 40.52717 ], [ -4.968949, 40.528728 ], [ -4.968716, 40.528849 ], [ -4.9686, 40.528905 ], [ -4.968541, 40.528933 ], [ -4.96832, 40.529045 ], [ -4.968192, 40.52911 ], [ -4.968122, 40.529139 ], [ -4.968006, 40.529204 ], [ -4.967971, 40.529222 ], [ -4.967843, 40.529288 ], [ -4.967704, 40.529353 ], [ -4.967448, 40.529483 ], [ -4.967355, 40.52953 ], [ -4.96725, 40.529577 ], [ -4.967238, 40.529586 ], [ -4.967122, 40.529642 ], [ -4.966994, 40.529707 ], [ -4.966889, 40.529763 ], [ -4.966854, 40.529773 ], [ -4.966761, 40.529828 ], [ -4.966703, 40.529856 ], [ -4.966563, 40.529922 ], [ -4.965772, 40.530314 ], [ -4.962223, 40.532086 ], [ -4.962083, 40.532151 ], [ -4.93728, 40.544515 ], [ -4.931925, 40.547181 ], [ -4.929539, 40.548374 ], [ -4.92859, 40.548651 ], [ -4.923601, 40.550121 ], [ -4.917664, 40.55186 ], [ -4.915333, 40.552547 ], [ -4.911527, 40.553664 ], [ -4.90854, 40.554542 ] ] ] } },
{ "type": "Feature", "properties": { "fid": 1, "INSPIREID": "ES.IGN.BDDAE.34070500000", "COUNTRY": "ES", "NATLEV": "https://inspire.ec.europa.eu/codelist/AdministrativeHierarchyLevel/3rdOrder", "NATLEVNAME": "Provincia", "NATCODE": "34070500000", "NAMEUNIT": "Ávila", "CODNUT1": "ES4", "CODNUT2": "ES41", "CODNUT3": null }, "geometry": { "type": "MultiLineString", "coordinates": [ [ [ -4.987072, 40.583511 ], [ -4.994195, 40.582263 ], [ -4.996616, 40.581842 ], [ -4.997345, 40.581713 ], [ -5.003327, 40.580663 ], [ -5.010356, 40.579433 ], [ -5.010426, 40.579423 ], [ -5.010532, 40.579403 ], [ -5.01086, 40.579307 ], [ -5.010989, 40.579269 ], [ -5.011879, 40.57901 ], [ -5.017301, 40.57742 ], [ -5.020756, 40.576405 ], [ -5.02099, 40.576338 ] ] ] } },
{ "type": "Feature", "properties": { "fid": 1, "INSPIREID": "ES.IGN.BDDAE.34070500000", "COUNTRY": "ES", "NATLEV": "https://inspire.ec.europa.eu/codelist/AdministrativeHierarchyLevel/3rdOrder", "NATLEVNAME": "Provincia", "NATCODE": "34070500000", "NAMEUNIT": "Ávila", "CODNUT1": "ES4", "CODNUT2": "ES41", "CODNUT3": null }, "geometry": { "type": "MultiLineString", "coordinates": [ [ [ -4.989134, 40.518662 ], [ -4.990336, 40.522596 ], [ -4.990532, 40.523241 ], [ -4.990768, 40.52403 ], [ -4.990885, 40.524406 ], [ -4.991043, 40.524935 ], [ -4.992598, 40.530025 ], [ -4.992703, 40.530383 ], [ -4.992899, 40.531011 ], [ -4.993906, 40.534326 ], [ -4.995161, 40.53843 ], [ -4.995463, 40.539434 ], [ -4.995502, 40.53955 ], [ -4.995697, 40.540178 ], [ -4.995711, 40.540249 ], [ -4.995829, 40.540635 ], [ -4.995868, 40.540769 ], [ -4.996103, 40.541522 ], [ -4.996538, 40.542658 ], [ -5.000932, 40.554185 ], [ -5.002573, 40.558525 ], [ -5.002816, 40.559161 ], [ -5.002854, 40.55925 ], [ -5.003623, 40.561273 ], [ -5.003675, 40.561416 ], [ -5.004174, 40.562704 ], [ -5.005366, 40.565845 ], [ -5.00757, 40.571617 ], [ -5.009275, 40.576101 ], [ -5.010468, 40.579242 ], [ -5.010532, 40.579403 ] ] ] } },
{ "type": "Feature", "properties": { "fid": 1, "INSPIREID": "ES.IGN.BDDAE.34070500000", "COUNTRY": "ES", "NATLEV": "https://inspire.ec.europa.eu/codelist/AdministrativeHierarchyLevel/3rdOrder", "NATLEVNAME": "Provincia", "NATCODE": "34070500000", "NAMEUNIT": "Ávila", "CODNUT1": "ES4", "CODNUT2": "ES41", "CODNUT3": null }, "geometry": { "type": "MultiLineString", "coordinates": [ [ [ -5.020988, 40.579409 ], [ -5.019345, 40.581348 ], [ -5.019219, 40.581494 ], [ -5.019094, 40.58164 ], [ -5.017531, 40.583496 ] ] ] } },
{ "type": "Feature", "properties": { "fid": 1, "INSPIREID": "ES.IGN.BDDAE.34070500000", "COUNTRY": "ES", "NATLEV": "https://inspire.ec.europa.eu/codelist/AdministrativeHierarchyLevel/3rdOrder", "NATLEVNAME": "Provincia", "NATCODE": "34070500000", "NAMEUNIT": "Ávila", "CODNUT1": "ES4", "CODNUT2": "ES41", "CODNUT3": null }, "geometry": { "type": "MultiLineString", "coordinates": [ [ [ -5.187656, 40.532384 ], [ -5.18592, 40.53275 ], [ -5.183305, 40.533295 ], [ -5.18103, 40.533771 ], [ -5.181019, 40.533771 ], [ -5.180643, 40.53385 ], [ -5.174428, 40.535156 ], [ -5.171344, 40.5358 ], [ -5.167099, 40.536681 ], [ -5.162196, 40.53771 ], [ -5.160946, 40.538832 ], [ -5.156411, 40.542872 ], [ -5.138323, 40.550712 ], [ -5.138277, 40.550731 ], [ -5.136967, 40.551124 ], [ -5.13265, 40.552429 ], [ -5.131563, 40.552765 ], [ -5.128545, 40.553676 ], [ -5.125305, 40.554655 ], [ -5.125094, 40.554722 ], [ -5.11639, 40.55735 ], [ -5.113349, 40.55827 ], [ -5.112366, 40.558568 ], [ -5.107873, 40.559929 ], [ -5.10627, 40.560409 ], [ -5.103568, 40.561251 ], [ -5.101709, 40.561834 ], [ -5.097135, 40.563268 ], [ -5.096141, 40.563575 ], [ -5.087436, 40.563949 ], [ -5.082941, 40.564138 ], [ -5.080853, 40.56423 ], [ -5.079792, 40.564276 ], [ -5.07569, 40.565332 ], [ -5.071261, 40.566474 ], [ -5.071073, 40.566522 ], [ -5.066866, 40.567607 ], [ -5.063268, 40.568536 ], [ -5.060655, 40.569204 ], [ -5.058662, 40.569717 ], [ -5.05851, 40.569756 ], [ -5.058135, 40.569853 ], [ -5.05613, 40.570366 ], [ -5.056107, 40.570375 ], [ -5.055732, 40.570472 ], [ -5.053787, 40.570975 ], [ -5.046332, 40.572891 ], [ -5.04523, 40.573172 ], [ -5.043612, 40.573588 ], [ -5.042675, 40.57383 ], [ -5.029745, 40.577157 ], [ -5.028772, 40.577408 ], [ -5.028256, 40.577543 ], [ -5.023321, 40.57881 ], [ -5.023145, 40.578858 ], [ -5.022993, 40.578897 ], [ -5.022981, 40.578897 ], [ -5.022289, 40.579071 ], [ -5.020988, 40.579409 ] ] ] } },
{ "type": "Feature", "properties": { "fid": 1, "INSPIREID": "ES.IGN.BDDAE.34070500000", "COUNTRY": "ES", "NATLEV": "https://inspire.ec.europa.eu/codelist/AdministrativeHierarchyLevel/3rdOrder", "NATLEVNAME": "Provincia", "NATCODE": "34070500000", "NAMEUNIT": "Ávila", "CODNUT1": "ES4", "CODNUT2": "ES41", "CODNUT3": null }, "geometry": { "type": "MultiLineString", "coordinates": [ [ [ -4.677188, 40.750169 ], [ -4.677246, 40.751069 ], [ -4.677304, 40.75196 ], [ -4.677645, 40.757504 ], [ -4.677649, 40.757675 ], [ -4.677847, 40.760852 ], [ -4.678149, 40.765802 ], [ -4.678636, 40.766317 ], [ -4.683641, 40.771685 ], [ -4.686929, 40.775214 ], [ -4.687636, 40.775987 ] ] ] } },
{ "type": "Feature", "properties": { "fid": 1, "INSPIREID": "ES.IGN.BDDAE.34070500000", "COUNTRY": "ES", "NATLEV": "https://inspire.ec.europa.eu/codelist/AdministrativeHierarchyLevel/3rdOrder", "NATLEVNAME": "Provincia", "NATCODE": "34070500000", "NAMEUNIT": "Ávila", "CODNUT1": "ES4", "CODNUT2": "ES41", "CODNUT3": null }, "geometry": { "type": "MultiLineString", "coordinates": [ [ [ -5.02099, 40.576338 ], [ -5.021927, 40.57606 ], [ -5.022184, 40.575983 ], [ -5.022372, 40.575935 ], [ -5.033144, 40.572755 ], [ -5.033425, 40.572678 ], [ -5.039373, 40.570925 ], [ -5.046433, 40.568845 ], [ -5.048505, 40.568231 ], [ -5.053118, 40.56687 ], [ -5.053516, 40.566755 ], [ -5.054804, 40.566381 ], [ -5.054944, 40.566333 ], [ -5.055167, 40.566275 ], [ -5.057274, 40.565652 ], [ -5.064332, 40.563571 ], [ -5.064449, 40.563533 ], [ -5.074059, 40.560695 ], [ -5.075627, 40.560234 ], [ -5.080812, 40.558708 ], [ -5.084698, 40.557557 ], [ -5.08609, 40.557145 ], [ -5.087717, 40.556665 ], [ -5.09358, 40.554937 ], [ -5.093709, 40.554899 ], [ -5.103222, 40.552087 ], [ -5.106862, 40.55102 ], [ -5.120434, 40.547006 ], [ -5.124751, 40.545729 ], [ -5.135057, 40.542683 ], [ -5.135759, 40.542472 ], [ -5.139303, 40.541424 ], [ -5.149281, 40.538474 ], [ -5.149842, 40.53831 ], [ -5.157608, 40.536012 ], [ -5.164964, 40.533839 ], [ -5.166298, 40.533444 ], [ -5.174776, 40.530934 ], [ -5.175992, 40.530569 ], [ -5.17653, 40.530414 ], [ -5.187661, 40.527114 ] ] ] } },
{ "type": "Feature", "properties": { "fid": 1, "INSPIREID": "ES.IGN.BDDAE.34070500000", "COUNTRY": "ES", "NATLEV": "https://inspire.ec.europa.eu/codelist/AdministrativeHierarchyLevel/3rdOrder", "NATLEVNAME": "Provincia", "NATCODE": "34070500000", "NAMEUNIT": "Ávila", "CODNUT1": "ES4", "CODNUT2": "ES41", "CODNUT3": null }, "geometry": { "type": "MultiLineString", "coordinates": [ [ [ -4.414061, 40.593408 ], [ -4.414766, 40.594309 ], [ -4.417438, 40.597726 ], [ -4.417276, 40.5979 ], [ -4.417241, 40.597936 ], [ -4.416643, 40.598709 ], [ -4.416566, 40.598953 ], [ -4.416333, 40.599704 ], [ -4.416256, 40.599966 ], [ -4.415172, 40.603511 ], [ -4.415128, 40.603637 ], [ -4.414659, 40.604958 ], [ -4.414392, 40.605718 ], [ -4.414461, 40.606195 ], [ -4.414667, 40.60758 ], [ -4.415221, 40.611401 ], [ -4.4154, 40.612642 ], [ -4.415704, 40.614702 ], [ -4.4158, 40.615313 ], [ -4.416058, 40.616913 ], [ -4.416125, 40.617291 ], [ -4.416221, 40.61792 ], [ -4.41633, 40.618604 ], [ -4.416592, 40.620375 ], [ -4.416605, 40.620447 ], [ -4.416619, 40.62051 ], [ -4.416828, 40.622048 ], [ -4.416871, 40.622371 ], [ -4.417024, 40.623487 ], [ -4.417721, 40.626244 ], [ -4.417863, 40.626818 ], [ -4.417876, 40.626863 ], [ -4.41865, 40.629926 ], [ -4.419333, 40.632593 ], [ -4.419437, 40.633024 ], [ -4.419304, 40.633394 ] ] ] } },
{ "type": "Feature", "properties": { "fid": 1, "INSPIREID": "ES.IGN.BDDAE.34070500000", "COUNTRY": "ES", "NATLEV": "https://inspire.ec.europa.eu/codelist/AdministrativeHierarchyLevel/3rdOrder", "NATLEVNAME": "Provincia", "NATCODE": "34070500000", "NAMEUNIT": "Ávila", "CODNUT1": "ES4", "CODNUT2": "ES41", "CODNUT3": null }, "geometry": { "type": "MultiLineString", "coordinates": [ [ [ -4.854392, 40.615779 ], [ -4.855189, 40.615523 ], [ -4.855564, 40.615409 ], [ -4.856935, 40.614972 ], [ -4.863157, 40.613007 ], [ -4.866883, 40.61183 ], [ -4.870598, 40.610662 ], [ -4.875343, 40.609162 ], [ -4.875437, 40.609133 ], [ -4.886321, 40.605695 ], [ -4.886473, 40.605648 ], [ -4.886496, 40.605638 ], [ -4.887129, 40.605439 ], [ -4.888898, 40.604878 ], [ -4.892319, 40.603795 ], [ -4.893373, 40.603463 ], [ -4.897098, 40.604392 ], [ -4.897218, 40.604427 ], [ -4.902098, 40.605643 ], [ -4.903521, 40.604998 ], [ -4.903837, 40.604858 ], [ -4.906859, 40.603484 ], [ -4.911759, 40.601268 ], [ -4.912903, 40.600745 ], [ -4.919973, 40.597547 ], [ -4.920171, 40.597453 ], [ -4.920486, 40.597313 ], [ -4.926019, 40.596131 ], [ -4.941839, 40.59274 ], [ -4.947546, 40.591518 ], [ -4.951092, 40.592755 ], [ -4.952799, 40.593357 ], [ -4.960499, 40.596046 ], [ -4.962148, 40.595838 ], [ -4.963608, 40.59566 ], [ -4.967541, 40.595169 ], [ -4.967811, 40.595129 ], [ -4.967905, 40.595118 ], [ -4.968011, 40.595107 ], [ -4.968176, 40.595086 ], [ -4.975829, 40.594127 ], [ -4.97736, 40.593938 ], [ -4.987956, 40.592603 ], [ -4.99237, 40.59205 ], [ -4.997704, 40.591381 ], [ -4.999517, 40.591161 ], [ -5.001318, 40.590931 ], [ -5.004944, 40.590472 ], [ -5.008346, 40.590052 ], [ -5.008499, 40.590032 ], [ -5.010665, 40.58976 ], [ -5.011265, 40.589686 ], [ -5.011501, 40.589655 ], [ -5.012654, 40.589509 ], [ -5.014227, 40.587563 ], [ -5.014523, 40.587206 ], [ -5.014603, 40.587115 ], [ -5.014683, 40.587014 ], [ -5.014706, 40.586987 ], [ -5.014877, 40.586777 ], [ -5.014899, 40.586731 ], [ -5.014979, 40.586649 ], [ -5.015047, 40.586558 ], [ -5.015252, 40.586311 ], [ -5.015378, 40.586155 ], [ -5.015617, 40.585863 ], [ -5.017531, 40.583496 ] ] ] } },
{ "type": "Feature", "properties": { "fid": 1, "INSPIREID": "ES.IGN.BDDAE.34070500000", "COUNTRY": "ES", "NATLEV": "https://inspire.ec.europa.eu/codelist/AdministrativeHierarchyLevel/3rdOrder", "NATLEVNAME": "Provincia", "NATCODE": "34070500000", "NAMEUNIT": "Ávila", "CODNUT1": "ES4", "CODNUT2": "ES41", "CODNUT3": null }, "geometry": { "type": "MultiLineString", "coordinates": [ [ [ -4.89539, 40.598709 ], [ -4.896264, 40.595371 ], [ -4.897426, 40.590911 ], [ -4.898204, 40.587916 ], [ -4.899292, 40.583764 ], [ -4.899356, 40.58352 ] ] ] } },
{ "type": "Feature", "properties": { "fid": 1, "INSPIREID": "ES.IGN.BDDAE.34070500000", "COUNTRY": "ES", "NATLEV": "https://inspire.ec.europa.eu/codelist/AdministrativeHierarchyLevel/3rdOrder", "NATLEVNAME": "Provincia", "NATCODE": "34070500000", "NAMEUNIT": "Ávila", "CODNUT1": "ES4", "CODNUT2": "ES41", "CODNUT3": null }, "geometry": { "type": "MultiLineString", "coordinates": [ [ [ -5.159879, 40.583505 ], [ -5.1548, 40.58651 ], [ -5.154696, 40.586575 ], [ -5.15458, 40.58664 ], [ -5.154429, 40.586733 ], [ -5.144991, 40.592368 ], [ -5.13684, 40.597239 ], [ -5.135402, 40.598094 ], [ -5.134879, 40.598401 ], [ -5.13452, 40.598624 ], [ -5.134416, 40.59868 ], [ -5.134369, 40.598708 ], [ -5.133279, 40.599359 ], [ -5.132224, 40.599991 ], [ -5.131702, 40.600298 ], [ -5.127619, 40.602733 ], [ -5.127318, 40.602919 ], [ -5.126923, 40.603151 ], [ -5.125647, 40.603913 ], [ -5.125785, 40.604145 ], [ -5.125885, 40.604323 ], [ -5.126061, 40.604644 ] ] ] } },
{ "type": "Feature", "properties": { "fid": 1, "INSPIREID": "ES.IGN.BDDAE.34070500000", "COUNTRY": "ES", "NATLEV": "https://inspire.ec.europa.eu/codelist/AdministrativeHierarchyLevel/3rdOrder", "NATLEVNAME": "Provincia", "NATCODE": "34070500000", "NAMEUNIT": "Ávila", "CODNUT1": "ES4", "CODNUT2": "ES41", "CODNUT3": null }, "geometry": { "type": "MultiLineString", "coordinates": [ [ [ -4.427402, 40.688995 ], [ -4.429324, 40.688537 ], [ -4.429677, 40.688452 ], [ -4.430148, 40.688347 ], [ -4.43016, 40.688347 ], [ -4.435965, 40.686969 ], [ -4.439697, 40.686084 ], [ -4.442381, 40.685402 ], [ -4.451855, 40.682995 ], [ -4.452384, 40.682863 ], [ -4.454914, 40.682218 ], [ -4.454416, 40.681071 ], [ -4.455032, 40.68055 ], [ -4.45746, 40.678466 ], [ -4.457471, 40.678457 ], [ -4.4605, 40.677346 ], [ -4.460976, 40.677466 ], [ -4.463534, 40.678119 ], [ -4.464522, 40.678367 ], [ -4.465415, 40.679707 ], [ -4.470448, 40.67831 ], [ -4.476563, 40.676592 ], [ -4.483572, 40.674629 ], [ -4.487664, 40.673477 ], [ -4.488898, 40.673119 ], [ -4.492919, 40.671959 ], [ -4.494647, 40.671477 ], [ -4.496623, 40.670929 ], [ -4.498845, 40.670306 ], [ -4.504383, 40.668765 ], [ -4.504524, 40.668719 ], [ -4.504771, 40.668652 ], [ -4.506311, 40.668227 ], [ -4.506452, 40.668189 ], [ -4.506605, 40.668142 ], [ -4.507077, 40.668118 ], [ -4.508165, 40.668077 ], [ -4.512134, 40.668349 ], [ -4.520963, 40.668467 ] ] ] } },
{ "type": "Feature", "properties": { "fid": 1, "INSPIREID": "ES.IGN.BDDAE.34070500000", "COUNTRY": "ES", "NATLEV": "https://inspire.ec.europa.eu/codelist/AdministrativeHierarchyLevel/3rdOrder", "NATLEVNAME": "Provincia", "NATCODE": "34070500000", "NAMEUNIT": "Ávila", "CODNUT1": "ES4", "CODNUT2": "ES41", "CODNUT3": null }, "geometry": { "type": "MultiLineString", "coordinates": [ [ [ -4.515395, 40.750155 ], [ -4.517176, 40.748789 ], [ -4.51933, 40.747148 ], [ -4.520482, 40.746259 ], [ -4.52095, 40.745992 ] ] ] } },
{ "type": "Feature", "properties": { "fid": 1, "INSPIREID": "ES.IGN.BDDAE.34070500000", "COUNTRY": "ES", "NATLEV": "https://inspire.ec.europa.eu/codelist/AdministrativeHierarchyLevel/3rdOrder", "NATLEVNAME": "Provincia", "NATCODE": "34070500000", "NAMEUNIT": "Ávila", "CODNUT1": "ES4", "CODNUT2": "ES41", "CODNUT3": null }, "geometry": { "type": "MultiLineString", "coordinates": [ [ [ -4.423506, 40.675907 ], [ -4.423601, 40.675951 ], [ -4.423768, 40.676021 ], [ -4.424616, 40.676389 ], [ -4.43016, 40.688347 ] ] ] } },
{ "type": "Feature", "properties": { "fid": 1, "INSPIREID": "ES.IGN.BDDAE.34070500000", "COUNTRY": "ES", "NATLEV": "https://inspire.ec.europa.eu/codelist/AdministrativeHierarchyLevel/3rdOrder", "NATLEVNAME": "Provincia", "NATCODE": "34070500000", "NAMEUNIT": "Ávila", "CODNUT1": "ES4", "CODNUT2": "ES41", "CODNUT3": null }, "geometry": { "type": "MultiLineString", "coordinates": [ [ [ -4.478378256203238, 40.785200763996755 ], [ -4.480661, 40.783098 ], [ -4.481567, 40.782258 ], [ -4.483657, 40.780339 ], [ -4.489335, 40.775113 ], [ -4.491449, 40.773167 ], [ -4.494351, 40.77049 ], [ -4.4955, 40.76943 ], [ -4.497915, 40.76721 ], [ -4.498588, 40.766571 ], [ -4.499689, 40.765494 ], [ -4.503526, 40.761741 ], [ -4.506853, 40.758491 ], [ -4.507166, 40.75819 ], [ -4.510991, 40.754446 ], [ -4.513494, 40.75199 ], [ -4.514456, 40.751059 ], [ -4.515186, 40.750338 ], [ -4.515395, 40.750155 ] ] ] } },
{ "type": "Feature", "properties": { "fid": 1, "INSPIREID": "ES.IGN.BDDAE.34070500000", "COUNTRY": "ES", "NATLEV": "https://inspire.ec.europa.eu/codelist/AdministrativeHierarchyLevel/3rdOrder", "NATLEVNAME": "Provincia", "NATCODE": "34070500000", "NAMEUNIT": "Ávila", "CODNUT1": "ES4", "CODNUT2": "ES41", "CODNUT3": null }, "geometry": { "type": "MultiLineString", "coordinates": [ [ [ -4.476831579838895, 40.803961362709849 ], [ -4.479165, 40.805421 ], [ -4.482135, 40.807302 ], [ -4.484732, 40.808899 ], [ -4.48787, 40.810849 ], [ -4.490288, 40.812431 ], [ -4.490637, 40.81266 ], [ -4.49309, 40.814187 ], [ -4.496101, 40.81576 ], [ -4.497174, 40.816557 ], [ -4.49838, 40.817442 ], [ -4.499583, 40.818192 ], [ -4.500521, 40.818775 ], [ -4.501723, 40.819525 ], [ -4.504622, 40.821361 ], [ -4.505645, 40.822005 ], [ -4.506054, 40.822261 ], [ -4.507449, 40.823143 ], [ -4.507714, 40.823302 ], [ -4.507846, 40.82339 ], [ -4.508015, 40.823496 ], [ -4.508195, 40.823602 ], [ -4.510072, 40.824785 ], [ -4.510949, 40.825323 ], [ -4.515147, 40.827916 ], [ -4.515628, 40.828216 ], [ -4.515976, 40.828456 ] ] ] } },
{ "type": "Feature", "properties": { "fid": 1, "INSPIREID": "ES.IGN.BDDAE.34070500000", "COUNTRY": "ES", "NATLEV": "https://inspire.ec.europa.eu/codelist/AdministrativeHierarchyLevel/3rdOrder", "NATLEVNAME": "Provincia", "NATCODE": "34070500000", "NAMEUNIT": "Ávila", "CODNUT1": "ES4", "CODNUT2": "ES41", "CODNUT3": null }, "geometry": { "type": "MultiLineString", "coordinates": [ [ [ -4.52095, 40.745992 ], [ -4.53049, 40.738452 ], [ -4.531003, 40.73813 ], [ -4.53154, 40.73779 ], [ -4.532767, 40.737044 ], [ -4.544784, 40.72974 ], [ -4.5451, 40.729556 ], [ -4.55841, 40.721468 ], [ -4.562006, 40.719275 ], [ -4.567259, 40.716087 ], [ -4.575254, 40.711222 ], [ -4.595652, 40.698817 ], [ -4.597133, 40.697913 ], [ -4.597792, 40.697247 ], [ -4.601803, 40.693237 ], [ -4.608056, 40.686988 ], [ -4.613209, 40.681836 ], [ -4.618304, 40.676738 ], [ -4.620765, 40.674271 ], [ -4.628145, 40.666853 ] ] ] } },
{ "type": "Feature", "properties": { "fid": 1, "INSPIREID": "ES.IGN.BDDAE.34070500000", "COUNTRY": "ES", "NATLEV": "https://inspire.ec.europa.eu/codelist/AdministrativeHierarchyLevel/3rdOrder", "NATLEVNAME": "Provincia", "NATCODE": "34070500000", "NAMEUNIT": "Ávila", "CODNUT1": "ES4", "CODNUT2": "ES41", "CODNUT3": null }, "geometry": { "type": "MultiLineString", "coordinates": [ [ [ -4.677188, 40.750169 ], [ -4.677075, 40.74709 ], [ -4.677051, 40.746595 ], [ -4.676922, 40.743354 ], [ -4.676683, 40.73716 ], [ -4.676472, 40.731578 ], [ -4.676398, 40.730993 ], [ -4.676278, 40.729977 ], [ -4.676264, 40.729896 ], [ -4.674665, 40.716615 ], [ -4.673561, 40.707523 ], [ -4.673366, 40.705878 ], [ -4.673249, 40.704979 ], [ -4.672917, 40.702146 ], [ -4.672381, 40.697731 ], [ -4.672083, 40.695276 ], [ -4.671561, 40.690969 ], [ -4.671218, 40.688127 ], [ -4.671075, 40.68667 ], [ -4.669807, 40.673788 ], [ -4.669475, 40.67046 ], [ -4.669302, 40.666841 ] ] ] } },
{ "type": "Feature", "properties": { "fid": 1, "INSPIREID": "ES.IGN.BDDAE.34070500000", "COUNTRY": "ES", "NATLEV": "https://inspire.ec.europa.eu/codelist/AdministrativeHierarchyLevel/3rdOrder", "NATLEVNAME": "Provincia", "NATCODE": "34070500000", "NAMEUNIT": "Ávila", "CODNUT1": "ES4", "CODNUT2": "ES41", "CODNUT3": null }, "geometry": { "type": "MultiLineString", "coordinates": [ [ [ -5.162196, 40.53771 ], [ -5.163777, 40.547211 ], [ -5.164071, 40.547881 ], [ -5.166376, 40.55309 ], [ -5.170452, 40.562282 ], [ -5.170668, 40.562765 ], [ -5.174431, 40.568432 ], [ -5.174765, 40.568921 ], [ -5.175486, 40.570006 ], [ -5.177945, 40.573707 ], [ -5.176761, 40.574351 ], [ -5.175715, 40.574912 ], [ -5.161133, 40.582824 ], [ -5.159879, 40.583505 ] ] ] } },
{ "type": "Feature", "properties": { "fid": 1, "INSPIREID": "ES.IGN.BDDAE.34070500000", "COUNTRY": "ES", "NATLEV": "https://inspire.ec.europa.eu/codelist/AdministrativeHierarchyLevel/3rdOrder", "NATLEVNAME": "Provincia", "NATCODE": "34070500000", "NAMEUNIT": "Ávila", "CODNUT1": "ES4", "CODNUT2": "ES41", "CODNUT3": null }, "geometry": { "type": "MultiLineString", "coordinates": [ [ [ -4.479866, 40.416844 ], [ -4.479878, 40.416844 ], [ -4.480528, 40.416944 ], [ -4.48054, 40.416944 ], [ -4.480788, 40.416977 ], [ -4.483718, 40.417272 ], [ -4.483729, 40.417272 ], [ -4.483942, 40.417297 ], [ -4.483978, 40.417305 ], [ -4.484202, 40.417329 ], [ -4.484285, 40.417346 ], [ -4.484498, 40.417371 ], [ -4.484545, 40.417379 ], [ -4.484746, 40.417403 ], [ -4.48477, 40.417412 ], [ -4.48503, 40.417445 ], [ -4.485467, 40.417502 ], [ -4.485585, 40.417519 ], [ -4.485656, 40.417527 ], [ -4.485893, 40.41756 ], [ -4.486401, 40.417625 ], [ -4.486898, 40.417691 ], [ -4.486933, 40.4177 ], [ -4.48711, 40.417724 ], [ -4.487158, 40.417733 ], [ -4.487382, 40.417757 ], [ -4.487465, 40.417774 ], [ -4.48769, 40.417798 ], [ -4.487725, 40.417807 ], [ -4.487926, 40.417831 ], [ -4.488174, 40.417864 ], [ -4.488352, 40.417889 ], [ -4.488458, 40.417905 ], [ -4.488529, 40.417913 ], [ -4.488742, 40.417947 ], [ -4.488813, 40.417955 ], [ -4.488955, 40.417971 ], [ -4.489321, 40.41802 ], [ -4.489475, 40.418045 ], [ -4.489546, 40.418053 ], [ -4.489593, 40.418053 ], [ -4.490586, 40.418193 ], [ -4.49061, 40.418193 ], [ -4.490633, 40.418192 ], [ -4.491153, 40.418267 ], [ -4.491461, 40.418308 ], [ -4.491532, 40.418316 ], [ -4.491886, 40.418365 ], [ -4.491957, 40.418374 ], [ -4.491993, 40.418382 ], [ -4.493517, 40.418525 ], [ -4.494653, 40.418735 ], [ -4.494712, 40.418743 ], [ -4.495067, 40.418793 ], [ -4.495137, 40.418801 ], [ -4.495173, 40.41881 ], [ -4.495445, 40.418842 ], [ -4.496426, 40.418973 ], [ -4.497076, 40.419064 ], [ -4.497254, 40.419089 ], [ -4.497265, 40.419089 ], [ -4.497809, 40.419163 ], [ -4.497892, 40.419171 ], [ -4.498258, 40.41922 ], [ -4.498329, 40.419228 ], [ -4.4984, 40.419236 ], [ -4.498649, 40.419269 ], [ -4.498684, 40.419278 ], [ -4.49911, 40.419335 ], [ -4.499145, 40.419335 ], [ -4.499405, 40.419376 ], [ -4.499453, 40.419385 ], [ -4.499547, 40.419392 ], [ -4.500114, 40.419466 ], [ -4.500174, 40.419474 ], [ -4.500185, 40.419474 ], [ -4.500221, 40.419483 ], [ -4.500422, 40.419507 ], [ -4.500942, 40.419582 ], [ -4.501072, 40.419598 ], [ -4.501143, 40.419606 ], [ -4.501474, 40.419647 ], [ -4.501533, 40.419655 ], [ -4.501675, 40.41968 ], [ -4.502053, 40.419729 ], [ -4.502183, 40.419746 ], [ -4.502313, 40.419762 ], [ -4.50281, 40.419828 ], [ -4.502822, 40.419827 ], [ -4.503023, 40.419861 ], [ -4.503058, 40.41986 ], [ -4.503283, 40.419893 ], [ -4.503366, 40.41991 ], [ -4.503436, 40.41991 ], [ -4.503567, 40.419935 ], [ -4.503578, 40.419935 ], [ -4.50359, 40.419935 ], [ -4.503626, 40.419943 ], [ -4.503827, 40.419968 ], [ -4.50385, 40.419967 ], [ -4.504028, 40.419992 ], [ -4.504087, 40.42 ], [ -4.504146, 40.420008 ], [ -4.504252, 40.420025 ], [ -4.504264, 40.420025 ], [ -4.504442, 40.42005 ], [ -4.504666, 40.420083 ], [ -4.504713, 40.420082 ], [ -4.504867, 40.420107 ], [ -4.504926, 40.420115 ], [ -4.505009, 40.420123 ], [ -4.505104, 40.42014 ], [ -4.505245, 40.420156 ], [ -4.505494, 40.420189 ], [ -4.505978, 40.420255 ], [ -4.506014, 40.420263 ], [ -4.506097, 40.420271 ], [ -4.506108, 40.420271 ], [ -4.506179, 40.420279 ], [ -4.506203, 40.420288 ], [ -4.50625, 40.420296 ], [ -4.506309, 40.420296 ], [ -4.506463, 40.420321 ], [ -4.506487, 40.42032 ], [ -4.506558, 40.420337 ], [ -4.506723, 40.420353 ], [ -4.506771, 40.420362 ], [ -4.506818, 40.42037 ], [ -4.506901, 40.420378 ], [ -4.507007, 40.420395 ], [ -4.507031, 40.420394 ], [ -4.507208, 40.420419 ], [ -4.507374, 40.420444 ], [ -4.507492, 40.42046 ], [ -4.507551, 40.420469 ], [ -4.507752, 40.420493 ], [ -4.507846, 40.42051 ], [ -4.507917, 40.420518 ], [ -4.508177, 40.42055 ], [ -4.508307, 40.420567 ], [ -4.508674, 40.420616 ], [ -4.509159, 40.420682 ], [ -4.509194, 40.42069 ], [ -4.509383, 40.420715 ], [ -4.509431, 40.420714 ], [ -4.509643, 40.420748 ], [ -4.509738, 40.420764 ], [ -4.509738, 40.420755 ], [ -4.509951, 40.420789 ], [ -4.509998, 40.420797 ], [ -4.510187, 40.420822 ], [ -4.510199, 40.420821 ], [ -4.510518, 40.420862 ], [ -4.511039, 40.420936 ], [ -4.511109, 40.420945 ], [ -4.511216, 40.420961 ], [ -4.511476, 40.420994 ], [ -4.511842, 40.421043 ], [ -4.512575, 40.421142 ], [ -4.512587, 40.421141 ], [ -4.512847, 40.421174 ], [ -4.512895, 40.421182 ], [ -4.513734, 40.421298 ], [ -4.513817, 40.421306 ], [ -4.513947, 40.421322 ], [ -4.51429, 40.421371 ], [ -4.514727, 40.421429 ], [ -4.515011, 40.42147 ], [ -4.515023, 40.42147 ], [ -4.516063, 40.421609 ], [ -4.51695, 40.421724 ], [ -4.516997, 40.421732 ], [ -4.517269, 40.421774 ], [ -4.517458, 40.421798 ], [ -4.517494, 40.421798 ], [ -4.518392, 40.421921 ], [ -4.519019, 40.422003 ], [ -4.519102, 40.422011 ], [ -4.51935, 40.422053 ], [ -4.519374, 40.422052 ], [ -4.519681, 40.422093 ], [ -4.519764, 40.422101 ], [ -4.51987, 40.422118 ], [ -4.520248, 40.422167 ], [ -4.520721, 40.422233 ], [ -4.520971, 40.422311 ] ] ] } },
{ "type": "Feature", "properties": { "fid": 1, "INSPIREID": "ES.IGN.BDDAE.34070500000", "COUNTRY": "ES", "NATLEV": "https://inspire.ec.europa.eu/codelist/AdministrativeHierarchyLevel/3rdOrder", "NATLEVNAME": "Provincia", "NATCODE": "34070500000", "NAMEUNIT": "Ávila", "CODNUT1": "ES4", "CODNUT2": "ES41", "CODNUT3": null }, "geometry": { "type": "MultiLineString", "coordinates": [ [ [ -4.441639, 40.412832 ], [ -4.44175, 40.412497 ], [ -4.441772, 40.412425 ], [ -4.441781, 40.412317 ], [ -4.441779, 40.412236 ], [ -4.441719, 40.411065 ], [ -4.441716, 40.410921 ], [ -4.441715, 40.410894 ], [ -4.441724, 40.41075 ], [ -4.441723, 40.410696 ], [ -4.441733, 40.410606 ], [ -4.441743, 40.410551 ], [ -4.442037, 40.408854 ], [ -4.442037, 40.408827 ], [ -4.442065, 40.406818 ], [ -4.442074, 40.405593 ], [ -4.442073, 40.405565 ], [ -4.442117, 40.405421 ], [ -4.442139, 40.40533 ], [ -4.442145, 40.404529 ], [ -4.442142, 40.404375 ], [ -4.442147, 40.40406 ], [ -4.442147, 40.404051 ], [ -4.442144, 40.403907 ], [ -4.442191, 40.403357 ], [ -4.442256, 40.402545 ], [ -4.442301, 40.401887 ], [ -4.442312, 40.401842 ], [ -4.442344, 40.401679 ], [ -4.44251, 40.400092 ], [ -4.442579, 40.397217 ], [ -4.442578, 40.39719 ], [ -4.442586, 40.396992 ], [ -4.442583, 40.396875 ], [ -4.442583, 40.396857 ], [ -4.442582, 40.396812 ], [ -4.442592, 40.39673 ], [ -4.442592, 40.396721 ], [ -4.442596, 40.396379 ], [ -4.442603, 40.396163 ], [ -4.442613, 40.395532 ], [ -4.442657, 40.39373 ], [ -4.442671, 40.392712 ], [ -4.442757, 40.38899 ], [ -4.442809692056086, 40.386642276167727 ] ], [ [ -4.442881967840019, 40.383287493853764 ], [ -4.442882, 40.383286 ], [ -4.442895, 40.382781 ], [ -4.443065, 40.374725 ], [ -4.443079, 40.374292 ], [ -4.443086, 40.373527 ], [ -4.443112, 40.372517 ], [ -4.441225973957244, 40.365974938635965 ] ], [ [ -4.440098439124566, 40.362087862851354 ], [ -4.439642, 40.360484 ] ] ] } },
{ "type": "Feature", "properties": { "fid": 1, "INSPIREID": "ES.IGN.BDDAE.34070500000", "COUNTRY": "ES", "NATLEV": "https://inspire.ec.europa.eu/codelist/AdministrativeHierarchyLevel/3rdOrder", "NATLEVNAME": "Provincia", "NATCODE": "34070500000", "NAMEUNIT": "Ávila", "CODNUT1": "ES4", "CODNUT2": "ES41", "CODNUT3": null }, "geometry": { "type": "MultiLineString", "coordinates": [ [ [ -4.440014027606994, 40.355823135106263 ], [ -4.442196, 40.351664 ], [ -4.44257, 40.350948 ], [ -4.443927, 40.348346 ], [ -4.444135, 40.34795 ] ] ] } },
{ "type": "Feature", "properties": { "fid": 1, "INSPIREID": "ES.IGN.BDDAE.34070500000", "COUNTRY": "ES", "NATLEV": "https://inspire.ec.europa.eu/codelist/AdministrativeHierarchyLevel/3rdOrder", "NATLEVNAME": "Provincia", "NATCODE": "34070500000", "NAMEUNIT": "Ávila", "CODNUT1": "ES4", "CODNUT2": "ES41", "CODNUT3": null }, "geometry": { "type": "MultiLineString", "coordinates": [ [ [ -4.540058, 40.854902 ], [ -4.540797, 40.85606 ], [ -4.541303, 40.8569 ], [ -4.541501, 40.85723 ], [ -4.541562, 40.857329 ], [ -4.541994, 40.858052 ], [ -4.542303, 40.858553 ], [ -4.542525, 40.858928 ], [ -4.542957, 40.859679 ], [ -4.543761, 40.861091 ], [ -4.545514, 40.863996 ], [ -4.547, 40.866165 ], [ -4.547111, 40.866334 ], [ -4.54753, 40.867031 ], [ -4.547654, 40.867237 ], [ -4.548678, 40.868944 ], [ -4.550417, 40.871758 ], [ -4.552107, 40.8745 ], [ -4.553821, 40.877261 ], [ -4.55429, 40.878038 ], [ -4.55508, 40.879334 ], [ -4.555352, 40.879789 ], [ -4.555611, 40.8802 ], [ -4.555685, 40.880325 ], [ -4.555931, 40.880709 ], [ -4.55709, 40.882559 ], [ -4.557854, 40.883773 ], [ -4.558533, 40.884854 ], [ -4.558910574381447, 40.885492280501964 ] ] ] } },
{ "type": "Feature", "properties": { "fid": 1, "INSPIREID": "ES.IGN.BDDAE.34070500000", "COUNTRY": "ES", "NATLEV": "https://inspire.ec.europa.eu/codelist/AdministrativeHierarchyLevel/3rdOrder", "NATLEVNAME": "Provincia", "NATCODE": "34070500000", "NAMEUNIT": "Ávila", "CODNUT1": "ES4", "CODNUT2": "ES41", "CODNUT3": null }, "geometry": { "type": "MultiLineString", "coordinates": [ [ [ -4.687642, 41.037809 ], [ -4.688133, 41.038388 ], [ -4.690474, 41.041101 ], [ -4.692117, 41.042995 ], [ -4.69365, 41.044765 ], [ -4.694287, 41.045494 ], [ -4.694483, 41.045726 ], [ -4.69729, 41.048909 ], [ -4.697388, 41.049016 ], [ -4.69789, 41.049585 ], [ -4.698712, 41.050537 ], [ -4.698748, 41.050572 ], [ -4.698908, 41.050768 ], [ -4.699166, 41.051061 ], [ -4.699607, 41.051568 ], [ -4.699766, 41.051746 ], [ -4.699863723660212, 41.051857684183105 ] ] ] } },
{ "type": "Feature", "properties": { "fid": 1, "INSPIREID": "ES.IGN.BDDAE.34070500000", "COUNTRY": "ES", "NATLEV": "https://inspire.ec.europa.eu/codelist/AdministrativeHierarchyLevel/3rdOrder", "NATLEVNAME": "Provincia", "NATCODE": "34070500000", "NAMEUNIT": "Ávila", "CODNUT1": "ES4", "CODNUT2": "ES41", "CODNUT3": null }, "geometry": { "type": "MultiLineString", "coordinates": [ [ [ -4.715316659210029, 41.069264386139203 ], [ -4.71717, 41.07035 ], [ -4.717243, 41.070385 ], [ -4.717581, 41.070587 ], [ -4.717787, 41.07071 ], [ -4.719394, 41.07165 ], [ -4.719612, 41.071773 ], [ -4.719708, 41.071834 ], [ -4.719854, 41.071922 ], [ -4.719999, 41.072001 ], [ -4.723335, 41.073951 ], [ -4.723431, 41.074013 ], [ -4.725627, 41.075574 ], [ -4.726815, 41.076421 ], [ -4.726827, 41.07643 ], [ -4.726948, 41.0765 ], [ -4.731461, 41.079279 ], [ -4.731497, 41.079296 ], [ -4.733893, 41.080774 ], [ -4.735708, 41.08189 ], [ -4.73588, 41.082077 ], [ -4.736394, 41.082619 ], [ -4.736806, 41.082901 ], [ -4.73717, 41.083147 ], [ -4.737556, 41.083331 ], [ -4.737822, 41.083498 ], [ -4.737834, 41.083507 ] ] ] } },
{ "type": "Feature", "properties": { "fid": 1, "INSPIREID": "ES.IGN.BDDAE.34070500000", "COUNTRY": "ES", "NATLEV": "https://inspire.ec.europa.eu/codelist/AdministrativeHierarchyLevel/3rdOrder", "NATLEVNAME": "Provincia", "NATCODE": "34070500000", "NAMEUNIT": "Ávila", "CODNUT1": "ES4", "CODNUT2": "ES41", "CODNUT3": null }, "geometry": { "type": "MultiLineString", "coordinates": [ [ [ -4.687639, 41.038602 ], [ -4.689748, 41.041084 ], [ -4.689908, 41.041271 ], [ -4.691501, 41.043085 ], [ -4.692273, 41.043966 ], [ -4.693144, 41.045007 ], [ -4.693402, 41.045327 ], [ -4.693537, 41.045487 ], [ -4.693562, 41.045514 ], [ -4.694139, 41.046208 ], [ -4.696248, 41.048645 ], [ -4.696321, 41.048734 ], [ -4.69648, 41.048903 ], [ -4.696934, 41.04941 ], [ -4.696958, 41.049427 ], [ -4.697044, 41.049525 ], [ -4.697191, 41.049694 ], [ -4.69795, 41.050539 ], [ -4.698159, 41.05077 ], [ -4.698404, 41.051046 ], [ -4.699054, 41.051811 ], [ -4.699055851474645, 41.051813777211969 ] ] ] } },
{ "type": "Feature", "properties": { "fid": 1, "INSPIREID": "ES.IGN.BDDAE.34070500000", "COUNTRY": "ES", "NATLEV": "https://inspire.ec.europa.eu/codelist/AdministrativeHierarchyLevel/3rdOrder", "NATLEVNAME": "Provincia", "NATCODE": "34070500000", "NAMEUNIT": "Ávila", "CODNUT1": "ES4", "CODNUT2": "ES41", "CODNUT3": null }, "geometry": { "type": "MultiLineString", "coordinates": [ [ [ -4.716285013951246, 41.071032885471126 ], [ -4.716576, 41.071287 ], [ -4.716734, 41.071428 ], [ -4.717209, 41.071854 ], [ -4.718099, 41.072633 ], [ -4.719, 41.073439 ], [ -4.719122, 41.073537 ], [ -4.719524, 41.0739 ], [ -4.721925, 41.076035 ], [ -4.722144, 41.076221 ], [ -4.722254, 41.076318 ], [ -4.724215, 41.078036 ], [ -4.724471, 41.078258 ], [ -4.724653, 41.078417 ], [ -4.724751, 41.078506 ], [ -4.727201, 41.080703 ], [ -4.727908, 41.081314 ], [ -4.728407, 41.081757 ], [ -4.728931, 41.082217 ], [ -4.730101, 41.083245 ], [ -4.730393, 41.083501 ] ] ] } },
{ "type": "Feature", "properties": { "fid": 1, "INSPIREID": "ES.IGN.BDDAE.34070500000", "COUNTRY": "ES", "NATLEV": "https://inspire.ec.europa.eu/codelist/AdministrativeHierarchyLevel/3rdOrder", "NATLEVNAME": "Provincia", "NATCODE": "34070500000", "NAMEUNIT": "Ávila", "CODNUT1": "ES4", "CODNUT2": "ES41", "CODNUT3": null }, "geometry": { "type": "MultiLineString", "coordinates": [ [ [ -5.097669, 40.166826 ], [ -5.09885, 40.166273 ], [ -5.099116, 40.166151 ], [ -5.099858, 40.16584 ], [ -5.107277, 40.162732 ], [ -5.109927, 40.162621 ], [ -5.111457, 40.162737 ], [ -5.114388, 40.162972 ], [ -5.115753, 40.163073 ], [ -5.118025, 40.163257 ], [ -5.120096, 40.163417 ], [ -5.121196, 40.163649 ], [ -5.129186, 40.165331 ], [ -5.132885, 40.166119 ], [ -5.1335, 40.166243 ], [ -5.133925, 40.166334 ], [ -5.136339, 40.165407 ], [ -5.142731, 40.162946 ], [ -5.144958, 40.162085 ], [ -5.147081, 40.161271 ], [ -5.149297, 40.160419 ], [ -5.150782, 40.159851 ], [ -5.154053, 40.158592 ], [ -5.156967, 40.158295 ], [ -5.157611, 40.158238 ], [ -5.159086, 40.158084 ], [ -5.160572, 40.157939 ], [ -5.161157, 40.157874 ], [ -5.16255, 40.15774 ], [ -5.162948, 40.157697 ], [ -5.163135, 40.157675 ], [ -5.166832, 40.157264 ], [ -5.171699, 40.156722 ], [ -5.185293, 40.155214 ], [ -5.186907, 40.155031 ], [ -5.187679, 40.154944 ] ] ] } },
{ "type": "Feature", "properties": { "fid": 1, "INSPIREID": "ES.IGN.BDDAE.34070500000", "COUNTRY": "ES", "NATLEV": "https://inspire.ec.europa.eu/codelist/AdministrativeHierarchyLevel/3rdOrder", "NATLEVNAME": "Provincia", "NATCODE": "34070500000", "NAMEUNIT": "Ávila", "CODNUT1": "ES4", "CODNUT2": "ES41", "CODNUT3": null }, "geometry": { "type": "MultiLineString", "coordinates": [ [ [ -4.618621, 40.583525 ], [ -4.618378, 40.583267 ], [ -4.617894, 40.582769 ], [ -4.617507, 40.582414 ], [ -4.617387, 40.582353 ], [ -4.615915, 40.581554 ], [ -4.61448, 40.580862 ], [ -4.614146, 40.580705 ], [ -4.61313, 40.580223 ], [ -4.612089, 40.579688 ], [ -4.611696, 40.579541 ], [ -4.610151, 40.579652 ], [ -4.608876, 40.579715 ], [ -4.607472, 40.579789 ], [ -4.606138, 40.579861 ], [ -4.604817, 40.579943 ], [ -4.603496, 40.580024 ], [ -4.601879, 40.580119 ], [ -4.600569, 40.580173 ], [ -4.59887, 40.58026 ], [ -4.598634, 40.580272 ], [ -4.596274, 40.580395 ], [ -4.595837, 40.580419 ], [ -4.594587, 40.580508 ], [ -4.594103, 40.580533 ], [ -4.593313, 40.580589 ], [ -4.590882, 40.580712 ], [ -4.588297, 40.580829 ], [ -4.586539, 40.580934 ], [ -4.585241, 40.581015 ], [ -4.582716, 40.581149 ], [ -4.580887, 40.581246 ], [ -4.578598, 40.581367 ], [ -4.575777, 40.581523 ], [ -4.57429, 40.581597 ], [ -4.57252, 40.581702 ], [ -4.571388, 40.581763 ], [ -4.569854, 40.581847 ], [ -4.568283, 40.581886 ], [ -4.567149, 40.581397 ], [ -4.565151, 40.580343 ], [ -4.56484, 40.580176 ], [ -4.563368, 40.579367 ], [ -4.562699, 40.579052 ], [ -4.561581, 40.576671 ], [ -4.560897, 40.574707 ], [ -4.560453, 40.573398 ], [ -4.56025, 40.572788 ], [ -4.559744, 40.571354 ], [ -4.559681, 40.571165 ], [ -4.559579, 40.570869 ], [ -4.558921, 40.568978 ], [ -4.558414, 40.56748 ], [ -4.557882, 40.565929 ], [ -4.557712, 40.565228 ], [ -4.557581, 40.564672 ], [ -4.557412, 40.563998 ], [ -4.557359, 40.563747 ], [ -4.557294, 40.563522 ], [ -4.557281, 40.563468 ], [ -4.557281, 40.563441 ], [ -4.557176, 40.562992 ], [ -4.55715, 40.562903 ], [ -4.557137, 40.562849 ], [ -4.557124, 40.562813 ], [ -4.556918, 40.562041 ], [ -4.556924, 40.56078 ], [ -4.557027, 40.559607 ], [ -4.557056, 40.559337 ], [ -4.557056, 40.559328 ], [ -4.557149, 40.558254 ], [ -4.557253, 40.557145 ], [ -4.557309, 40.556487 ], [ -4.557478, 40.554611 ], [ -4.557575, 40.55369 ], [ -4.557593, 40.553474 ], [ -4.55773, 40.551742 ], [ -4.557785, 40.551048 ], [ -4.557882, 40.550137 ], [ -4.558005, 40.548838 ], [ -4.558242, 40.546312 ], [ -4.558362, 40.544879 ], [ -4.558391, 40.544563 ], [ -4.558495, 40.543462 ], [ -4.558588, 40.542371 ], [ -4.558738, 40.540207 ], [ -4.558798, 40.539729 ], [ -4.558916, 40.538709 ], [ -4.558957, 40.53842 ], [ -4.558975, 40.538186 ], [ -4.559031, 40.537528 ], [ -4.55905, 40.537365 ], [ -4.559152, 40.536148 ], [ -4.559162, 40.536084 ], [ -4.559349, 40.533947 ], [ -4.559404, 40.53328 ], [ -4.559557, 40.531692 ], [ -4.559509, 40.530657 ], [ -4.55946, 40.529558 ], [ -4.559437, 40.529081 ], [ -4.559432, 40.528865 ], [ -4.559585, 40.528331 ], [ -4.559618, 40.528214 ], [ -4.559738, 40.527807 ], [ -4.560011, 40.526866 ], [ -4.560021, 40.526767 ], [ -4.56003, 40.526641 ], [ -4.56005, 40.526487 ], [ -4.560143, 40.525432 ], [ -4.560153, 40.525351 ], [ -4.560171, 40.525108 ], [ -4.560284, 40.523863 ], [ -4.560292, 40.523701 ], [ -4.560368, 40.522889 ], [ -4.560478, 40.521545 ], [ -4.560586, 40.520066 ], [ -4.56071, 40.518821 ], [ -4.560827, 40.517739 ], [ -4.560976, 40.516025 ], [ -4.561043, 40.515331 ], [ -4.561062, 40.515168 ], [ -4.561062, 40.515159 ], [ -4.561137, 40.514329 ], [ -4.561146, 40.514203 ], [ -4.561156, 40.514122 ], [ -4.561316, 40.512381 ], [ -4.561345, 40.512092 ], [ -4.561436, 40.510902 ], [ -4.561509, 40.509982 ], [ -4.561651, 40.508485 ], [ -4.561688, 40.508061 ], [ -4.561718, 40.507799 ], [ -4.56184, 40.506473 ], [ -4.561859, 40.506275 ], [ -4.561908, 40.505806 ], [ -4.561907, 40.505797 ], [ -4.561907, 40.50577 ], [ -4.561941, 40.505229 ], [ -4.561951, 40.505121 ], [ -4.562026, 40.503804 ], [ -4.562045, 40.503579 ], [ -4.562069, 40.503092 ], [ -4.562147, 40.50137 ], [ -4.562165, 40.501136 ], [ -4.562185, 40.500992 ], [ -4.562222, 40.500541 ], [ -4.56225, 40.500198 ] ] ] } },
{ "type": "Feature", "properties": { "fid": 1, "INSPIREID": "ES.IGN.BDDAE.34070500000", "COUNTRY": "ES", "NATLEV": "https://inspire.ec.europa.eu/codelist/AdministrativeHierarchyLevel/3rdOrder", "NATLEVNAME": "Provincia", "NATCODE": "34070500000", "NAMEUNIT": "Ávila", "CODNUT1": "ES4", "CODNUT2": "ES41", "CODNUT3": null }, "geometry": { "type": "MultiLineString", "coordinates": [ [ [ -4.460615965442062, 40.340933182389115 ], [ -4.46064, 40.34092 ], [ -4.462223, 40.340053 ], [ -4.465225, 40.338411 ], [ -4.46679, 40.337319 ], [ -4.466941, 40.3372 ], [ -4.467034, 40.337145 ], [ -4.467161, 40.337053 ], [ -4.467219, 40.337008 ], [ -4.467277, 40.336962 ], [ -4.467358, 40.336916 ], [ -4.467428, 40.336861 ], [ -4.468251, 40.336283 ], [ -4.468703, 40.335962 ], [ -4.468761, 40.335925 ], [ -4.46897, 40.335778 ], [ -4.469109, 40.335686 ], [ -4.469156, 40.33565 ], [ -4.469283, 40.335558 ], [ -4.469492, 40.335411 ], [ -4.469631, 40.335319 ], [ -4.469736, 40.335246 ], [ -4.469863, 40.335154 ], [ -4.469886, 40.335136 ], [ -4.469898, 40.335127 ], [ -4.470025, 40.335035 ], [ -4.470594, 40.33464 ], [ -4.470675, 40.334576 ], [ -4.470698, 40.334567 ], [ -4.470826, 40.334475 ], [ -4.470884, 40.334439 ], [ -4.471023, 40.334338 ], [ -4.471069, 40.334301 ], [ -4.471208, 40.334209 ], [ -4.47122, 40.3342 ], [ -4.471347, 40.334108 ], [ -4.471429, 40.334053 ], [ -4.471591, 40.333934 ], [ -4.472182, 40.333521 ] ] ] } },
{ "type": "Feature", "properties": { "fid": 1, "INSPIREID": "ES.IGN.BDDAE.34070500000", "COUNTRY": "ES", "NATLEV": "https://inspire.ec.europa.eu/codelist/AdministrativeHierarchyLevel/3rdOrder", "NATLEVNAME": "Provincia", "NATCODE": "34070500000", "NAMEUNIT": "Ávila", "CODNUT1": "ES4", "CODNUT2": "ES41", "CODNUT3": null }, "geometry": { "type": "MultiLineString", "coordinates": [ [ [ -4.425305, 40.594774 ], [ -4.425542, 40.594807 ], [ -4.425661, 40.594824 ], [ -4.42706, 40.595023 ], [ -4.427249, 40.595047 ], [ -4.427546, 40.595089 ] ] ] } },
{ "type": "Feature", "properties": { "fid": 1, "INSPIREID": "ES.IGN.BDDAE.34070500000", "COUNTRY": "ES", "NATLEV": "https://inspire.ec.europa.eu/codelist/AdministrativeHierarchyLevel/3rdOrder", "NATLEVNAME": "Provincia", "NATCODE": "34070500000", "NAMEUNIT": "Ávila", "CODNUT1": "ES4", "CODNUT2": "ES41", "CODNUT3": null }, "geometry": { "type": "MultiLineString", "coordinates": [ [ [ -4.520971, 40.422311 ], [ -4.522023, 40.422955 ], [ -4.522478, 40.423282 ], [ -4.523712, 40.424148 ], [ -4.524562, 40.42475 ], [ -4.524598, 40.424776 ], [ -4.524947, 40.425114 ], [ -4.524959, 40.425123 ], [ -4.525188, 40.425832 ], [ -4.525226, 40.425957 ], [ -4.525289, 40.426155 ], [ -4.525378, 40.426433 ], [ -4.525404, 40.426522 ], [ -4.525162, 40.426769 ], [ -4.525035, 40.426906 ], [ -4.525612, 40.427412 ], [ -4.527893, 40.427661 ], [ -4.5282, 40.427693 ], [ -4.528971, 40.427881 ], [ -4.529054, 40.427907 ], [ -4.530014, 40.428146 ], [ -4.53708, 40.429899 ], [ -4.53759, 40.430028 ], [ -4.538574, 40.430267 ], [ -4.538882, 40.430344 ], [ -4.548284, 40.432677 ], [ -4.549176, 40.433017 ], [ -4.549854, 40.433278 ], [ -4.551448, 40.434932 ], [ -4.551461, 40.43495 ], [ -4.552101, 40.435617 ], [ -4.552185, 40.435697 ], [ -4.552366, 40.435893 ], [ -4.552971, 40.436524 ], [ -4.5532, 40.436765 ], [ -4.553599, 40.437174 ], [ -4.553816, 40.437405 ], [ -4.554094, 40.437689 ], [ -4.554734, 40.438356 ], [ -4.555314, 40.438952 ], [ -4.555942, 40.439619 ], [ -4.559143, 40.442945 ], [ -4.559144, 40.442982 ], [ -4.559421, 40.445266 ], [ -4.55958, 40.446525 ], [ -4.559624, 40.446894 ], [ -4.559754, 40.447937 ], [ -4.559755, 40.447991 ], [ -4.559827, 40.448531 ], [ -4.559974, 40.449817 ], [ -4.559988, 40.449898 ], [ -4.560062, 40.450527 ], [ -4.560119, 40.450959 ], [ -4.560541, 40.454422 ], [ -4.560557, 40.454611 ], [ -4.560586, 40.454835 ], [ -4.560614, 40.455024 ], [ -4.560949, 40.457803 ], [ -4.560965, 40.457965 ], [ -4.561198, 40.459908 ], [ -4.561299, 40.460672 ], [ -4.561313, 40.460789 ], [ -4.561343, 40.46105 ], [ -4.561416, 40.461671 ], [ -4.561445, 40.461905 ], [ -4.561489, 40.462264 ], [ -4.561546, 40.462687 ], [ -4.561605, 40.463218 ], [ -4.56184, 40.465187 ], [ -4.562567, 40.47115 ], [ -4.562918, 40.474055 ], [ -4.562961, 40.47437 ], [ -4.563005, 40.474775 ], [ -4.563441, 40.478309 ], [ -4.5635, 40.478813 ], [ -4.563382, 40.480832 ], [ -4.563316, 40.482076 ], [ -4.563172, 40.48452 ], [ -4.563064, 40.486449 ], [ -4.562583, 40.494725 ], [ -4.562473, 40.49661 ], [ -4.562432, 40.497394 ], [ -4.562423, 40.497493 ], [ -4.56225, 40.500198 ] ] ] } },
{ "type": "Feature", "properties": { "fid": 1, "INSPIREID": "ES.IGN.BDDAE.34070500000", "COUNTRY": "ES", "NATLEV": "https://inspire.ec.europa.eu/codelist/AdministrativeHierarchyLevel/3rdOrder", "NATLEVNAME": "Provincia", "NATCODE": "34070500000", "NAMEUNIT": "Ávila", "CODNUT1": "ES4", "CODNUT2": "ES41", "CODNUT3": null }, "geometry": { "type": "MultiLineString", "coordinates": [ [ [ -4.532436, 40.42888 ], [ -4.532448, 40.42888 ], [ -4.532484, 40.428906 ], [ -4.532482, 40.428825 ], [ -4.532387, 40.42879 ], [ -4.532268, 40.428765 ], [ -4.531996, 40.428732 ], [ -4.531807, 40.428717 ], [ -4.531642, 40.428719 ], [ -4.531759, 40.428664 ], [ -4.531759, 40.428655 ], [ -4.531746, 40.428619 ], [ -4.531687, 40.428592 ], [ -4.531651, 40.428584 ], [ -4.531521, 40.428586 ], [ -4.531379, 40.42856 ], [ -4.531284, 40.428535 ], [ -4.531331, 40.428507 ], [ -4.531143, 40.428519 ], [ -4.531024, 40.428502 ], [ -4.531108, 40.428537 ], [ -4.531251, 40.428634 ], [ -4.531251, 40.428616 ], [ -4.531251, 40.428598 ], [ -4.531262, 40.428571 ], [ -4.531321, 40.428597 ], [ -4.531404, 40.428614 ], [ -4.53157, 40.42863 ], [ -4.531688, 40.428646 ], [ -4.531676, 40.428665 ], [ -4.531595, 40.428693 ], [ -4.531536, 40.428721 ], [ -4.531513, 40.42873 ], [ -4.531525, 40.428748 ], [ -4.531608, 40.428747 ], [ -4.531761, 40.428763 ], [ -4.531915, 40.428779 ], [ -4.532033, 40.428786 ], [ -4.532139, 40.428803 ], [ -4.532234, 40.428819 ], [ -4.532305, 40.428836 ], [ -4.532388, 40.428862 ], [ -4.532436, 40.42888 ] ] ] } },
{ "type": "Feature", "properties": { "fid": 1, "INSPIREID": "ES.IGN.BDDAE.34070500000", "COUNTRY": "ES", "NATLEV": "https://inspire.ec.europa.eu/codelist/AdministrativeHierarchyLevel/3rdOrder", "NATLEVNAME": "Provincia", "NATCODE": "34070500000", "NAMEUNIT": "Ávila", "CODNUT1": "ES4", "CODNUT2": "ES41", "CODNUT3": null }, "geometry": { "type": "MultiLineString", "coordinates": [ [ [ -5.521014, 40.362128 ], [ -5.523339, 40.36133 ], [ -5.523618, 40.361234 ], [ -5.523781, 40.361176 ], [ -5.523668, 40.361305 ], [ -5.5236, 40.36136 ], [ -5.523509, 40.361461 ], [ -5.523396, 40.361581 ], [ -5.52207, 40.362979 ], [ -5.521741, 40.36332 ], [ -5.521651, 40.363421 ], [ -5.521021, 40.363903 ] ] ] } },
{ "type": "Feature", "properties": { "fid": 1, "INSPIREID": "ES.IGN.BDDAE.34070500000", "COUNTRY": "ES", "NATLEV": "https://inspire.ec.europa.eu/codelist/AdministrativeHierarchyLevel/3rdOrder", "NATLEVNAME": "Provincia", "NATCODE": "34070500000", "NAMEUNIT": "Ávila", "CODNUT1": "ES4", "CODNUT2": "ES41", "CODNUT3": null }, "geometry": { "type": "MultiLineString", "coordinates": [ [ [ -4.297280481145865, 40.562474856036246 ], [ -4.29744, 40.562544 ], [ -4.299918, 40.563642 ], [ -4.300502, 40.563897 ], [ -4.303624, 40.565294 ], [ -4.305445, 40.56603 ], [ -4.306244, 40.566418 ], [ -4.306721, 40.56662 ], [ -4.306959, 40.566725 ], [ -4.309842, 40.567962 ], [ -4.313322, 40.569508 ], [ -4.317362, 40.571309 ], [ -4.317648, 40.571432 ], [ -4.319601, 40.572266 ], [ -4.320364, 40.572599 ], [ -4.321592, 40.573144 ], [ -4.326502, 40.57534 ], [ -4.326777, 40.575463 ], [ -4.328755, 40.57635 ], [ -4.330543, 40.577149 ], [ -4.332498, 40.578018 ], [ -4.334871, 40.57909 ], [ -4.336957, 40.580021 ], [ -4.339915, 40.581401 ], [ -4.340738, 40.581787 ], [ -4.341334, 40.582069 ], [ -4.344411, 40.583501 ] ] ] } },
{ "type": "Feature", "properties": { "fid": 1, "INSPIREID": "ES.IGN.BDDAE.34070500000", "COUNTRY": "ES", "NATLEV": "https://inspire.ec.europa.eu/codelist/AdministrativeHierarchyLevel/3rdOrder", "NATLEVNAME": "Provincia", "NATCODE": "34070500000", "NAMEUNIT": "Ávila", "CODNUT1": "ES4", "CODNUT2": "ES41", "CODNUT3": null }, "geometry": { "type": "MultiLineString", "coordinates": [ [ [ -4.354292, 40.586566 ], [ -4.352893, 40.586348 ], [ -4.352834, 40.58634 ], [ -4.352561, 40.586298 ], [ -4.351313, 40.585925 ], [ -4.351266, 40.585917 ], [ -4.350218, 40.585533 ], [ -4.348337, 40.584825 ], [ -4.347777, 40.584624 ], [ -4.347551, 40.584537 ], [ -4.347313, 40.58445 ], [ -4.34704, 40.584372 ], [ -4.346077, 40.584113 ], [ -4.345673, 40.584 ], [ -4.345638, 40.583992 ], [ -4.344911, 40.583703 ], [ -4.344411, 40.583501 ] ] ] } },
{ "type": "Feature", "properties": { "fid": 1, "INSPIREID": "ES.IGN.BDDAE.34070500000", "COUNTRY": "ES", "NATLEV": "https://inspire.ec.europa.eu/codelist/AdministrativeHierarchyLevel/3rdOrder", "NATLEVNAME": "Provincia", "NATCODE": "34070500000", "NAMEUNIT": "Ávila", "CODNUT1": "ES4", "CODNUT2": "ES41", "CODNUT3": null }, "geometry": { "type": "MultiLineString", "coordinates": [ [ [ -4.339879, 40.598004 ], [ -4.340065, 40.59783 ], [ -4.340355, 40.597548 ], [ -4.340517, 40.597393 ], [ -4.340853, 40.597065 ], [ -4.342028, 40.596691 ], [ -4.342547, 40.596648 ], [ -4.342925, 40.596626 ], [ -4.343562, 40.596574 ], [ -4.343692, 40.596563 ], [ -4.344636, 40.596498 ], [ -4.344884, 40.596495 ], [ -4.344907, 40.596495 ], [ -4.345723, 40.596476 ], [ -4.346656, 40.596456 ], [ -4.347246, 40.596441 ], [ -4.347589, 40.596437 ], [ -4.348073, 40.596422 ], [ -4.350423, 40.595746 ], [ -4.350487, 40.59597 ], [ -4.350575, 40.596249 ], [ -4.350676, 40.596572 ], [ -4.35093, 40.597434 ], [ -4.351018, 40.597685 ] ] ] } },
{ "type": "Feature", "properties": { "fid": 1, "INSPIREID": "ES.IGN.BDDAE.34070500000", "COUNTRY": "ES", "NATLEV": "https://inspire.ec.europa.eu/codelist/AdministrativeHierarchyLevel/3rdOrder", "NATLEVNAME": "Provincia", "NATCODE": "34070500000", "NAMEUNIT": "Ávila", "CODNUT1": "ES4", "CODNUT2": "ES41", "CODNUT3": null }, "geometry": { "type": "MultiLineString", "coordinates": [ [ [ -4.350197, 40.59801 ], [ -4.350314, 40.597963 ], [ -4.351018, 40.597685 ], [ -4.351651, 40.597434 ], [ -4.352214, 40.59722 ], [ -4.352707, 40.597034 ], [ -4.352859, 40.596979 ], [ -4.353727, 40.596644 ], [ -4.35429, 40.59643 ] ] ] } },
{ "type": "Feature", "properties": { "fid": 1, "INSPIREID": "ES.IGN.BDDAE.34070500000", "COUNTRY": "ES", "NATLEV": "https://inspire.ec.europa.eu/codelist/AdministrativeHierarchyLevel/3rdOrder", "NATLEVNAME": "Provincia", "NATCODE": "34070500000", "NAMEUNIT": "Ávila", "CODNUT1": "ES4", "CODNUT2": "ES41", "CODNUT3": null }, "geometry": { "type": "MultiLineString", "coordinates": [ [ [ -4.354289, 40.586422 ], [ -4.355425, 40.586499 ], [ -4.355686, 40.586568 ], [ -4.357112, 40.586956 ], [ -4.358713, 40.587802 ], [ -4.358785, 40.587891 ], [ -4.358967, 40.588097 ], [ -4.35933, 40.588525 ], [ -4.358749, 40.589 ], [ -4.358943, 40.589259 ], [ -4.35989, 40.5905 ], [ -4.361547, 40.591228 ], [ -4.361678, 40.591281 ], [ -4.361522, 40.591742 ], [ -4.361243, 40.592538 ], [ -4.360595, 40.59441 ], [ -4.360517, 40.594654 ], [ -4.360461, 40.594808 ], [ -4.36021, 40.595244 ], [ -4.360019, 40.59512 ], [ -4.359887, 40.595031 ], [ -4.359791, 40.59496 ], [ -4.359755, 40.594943 ], [ -4.359671, 40.59489 ], [ -4.359168, 40.594553 ], [ -4.35843, 40.59485 ], [ -4.357832, 40.595082 ], [ -4.357104, 40.595352 ], [ -4.356975, 40.595399 ], [ -4.3549, 40.596198 ], [ -4.354817, 40.596226 ], [ -4.354771, 40.596244 ], [ -4.35429, 40.59643 ] ] ] } },
{ "type": "Feature", "properties": { "fid": 1, "INSPIREID": "ES.IGN.BDDAE.34070500000", "COUNTRY": "ES", "NATLEV": "https://inspire.ec.europa.eu/codelist/AdministrativeHierarchyLevel/3rdOrder", "NATLEVNAME": "Provincia", "NATCODE": "34070500000", "NAMEUNIT": "Ávila", "CODNUT1": "ES4", "CODNUT2": "ES41", "CODNUT3": null }, "geometry": { "type": "MultiLineString", "coordinates": [ [ [ -4.361678, 40.591281 ], [ -4.362262, 40.591517 ], [ -4.362727, 40.591719 ], [ -4.363335, 40.591991 ], [ -4.363538, 40.592078 ], [ -4.365851, 40.593105 ], [ -4.366912, 40.59357 ], [ -4.371337, 40.595517 ], [ -4.374892, 40.595439 ], [ -4.376877, 40.595389 ], [ -4.37834, 40.595308 ], [ -4.378458, 40.595298 ], [ -4.379543, 40.595186 ], [ -4.380593, 40.595101 ], [ -4.380617, 40.595101 ], [ -4.38162, 40.595017 ], [ -4.381679, 40.595016 ], [ -4.382033, 40.594985 ], [ -4.382045, 40.594984 ], [ -4.383307, 40.594879 ], [ -4.385041, 40.594741 ], [ -4.38707, 40.594573 ], [ -4.388604, 40.594428 ], [ -4.390138, 40.594311 ], [ -4.391578, 40.59423 ], [ -4.393124, 40.594158 ], [ -4.394848, 40.594083 ], [ -4.396312, 40.594002 ], [ -4.397811, 40.59393 ], [ -4.399086, 40.593869 ], [ -4.399535, 40.593846 ], [ -4.400326, 40.593809 ], [ -4.400503, 40.593798 ], [ -4.401235, 40.593762 ], [ -4.401402, 40.593823 ], [ -4.402713, 40.594348 ], [ -4.404059, 40.594872 ], [ -4.404202, 40.594933 ], [ -4.405704, 40.595528 ], [ -4.406061, 40.595667 ], [ -4.406335, 40.595781 ], [ -4.406406, 40.595798 ], [ -4.407789, 40.59634 ], [ -4.407932, 40.596401 ], [ -4.408182, 40.596497 ], [ -4.408778, 40.596733 ], [ -4.409672, 40.597083 ], [ -4.409826, 40.597144 ], [ -4.411245, 40.597703 ], [ -4.411316, 40.597729 ], [ -4.411364, 40.597747 ], [ -4.411912, 40.597965 ], [ -4.412639, 40.598254 ], [ -4.413449, 40.598577 ], [ -4.413461, 40.598586 ], [ -4.414582, 40.599041 ], [ -4.414761, 40.599111 ], [ -4.415487, 40.599381 ], [ -4.415571, 40.599416 ], [ -4.416309, 40.599695 ], [ -4.416321, 40.599695 ], [ -4.416333, 40.599704 ], [ -4.416917, 40.59994 ], [ -4.41793, 40.600342 ], [ -4.419134, 40.600823 ], [ -4.419384, 40.600919 ], [ -4.420373, 40.601285 ], [ -4.420683, 40.601416 ], [ -4.421744, 40.601844 ], [ -4.422888, 40.602281 ], [ -4.423806, 40.602648 ], [ -4.42594, 40.603504 ], [ -4.426274, 40.603635 ], [ -4.429, 40.604557 ], [ -4.431065, 40.605513 ], [ -4.432841, 40.606212 ], [ -4.434176, 40.606744 ], [ -4.434677, 40.606936 ], [ -4.434915, 40.607033 ], [ -4.435297, 40.607181 ], [ -4.436, 40.607452 ], [ -4.437609, 40.60808 ], [ -4.438539, 40.608447 ], [ -4.43867, 40.60849 ], [ -4.439695, 40.608892 ], [ -4.440553, 40.609233 ], [ -4.440744, 40.609302 ], [ -4.440947, 40.609381 ], [ -4.441435, 40.609564 ], [ -4.442067, 40.609808 ], [ -4.443318, 40.610288 ], [ -4.444832, 40.610882 ], [ -4.445339, 40.610812 ], [ -4.446341, 40.610674 ], [ -4.448049, 40.610391 ], [ -4.450204, 40.610031 ], [ -4.450864, 40.609923 ], [ -4.450982, 40.609904 ], [ -4.451747, 40.609777 ], [ -4.453161, 40.609552 ], [ -4.453337, 40.609523 ], [ -4.456341, 40.609044 ], [ -4.457955, 40.608789 ], [ -4.459522, 40.608535 ], [ -4.462667, 40.608036 ], [ -4.463527, 40.607899 ], [ -4.464057, 40.60782 ], [ -4.46547, 40.607586 ], [ -4.465659, 40.607556 ], [ -4.46792, 40.607203 ], [ -4.469499, 40.606958 ], [ -4.470052, 40.60687 ], [ -4.470842, 40.606743 ], [ -4.470853, 40.606743 ], [ -4.471796, 40.606596 ], [ -4.472985, 40.606409 ], [ -4.47507, 40.606076 ], [ -4.476754, 40.605803 ], [ -4.480854, 40.605165 ], [ -4.481278, 40.605096 ], [ -4.483044, 40.604812 ], [ -4.483386, 40.604763 ], [ -4.484623, 40.604558 ], [ -4.486448, 40.604264 ], [ -4.487661, 40.604077 ], [ -4.489181, 40.603841 ], [ -4.489346, 40.603812 ], [ -4.489487, 40.603792 ], [ -4.489793, 40.603743 ], [ -4.489935, 40.603723 ], [ -4.490359, 40.603655 ], [ -4.4905, 40.603635 ], [ -4.490936, 40.603566 ], [ -4.491984, 40.6034 ], [ -4.492302, 40.603342 ], [ -4.492443, 40.603322 ], [ -4.49249, 40.603312 ], [ -4.492549, 40.603302 ], [ -4.492585, 40.603302 ], [ -4.492973, 40.603234 ], [ -4.493044, 40.603224 ], [ -4.493209, 40.603195 ], [ -4.493315, 40.603184 ], [ -4.493444, 40.603165 ], [ -4.493538, 40.603145 ], [ -4.493609, 40.603136 ], [ -4.493786, 40.603106 ], [ -4.494139, 40.603048 ], [ -4.495646, 40.602803 ], [ -4.495882, 40.602764 ], [ -4.496247, 40.602705 ], [ -4.496377, 40.602685 ], [ -4.496836, 40.602616 ], [ -4.497272, 40.602548 ], [ -4.498304, 40.602732 ], [ -4.498435, 40.602758 ], [ -4.498731, 40.602808 ], [ -4.498814, 40.602825 ], [ -4.499135, 40.602884 ], [ -4.499301, 40.602918 ], [ -4.499574, 40.602959 ], [ -4.499717, 40.602993 ], [ -4.499883, 40.603018 ], [ -4.500072, 40.603052 ], [ -4.500144, 40.603069 ], [ -4.500808, 40.603186 ], [ -4.500915, 40.603203 ], [ -4.501318, 40.603279 ], [ -4.501366, 40.603287 ], [ -4.5021, 40.601764 ], [ -4.503537, 40.601547 ], [ -4.503808, 40.601508 ], [ -4.505492, 40.601225 ], [ -4.50707, 40.600979 ], [ -4.508637, 40.600733 ], [ -4.509437, 40.600606 ], [ -4.509496, 40.600596 ], [ -4.510203, 40.600487 ], [ -4.511769, 40.600233 ], [ -4.511805, 40.600241 ], [ -4.512007, 40.600293 ], [ -4.513112, 40.600585 ], [ -4.514504, 40.600963 ], [ -4.515621, 40.601254 ], [ -4.517048, 40.601623 ], [ -4.517869, 40.601846 ], [ -4.519472, 40.602204 ], [ -4.520959, 40.602634 ] ] ] } },
{ "type": "Feature", "properties": { "fid": 1, "INSPIREID": "ES.IGN.BDDAE.34070500000", "COUNTRY": "ES", "NATLEV": "https://inspire.ec.europa.eu/codelist/AdministrativeHierarchyLevel/3rdOrder", "NATLEVNAME": "Provincia", "NATCODE": "34070500000", "NAMEUNIT": "Ávila", "CODNUT1": "ES4", "CODNUT2": "ES41", "CODNUT3": null }, "geometry": { "type": "MultiLineString", "coordinates": [ [ [ -4.416321, 40.599695 ], [ -4.416221, 40.599976 ], [ -4.416031, 40.600482 ], [ -4.414339, 40.60099 ], [ -4.41388, 40.601076 ], [ -4.41308, 40.601221 ], [ -4.412985, 40.60124 ], [ -4.41202, 40.601423 ], [ -4.411902, 40.601443 ], [ -4.411749, 40.601472 ], [ -4.411302, 40.601558 ], [ -4.411196, 40.601577 ], [ -4.410654, 40.601674 ], [ -4.410266, 40.601742 ], [ -4.409501, 40.601886 ], [ -4.408241, 40.602118 ], [ -4.407687, 40.602224 ], [ -4.407617, 40.602234 ], [ -4.406934, 40.602368 ], [ -4.405175, 40.601921 ], [ -4.405175, 40.601912 ], [ -4.405057, 40.601914 ], [ -4.404253, 40.601905 ], [ -4.404135, 40.601898 ], [ -4.403071, 40.601893 ], [ -4.401274, 40.601878 ], [ -4.401262, 40.601879 ], [ -4.400163, 40.601865 ], [ -4.39612, 40.601824 ], [ -4.396026, 40.601843 ], [ -4.394931, 40.602054 ], [ -4.393423, 40.602289 ], [ -4.392717, 40.602423 ], [ -4.392411, 40.602481 ], [ -4.392375, 40.602482 ], [ -4.391822, 40.602587 ], [ -4.390703, 40.602781 ], [ -4.389384, 40.602986 ], [ -4.388136, 40.603226 ], [ -4.386581, 40.603488 ], [ -4.386263, 40.603537 ], [ -4.385474, 40.603673 ], [ -4.384284, 40.603867 ], [ -4.383071, 40.60408 ], [ -4.38188, 40.603662 ], [ -4.381225, 40.603426 ], [ -4.380201, 40.60306 ], [ -4.379809, 40.602921 ], [ -4.378443, 40.603171 ], [ -4.375911, 40.603625 ], [ -4.37471, 40.603846 ], [ -4.374675, 40.603856 ], [ -4.373335, 40.60425 ], [ -4.373147, 40.604306 ], [ -4.372219, 40.604597 ], [ -4.371609, 40.604784 ], [ -4.37108, 40.604943 ], [ -4.36988, 40.605237 ], [ -4.369138, 40.605327 ], [ -4.368595, 40.605387 ], [ -4.366941, 40.605443 ], [ -4.365395, 40.605524 ], [ -4.363813, 40.605606 ], [ -4.363789, 40.605606 ], [ -4.362443, 40.605667 ], [ -4.36151, 40.605723 ], [ -4.361073, 40.605755 ] ] ] } },
{ "type": "Feature", "properties": { "fid": 1, "INSPIREID": "ES.IGN.BDDAE.34070500000", "COUNTRY": "ES", "NATLEV": "https://inspire.ec.europa.eu/codelist/AdministrativeHierarchyLevel/3rdOrder", "NATLEVNAME": "Provincia", "NATCODE": "34070500000", "NAMEUNIT": "Ávila", "CODNUT1": "ES4", "CODNUT2": "ES41", "CODNUT3": null }, "geometry": { "type": "MultiLineString", "coordinates": [ [ [ -4.419413, 40.644921 ], [ -4.43288, 40.646208 ], [ -4.433472, 40.646264 ], [ -4.437478, 40.646647 ], [ -4.438782, 40.646774 ], [ -4.440583, 40.646941 ], [ -4.443273, 40.647205 ], [ -4.443486, 40.64722 ], [ -4.444695, 40.64734 ], [ -4.446378, 40.647499 ], [ -4.448109, 40.647667 ], [ -4.451486, 40.647985 ], [ -4.457768, 40.648581 ], [ -4.463765, 40.649154 ], [ -4.464831, 40.649258 ], [ -4.468091, 40.649567 ], [ -4.471089, 40.649854 ], [ -4.471429, 40.652399 ], [ -4.471684, 40.654305 ], [ -4.472988, 40.664144 ], [ -4.473188, 40.665682 ], [ -4.473344, 40.666851 ] ] ] } },
{ "type": "Feature", "properties": { "fid": 1, "INSPIREID": "ES.IGN.BDDAE.34070500000", "COUNTRY": "ES", "NATLEV": "https://inspire.ec.europa.eu/codelist/AdministrativeHierarchyLevel/3rdOrder", "NATLEVNAME": "Provincia", "NATCODE": "34070500000", "NAMEUNIT": "Ávila", "CODNUT1": "ES4", "CODNUT2": "ES41", "CODNUT3": null }, "geometry": { "type": "MultiLineString", "coordinates": [ [ [ -4.425667527389017, 40.401663878364481 ], [ -4.426184, 40.402033 ], [ -4.426686, 40.402387 ], [ -4.430083, 40.40475 ], [ -4.431889, 40.406016 ], [ -4.434365, 40.407751 ], [ -4.434413, 40.407778 ], [ -4.434604, 40.407911 ], [ -4.436076, 40.408937 ], [ -4.436483, 40.40923 ], [ -4.436925, 40.409539 ], [ -4.438014, 40.410301 ], [ -4.438157, 40.410398 ], [ -4.438421, 40.410584 ], [ -4.439294, 40.411195 ], [ -4.440478, 40.412018 ], [ -4.440766, 40.412221 ], [ -4.440873, 40.412301 ], [ -4.440933, 40.412336 ], [ -4.441639, 40.412832 ], [ -4.442372, 40.412922 ], [ -4.442572, 40.412946 ], [ -4.443081, 40.413012 ], [ -4.465535, 40.415847 ], [ -4.473489, 40.416845 ] ] ] } },
{ "type": "Feature", "properties": { "fid": 1, "INSPIREID": "ES.IGN.BDDAE.34070500000", "COUNTRY": "ES", "NATLEV": "https://inspire.ec.europa.eu/codelist/AdministrativeHierarchyLevel/3rdOrder", "NATLEVNAME": "Provincia", "NATCODE": "34070500000", "NAMEUNIT": "Ávila", "CODNUT1": "ES4", "CODNUT2": "ES41", "CODNUT3": null }, "geometry": { "type": "MultiLineString", "coordinates": [ [ [ -4.727654, 41.000168 ], [ -4.727678, 41.000167 ], [ -4.734282, 41.002185 ], [ -4.735828, 41.002657 ], [ -4.736679, 41.002933 ], [ -4.739137, 41.003715 ], [ -4.742277, 41.004659 ], [ -4.742385, 41.004693 ], [ -4.744423, 41.00532 ], [ -4.747289, 41.006213 ], [ -4.747852, 41.006385 ], [ -4.750753, 41.007278 ], [ -4.751017, 41.007364 ], [ -4.751629, 41.007553 ], [ -4.752144, 41.007707 ], [ -4.756412, 41.009029 ], [ -4.761256, 41.010514 ], [ -4.763307, 41.011158 ], [ -4.764146, 41.011424 ], [ -4.770201, 41.013268 ], [ -4.770501, 41.013372 ], [ -4.772314, 41.01401 ], [ -4.773142, 41.014304 ], [ -4.773598, 41.01445 ], [ -4.774929, 41.01488 ], [ -4.776561, 41.015413 ], [ -4.780338, 41.016571 ], [ -4.780722, 41.016691 ], [ -4.782953, 41.017377 ], [ -4.786034, 41.018293 ], [ -4.78941, 41.018673 ], [ -4.790304, 41.018767 ], [ -4.793203, 41.019092 ], [ -4.795673, 41.019396 ], [ -4.796974, 41.019555 ], [ -4.80375, 41.020332 ], [ -4.80925, 41.020949 ], [ -4.810336, 41.021067 ], [ -4.820454, 41.022268 ], [ -4.823031, 41.02256 ], [ -4.823509, 41.022616 ], [ -4.826718, 41.022979 ], [ -4.835309, 41.02396 ], [ -4.835428, 41.023976 ], [ -4.836514, 41.024103 ], [ -4.842146, 41.02476 ], [ -4.842277, 41.024776 ], [ -4.848893, 41.023598 ], [ -4.850243, 41.023361 ], [ -4.850763, 41.023271 ], [ -4.854314, 41.022647 ] ] ] } },
{ "type": "Feature", "properties": { "fid": 1, "INSPIREID": "ES.IGN.BDDAE.34070500000", "COUNTRY": "ES", "NATLEV": "https://inspire.ec.europa.eu/codelist/AdministrativeHierarchyLevel/3rdOrder", "NATLEVNAME": "Provincia", "NATCODE": "34070500000", "NAMEUNIT": "Ávila", "CODNUT1": "ES4", "CODNUT2": "ES41", "CODNUT3": null }, "geometry": { "type": "MultiLineString", "coordinates": [ [ [ -4.730393, 41.083501 ], [ -4.732721, 41.085556 ], [ -4.735466, 41.088055 ], [ -4.73655, 41.089003 ], [ -4.736952, 41.089348 ], [ -4.741888, 41.093669 ], [ -4.743277, 41.094882 ], [ -4.745655, 41.09699 ], [ -4.746956, 41.097997 ], [ -4.749533, 41.100003 ], [ -4.752451, 41.102255 ], [ -4.752731, 41.102476 ], [ -4.753862, 41.103351 ], [ -4.754373, 41.103757 ], [ -4.757534, 41.106222 ], [ -4.757719, 41.106462 ], [ -4.757793, 41.106551 ], [ -4.759483, 41.108732 ], [ -4.761362, 41.111298 ], [ -4.76193, 41.112073 ], [ -4.765563, 41.116971 ], [ -4.768155, 41.120363 ], [ -4.768217, 41.120444 ], [ -4.768355, 41.120712 ], [ -4.768565, 41.120988 ], [ -4.77116, 41.124452 ], [ -4.771419, 41.124799 ], [ -4.771641, 41.125084 ], [ -4.773518, 41.127523 ], [ -4.77553, 41.13014 ], [ -4.776975, 41.132027 ], [ -4.778848, 41.134773 ], [ -4.781654, 41.138531 ], [ -4.784522, 41.142368 ], [ -4.785606, 41.143671 ] ] ] } },
{ "type": "Feature", "properties": { "fid": 1, "INSPIREID": "ES.IGN.BDDAE.34070500000", "COUNTRY": "ES", "NATLEV": "https://inspire.ec.europa.eu/codelist/AdministrativeHierarchyLevel/3rdOrder", "NATLEVNAME": "Provincia", "NATCODE": "34070500000", "NAMEUNIT": "Ávila", "CODNUT1": "ES4", "CODNUT2": "ES41", "CODNUT3": null }, "geometry": { "type": "MultiLineString", "coordinates": [ [ [ -4.737834, 41.083507 ], [ -4.738509, 41.083821 ], [ -4.739245, 41.084179 ], [ -4.740065, 41.084572 ], [ -4.741093, 41.085214 ], [ -4.741727, 41.085754 ], [ -4.742275, 41.086223 ], [ -4.742457, 41.086373 ], [ -4.743594, 41.0875 ], [ -4.744, 41.08798 ], [ -4.744322, 41.088444 ], [ -4.746896, 41.092125 ], [ -4.75192, 41.0993 ], [ -4.752105, 41.099531 ], [ -4.754227, 41.1023 ], [ -4.754373, 41.103757 ], [ -4.754404, 41.104063 ], [ -4.75447, 41.104719 ], [ -4.754519, 41.10525 ], [ -4.755607, 41.10672 ], [ -4.755767, 41.106925 ], [ -4.755952, 41.107174 ], [ -4.756002, 41.107254 ], [ -4.756174, 41.107468 ], [ -4.756286, 41.107628 ], [ -4.757321, 41.108937 ], [ -4.759098, 41.11126 ], [ -4.759514, 41.11211 ], [ -4.760609, 41.114345 ], [ -4.762284, 41.117715 ], [ -4.763026, 41.119208 ], [ -4.763341, 41.119834 ], [ -4.763731, 41.12062 ], [ -4.764197, 41.121559 ], [ -4.764298, 41.121774 ], [ -4.764336, 41.121836 ], [ -4.766879, 41.126958 ], [ -4.767018, 41.127254 ], [ -4.767637, 41.128559 ], [ -4.768392, 41.130052 ], [ -4.769209, 41.131652 ], [ -4.771036, 41.135371 ], [ -4.771566, 41.136443 ], [ -4.773494, 41.140341 ], [ -4.773972, 41.141297 ], [ -4.775597, 41.144589 ] ] ] } },
{ "type": "Feature", "properties": { "fid": 1, "INSPIREID": "ES.IGN.BDDAE.34070500000", "COUNTRY": "ES", "NATLEV": "https://inspire.ec.europa.eu/codelist/AdministrativeHierarchyLevel/3rdOrder", "NATLEVNAME": "Provincia", "NATCODE": "34070500000", "NAMEUNIT": "Ávila", "CODNUT1": "ES4", "CODNUT2": "ES41", "CODNUT3": null }, "geometry": { "type": "MultiLineString", "coordinates": [ [ [ -4.854314, 41.022647 ], [ -4.855569, 41.022428 ], [ -4.860184, 41.021606 ], [ -4.866326, 41.020525 ], [ -4.869508, 41.019924 ], [ -4.869686, 41.019894 ], [ -4.869966, 41.019286 ], [ -4.870135, 41.018518 ], [ -4.870452, 41.018386 ], [ -4.870476, 41.018377 ], [ -4.870652, 41.018302 ], [ -4.870687, 41.018284 ], [ -4.872591, 41.017478 ], [ -4.876971, 41.01592 ], [ -4.879558, 41.013644 ], [ -4.881901, 41.011552 ], [ -4.883804, 41.0099 ], [ -4.884824, 41.008992 ], [ -4.885253, 41.008606 ], [ -4.885578, 41.008322 ], [ -4.888085, 41.006155 ], [ -4.890821, 41.003714 ], [ -4.891947, 41.002732 ], [ -4.892527, 41.002236 ], [ -4.892585, 41.002181 ], [ -4.894858, 41.000171 ] ] ] } },
{ "type": "Feature", "properties": { "fid": 1, "INSPIREID": "ES.IGN.BDDAE.34070500000", "COUNTRY": "ES", "NATLEV": "https://inspire.ec.europa.eu/codelist/AdministrativeHierarchyLevel/3rdOrder", "NATLEVNAME": "Provincia", "NATCODE": "34070500000", "NAMEUNIT": "Ávila", "CODNUT1": "ES4", "CODNUT2": "ES41", "CODNUT3": null }, "geometry": { "type": "MultiLineString", "coordinates": [ [ [ -4.74493, 41.000178 ], [ -4.743381, 41.002786 ], [ -4.742277, 41.004659 ], [ -4.740228, 41.008122 ], [ -4.738156, 41.011612 ], [ -4.737791, 41.01223 ], [ -4.737285, 41.012859 ], [ -4.736709, 41.01357 ], [ -4.729635, 41.022288 ], [ -4.728517, 41.023665 ], [ -4.724901, 41.029133 ], [ -4.723516, 41.031216 ], [ -4.721789, 41.033836 ], [ -4.721411, 41.0344 ], [ -4.720243, 41.036165 ], [ -4.72014, 41.03632 ], [ -4.719007, 41.038039 ], [ -4.718881, 41.038221 ], [ -4.718801, 41.038358 ], [ -4.718733, 41.038458 ], [ -4.718458, 41.038867 ], [ -4.716883, 41.039143 ], [ -4.717117, 41.041283 ], [ -4.716817, 41.041666 ], [ -4.716575, 41.041958 ], [ -4.716414, 41.042158 ], [ -4.715365, 41.04348 ], [ -4.715123, 41.043781 ], [ -4.71434, 41.044765 ], [ -4.713994, 41.045194 ], [ -4.71381, 41.045422 ], [ -4.713533, 41.045768 ], [ -4.713429, 41.045887 ], [ -4.712231, 41.047391 ], [ -4.711977, 41.04771 ], [ -4.71161, 41.048238 ], [ -4.711093, 41.048957 ], [ -4.709244, 41.051543 ], [ -4.709176, 41.051652 ], [ -4.709061, 41.051807 ], [ -4.708979, 41.051844 ], [ -4.708885, 41.05189 ], [ -4.708649, 41.052002 ], [ -4.706815, 41.052858 ], [ -4.705992, 41.053239 ], [ -4.705792, 41.053332 ], [ -4.704857941029588, 41.053768560181894 ] ] ] } },
{ "type": "Feature", "properties": { "fid": 1, "INSPIREID": "ES.IGN.BDDAE.34070500000", "COUNTRY": "ES", "NATLEV": "https://inspire.ec.europa.eu/codelist/AdministrativeHierarchyLevel/3rdOrder", "NATLEVNAME": "Provincia", "NATCODE": "34070500000", "NAMEUNIT": "Ávila", "CODNUT1": "ES4", "CODNUT2": "ES41", "CODNUT3": null }, "geometry": { "type": "MultiLineString", "coordinates": [ [ [ -4.73516, 40.82679 ], [ -4.736623, 40.827389 ], [ -4.736695, 40.827424 ], [ -4.738061, 40.82798 ], [ -4.739056, 40.828388 ], [ -4.740812, 40.829308 ], [ -4.742423, 40.830157 ], [ -4.744684, 40.831348 ], [ -4.747438, 40.832802 ], [ -4.748844, 40.833519 ] ] ] } },
{ "type": "Feature", "properties": { "fid": 1, "INSPIREID": "ES.IGN.BDDAE.34070500000", "COUNTRY": "ES", "NATLEV": "https://inspire.ec.europa.eu/codelist/AdministrativeHierarchyLevel/3rdOrder", "NATLEVNAME": "Provincia", "NATCODE": "34070500000", "NAMEUNIT": "Ávila", "CODNUT1": "ES4", "CODNUT2": "ES41", "CODNUT3": null }, "geometry": { "type": "MultiLineString", "coordinates": [ [ [ -4.578212, 40.916844 ], [ -4.578546, 40.917398 ], [ -4.580275, 40.920194 ], [ -4.580485, 40.920542 ], [ -4.580954, 40.921301 ], [ -4.581461, 40.922123 ], [ -4.581918, 40.922874 ], [ -4.583103, 40.924767 ], [ -4.583609, 40.925571 ], [ -4.584512, 40.927045 ], [ -4.585228, 40.928197 ], [ -4.585414, 40.928509 ], [ -4.58822, 40.933101 ], [ -4.591494, 40.938406 ], [ -4.591692, 40.938728 ], [ -4.593084, 40.940276 ], [ -4.593852, 40.94113 ], [ -4.593999, 40.94129 ], [ -4.595512, 40.942972 ], [ -4.596318, 40.94388 ], [ -4.598943, 40.946807 ], [ -4.599944, 40.947928 ], [ -4.600005, 40.947999 ], [ -4.600982, 40.949085 ], [ -4.601275, 40.949414 ], [ -4.603241, 40.951611 ], [ -4.604352, 40.952839 ], [ -4.604462, 40.952973 ], [ -4.606733, 40.955508 ], [ -4.607784, 40.956683 ], [ -4.608663, 40.95767 ], [ -4.608956, 40.957999 ], [ -4.609066, 40.958115 ], [ -4.610935, 40.960224 ], [ -4.612951, 40.962484 ], [ -4.614356, 40.964058 ], [ -4.615028, 40.964806 ], [ -4.615211, 40.965019 ], [ -4.617459, 40.967528 ], [ -4.619805, 40.970152 ], [ -4.621968, 40.97259 ], [ -4.624193, 40.975099 ], [ -4.626563, 40.977732 ], [ -4.628849, 40.980294 ], [ -4.629949, 40.981539 ], [ -4.631098, 40.98282 ], [ -4.631831, 40.983648 ], [ -4.632491, 40.984386 ], [ -4.633066, 40.985026 ], [ -4.635046, 40.987232 ], [ -4.635217, 40.987419 ], [ -4.63743, 40.98991 ], [ -4.63957, 40.992311 ], [ -4.641, 40.993894 ], [ -4.641795, 40.994784 ], [ -4.642333, 40.995371 ], [ -4.643397, 40.996563 ], [ -4.643922, 40.997141 ], [ -4.645463, 40.998848 ], [ -4.645585, 40.998981 ], [ -4.645671, 40.999088 ], [ -4.645903, 40.999346 ], [ -4.646851, 41.00017 ] ] ] } },
{ "type": "Feature", "properties": { "fid": 1, "INSPIREID": "ES.IGN.BDDAE.34070500000", "COUNTRY": "ES", "NATLEV": "https://inspire.ec.europa.eu/codelist/AdministrativeHierarchyLevel/3rdOrder", "NATLEVNAME": "Provincia", "NATCODE": "34070500000", "NAMEUNIT": "Ávila", "CODNUT1": "ES4", "CODNUT2": "ES41", "CODNUT3": null }, "geometry": { "type": "MultiLineString", "coordinates": [ [ [ -4.687636, 40.775987 ], [ -4.691546, 40.780163 ], [ -4.691741, 40.780377 ], [ -4.695079, 40.783949 ], [ -4.697077, 40.786082 ], [ -4.700683, 40.789938 ], [ -4.70847, 40.798263 ], [ -4.710615, 40.800565 ], [ -4.716003, 40.806322 ], [ -4.719599, 40.810169 ], [ -4.731404, 40.822783 ], [ -4.734965, 40.826585 ], [ -4.73516, 40.82679 ], [ -4.735261, 40.828373 ], [ -4.735384, 40.830353 ], [ -4.735404, 40.830695 ], [ -4.735572, 40.833503 ] ] ] } },
{ "type": "Feature", "properties": { "fid": 1, "INSPIREID": "ES.IGN.BDDAE.34070500000", "COUNTRY": "ES", "NATLEV": "https://inspire.ec.europa.eu/codelist/AdministrativeHierarchyLevel/3rdOrder", "NATLEVNAME": "Provincia", "NATCODE": "34070500000", "NAMEUNIT": "Ávila", "CODNUT1": "ES4", "CODNUT2": "ES41", "CODNUT3": null }, "geometry": { "type": "MultiLineString", "coordinates": [ [ [ -4.554767, 40.857818 ], [ -4.555046, 40.857598 ], [ -4.556315, 40.856563 ], [ -4.559191, 40.854227 ], [ -4.561112, 40.85267 ], [ -4.562078, 40.851891 ], [ -4.566898, 40.851537 ], [ -4.567076, 40.851526 ], [ -4.570226, 40.851294 ], [ -4.570522, 40.851272 ], [ -4.571434, 40.851205 ], [ -4.573495, 40.85106 ], [ -4.573672, 40.851049 ], [ -4.57385, 40.851037 ], [ -4.575579, 40.850906 ], [ -4.583597, 40.850327 ], [ -4.583786, 40.850307 ], [ -4.588416, 40.849973 ], [ -4.592928, 40.84964 ], [ -4.593118, 40.849629 ], [ -4.597689, 40.849295 ], [ -4.599394, 40.849173 ], [ -4.599643, 40.849151 ], [ -4.599879, 40.84913 ], [ -4.601632, 40.849006 ], [ -4.609189, 40.848064 ], [ -4.610337, 40.847921 ], [ -4.61476, 40.847373 ], [ -4.617161, 40.847069 ], [ -4.624659, 40.846135 ], [ -4.629768, 40.845505 ], [ -4.630134, 40.845454 ], [ -4.634037, 40.844967 ], [ -4.635562, 40.844774 ], [ -4.636473, 40.844662 ], [ -4.637632, 40.84452 ], [ -4.639299, 40.844316 ], [ -4.640884, 40.844131 ], [ -4.642622, 40.843917 ], [ -4.644231, 40.843732 ], [ -4.644716, 40.843671 ], [ -4.647081, 40.843385 ], [ -4.654153, 40.842536 ], [ -4.660811, 40.841738 ], [ -4.663165, 40.841452 ], [ -4.665175, 40.841207 ], [ -4.671644, 40.840437 ], [ -4.679602, 40.839475 ], [ -4.685775, 40.838295 ], [ -4.687629, 40.837944 ] ] ] } },
{ "type": "Feature", "properties": { "fid": 1, "INSPIREID": "ES.IGN.BDDAE.34070500000", "COUNTRY": "ES", "NATLEV": "https://inspire.ec.europa.eu/codelist/AdministrativeHierarchyLevel/3rdOrder", "NATLEVNAME": "Provincia", "NATCODE": "34070500000", "NAMEUNIT": "Ávila", "CODNUT1": "ES4", "CODNUT2": "ES41", "CODNUT3": null }, "geometry": { "type": "MultiLineString", "coordinates": [ [ [ -4.687629, 40.837944 ], [ -4.690022, 40.837395 ], [ -4.690388, 40.837309 ], [ -4.699042, 40.83529 ], [ -4.706729, 40.833501 ] ] ] } },
{ "type": "Feature", "properties": { "fid": 1, "INSPIREID": "ES.IGN.BDDAE.34070500000", "COUNTRY": "ES", "NATLEV": "https://inspire.ec.europa.eu/codelist/AdministrativeHierarchyLevel/3rdOrder", "NATLEVNAME": "Provincia", "NATCODE": "34070500000", "NAMEUNIT": "Ávila", "CODNUT1": "ES4", "CODNUT2": "ES41", "CODNUT3": null }, "geometry": { "type": "MultiLineString", "coordinates": [ [ [ -4.735572, 40.833503 ], [ -4.735679, 40.83488 ], [ -4.735793, 40.836509 ], [ -4.735816, 40.836923 ], [ -4.735858, 40.837634 ], [ -4.736078, 40.841071 ], [ -4.736308, 40.844878 ], [ -4.736433, 40.846939 ], [ -4.736513, 40.848208 ], [ -4.736658, 40.850548 ], [ -4.736848, 40.853734 ], [ -4.736866, 40.853968 ], [ -4.737048, 40.856884 ], [ -4.737064, 40.857037 ], [ -4.737149, 40.858458 ], [ -4.737187, 40.859007 ], [ -4.737308, 40.860906 ], [ -4.737311, 40.861041 ], [ -4.737332, 40.861374 ], [ -4.737351, 40.861635 ], [ -4.737498, 40.86411 ], [ -4.737662, 40.866756 ], [ -4.737856, 40.870068 ], [ -4.737914, 40.870932 ], [ -4.738007, 40.872696 ], [ -4.738237, 40.876467 ], [ -4.738338, 40.87806 ], [ -4.738414, 40.879185 ], [ -4.738468, 40.879886 ], [ -4.738553, 40.881317 ], [ -4.73879, 40.885376 ], [ -4.738807, 40.885574 ], [ -4.739037, 40.889372 ], [ -4.739098, 40.890326 ], [ -4.739255, 40.893179 ], [ -4.739331, 40.89425 ], [ -4.739367, 40.894709 ], [ -4.739388, 40.89506 ], [ -4.739507, 40.896896 ], [ -4.73962, 40.89893 ], [ -4.739744, 40.900964 ], [ -4.739797, 40.901629 ], [ -4.739891, 40.902943 ], [ -4.739973, 40.904275 ], [ -4.739998, 40.904752 ], [ -4.740023, 40.905265 ], [ -4.740087, 40.906345 ], [ -4.740127, 40.906966 ], [ -4.74019, 40.908019 ], [ -4.74037, 40.9108 ], [ -4.740472, 40.912861 ], [ -4.740507, 40.91332 ], [ -4.740632, 40.914903 ], [ -4.74073, 40.916838 ] ] ] } },
{ "type": "Feature", "properties": { "fid": 1, "INSPIREID": "ES.IGN.BDDAE.34070500000", "COUNTRY": "ES", "NATLEV": "https://inspire.ec.europa.eu/codelist/AdministrativeHierarchyLevel/3rdOrder", "NATLEVNAME": "Provincia", "NATCODE": "34070500000", "NAMEUNIT": "Ávila", "CODNUT1": "ES4", "CODNUT2": "ES41", "CODNUT3": null }, "geometry": { "type": "MultiLineString", "coordinates": [ [ [ -4.713994, 41.045194 ], [ -4.715482, 41.045208 ], [ -4.715624, 41.045206 ], [ -4.715648, 41.045205 ], [ -4.715969, 41.04521 ], [ -4.716338, 41.045213 ], [ -4.716886, 41.045214 ], [ -4.71704, 41.045221 ], [ -4.717766, 41.045228 ], [ -4.718147, 41.045231 ], [ -4.718445, 41.045227 ], [ -4.719266, 41.045233 ], [ -4.719468, 41.045239 ], [ -4.720063, 41.045239 ], [ -4.726406, 41.045288 ], [ -4.726894, 41.045299 ], [ -4.73207, 41.045338 ], [ -4.734546, 41.045355 ], [ -4.734867, 41.045359 ], [ -4.734974, 41.045357 ], [ -4.735057, 41.045356 ], [ -4.735319, 41.045361 ], [ -4.736224, 41.045366 ], [ -4.743864, 41.04543 ], [ -4.744804, 41.045434 ], [ -4.748328, 41.045543 ], [ -4.750222, 41.045604 ], [ -4.756905, 41.045944 ], [ -4.756965, 41.045943 ], [ -4.761093, 41.045493 ], [ -4.768413, 41.044696 ], [ -4.776242, 41.043837 ], [ -4.776954, 41.043763 ], [ -4.77713, 41.043679 ], [ -4.777307, 41.043613 ], [ -4.778003, 41.043378 ], [ -4.783954, 41.041277 ], [ -4.786995, 41.040203 ], [ -4.787207, 41.040128 ], [ -4.788845, 41.039553 ], [ -4.788892, 41.039534 ], [ -4.794256, 41.036838 ], [ -4.799384, 41.034263 ], [ -4.799419, 41.034245 ], [ -4.803435, 41.032299 ], [ -4.806675, 41.030735 ], [ -4.808169, 41.030117 ], [ -4.808192, 41.030108 ], [ -4.808649, 41.02984 ], [ -4.809494, 41.02943 ], [ -4.809774, 41.029246 ], [ -4.810751, 41.028428 ], [ -4.81095, 41.028308 ], [ -4.813103, 41.027428 ], [ -4.816478, 41.025609 ], [ -4.819406, 41.024365 ], [ -4.82332, 41.022691 ], [ -4.823509, 41.022616 ], [ -4.823803, 41.022503 ], [ -4.824959, 41.022169 ], [ -4.825312, 41.022038 ], [ -4.826242, 41.021663 ], [ -4.8271, 41.021316 ], [ -4.827913, 41.021015 ], [ -4.82929, 41.020506 ], [ -4.832452, 41.018745 ], [ -4.832746, 41.018623 ], [ -4.834267, 41.01813 ], [ -4.83716, 41.016958 ], [ -4.837827, 41.016551 ], [ -4.838284, 41.016319 ], [ -4.838847, 41.016058 ], [ -4.84008, 41.015479 ], [ -4.840904, 41.015178 ], [ -4.842861, 41.014552 ], [ -4.84339, 41.014346 ], [ -4.845644, 41.013715 ], [ -4.845668, 41.013706 ], [ -4.845997, 41.013592 ], [ -4.849049, 41.012562 ], [ -4.849897, 41.012269 ], [ -4.851388, 41.011605 ], [ -4.854319, 41.010504 ] ] ] } },
{ "type": "Feature", "properties": { "fid": 1, "INSPIREID": "ES.IGN.BDDAE.34070500000", "COUNTRY": "ES", "NATLEV": "https://inspire.ec.europa.eu/codelist/AdministrativeHierarchyLevel/3rdOrder", "NATLEVNAME": "Provincia", "NATCODE": "34070500000", "NAMEUNIT": "Ávila", "CODNUT1": "ES4", "CODNUT2": "ES41", "CODNUT3": null }, "geometry": { "type": "MultiLineString", "coordinates": [ [ [ -4.565496029297258, 40.953665006840986 ], [ -4.566284, 40.953849 ], [ -4.569355, 40.954564 ], [ -4.572987, 40.955415 ], [ -4.574361, 40.95573 ], [ -4.576523, 40.956223 ], [ -4.579522, 40.956929 ], [ -4.583728, 40.957898 ], [ -4.58607, 40.958452 ], [ -4.590564, 40.959525 ], [ -4.592977, 40.960068 ], [ -4.593742, 40.960238 ], [ -4.595176, 40.960587 ], [ -4.596096, 40.960818 ], [ -4.597232, 40.96109 ], [ -4.598726, 40.961439 ], [ -4.60108, 40.961992 ], [ -4.605598, 40.963082 ], [ -4.609334, 40.96375 ], [ -4.6111, 40.964077 ], [ -4.61147, 40.964144 ], [ -4.612557, 40.964345 ], [ -4.613345, 40.964496 ], [ -4.613547, 40.964529 ], [ -4.615028, 40.964806 ], [ -4.616711, 40.965124 ], [ -4.619731, 40.965676 ], [ -4.62057, 40.965989 ], [ -4.622861, 40.96683 ], [ -4.625882, 40.967923 ], [ -4.627237, 40.968417 ], [ -4.63177, 40.970074 ], [ -4.632922, 40.97049 ], [ -4.635092, 40.971279 ], [ -4.637884, 40.972185 ], [ -4.6384, 40.972394 ], [ -4.640836, 40.973359 ], [ -4.641112, 40.973472 ], [ -4.641412, 40.973576 ], [ -4.641652, 40.973663 ], [ -4.641988, 40.973784 ], [ -4.642743, 40.974061 ], [ -4.642827, 40.974087 ], [ -4.644135, 40.974564 ], [ -4.647517, 40.975822 ], [ -4.651141, 40.977184 ], [ -4.654685, 40.978214 ], [ -4.655259, 40.978377 ], [ -4.656947, 40.978867 ], [ -4.658504, 40.979313 ], [ -4.660671, 40.979948 ], [ -4.660887, 40.980017 ], [ -4.660947, 40.980034 ], [ -4.662072, 40.980369 ], [ -4.667736, 40.982035 ], [ -4.668311, 40.982207 ], [ -4.672682, 40.983485 ], [ -4.674382, 40.983974 ], [ -4.675341, 40.984258 ], [ -4.678647, 40.985281 ], [ -4.682012, 40.986241 ], [ -4.682263, 40.986319 ], [ -4.68763, 40.987916 ] ] ] } },
{ "type": "Feature", "properties": { "fid": 1, "INSPIREID": "ES.IGN.BDDAE.34070500000", "COUNTRY": "ES", "NATLEV": "https://inspire.ec.europa.eu/codelist/AdministrativeHierarchyLevel/3rdOrder", "NATLEVNAME": "Provincia", "NATCODE": "34070500000", "NAMEUNIT": "Ávila", "CODNUT1": "ES4", "CODNUT2": "ES41", "CODNUT3": null }, "geometry": { "type": "MultiLineString", "coordinates": [ [ [ -4.599694, 40.833513 ], [ -4.599612, 40.834081 ], [ -4.599404, 40.835751 ], [ -4.598597, 40.842184 ], [ -4.598558, 40.842518 ], [ -4.597689, 40.849295 ], [ -4.597299, 40.852318 ], [ -4.597048, 40.85425 ], [ -4.59679, 40.856334 ], [ -4.596344, 40.861484 ], [ -4.596325, 40.861673 ], [ -4.59626, 40.862413 ], [ -4.596001, 40.865461 ], [ -4.596073, 40.869487 ], [ -4.596701, 40.872378 ], [ -4.596807, 40.872854 ], [ -4.59734, 40.87527 ], [ -4.597527, 40.876141 ], [ -4.597712, 40.876922 ], [ -4.597871, 40.877632 ], [ -4.598194, 40.879231 ], [ -4.598952, 40.882598 ], [ -4.5993, 40.884242 ], [ -4.599754, 40.886821 ], [ -4.599781, 40.886947 ], [ -4.599931, 40.887773 ], [ -4.599958, 40.887899 ], [ -4.599959, 40.887935 ], [ -4.600084, 40.888213 ], [ -4.600247, 40.888589 ], [ -4.600716, 40.890807 ], [ -4.601237, 40.893187 ], [ -4.601304, 40.893519 ], [ -4.602046, 40.896707 ], [ -4.602086, 40.896895 ], [ -4.60237, 40.898333 ], [ -4.602424, 40.898593 ], [ -4.602585, 40.899393 ], [ -4.603291, 40.902581 ], [ -4.603588, 40.904027 ], [ -4.603614, 40.904144 ], [ -4.604359, 40.907457 ], [ -4.604479, 40.907996 ], [ -4.604731, 40.909082 ], [ -4.605104, 40.91078 ], [ -4.605478, 40.912468 ], [ -4.605853, 40.914264 ], [ -4.606228, 40.916016 ], [ -4.606415, 40.916842 ] ] ] } },
{ "type": "Feature", "properties": { "fid": 1, "INSPIREID": "ES.IGN.BDDAE.34070500000", "COUNTRY": "ES", "NATLEV": "https://inspire.ec.europa.eu/codelist/AdministrativeHierarchyLevel/3rdOrder", "NATLEVNAME": "Provincia", "NATCODE": "34070500000", "NAMEUNIT": "Ávila", "CODNUT1": "ES4", "CODNUT2": "ES41", "CODNUT3": null }, "geometry": { "type": "MultiLineString", "coordinates": [ [ [ -4.606415, 40.916842 ], [ -4.606936, 40.919267 ], [ -4.607205, 40.920542 ], [ -4.607259, 40.920812 ], [ -4.607367, 40.921378 ], [ -4.607569, 40.922357 ], [ -4.607967, 40.924054 ], [ -4.608329, 40.925751 ], [ -4.608701, 40.927394 ], [ -4.609384, 40.930574 ], [ -4.609718, 40.932118 ], [ -4.610053, 40.93369 ], [ -4.610812, 40.935094 ], [ -4.610874, 40.93521 ], [ -4.610937, 40.935335 ], [ -4.611758, 40.936864 ], [ -4.612318, 40.937919 ], [ -4.613077, 40.939341 ], [ -4.613947, 40.940923 ], [ -4.615776, 40.944338 ], [ -4.616261, 40.945223 ], [ -4.616386, 40.945465 ], [ -4.617391, 40.946721 ], [ -4.618627, 40.948226 ], [ -4.618713, 40.948342 ], [ -4.619719, 40.949643 ], [ -4.62146, 40.951816 ], [ -4.622894, 40.953606 ], [ -4.623212, 40.954007 ], [ -4.624255, 40.955344 ], [ -4.625345, 40.956671 ], [ -4.625836, 40.957303 ], [ -4.627418, 40.959326 ], [ -4.628668, 40.960866 ], [ -4.630839, 40.963619 ], [ -4.631452, 40.964394 ], [ -4.632065, 40.965169 ], [ -4.632593, 40.965837 ], [ -4.63317, 40.966577 ], [ -4.633966, 40.967538 ], [ -4.636874, 40.969803 ], [ -4.638304, 40.970909 ], [ -4.638522, 40.971077 ], [ -4.639986, 40.972605 ], [ -4.640578, 40.973002 ], [ -4.640836, 40.973359 ], [ -4.641341, 40.974072 ], [ -4.641883, 40.97483 ], [ -4.642302, 40.975437 ], [ -4.643324, 40.976882 ], [ -4.645394, 40.979798 ], [ -4.646342, 40.981135 ], [ -4.646884, 40.981884 ], [ -4.647561, 40.982838 ], [ -4.649595, 40.985728 ], [ -4.650605, 40.987173 ], [ -4.650852, 40.987529 ], [ -4.651653, 40.98868 ], [ -4.652355, 40.989661 ], [ -4.653427, 40.991177 ], [ -4.655597, 40.994253 ], [ -4.656003, 40.994824 ], [ -4.656163, 40.995047 ], [ -4.65636, 40.995314 ], [ -4.657863, 40.9974 ], [ -4.658713, 40.998595 ], [ -4.659823, 41.000165 ] ] ] } },
{ "type": "Feature", "properties": { "fid": 1, "INSPIREID": "ES.IGN.BDDAE.34070500000", "COUNTRY": "ES", "NATLEV": "https://inspire.ec.europa.eu/codelist/AdministrativeHierarchyLevel/3rdOrder", "NATLEVNAME": "Provincia", "NATCODE": "34070500000", "NAMEUNIT": "Ávila", "CODNUT1": "ES4", "CODNUT2": "ES41", "CODNUT3": null }, "geometry": { "type": "MultiLineString", "coordinates": [ [ [ -4.74073, 40.916838 ], [ -4.740947, 40.918321 ], [ -4.740951, 40.918475 ], [ -4.740974, 40.91888 ], [ -4.741222, 40.923344 ], [ -4.741418, 40.926764 ], [ -4.741646, 40.930913 ], [ -4.741915, 40.935719 ], [ -4.742029, 40.937816 ], [ -4.74209, 40.938761 ], [ -4.742209, 40.941065 ], [ -4.742295, 40.942523 ], [ -4.742313, 40.942757 ], [ -4.742336, 40.943162 ], [ -4.742407, 40.944512 ], [ -4.742433, 40.945043 ], [ -4.742448, 40.945178 ], [ -4.742518, 40.946483 ], [ -4.742545, 40.94705 ], [ -4.7427, 40.949777 ], [ -4.742763, 40.950839 ], [ -4.742791, 40.95146 ], [ -4.742965, 40.954457 ], [ -4.74299, 40.954943 ], [ -4.743032, 40.955645 ], [ -4.743036, 40.955771 ], [ -4.74317, 40.958174 ], [ -4.743188, 40.958408 ], [ -4.74319, 40.958498 ], [ -4.743391, 40.962071 ], [ -4.743396, 40.962251 ], [ -4.743619, 40.966194 ], [ -4.743727, 40.968047 ], [ -4.743754, 40.968615 ], [ -4.744006, 40.972781 ], [ -4.744091, 40.974194 ], [ -4.744444, 40.979927 ], [ -4.74448, 40.980386 ], [ -4.744755, 40.984984 ], [ -4.744792, 40.98547 ], [ -4.744836, 40.986235 ], [ -4.745209, 40.992265 ], [ -4.745235, 40.992823 ], [ -4.745377, 40.995028 ], [ -4.745369, 40.996532 ], [ -4.745357, 40.998361 ], [ -4.74493, 41.000178 ] ] ] } },
{ "type": "Feature", "properties": { "fid": 1, "INSPIREID": "ES.IGN.BDDAE.34070500000", "COUNTRY": "ES", "NATLEV": "https://inspire.ec.europa.eu/codelist/AdministrativeHierarchyLevel/3rdOrder", "NATLEVNAME": "Provincia", "NATCODE": "34070500000", "NAMEUNIT": "Ávila", "CODNUT1": "ES4", "CODNUT2": "ES41", "CODNUT3": null }, "geometry": { "type": "MultiLineString", "coordinates": [ [ [ -4.68763, 40.987916 ], [ -4.688457, 40.988201 ], [ -4.694711, 40.9901 ], [ -4.695059, 40.990203 ], [ -4.695298, 40.990271 ], [ -4.696113, 40.990521 ], [ -4.696856, 40.990744 ], [ -4.697323, 40.990881 ], [ -4.697658, 40.990984 ], [ -4.701348, 40.992101 ], [ -4.707603, 40.99399 ], [ -4.710467, 40.994857 ], [ -4.71079, 40.994952 ], [ -4.712492, 40.995467 ], [ -4.71363, 40.99581 ], [ -4.713834, 40.99587 ], [ -4.7152, 40.996282 ], [ -4.715739, 40.996445 ], [ -4.716074, 40.996549 ], [ -4.724575, 40.999268 ], [ -4.72473, 40.999311 ], [ -4.726707, 40.999894 ], [ -4.727654, 41.000168 ] ] ] } },
{ "type": "Feature", "properties": { "fid": 1, "INSPIREID": "ES.IGN.BDDAE.34070500000", "COUNTRY": "ES", "NATLEV": "https://inspire.ec.europa.eu/codelist/AdministrativeHierarchyLevel/3rdOrder", "NATLEVNAME": "Provincia", "NATCODE": "34070500000", "NAMEUNIT": "Ávila", "CODNUT1": "ES4", "CODNUT2": "ES41", "CODNUT3": null }, "geometry": { "type": "MultiLineString", "coordinates": [ [ [ -4.960413, 40.850511 ], [ -4.960529, 40.850825 ], [ -4.960593, 40.850995 ], [ -4.960646, 40.851165 ], [ -4.960968, 40.852042 ], [ -4.96141, 40.852953 ], [ -4.961852, 40.853865 ], [ -4.962133, 40.854554 ], [ -4.962262, 40.854894 ], [ -4.962699, 40.855643 ], [ -4.963117, 40.856527 ], [ -4.963331, 40.856956 ], [ -4.963534, 40.857385 ], [ -4.963927, 40.858234 ], [ -4.964355, 40.859092 ], [ -4.964747, 40.859887 ], [ -4.965127, 40.860718 ], [ -4.965532, 40.861558 ], [ -4.965935, 40.862362 ], [ -4.966652, 40.863736 ], [ -4.967124, 40.864863 ], [ -4.967506, 40.865713 ], [ -4.967839, 40.866554 ], [ -4.967855, 40.866697 ], [ -4.967857, 40.866752 ], [ -4.967871, 40.866841 ], [ -4.967872, 40.866859 ], [ -4.967874, 40.866931 ], [ -4.967975, 40.867957 ], [ -4.96786, 40.868859 ], [ -4.967772, 40.869509 ], [ -4.967773, 40.869554 ], [ -4.967752, 40.869645 ], [ -4.967733, 40.869798 ], [ -4.967686, 40.870195 ], [ -4.967631, 40.870367 ], [ -4.967166, 40.871889 ], [ -4.967018, 40.872495 ], [ -4.966763, 40.873517 ], [ -4.966362, 40.874776 ], [ -4.965957, 40.875927 ], [ -4.965827, 40.876361 ], [ -4.965644, 40.876995 ], [ -4.965251, 40.878137 ], [ -4.964857, 40.879269 ], [ -4.964488, 40.880456 ], [ -4.964106, 40.881579 ], [ -4.963727, 40.882802 ], [ -4.9634, 40.88378 ], [ -4.963204, 40.884369 ], [ -4.962996, 40.884967 ], [ -4.962603, 40.886145 ], [ -4.962376, 40.886878 ], [ -4.962191, 40.887467 ], [ -4.961844, 40.888581 ], [ -4.961779, 40.889167 ], [ -4.961792, 40.889221 ], [ -4.96191, 40.889985 ], [ -4.962016, 40.891568 ], [ -4.962107, 40.892666 ], [ -4.962128, 40.892944 ], [ -4.962316, 40.893698 ], [ -4.962356, 40.89385 ], [ -4.962383, 40.893967 ], [ -4.962451, 40.894254 ], [ -4.962477, 40.894317 ], [ -4.962557, 40.894631 ], [ -4.962558, 40.89464 ], [ -4.962598, 40.894792 ], [ -4.962625, 40.894927 ], [ -4.96272, 40.895303 ], [ -4.962932, 40.896453 ], [ -4.963173, 40.8978 ], [ -4.963454, 40.899281 ], [ -4.96366, 40.900629 ], [ -4.963717, 40.900943 ], [ -4.963941, 40.902092 ], [ -4.964183, 40.903439 ], [ -4.964337, 40.904238 ], [ -4.964462, 40.90484 ], [ -4.964775, 40.906195 ], [ -4.964912, 40.907201 ], [ -4.964973, 40.907669 ], [ -4.965183, 40.908764 ], [ -4.96524, 40.909087 ], [ -4.965473, 40.910515 ], [ -4.965739, 40.911889 ], [ -4.965994, 40.913299 ], [ -4.966249, 40.914682 ], [ -4.966586, 40.916018 ], [ -4.966617, 40.916288 ], [ -4.966693, 40.916845 ] ] ] } },
{ "type": "Feature", "properties": { "fid": 1, "INSPIREID": "ES.IGN.BDDAE.34070500000", "COUNTRY": "ES", "NATLEV": "https://inspire.ec.europa.eu/codelist/AdministrativeHierarchyLevel/3rdOrder", "NATLEVNAME": "Provincia", "NATCODE": "34070500000", "NAMEUNIT": "Ávila", "CODNUT1": "ES4", "CODNUT2": "ES41", "CODNUT3": null }, "geometry": { "type": "MultiLineString", "coordinates": [ [ [ -4.876451, 40.936319 ], [ -4.877447, 40.936267 ], [ -4.87906, 40.936187 ], [ -4.881435, 40.936148 ], [ -4.883523, 40.936051 ], [ -4.885861, 40.935977 ], [ -4.887997, 40.935915 ], [ -4.890311, 40.935832 ], [ -4.892636, 40.935749 ], [ -4.893881, 40.935674 ], [ -4.895897, 40.935542 ], [ -4.899044, 40.935517 ], [ -4.899388, 40.935511 ], [ -4.901571, 40.935403 ], [ -4.903422, 40.935355 ], [ -4.905784, 40.935298 ], [ -4.905879, 40.935296 ], [ -4.906555, 40.935258 ], [ -4.906935, 40.935234 ], [ -4.908061, 40.935179 ], [ -4.910246, 40.935143 ], [ -4.912501, 40.93507 ], [ -4.914542, 40.935 ], [ -4.914803, 40.934995 ], [ -4.91707, 40.93494 ], [ -4.919276, 40.934849 ], [ -4.921566, 40.934748 ], [ -4.923619, 40.934695 ], [ -4.925933, 40.93463 ], [ -4.928164, 40.934556 ], [ -4.930348, 40.934493 ], [ -4.932294, 40.934424 ], [ -4.932733, 40.934408 ], [ -4.934228, 40.934356 ], [ -4.93456, 40.934341 ], [ -4.936613, 40.934262 ], [ -4.937811, 40.934223 ], [ -4.939757, 40.934137 ], [ -4.941928, 40.934073 ], [ -4.942498, 40.934055 ], [ -4.944053, 40.934019 ], [ -4.945939, 40.933951 ], [ -4.94607, 40.933949 ], [ -4.948493, 40.933935 ], [ -4.950081, 40.933809 ], [ -4.951718, 40.933755 ], [ -4.953237, 40.933711 ], [ -4.955206, 40.933615 ], [ -4.957078, 40.933466 ], [ -4.957268, 40.933444 ], [ -4.959067, 40.933252 ], [ -4.961542, 40.932993 ], [ -4.963259, 40.932811 ], [ -4.963413, 40.93279 ], [ -4.963567, 40.932779 ], [ -4.963768, 40.932757 ], [ -4.963957, 40.932736 ], [ -4.964135, 40.932715 ], [ -4.964277, 40.932704 ], [ -4.964372, 40.932693 ], [ -4.964573, 40.932672 ], [ -4.964668, 40.932661 ], [ -4.964893, 40.932639 ], [ -4.965485, 40.932575 ], [ -4.965769, 40.932543 ], [ -4.965805, 40.932543 ], [ -4.965864, 40.932533 ], [ -4.966373, 40.932479 ], [ -4.966467, 40.932468 ], [ -4.966491, 40.932468 ], [ -4.966906, 40.932425 ], [ -4.967367, 40.932372 ], [ -4.967604, 40.93235 ], [ -4.967711, 40.932339 ] ] ] } },
{ "type": "Feature", "properties": { "fid": 1, "INSPIREID": "ES.IGN.BDDAE.34070500000", "COUNTRY": "ES", "NATLEV": "https://inspire.ec.europa.eu/codelist/AdministrativeHierarchyLevel/3rdOrder", "NATLEVNAME": "Provincia", "NATCODE": "34070500000", "NAMEUNIT": "Ávila", "CODNUT1": "ES4", "CODNUT2": "ES41", "CODNUT3": null }, "geometry": { "type": "MultiLineString", "coordinates": [ [ [ -4.646851, 41.00017 ], [ -4.647313, 41.000569 ], [ -4.649014, 41.00204 ], [ -4.651117, 41.003857 ], [ -4.654154, 41.00647 ], [ -4.654386, 41.006683 ], [ -4.654641, 41.006905 ], [ -4.65486, 41.007091 ], [ -4.65509, 41.007286 ], [ -4.65594, 41.007985 ], [ -4.656403, 41.00842 ], [ -4.657011, 41.008934 ], [ -4.658749, 41.01044 ], [ -4.659198, 41.01083 ], [ -4.660341, 41.011813 ], [ -4.667708, 41.018165 ], [ -4.669701, 41.019875 ], [ -4.671099, 41.02108 ], [ -4.67234, 41.022152 ], [ -4.675562, 41.024924 ], [ -4.675939, 41.025252 ], [ -4.677021, 41.026182 ], [ -4.678357, 41.027739 ], [ -4.682365, 41.032401 ], [ -4.683517, 41.033744 ], [ -4.683898, 41.034198 ], [ -4.685737, 41.03636 ], [ -4.687491, 41.038433 ], [ -4.687639, 41.038602 ] ] ] } },
{ "type": "Feature", "properties": { "fid": 1, "INSPIREID": "ES.IGN.BDDAE.34070500000", "COUNTRY": "ES", "NATLEV": "https://inspire.ec.europa.eu/codelist/AdministrativeHierarchyLevel/3rdOrder", "NATLEVNAME": "Provincia", "NATCODE": "34070500000", "NAMEUNIT": "Ávila", "CODNUT1": "ES4", "CODNUT2": "ES41", "CODNUT3": null }, "geometry": { "type": "MultiLineString", "coordinates": [ [ [ -4.894858, 41.000171 ], [ -4.895043, 41.000006 ], [ -4.895612, 40.99951 ], [ -4.89756, 40.997802 ], [ -4.900042, 40.995618 ], [ -4.902373, 40.99358 ], [ -4.902697, 40.993295 ], [ -4.902871, 40.993139 ], [ -4.905097, 40.991166 ], [ -4.907671, 40.988898 ], [ -4.908749, 40.987952 ], [ -4.910396, 40.986511 ], [ -4.912552, 40.98462 ], [ -4.914696, 40.98271 ], [ -4.915275, 40.982196 ], [ -4.916747, 40.980902 ], [ -4.919112, 40.978836 ], [ -4.919703, 40.978322 ], [ -4.921767, 40.976522 ], [ -4.924038, 40.974493 ], [ -4.925602, 40.973107 ], [ -4.926957, 40.971904 ], [ -4.929461, 40.969728 ], [ -4.929554, 40.969645 ], [ -4.93223, 40.967285 ], [ -4.933168, 40.966459 ], [ -4.934605, 40.965192 ], [ -4.937049, 40.963025 ], [ -4.939157, 40.961152 ], [ -4.939701, 40.960674 ], [ -4.942088, 40.958598 ], [ -4.942529, 40.958221 ], [ -4.945031, 40.956017 ], [ -4.94715, 40.954144 ], [ -4.949038, 40.952482 ], [ -4.949072, 40.952445 ], [ -4.949755, 40.951839 ], [ -4.949906, 40.951702 ], [ -4.951144, 40.950591 ], [ -4.951805, 40.950012 ], [ -4.953554, 40.948487 ], [ -4.954422, 40.947716 ], [ -4.955742, 40.946549 ], [ -4.9558, 40.946494 ], [ -4.956385, 40.946214 ], [ -4.956995, 40.945934 ], [ -4.958623, 40.945167 ], [ -4.961376, 40.943859 ], [ -4.962079, 40.943532 ], [ -4.96413, 40.942579 ], [ -4.967363, 40.941028 ], [ -4.971394, 40.939167 ], [ -4.971569, 40.939083 ], [ -4.971733, 40.939008 ], [ -4.972248, 40.938747 ], [ -4.973572, 40.938112 ], [ -4.977097, 40.93643 ], [ -4.977156, 40.936402 ], [ -4.978479, 40.935785 ], [ -4.97999, 40.935074 ], [ -4.980845, 40.934672 ], [ -4.984405, 40.932962 ], [ -4.987638, 40.931439 ], [ -4.987766, 40.931373 ], [ -4.987802, 40.931364 ], [ -4.988012, 40.931261 ], [ -4.989945, 40.930345 ], [ -4.991841, 40.929438 ], [ -4.992942, 40.928915 ], [ -4.996011, 40.927475 ], [ -4.997708, 40.926662 ], [ -4.998949, 40.926073 ], [ -5.000647, 40.925259 ], [ -5.003153, 40.924099 ], [ -5.006267, 40.922613 ], [ -5.008948, 40.921332 ], [ -5.012249, 40.919761 ], [ -5.012331, 40.919724 ], [ -5.015375, 40.918283 ], [ -5.018325, 40.916889 ], [ -5.018454, 40.916824 ], [ -5.018465, 40.916815 ] ] ] } },
{ "type": "Feature", "properties": { "fid": 1, "INSPIREID": "ES.IGN.BDDAE.34070500000", "COUNTRY": "ES", "NATLEV": "https://inspire.ec.europa.eu/codelist/AdministrativeHierarchyLevel/3rdOrder", "NATLEVNAME": "Provincia", "NATCODE": "34070500000", "NAMEUNIT": "Ávila", "CODNUT1": "ES4", "CODNUT2": "ES41", "CODNUT3": null }, "geometry": { "type": "MultiLineString", "coordinates": [ [ [ -4.748844, 40.833519 ], [ -4.75466, 40.836385 ], [ -4.757644, 40.837997 ], [ -4.758041, 40.838217 ], [ -4.761771, 40.840222 ], [ -4.768558, 40.843893 ], [ -4.768799, 40.844024 ], [ -4.769051, 40.844156 ], [ -4.769172, 40.844226 ], [ -4.769304, 40.844296 ], [ -4.769437, 40.844375 ], [ -4.769497, 40.844401 ], [ -4.769653, 40.844489 ], [ -4.770436, 40.844909 ], [ -4.771314, 40.845364 ], [ -4.771434, 40.845434 ], [ -4.771831, 40.845635 ], [ -4.772204, 40.845828 ], [ -4.772866, 40.846187 ], [ -4.773973, 40.846773 ], [ -4.775272, 40.847456 ], [ -4.775536, 40.847587 ], [ -4.775777, 40.847719 ], [ -4.777522, 40.848637 ], [ -4.77887, 40.849355 ], [ -4.779279, 40.849574 ], [ -4.780422, 40.850178 ], [ -4.78106, 40.850511 ], [ -4.782841, 40.851483 ], [ -4.783202, 40.851667 ], [ -4.784646, 40.852419 ], [ -4.786439, 40.853364 ], [ -4.786896, 40.853609 ], [ -4.78692, 40.853618 ], [ -4.788136, 40.854266 ], [ -4.789881, 40.855184 ], [ -4.790254, 40.855377 ], [ -4.79165, 40.856112 ], [ -4.793407, 40.857048 ], [ -4.795164, 40.857976 ], [ -4.796837, 40.858859 ], [ -4.797102, 40.858999 ], [ -4.798655, 40.859822 ], [ -4.800545, 40.860846 ], [ -4.802422, 40.861817 ], [ -4.803578, 40.862411 ], [ -4.804107, 40.862691 ], [ -4.805853, 40.863619 ], [ -4.80619, 40.863803 ], [ -4.80631, 40.863864 ], [ -4.807828, 40.864705 ], [ -4.808527, 40.86509 ], [ -4.810008, 40.865887 ], [ -4.81049, 40.86614 ], [ -4.81287, 40.867265 ], [ -4.812918, 40.867282 ], [ -4.813279, 40.867466 ], [ -4.814687, 40.8682 ], [ -4.815457, 40.868603 ], [ -4.816444, 40.86911 ], [ -4.818322, 40.870071 ], [ -4.822077, 40.87202 ], [ -4.823979, 40.872981 ], [ -4.82517, 40.873593 ], [ -4.827518, 40.874808 ], [ -4.828601, 40.875367 ], [ -4.829276, 40.875726 ], [ -4.830901, 40.876565 ], [ -4.832586, 40.87743 ], [ -4.833742, 40.878024 ], [ -4.833923, 40.87812 ], [ -4.834151, 40.878233 ], [ -4.834524, 40.878426 ], [ -4.835066, 40.878705 ], [ -4.835945, 40.87916 ], [ -4.837642, 40.880025 ], [ -4.837979, 40.88019 ], [ -4.839424, 40.880951 ], [ -4.84117, 40.881851 ], [ -4.841604, 40.882069 ], [ -4.842892, 40.882733 ], [ -4.844614, 40.883615 ], [ -4.846396, 40.884542 ], [ -4.848154, 40.885441 ], [ -4.849901, 40.886368 ], [ -4.851731, 40.887294 ], [ -4.853263, 40.888197 ], [ -4.853456, 40.888284 ], [ -4.854309, 40.888657 ] ] ] } },
{ "type": "Feature", "properties": { "fid": 1, "INSPIREID": "ES.IGN.BDDAE.34070500000", "COUNTRY": "ES", "NATLEV": "https://inspire.ec.europa.eu/codelist/AdministrativeHierarchyLevel/3rdOrder", "NATLEVNAME": "Provincia", "NATCODE": "34070500000", "NAMEUNIT": "Ávila", "CODNUT1": "ES4", "CODNUT2": "ES41", "CODNUT3": null }, "geometry": { "type": "MultiLineString", "coordinates": [ [ [ -4.854309, 40.888657 ], [ -4.854393, 40.888692 ], [ -4.85527, 40.889083 ], [ -4.857041, 40.890001 ], [ -4.858835, 40.890936 ], [ -4.860547, 40.891854 ], [ -4.862316, 40.892735 ], [ -4.863364, 40.893268 ], [ -4.864123, 40.893652 ], [ -4.865893, 40.894569 ], [ -4.867206, 40.89525 ], [ -4.867688, 40.895495 ], [ -4.868603, 40.895966 ], [ -4.869423, 40.896385 ], [ -4.871158, 40.897294 ], [ -4.87294, 40.898193 ], [ -4.874735, 40.899118 ], [ -4.875012, 40.899258 ], [ -4.876529, 40.900026 ], [ -4.878288, 40.900943 ], [ -4.880047, 40.901851 ], [ -4.881819, 40.902777 ], [ -4.883589, 40.903667 ], [ -4.885264, 40.904532 ], [ -4.885312, 40.904558 ], [ -4.886721, 40.905264 ], [ -4.887011, 40.905413 ], [ -4.888589, 40.906234 ], [ -4.888734, 40.906312 ], [ -4.890541, 40.907247 ], [ -4.89059, 40.907273 ], [ -4.892421, 40.908198 ], [ -4.894253, 40.909167 ], [ -4.894325, 40.909202 ], [ -4.896072, 40.910092 ], [ -4.897808, 40.910983 ], [ -4.898904, 40.91155 ], [ -4.899639, 40.911925 ], [ -4.899953, 40.912082 ], [ -4.901423, 40.912833 ], [ -4.903195, 40.913758 ], [ -4.904918, 40.91464 ], [ -4.904978, 40.914675 ], [ -4.905075, 40.914718 ], [ -4.90669, 40.915565 ], [ -4.908486, 40.916481 ], [ -4.909185, 40.916839 ] ] ] } },
{ "type": "Feature", "properties": { "fid": 1, "INSPIREID": "ES.IGN.BDDAE.34070500000", "COUNTRY": "ES", "NATLEV": "https://inspire.ec.europa.eu/codelist/AdministrativeHierarchyLevel/3rdOrder", "NATLEVNAME": "Provincia", "NATCODE": "34070500000", "NAMEUNIT": "Ávila", "CODNUT1": "ES4", "CODNUT2": "ES41", "CODNUT3": null }, "geometry": { "type": "MultiLineString", "coordinates": [ [ [ -4.659823, 41.000165 ], [ -4.66002, 41.000441 ], [ -4.661228, 41.002135 ], [ -4.664815, 41.007182 ], [ -4.665487, 41.00837 ], [ -4.665537, 41.008468 ], [ -4.666706, 41.010514 ], [ -4.666831, 41.010756 ], [ -4.666955, 41.01097 ], [ -4.667279, 41.011542 ], [ -4.667563, 41.011961 ], [ -4.667773, 41.012264 ], [ -4.667834, 41.012336 ], [ -4.668069, 41.012683 ], [ -4.67228, 41.018838 ], [ -4.675318, 41.02327 ], [ -4.676337, 41.024535 ], [ -4.677847, 41.026413 ], [ -4.678609, 41.027366 ], [ -4.678842, 41.027633 ], [ -4.68285, 41.032286 ], [ -4.684419, 41.034091 ], [ -4.686993, 41.037071 ], [ -4.68763, 41.0378 ], [ -4.687642, 41.037809 ] ] ] } },
{ "type": "Feature", "properties": { "fid": 1, "INSPIREID": "ES.IGN.BDDAE.34070500000", "COUNTRY": "ES", "NATLEV": "https://inspire.ec.europa.eu/codelist/AdministrativeHierarchyLevel/3rdOrder", "NATLEVNAME": "Provincia", "NATCODE": "34070500000", "NAMEUNIT": "Ávila", "CODNUT1": "ES4", "CODNUT2": "ES41", "CODNUT3": null }, "geometry": { "type": "MultiLineString", "coordinates": [ [ [ -4.909185, 40.916839 ], [ -4.910233, 40.91738 ], [ -4.912041, 40.918305 ], [ -4.913114, 40.918846 ], [ -4.913897, 40.919247 ], [ -4.915549, 40.92012 ], [ -4.917814, 40.921254 ], [ -4.919093, 40.921926 ], [ -4.919286, 40.922031 ], [ -4.920407, 40.922607 ], [ -4.920985, 40.922903 ], [ -4.922697, 40.923793 ], [ -4.924422, 40.924692 ], [ -4.926193, 40.925582 ], [ -4.927905, 40.926454 ], [ -4.928689, 40.926855 ], [ -4.929617, 40.927335 ], [ -4.930533, 40.927797 ], [ -4.931341, 40.928216 ], [ -4.933089, 40.929105 ], [ -4.934247, 40.929707 ], [ -4.93479, 40.929996 ], [ -4.936489, 40.93085 ], [ -4.937948, 40.931591 ], [ -4.938189, 40.931713 ], [ -4.940105, 40.933041 ], [ -4.941928, 40.934073 ] ] ] } },
{ "type": "Feature", "properties": { "fid": 1, "INSPIREID": "ES.IGN.BDDAE.34070500000", "COUNTRY": "ES", "NATLEV": "https://inspire.ec.europa.eu/codelist/AdministrativeHierarchyLevel/3rdOrder", "NATLEVNAME": "Provincia", "NATCODE": "34070500000", "NAMEUNIT": "Ávila", "CODNUT1": "ES4", "CODNUT2": "ES41", "CODNUT3": null }, "geometry": { "type": "MultiLineString", "coordinates": [ [ [ -4.945211, 40.973913 ], [ -4.945446, 40.973395 ], [ -4.945479, 40.973332 ], [ -4.945558, 40.973159 ], [ -4.945892, 40.972406 ], [ -4.946411, 40.971478 ], [ -4.946491, 40.971351 ], [ -4.947114, 40.970304 ], [ -4.947929, 40.968921 ], [ -4.948743, 40.967503 ], [ -4.949523, 40.966156 ], [ -4.949727, 40.965819 ], [ -4.950361, 40.964755 ], [ -4.951096, 40.96349 ], [ -4.9519, 40.962126 ], [ -4.952691, 40.960752 ], [ -4.953482, 40.959361 ], [ -4.954092, 40.958305 ], [ -4.954273, 40.957978 ], [ -4.955075, 40.956586 ], [ -4.955878, 40.955212 ], [ -4.956362, 40.954294 ], [ -4.956531, 40.953985 ], [ -4.956917, 40.953366 ], [ -4.957439, 40.952547 ], [ -4.957937, 40.951701 ], [ -4.958209, 40.951237 ], [ -4.958287, 40.951073 ], [ -4.958298, 40.951055 ], [ -4.958298, 40.951046 ], [ -4.95831, 40.951037 ], [ -4.959072, 40.949492 ], [ -4.959734, 40.948184 ], [ -4.960473, 40.946667 ], [ -4.961124, 40.945359 ], [ -4.961877, 40.943932 ], [ -4.962079, 40.943532 ], [ -4.962595, 40.942488 ], [ -4.963291, 40.941116 ], [ -4.964053, 40.939571 ], [ -4.964759, 40.938145 ], [ -4.965039, 40.937582 ], [ -4.965521, 40.936601 ], [ -4.966206, 40.935274 ], [ -4.96633, 40.935038 ], [ -4.966935, 40.93382 ], [ -4.967377, 40.933092 ], [ -4.967711, 40.932339 ], [ -4.968998, 40.932092 ], [ -4.969861, 40.931942 ], [ -4.970168, 40.931892 ], [ -4.970344, 40.931825 ] ] ] } },
{ "type": "Feature", "properties": { "fid": 1, "INSPIREID": "ES.IGN.BDDAE.34070500000", "COUNTRY": "ES", "NATLEV": "https://inspire.ec.europa.eu/codelist/AdministrativeHierarchyLevel/3rdOrder", "NATLEVNAME": "Provincia", "NATCODE": "34070500000", "NAMEUNIT": "Ávila", "CODNUT1": "ES4", "CODNUT2": "ES41", "CODNUT3": null }, "geometry": { "type": "MultiLineString", "coordinates": [ [ [ -5.020981, 40.915609 ], [ -5.021169, 40.915525 ], [ -5.021356, 40.915431 ], [ -5.025101, 40.913645 ], [ -5.02708, 40.912718 ], [ -5.028543, 40.912044 ], [ -5.028602, 40.912016 ], [ -5.031797, 40.910501 ], [ -5.035108, 40.908902 ], [ -5.038445, 40.907366 ], [ -5.040925, 40.906169 ], [ -5.042083, 40.905617 ], [ -5.045793, 40.903867 ], [ -5.049362, 40.902173 ], [ -5.050427, 40.901677 ], [ -5.052825, 40.900544 ], [ -5.055762, 40.899159 ], [ -5.056277, 40.898915 ], [ -5.058956, 40.897651 ], [ -5.062243, 40.896079 ], [ -5.066103, 40.894236 ], [ -5.068688, 40.892991 ], [ -5.069963, 40.892383 ], [ -5.070034, 40.892382 ], [ -5.071585, 40.892273 ], [ -5.072035, 40.892238 ], [ -5.073267, 40.892152 ], [ -5.073362, 40.892142 ], [ -5.074807, 40.892044 ], [ -5.078692, 40.891776 ], [ -5.082115, 40.891543 ], [ -5.083134, 40.89147 ], [ -5.085526, 40.891292 ], [ -5.085561, 40.891291 ], [ -5.086639, 40.891209 ], [ -5.089303, 40.891007 ], [ -5.090049, 40.890958 ], [ -5.09288, 40.890762 ], [ -5.09603, 40.890534 ], [ -5.096196, 40.890522 ], [ -5.099524, 40.890281 ], [ -5.10265, 40.890053 ], [ -5.102733, 40.890042 ], [ -5.105564, 40.889856 ], [ -5.110159, 40.88952 ], [ -5.113486, 40.889278 ], [ -5.115487, 40.889125 ], [ -5.115878, 40.889099 ], [ -5.115997, 40.889088 ], [ -5.118777, 40.890659 ], [ -5.120747, 40.891775 ], [ -5.122632, 40.892831 ], [ -5.125243, 40.894296 ], [ -5.126742, 40.895133 ], [ -5.129184, 40.896511 ], [ -5.129317, 40.896581 ], [ -5.132206, 40.898203 ], [ -5.132390634010909, 40.898306794254786 ] ] ] } },
{ "type": "Feature", "properties": { "fid": 1, "INSPIREID": "ES.IGN.BDDAE.34070500000", "COUNTRY": "ES", "NATLEV": "https://inspire.ec.europa.eu/codelist/AdministrativeHierarchyLevel/3rdOrder", "NATLEVNAME": "Provincia", "NATCODE": "34070500000", "NAMEUNIT": "Ávila", "CODNUT1": "ES4", "CODNUT2": "ES41", "CODNUT3": null }, "geometry": { "type": "MultiLineString", "coordinates": [ [ [ -5.018465, 40.916815 ], [ -5.020981, 40.915609 ] ] ] } },
{ "type": "Feature", "properties": { "fid": 1, "INSPIREID": "ES.IGN.BDDAE.34070500000", "COUNTRY": "ES", "NATLEV": "https://inspire.ec.europa.eu/codelist/AdministrativeHierarchyLevel/3rdOrder", "NATLEVNAME": "Provincia", "NATCODE": "34070500000", "NAMEUNIT": "Ávila", "CODNUT1": "ES4", "CODNUT2": "ES41", "CODNUT3": null }, "geometry": { "type": "MultiLineString", "coordinates": [ [ [ -4.962215, 40.894303 ], [ -4.962276, 40.894365 ], [ -4.962545, 40.894631 ], [ -4.962558, 40.89464 ], [ -4.962619, 40.894702 ], [ -4.962912, 40.895003 ], [ -4.963316, 40.89541 ], [ -4.964297, 40.895664 ], [ -4.965373, 40.895907 ], [ -4.966485, 40.896185 ], [ -4.967849, 40.89654 ], [ -4.969223, 40.89685 ], [ -4.970575, 40.897196 ], [ -4.971974, 40.89756 ], [ -4.973349, 40.897878 ], [ -4.974797, 40.898259 ], [ -4.97622, 40.898604 ], [ -4.977643, 40.898958 ], [ -4.979055, 40.89933 ], [ -4.980179, 40.899599 ], [ -4.981231, 40.899842 ], [ -4.982368, 40.900147 ], [ -4.983468, 40.900407 ], [ -4.984916, 40.900805 ], [ -4.986221, 40.901188 ] ] ] } },
{ "type": "Feature", "properties": { "fid": 1, "INSPIREID": "ES.IGN.BDDAE.34070500000", "COUNTRY": "ES", "NATLEV": "https://inspire.ec.europa.eu/codelist/AdministrativeHierarchyLevel/3rdOrder", "NATLEVNAME": "Provincia", "NATCODE": "34070500000", "NAMEUNIT": "Ávila", "CODNUT1": "ES4", "CODNUT2": "ES41", "CODNUT3": null }, "geometry": { "type": "MultiLineString", "coordinates": [ [ [ -4.93557, 40.885899 ], [ -4.936165, 40.885925 ], [ -4.937139, 40.885972 ], [ -4.938675, 40.886144 ], [ -4.939902, 40.886285 ], [ -4.941058, 40.886455 ], [ -4.942416, 40.886603 ], [ -4.943715, 40.886798 ], [ -4.944394, 40.886876 ], [ -4.944989, 40.886947 ], [ -4.945239, 40.88697 ], [ -4.945287, 40.886978 ], [ -4.946621, 40.887136 ], [ -4.948194, 40.887362 ], [ -4.951137, 40.887744 ], [ -4.952388, 40.887903 ], [ -4.953639, 40.888062 ], [ -4.955343, 40.888286 ], [ -4.956761, 40.888469 ], [ -4.956868, 40.888485 ], [ -4.958321, 40.888658 ], [ -4.959847, 40.888867 ], [ -4.961779, 40.889167 ] ] ] } },
{ "type": "Feature", "properties": { "fid": 1, "INSPIREID": "ES.IGN.BDDAE.34070500000", "COUNTRY": "ES", "NATLEV": "https://inspire.ec.europa.eu/codelist/AdministrativeHierarchyLevel/3rdOrder", "NATLEVNAME": "Provincia", "NATCODE": "34070500000", "NAMEUNIT": "Ávila", "CODNUT1": "ES4", "CODNUT2": "ES41", "CODNUT3": null }, "geometry": { "type": "MultiLineString", "coordinates": [ [ [ -4.966693, 40.916845 ], [ -4.966801, 40.917672 ], [ -4.967015, 40.918875 ], [ -4.967057, 40.9191 ], [ -4.967302, 40.920546 ], [ -4.967583, 40.922018 ], [ -4.967838, 40.923428 ], [ -4.968084, 40.92491 ], [ -4.968099, 40.925009 ], [ -4.968354, 40.926392 ], [ -4.968621, 40.927783 ], [ -4.968633, 40.92781 ], [ -4.968945, 40.928697 ], [ -4.969045, 40.928884 ], [ -4.969133, 40.929027 ], [ -4.969396, 40.9295 ], [ -4.969534, 40.92975 ], [ -4.969597, 40.929866 ], [ -4.969636, 40.929973 ], [ -4.969675, 40.93008 ], [ -4.969688, 40.930125 ], [ -4.970151, 40.931315 ], [ -4.970254, 40.931575 ], [ -4.970279, 40.931646 ], [ -4.970344, 40.931825 ], [ -4.9704, 40.932113 ], [ -4.970728, 40.933954 ], [ -4.971105, 40.93583 ], [ -4.971444, 40.937671 ], [ -4.971706, 40.938891 ], [ -4.971733, 40.939008 ], [ -4.971776, 40.939232 ], [ -4.971845, 40.939546 ], [ -4.972251, 40.941629 ], [ -4.972449, 40.942707 ], [ -4.972717, 40.944116 ], [ -4.973159, 40.94619 ], [ -4.973427, 40.947626 ], [ -4.973554, 40.9483 ], [ -4.973961, 40.9504 ], [ -4.974311, 40.952169 ], [ -4.97434, 40.95233 ], [ -4.974382, 40.952564 ], [ -4.974786, 40.954566 ], [ -4.975221, 40.956792 ], [ -4.975543, 40.958417 ], [ -4.975626, 40.958821 ], [ -4.975712, 40.959306 ], [ -4.97594, 40.960581 ], [ -4.976301, 40.962322 ], [ -4.976329, 40.962484 ], [ -4.976693, 40.964315 ], [ -4.977111, 40.96638 ], [ -4.977363, 40.967664 ], [ -4.977406, 40.967906 ], [ -4.97749, 40.968319 ], [ -4.977926, 40.97059 ], [ -4.978244, 40.972089 ], [ -4.978422, 40.972888 ], [ -4.978653, 40.974253 ], [ -4.978811, 40.97516 ], [ -4.979233, 40.977333 ], [ -4.979636, 40.979289 ], [ -4.979706, 40.97964 ], [ -4.980059, 40.981507 ], [ -4.980535, 40.983922 ], [ -4.980688, 40.984676 ], [ -4.980869, 40.985556 ], [ -4.981264, 40.987611 ], [ -4.981615, 40.989416 ], [ -4.981658, 40.989658 ], [ -4.982051, 40.991678 ], [ -4.982499, 40.993932 ], [ -4.982891, 40.995915 ], [ -4.98292, 40.996068 ], [ -4.983341, 40.998232 ], [ -4.98372, 41.000171 ] ] ] } },
{ "type": "Feature", "properties": { "fid": 1, "INSPIREID": "ES.IGN.BDDAE.34070500000", "COUNTRY": "ES", "NATLEV": "https://inspire.ec.europa.eu/codelist/AdministrativeHierarchyLevel/3rdOrder", "NATLEVNAME": "Provincia", "NATCODE": "34070500000", "NAMEUNIT": "Ávila", "CODNUT1": "ES4", "CODNUT2": "ES41", "CODNUT3": null }, "geometry": { "type": "MultiLineString", "coordinates": [ [ [ -4.439642, 40.360484 ], [ -4.439632905983841, 40.360452339351156 ] ] ] } },
{ "type": "Feature", "properties": { "fid": 1, "INSPIREID": "ES.IGN.BDDAE.34070500000", "COUNTRY": "ES", "NATLEV": "https://inspire.ec.europa.eu/codelist/AdministrativeHierarchyLevel/3rdOrder", "NATLEVNAME": "Provincia", "NATCODE": "34070500000", "NAMEUNIT": "Ávila", "CODNUT1": "ES4", "CODNUT2": "ES41", "CODNUT3": null }, "geometry": { "type": "MultiLineString", "coordinates": [ [ [ -4.439642, 40.360484 ], [ -4.439632905983841, 40.360452339351156 ] ] ] } },
{ "type": "Feature", "properties": { "fid": 1, "INSPIREID": "ES.IGN.BDDAE.34070500000", "COUNTRY": "ES", "NATLEV": "https://inspire.ec.europa.eu/codelist/AdministrativeHierarchyLevel/3rdOrder", "NATLEVNAME": "Provincia", "NATCODE": "34070500000", "NAMEUNIT": "Ávila", "CODNUT1": "ES4", "CODNUT2": "ES41", "CODNUT3": null }, "geometry": { "type": "MultiLineString", "coordinates": [ [ [ -4.439642, 40.360484 ], [ -4.439632905983841, 40.360452339351156 ] ] ] } },
{ "type": "Feature", "properties": { "fid": 1, "INSPIREID": "ES.IGN.BDDAE.34070500000", "COUNTRY": "ES", "NATLEV": "https://inspire.ec.europa.eu/codelist/AdministrativeHierarchyLevel/3rdOrder", "NATLEVNAME": "Provincia", "NATCODE": "34070500000", "NAMEUNIT": "Ávila", "CODNUT1": "ES4", "CODNUT2": "ES41", "CODNUT3": null }, "geometry": { "type": "MultiLineString", "coordinates": [ [ [ -4.439642, 40.360484 ], [ -4.439632905983841, 40.360452339351156 ] ] ] } },
{ "type": "Feature", "properties": { "fid": 1, "INSPIREID": "ES.IGN.BDDAE.34070500000", "COUNTRY": "ES", "NATLEV": "https://inspire.ec.europa.eu/codelist/AdministrativeHierarchyLevel/3rdOrder", "NATLEVNAME": "Provincia", "NATCODE": "34070500000", "NAMEUNIT": "Ávila", "CODNUT1": "ES4", "CODNUT2": "ES41", "CODNUT3": null }, "geometry": { "type": "MultiLineString", "coordinates": [ [ [ -4.439642, 40.360484 ], [ -4.439632905983841, 40.360452339351156 ] ] ] } },
{ "type": "Feature", "properties": { "fid": 1, "INSPIREID": "ES.IGN.BDDAE.34070500000", "COUNTRY": "ES", "NATLEV": "https://inspire.ec.europa.eu/codelist/AdministrativeHierarchyLevel/3rdOrder", "NATLEVNAME": "Provincia", "NATCODE": "34070500000", "NAMEUNIT": "Ávila", "CODNUT1": "ES4", "CODNUT2": "ES41", "CODNUT3": null }, "geometry": { "type": "MultiLineString", "coordinates": [ [ [ -4.444135, 40.34795 ], [ -4.444766179869994, 40.346750034831686 ] ], [ [ -4.439642, 40.360484 ], [ -4.439632905983841, 40.360452339351156 ] ] ] } }
]
}
